1.499993324,0.416008949,0.088843058
-2.281270027,-3.347676277,0.141833927
2.194048166,-2.045453787,-0.419948342
-3.806600571,-1.998006821,0.467262505
-1.481294513,1.439970136,-0.954563352
0.470994174,-1.525099516,0.063347746
1.038260102,1.397635102,-0.06371109
-1.516030788,-0.711343288,-0.803254169
1.344027281,0.518831968,-0.762935517
5.494263649,-1.320189714,0.797146175
-0.139966369,-1.834912658,-0.590520977
1.005534172,3.107096672,-0.389676862
-7.364156723,-1.313375592,-0.485462447
1.997908354,0.865095854,-0.646188108
0.395138383,9.101193428,-0.287766672
-0.243760705,0.571668983,-0.705687263
1.106071472,4.559196472,-0.040935558
1.101144075,1.034005404,0.720628083
-1.252630234,-2.102239609,0.797461463
0.65459919,-1.399111748,-0.639773552
0.354475677,-2.168961763,-0.103950773
3.643972397,-2.020090103,0.669555675
-3.340696812,0.71057272,-0.958528214
-4.81103754,-0.268068612,-0.073270139
2.292630911,3.937162161,-0.367607659
-0.276931912,-0.60823071,0.953432944
-0.64179641,2.519336462,0.548578973
-1.9796381,-2.720849037,-0.30583098
-0.092454076,3.111647606,0.41031592
-2.359960079,1.343653202,-0.488831415
1.217326641,2.862834454,-0.393502184
0.263494015,-2.682795048,0.039178897
-2.808734179,-2.293109179,-0.386158367
-1.439701796,-2.075199842,-0.405557971
-0.91957891,-5.603172779,0.098387021
0.096304417,2.793570042,0.188602112
-3.181060791,3.227142334,-0.62542796
0.573405743,2.129069805,0.861223957
-5.159266472,0.399846017,-0.589670331
-2.372783661,-1.02122128,-0.710266193
1.940541983,3.484487295,0.870901256
4.853372097,-1.040182471,0.411213563
0.290069401,2.295440435,-0.705867096
3.931073904,-1.984941721,0.029383543
3.084762573,3.170700073,-0.634921843
0.965198755,2.894397974,0.040328018
2.435464621,1.677652121,-0.949294205
-2.797134399,2.811264038,0.435140486
3.884881973,3.449335098,0.511643656
5.290009975,0.5966506,-0.393599188
3.232699871,-3.441128254,-0.971694795
-0.092509508,-2.467509508,-0.224964421
0.028478384,0.833165884,-0.713707985
-2.044631004,0.881150246,-0.070136818
-0.636936665,0.818995953,0.691773268
-2.645790577,2.000693798,-0.336000181
2.682352543,6.115946293,-0.53170779
-1.293787718,-2.262537718,-0.880710315
-0.493866146,-0.421600521,-0.197851257
1.501304388,-0.359779656,0.123662051
-1.384046316,-4.727796555,-0.190333089
-5.122829437,-2.022243261,-0.323250157
1.798703432,-2.603640318,-0.867790004
1.68907094,-2.036514997,-0.473242422
5.182038307,2.744538307,-0.870492556
1.048581123,2.431393623,0.318015704
2.32490921,-0.523723602,-0.848954646
2.297774792,3.643477917,0.671723705
-1.171850801,-2.62888217,0.221118506
-1.89442265,0.379503101,0.840782783
-1.348502874,2.969124079,-0.151918906
-5.117500782,-0.126900017,0.451243728
1.936800957,-9.475308418,0.310073252
-3.676236391,1.032747984,0.120302052
-4.896064758,3.260673523,0.710910275
0.185609937,0.365297437,-0.78420417
0.241718531,-0.740703344,-0.945225863
-0.997555137,0.775210977,0.378445628
-2.904407501,3.569225311,-0.532958498
0.260144949,3.363660574,-0.731093482
1.193605423,-1.127195358,-0.846947187
1.212054014,-1.694195986,0.043804468
2.948017597,-0.55881834,0.948421568
1.233223796,4.323067665,-0.668645757
-3.81479311,-2.29916811,-0.740439647
-4.241475105,-1.311787486,-0.032888969
3.700927973,1.652588129,-0.890179701
6.458622932,-0.706416368,-0.942112432
-0.33053112,2.25150013,-0.939314909
5.93421793,5.04749918,0.679684596
-0.811158895,-1.304322958,0.330854634
4.435502529,1.301957488,0.433682029
-0.138897881,1.610735893,-0.929804382
1.958067298,0.037901312,-0.957089781
0.599539757,-1.410225868,0.520679024
-2.113918066,1.335300684,0.00600958
0.434607029,-2.230432034,-0.108965344
-2.17725563,0.155752301,-0.178604087
-2.992381096,-0.954295099,-0.065693283
-1.396534204,-2.269581079,0.064151892
-4.437413216,0.701096296,-0.001508785
-3.827439547,-1.891892672,0.390428252
3.158971071,1.598424196,0.554875495
-2.483472824,-7.953199387,-0.659182143
-0.158032179,0.944018602,-0.240794491
7.645267487,0.685306668,0.472382925
4.895171165,2.125640154,-0.208749744
-1.727534294,-3.549311638,0.26143673
0.810952902,2.879312277,0.371512703
1.598320246,5.313164234,0.067425208
-2.472278357,-1.237415075,0.195104941
1.847908854,-6.699942589,0.567352689
-1.393749475,0.402148962,0.471672443
6.632090092,0.378183991,-0.628197922
3.554051638,1.713231444,0.866232616
-1.232679367,-0.582288742,-0.362814551
-3.877119064,-1.578290939,-0.34270482
-0.159882784,-3.195039034,-0.868151287
3.881604671,0.069104671,-0.926272829
3.057090282,5.092246532,0.789329195
0.771608353,0.558229446,-0.196379148
0.308681726,1.365322351,0.339092538
-1.989806175,-2.221251488,0.568241812
1.438091278,0.726177216,-0.221635562
0.482965827,-1.048284173,0.169649967
-2.993688345,-3.134313345,-0.072071505
4.775743008,3.906602383,-0.350476391
4.093832493,-0.86026907,0.469033264
-6.850732327,1.780127048,-0.097916324
1.586433172,3.167976141,-0.185884261
1.596093416,-0.813757718,0.613581594
4.037834167,6.121818542,-0.282172559
-2.484939337,-1.360824347,-0.482050471
1.646026373,2.435088873,0.789600605
-5.030919075,-3.296544075,0.825587814
0.09432292,-0.18302083,0.185156648
1.971189499,0.094724655,-0.03344039
-4.616921902,0.765890718,0.919901731
-3.551949978,0.949514747,-0.263014138
-1.44417882,2.519688368,-0.929418276
-0.719352961,-1.455681086,-0.513278532
-6.148282528,-5.882657528,0.244742427
-1.792869091,-0.179587841,0.619961647
-2.535999775,1.078013778,0.694264427
-3.785200357,-4.921918869,0.230650284
-0.343132854,-1.606804729,0.18352655
2.550506592,0.380584717,-0.035695482
-1.398938894,2.774400949,-0.645081953
2.779452562,-0.003750563,-0.299509426
1.351694226,2.004037857,0.76191135
-2.783734798,2.300249577,-0.985484636
4.343862534,1.886831045,-0.889395754
4.856593132,-0.163182437,-0.997546696
1.21661818,0.012760788,0.786581484
3.651988506,-3.299183369,-0.544100429
-3.408289671,-0.285731077,0.084377417
1.915358543,0.348952293,0.204990735
1.060955644,-2.251544237,-0.876431584
0.985735893,4.768694878,0.969387383
-7.972116947,-0.698679447,-0.185177912
-0.769538641,-4.777351379,0.632533898
-3.458585024,0.423739254,0.917270501
4.252473831,4.092317581,-0.819379949
0.797927618,-1.696213007,0.84649014
5.024796486,-1.238875628,0.010847458
0.569233894,0.627339363,-0.470635112
0.247258902,-3.258600473,-0.844522923
-0.450604022,4.754962444,0.356194905
-0.912945628,0.046038747,0.97656588
3.965941906,0.609496593,0.001320317
-5.127590179,-1.072902679,-0.725593378
1.339201927,-3.17935276,0.849109055
-2.310399294,-0.712743044,0.155486688
0.038534403,-2.572793722,0.406623768
-2.857864618,-5.560989857,0.537046676
1.167428493,3.301217556,0.763829708
-4.886372089,1.092143416,0.568594127
-3.695628881,-1.658519506,-0.414565769
-4.005642891,-1.703885317,-0.352223821
-4.103239059,-6.939176559,-0.10939285
-3.550069571,-3.899678946,-0.625170768
5.293941975,0.774899065,-0.634707614
3.321162224,5.350459099,-0.856100397
-2.599402905,-2.323035717,-0.933357507
3.967061043,2.590107918,-0.813073046
-1.594136834,0.08701551,-0.557449404
-2.405890465,-0.549933434,0.402394911
-0.163573027,-1.36425662,-0.871797866
-2.145186901,1.604324818,-0.903479408
-1.903362274,-0.130413055,0.448244407
-4.606674194,-3.930892944,-0.012085481
-7.567673206,0.832961559,-0.076665785
1.857540011,0.999629855,0.466296993
1.957798839,-2.08809948,0.075530715
2.324075937,-3.635885,-0.343875021
5.989393234,3.153455496,-0.348326856
0.995182753,-1.874934435,0.088712415
3.209438562,4.006313324,-0.354375779
2.673477411,1.688858271,-0.008427573
2.13165307,-0.432311803,-0.972144179
3.777865887,1.078647017,0.189324384
4.633741856,-3.829148769,0.298692268
-5.203679085,-3.340398073,0.333443856
1.094339252,-1.516256452,0.023510723
0.156477928,-2.496842384,0.879096808
2.871042013,0.626168966,-0.219491663
-0.378885031,0.473654032,0.509996206
2.735644341,2.563769341,0.761244104
-4.022221565,-1.256352663,0.911284804
-2.047493458,-3.096321583,0.583324123
-0.175384998,-0.354095936,-0.092027753
-0.918249249,-3.963171005,-0.029513215
5.310070038,0.931164026,0.770658357
-2.442447662,0.402278811,-0.513776747
1.410378933,-0.339621067,-0.981576662
0.449831069,-1.959348679,0.526520176
5.395048618,6.162626743,0.591452806
-0.865450263,-2.136202335,0.761080569
-2.209503174,-1.053253293,-0.145611835
-3.678627014,-2.516517639,-0.529706118
-3.668278217,-1.025700092,0.881317912
2.778264284,1.527287841,0.730927292
-0.210963741,3.304172993,0.022002909
0.357491344,2.813790083,-0.466681861
-1.858967543,-1.757405043,0.277684272
-6.81487608,-4.16643858,-0.266352756
0.896247506,0.923591256,-0.58232851
-3.227904797,-0.931029797,-0.408849572
-2.727408648,0.26380229,-0.215206814
-0.522297263,0.780437112,0.633732342
-2.15680027,5.976866722,-0.388396615
0.691432834,-5.597629547,0.064641789
1.719199061,-5.310097694,-0.773614555
0.568100929,0.843491554,-0.445137465
-1.520224333,0.424844027,-0.447923921
0.302405834,3.856116772,0.696421212
-7.40878582,-1.169527769,-0.256129882
2.937336683,0.726399243,-0.430003243
2.365446091,3.918180466,0.675002463
1.630365372,0.815912306,-0.946938291
1.932972789,2.011097908,-0.490914164
3.821115971,-2.645680904,-0.012466352
1.789891005,-4.911280632,0.4938375
-3.280354023,1.834880352,0.719568555
-4.046317101,-3.956473351,-0.389153165
-1.979785681,-1.866504431,-0.973659807
6.371990681,5.856365681,-0.570352843
-0.856507301,2.266539574,-0.066024091
2.035161495,2.668462276,-0.230525336
-7.297456741,-3.719331741,0.766219134
3.418216467,0.417239904,-0.869655482
0.199546814,-3.011390686,-0.24758923
-3.934392691,-2.271306753,0.788275333
-1.726279974,-2.878623724,-0.275219181
-2.270078182,-0.527890682,-0.757959123
6.528180122,-0.192522883,0.342678181
-1.884485245,-0.044763543,-0.844304713
2.276072025,4.56708765,0.234225576
-1.36286974,-5.005447865,0.971681108
-1.215970039,-3.721829414,0.136594808
7.068603516,1.443603754,-0.633634684
-0.427440166,-1.383494854,-0.258216616
4.840049744,5.297080994,-0.396561717
0.146405563,-3.996660948,0.26180883
-3.080660343,-1.116793036,-0.11256307
-2.445070267,-2.013429642,-0.903308228
-0.292115092,1.524291158,-0.57708566
2.547844648,0.261955976,0.728399233
-0.2801404,1.246226788,-0.567433676
-3.030233145,-1.303670645,-0.261470318
-3.393026352,1.399698257,0.83957898
1.552845001,2.431751251,-0.708247693
2.121988773,-3.79744482,-0.109264967
2.874862432,-0.850723505,0.187473525
-1.068423986,-1.626376867,-0.986396209
3.25181365,1.64243865,-0.104817843
5.329496861,0.8428635,-0.740193212
-0.922402263,-2.704628944,0.670071776
-0.999955177,-0.879349709,-0.673601297
-1.802704811,-2.224579811,-0.99518614
1.5679003,2.861845493,0.48583091
-0.95046699,0.760958791,0.00680296
3.33054018,0.456028461,-0.642937558
5.727872849,1.04818511,-0.637554095
1.775736332,0.018778324,-0.884802782
-2.024457693,-1.023481131,0.283606157
6.827749252,1.983999252,-0.530485846
1.657538176,-1.199395418,-0.290858312
-0.75323391,9.94207859,-0.396936757
2.282462597,0.922599316,-0.548035426
1.91575861,-2.40455389,0.45773039
0.073524714,2.011512995,0.745262859
-2.721572399,4.112411976,-0.124878653
-1.448124051,-3.728473663,0.403831373
4.086640358,1.750702858,0.404825626
-5.144836426,-2.535461187,0.277165692
-0.815437198,4.425041199,0.36324298
1.728503585,1.072253585,0.320232393
0.601256609,-0.297180891,-0.362777408
3.398312569,1.796750069,-0.733840125
-2.275065899,-3.066081524,-0.760682976
1.624254227,-0.488538742,-0.795089297
-0.605764985,1.805611968,-0.981336246
-2.92638731,-4.04357481,0.090960921
4.406905651,-0.436844349,-0.454523541
7.45538187,2.86163187,-0.803654255
0.80695343,-0.89617157,-0.915737018
-0.28855896,-4.443344116,0.459420715
-2.415558577,1.888152361,0.489005501
3.686979771,1.681120276,-0.293964474
-1.618461847,-2.095024347,-0.747796437
7.82433033,2.256947756,-0.383196973
-0.113370895,-2.738370895,0.049623772
0.54388845,3.233341694,0.396781232
6.086240292,0.963193417,-0.448781506
-3.716219425,1.473721862,-0.316849334
-4.787212372,0.02675271,0.682713993
1.92342186,1.69295311,-0.579034905
-2.953030586,-6.156155586,-0.148409155
0.888005257,2.414372444,-0.987463346
0.195271492,0.410115242,0.246495522
3.43597579,0.74456954,-0.785365736
-4.184142113,-3.086485863,-0.940442246
-4.293826103,-1.555545092,0.387276242
0.736838818,0.684104443,0.030696896
-1.435401082,1.371483684,0.856432742
1.300409913,3.009394169,-0.599296873
-4.751074314,-3.114355564,-0.024201907
-5.715130329,-0.181927085,-0.627789524
0.856853008,-1.106037617,0.452909748
1.345052242,-0.547525883,0.801771527
-0.963129401,-2.383783817,-0.345119914
-3.468430996,-4.687180996,0.964566865
1.797508836,-0.215918899,0.08369358
1.671830535,3.568315029,-0.009988203
-0.320583761,0.028049052,-0.068795881
-1.760902405,-1.651527405,0.06054472
-3.906092882,-1.175624132,-0.849882883
2.63416934,-0.734483004,-0.551608343
0.989228725,0.372041225,-0.064046788
4.051858902,0.068948746,-0.738671132
-6.04094696,-1.099540949,-0.389416902
3.91373539,1.70304203,0.399426485
-2.192637444,-2.641856194,0.391812196
-2.627325296,1.462518454,-0.330330535
2.159367085,0.936710835,-0.532589942
0.45636344,5.20343399,-0.473544082
-5.751273632,-3.182914257,-0.770189514
-1.274275422,3.695207119,0.858319321
-4.294615746,-1.177428484,-0.640268929
1.136399865,2.019212246,0.554878637
-2.782135487,-2.856354237,-0.033889832
4.587105274,6.774605274,-0.348206956
-3.102061033,1.220692873,-0.711682689
-2.857233524,0.186467528,0.424223988
-6.592668533,-5.045793533,-0.630675199
5.266643524,0.263713837,0.948084754
1.38522613,5.765109062,0.770563923
-3.820697308,0.395123035,0.925708829
-1.220375538,0.116538525,0.817439606
-1.303411007,0.311823338,0.612056679
-2.743865728,-2.999725103,-0.179231075
0.372172087,3.911066771,-0.615154293
3.320473671,4.955239296,-0.135088592
1.497834444,2.057404757,-0.486379059
4.913917065,-1.334129691,0.687573827
4.20881176,0.620920956,-0.150142182
1.001325369,-0.757463694,0.090075922
-0.524147987,1.656556129,-0.049024913
-1.102635622,-2.922459841,0.768623438
3.911963463,2.183447838,-0.952104842
2.851593733,-2.169890642,-0.940951202
-5.070010662,-1.1549716,-0.365897033
1.189357281,1.718654156,0.269184863
1.699308634,-0.029695272,-0.226409713
2.816348553,0.615176678,0.393705001
2.866264105,3.139701605,0.556760741
4.904154778,-0.582661867,0.061550108
-1.918421865,-1.08834374,-0.618936328
-4.003813744,-1.598540187,-0.14354976
5.410830021,-0.521787286,0.16400229
1.068130612,-1.89378345,0.172638006
3.594551325,2.615059137,-0.242763903
-0.404594898,4.473334789,0.61605422
-5.279788971,2.009273767,0.795563724
0.245954692,1.059675455,0.420829767
0.196985811,-1.311559081,0.649921602
4.479213715,-0.73758328,0.259732615
-1.045357943,3.362845182,0.313927899
1.291884542,-1.954453349,-0.737559593
5.314512253,-2.695741415,-0.989602357
0.005962133,-1.860737085,-0.417370721
-4.270907879,-0.337314129,0.764839705
-2.994443417,0.834902167,-0.14076546
0.964854777,-0.223865926,0.847759842
1.03971386,2.978678703,-0.959528117
0.335716009,0.287864447,0.194970655
8.327010155,1.135604143,0.042365564
-1.270781517,0.789765358,-0.968042906
3.26526618,0.761390507,-0.848577031
4.419959068,0.751013935,0.264506817
0.829806685,3.482638836,-0.652521655
0.55031836,0.270044923,-0.92476058
-3.360193014,-0.019616887,-0.172287151
2.704748154,-3.324975967,0.481751351
-0.405355215,-2.889730215,0.359116331
-5.009186745,-2.306061983,-0.86428168
-2.255881071,-3.806662321,0.27321783
-1.213838935,-2.960909367,-0.146313327
-2.92204237,-2.197432995,-0.665412351
0.293925285,-0.549824715,-0.019534151
-1.432180166,3.191599131,-0.41919249
-1.045946121,2.589796066,0.006863776
3.632900953,2.414150953,0.779999477
5.480678082,3.861537457,-0.348832757
-4.103350639,-2.906573057,0.456725823
-4.173069,-2.001194,0.169565827
-3.167061567,-1.188545942,-0.505409588
1.956924677,0.578994989,-0.788486657
-2.65168643,0.31315732,-0.991530375
-1.49327302,-0.50499177,-0.08864857
1.619763851,2.229138851,0.213758437
-6.143776894,-2.878151894,0.807797576
-3.415668726,-4.321918488,0.22725916
0.904556274,4.767837524,0.752458749
0.923647881,0.418765098,0.955684054
-0.919252157,-3.304017782,-0.780593182
-0.885715485,-0.815402985,-0.550930335
5.080109119,2.494171619,0.338677516
-3.54302597,-0.842830658,-0.990821775
2.197692394,6.469176769,0.701009722
-5.651711464,-1.948586464,0.697506768
0.540693164,4.225263596,0.483524855
1.780853271,3.792572021,-0.721132893
-0.027503967,0.917808533,-0.217861852
-2.214915037,-0.674265683,0.903047301
-0.644879043,2.647845507,0.664880573
5.782955647,5.396236897,0.866530952
-0.647328496,0.169077754,0.609071094
0.134781778,-1.986311913,-0.929215008
2.35917449,2.944135427,-0.899284987
1.608356953,0.823200643,-0.890000179
-0.188203812,-1.399141312,0.092820473
-1.230711699,2.423585176,0.909458477
-3.656782389,-2.404829264,-0.875897538
3.120005131,3.748911381,-0.340493247
0.209979773,-2.629863977,-0.862065294
-1.407975674,-0.394303799,0.597204873
-0.7900424,2.855953693,-0.858245428
4.754670143,2.789826632,0.640135637
1.140875578,2.498297453,-0.153350904
-2.999955177,3.115279198,0.961744586
-0.912607908,2.505360842,0.77141448
-4.455087662,-1.679696918,0.783427711
2.422309399,-1.506401539,-0.818863249
-3.60519886,-5.30051136,-0.101004335
-3.909683228,-6.396011353,-0.965873778
-1.566757083,3.540664673,0.164177721
-0.281211495,0.350746512,0.863374935
-1.075002909,4.603219986,0.061574699
-0.926146448,2.454712868,0.231115345
2.031559467,-0.437190533,0.045110927
1.487550378,-0.711180091,0.455527747
-0.719513535,2.071502209,0.39560899
-2.963383913,-4.576664925,0.906164754
4.054570675,-0.126581669,-0.434461004
-1.367450237,2.306377888,-0.094814265
4.079390526,-0.822709084,-0.568768326
0.846067905,2.989622593,0.913042218
-0.396723866,2.695073128,0.471617791
1.72578001,1.79609251,0.725352359
0.318731308,-6.730096817,0.117292756
5.287659168,1.841369867,0.738974047
-2.034166574,1.839856863,0.166260217
3.340146542,-0.637392402,0.533861525
3.341657877,2.165876627,0.430776867
1.557911396,4.079395771,0.357339883
0.455020308,2.085391521,0.834692119
2.502652407,-0.024691343,0.35757627
1.432208061,4.532305717,0.01880243
-3.740190506,3.709028244,0.26633777
-1.229793429,0.788028836,-0.127463308
3.201270819,1.466895819,-0.885224504
-0.578986645,3.714470387,-0.307834585
-2.815006256,-0.600162625,-0.442239808
-2.357142687,2.884068251,0.419181757
-0.765770614,-2.808251143,0.582933773
3.777131557,3.585725307,0.552039673
-8.230734825,-2.070578575,-0.899778965
-2.30290699,1.942210197,0.638948494
-8.104410172,-2.659097195,0.796428274
0.865358233,-2.490110397,0.390573207
-3.834697247,-0.182841659,-0.156417086
-1.782520771,0.943065166,0.915879471
-1.553673983,-0.338830233,-0.307071725
3.281323195,2.187573195,-0.289044045
2.854048252,-1.77974081,0.36974143
-2.886731148,-3.636731148,0.827125655
-0.723837495,0.983193755,0.273219295
-4.504300117,1.332858205,-0.706800945
-5.302090168,-4.505215168,0.625376168
0.853351116,0.440265179,-0.718134519
2.982615948,3.869334698,-0.91196767
6.059141159,2.434141159,0.106208732
-3.553202629,-3.385233879,0.9558766
1.966771722,3.267552853,0.117822451
-3.174152613,-3.693683863,0.862400698
2.687655449,1.778964043,0.375876311
-3.76281476,-2.558163881,-0.446872289
4.501393795,1.759206295,-0.210046785
2.343565226,-5.406434536,-0.558744227
0.400120497,3.542698622,-0.528262847
-2.627424479,1.212419271,-0.443243351
6.776751518,4.253314018,0.062481201
-2.22701335,1.656775713,-0.485808225
-1.346343279,-1.363921404,-0.491661176
-2.718101501,0.721351743,0.167182619
3.941217899,-2.023625851,0.86739845
1.229160309,-0.829433441,0.994344493
4.157422543,-0.551562011,-0.071378378
3.047411442,-2.115064144,-0.560045717
0.037377208,3.329369307,0.31630759
-0.054081142,-3.754764795,-0.713344214
4.064090729,3.448856354,0.705046363
1.186452389,4.862233639,0.347265197
-2.075393438,-0.047073126,-0.740846044
-0.056282997,2.568717003,0.54308275
-3.741455555,-6.27856493,0.712662991
1.533925295,2.915517092,0.937635973
0.289830923,-4.112512589,0.087605989
-6.37760067,-1.51822567,0.280651188
3.226500034,4.349546909,0.47782108
-2.07234621,2.362712383,-0.067127314
-0.132809937,0.400026977,0.592191891
-1.489046335,-3.839632273,-0.907794147
1.018335342,2.035913467,0.833501329
-1.317431569,0.753857493,-0.884808565
-2.787324905,2.407011032,-0.472166526
0.466439843,0.437142968,-0.141502116
4.733782291,1.708391905,0.198513093
-2.40211153,-5.267345905,0.79078454
1.036952972,1.645839691,-0.263210349
2.887104511,-0.667582989,-0.980471935
-1.090811849,1.143807292,-0.788636084
5.303341389,-3.671267748,-0.437808606
0.213406682,-1.264254451,-0.535018561
-1.467033863,2.374763012,-0.886341424
2.550398827,1.198836327,0.070558533
-5.299118996,-8.416306496,-0.830224062
1.450828314,2.333640814,0.641136228
6.126759529,1.310353279,0.390980265
-2.608185291,-3.690216541,-0.008489627
1.5823071,-0.543181181,0.504330486
5.607872009,5.348106384,0.72578
-2.686177015,-0.894673109,-0.005971411
-1.281561494,3.009454012,-0.312960288
-4.186171532,-4.264296532,0.56008747
-0.09006311,-2.0645504,-0.190106915
-1.781965017,-0.276105583,-0.529896309
0.79279834,6.188062191,0.468350302
4.709354401,0.828495026,-0.925712675
-1.136833429,2.158088446,-0.316481772
-6.612957478,-0.588055074,0.31150189
-4.025094032,-1.868843794,-0.34569657
-5.441389084,4.28273201,-0.11401718
-1.713313341,0.474186718,-0.690215749
2.825575352,-3.459580898,-0.758102847
0.063752443,-1.652800322,-0.142776828
-0.90626049,-1.001963615,-0.880386117
-2.608884096,-1.200680971,-0.420440284
1.013264656,-0.946940362,-0.571669486
1.942876101,-0.058588684,0.433749791
-1.315778494,-3.496930838,0.768791172
2.080399036,-3.193038464,0.036521289
3.806044102,2.198622227,0.105823012
-1.357562542,1.877789021,-0.778041748
-0.372632742,5.144945145,0.536219894
-1.911209822,-0.983475506,-0.344383618
1.911863923,-2.296144009,-0.041549692
-4.720018864,0.211621761,-0.912641044
-7.493205547,-4.883830547,-0.40752297
-0.218536302,3.863250732,-0.822080869
-1.297168732,-6.103809357,0.041805624
-1.599810362,3.755658388,0.664329487
2.713890791,8.623070717,-0.34995401
-5.235544205,-2.225778818,0.276653946
-0.762861848,-3.139814854,0.540684526
6.581115723,1.602600217,-0.642682089
2.283386469,0.108581781,0.253222503
-0.794803143,3.004513264,0.841250103
2.003429651,-2.486896276,0.135695015
1.436732292,-3.127720833,-0.093673093
1.182177901,2.640185833,-0.384666414
3.334854126,-3.602157593,-0.768558221
-0.311098248,1.772886157,0.227052597
4.949887753,-1.864565492,-0.710291436
2.879081726,-3.925117493,0.020815409
-5.924061298,0.50879997,0.337992858
2.428562641,0.398289204,0.902642187
6.372609138,-0.361277342,-0.855166918
-0.319275618,-2.434509993,-0.377442571
2.665466309,-1.273986816,-0.779525597
-9.700399399,-8.841024399,0.629383994
-2.119346857,-1.71016717,0.78260131
-3.008332253,-3.277863503,0.296716314
1.205593586,-2.552218914,-0.66514938
3.110972404,1.151011467,0.117387128
-2.150775433,-0.238666058,0.575388334
-1.133128405,-1.615916491,0.251189301
1.484442353,-2.176385403,0.767667071
-1.290848136,-4.310867786,0.266923326
-1.157575846,-0.186872721,-0.152735231
3.796188116,5.120407104,-0.551654884
-4.910834789,-3.680365801,0.747827437
-2.394133568,0.31582737,-0.368453791
-1.56754899,0.970536947,-0.25459946
-3.758282185,1.617694378,0.427624901
-2.256010532,-0.770658851,0.137138482
2.365486145,6.16040802,0.980487105
0.287554145,0.75825727,0.389223724
-3.731572151,-6.383915901,0.451668131
-0.504890919,1.283195019,0.460605813
-1.911487103,-0.001330853,0.587441969
-3.45250392,-1.832386732,-0.45398561
7.913319588,5.370350838,0.93540669
2.729506969,6.120131969,-0.738107777
5.071639061,1.138045073,-0.487168818
2.312809467,-2.12762022,0.010879469
0.470439851,-1.479084015,-0.54678719
1.445945263,-2.983498096,0.140200104
-2.602415562,1.676881313,0.253634799
-4.539440632,-3.133678913,0.533163295
-0.426420808,-1.690092683,0.127565111
2.427764416,-1.743134022,-0.051994855
5.633819103,0.293975234,0.450516118
0.412974477,-0.31639564,-0.667386075
5.809777737,1.112512231,0.473375714
5.710366249,7.116616249,0.277852172
1.208680391,4.02801609,-0.9257146
2.310021162,3.067833662,0.365654411
3.479855537,-0.181277394,0.336807875
3.615934372,-2.706331253,0.612890964
-8.38640213,-3.224292278,-0.048784377
-1.267377138,-0.935345888,-0.058744655
-1.251835585,-3.801640272,-0.989218772
7.556489468,0.484223843,0.32723023
-0.676285625,1.28269875,-0.785330637
2.223172188,-0.980929375,-0.275406405
-1.558231831,-4.581669331,-0.257706657
0.553802133,0.242766976,0.227570476
-4.51727581,-0.943057179,0.194756128
-1.653036952,-6.550498009,0.263145706
0.704618514,-2.307100296,-0.225704242
1.800621271,3.999840021,0.207320508
1.425370336,-1.123457789,-0.982190914
3.30775547,-1.13365078,0.612620495
2.161628723,1.435066342,-0.896173289
3.519313574,-2.51661706,-0.979842163
-1.623616576,-1.39473474,0.212404929
2.616973162,-0.251190901,0.429369017
3.348750591,2.837031841,-0.441223106
4.123545647,0.68018651,0.370444638
-0.336976051,-0.249085426,-0.395551872
-5.017289162,0.640913963,-0.318069304
0.076945305,0.311320305,0.152273816
3.072145939,-4.242307186,-0.39816618
1.663605452,0.238190472,-0.683672023
8.101959229,5.492584229,-0.681671063
-1.32192421,-0.827783585,-0.147841079
4.014713764,5.702213764,0.376939256
-5.525206089,-1.363096476,-0.964697953
1.413285017,-3.170699358,0.383071717
4.166143894,0.544073641,-0.497739114
3.007678509,0.700671554,-0.397944001
-1.121527076,-3.97894907,0.140673381
-1.366888642,-1.464544892,0.597347355
0.661666393,0.363814831,-0.895795271
-3.384457588,-3.976254463,-0.575531172
-2.348271132,-0.216709852,-0.660855005
-4.362334728,-2.554717541,-0.388503609
0.845066071,5.811862946,-0.557483036
1.776843071,-0.991711617,0.629576697
-5.592437744,-2.291656494,0.299864142
3.542561531,3.053303719,-0.305252437
-1.008225799,-1.264085174,-0.939608806
3.064734221,5.467077732,-0.531591299
3.402826309,4.551263809,-0.823100388
-0.233346105,1.618216395,-0.952131479
3.731580019,-0.407091856,0.585153157
2.039803028,-0.774650216,-0.686137576
-2.885188103,1.493718147,0.952464996
2.475610256,0.892602444,0.004498969
-0.314503908,-1.181691408,-0.086082023
-4.581595898,-6.823783398,-0.588154253
-4.114271164,0.296373546,0.510730342
-2.584098816,-9.084098816,0.315492249
1.985459566,4.436631203,-0.932910513
-4.391410828,-0.895316839,0.21657476
-1.349152088,-5.638214588,0.546107458
-3.82235074,-3.90047574,-0.041622203
-2.964137077,-0.721949577,-0.364205039
3.51576829,5.282369614,-0.501997445
-4.820233345,0.889727831,-0.71844722
-0.687064171,-2.277396202,0.568565213
-0.453986168,4.694451332,0.557668236
-4.053708076,-4.202145576,0.107576305
-2.343443871,-0.968443751,-0.97482111
2.489378214,5.505247116,0.887737753
-0.76750195,-1.705856442,-0.444791729
-1.982590199,-5.334152699,-0.261526336
0.267679632,-0.567281306,-0.660523
3.626861572,1.193267703,0.638158864
1.756678104,-3.006017208,-0.529653278
3.591162682,6.030615807,0.629489398
2.257218361,-3.029891014,-0.035473127
2.267218113,1.952764869,0.957897076
-2.467045546,-2.121342421,-0.438893596
-3.46558547,0.02660203,-0.58748811
-1.99689889,1.03825736,0.829008789
1.958902121,5.728433609,-0.303395341
6.203736782,5.598268032,0.6841738
-0.024877846,-0.317602456,0.230973343
1.207366586,7.187835217,-0.277055266
-2.917907953,-2.027282953,-0.869354953
-1.052268744,3.928200006,-0.322723885
-2.874613762,3.717183113,0.963402555
-1.253322363,0.635227442,-0.606792037
7.209733009,-0.300032496,-0.859957387
1.055700541,0.291204691,0.55070925
-4.77236557,-1.059474707,-0.232103604
-0.524542928,-1.131232381,0.535874493
-1.857382298,-2.201132298,-0.375663204
-0.506546497,5.114058971,0.924498193
4.934552193,0.124737978,0.290669769
-2.95079565,-1.27892065,0.100744086
1.244009972,2.202750206,0.54173211
1.70565629,-2.995515585,0.910488835
1.232653022,3.263903141,0.288525428
1.123932481,-2.689544201,0.873702504
-2.67762661,0.354111791,-0.689412535
-4.648383617,-4.675727367,0.883760408
1.34237957,-2.064846992,0.374956258
-2.181896687,-1.088146687,-0.554817039
2.211001396,7.110537529,-0.915416841
-2.457018852,-1.89354229,0.658641137
-0.982668042,3.720457077,0.754453031
-1.92476213,0.608929276,0.574895979
-0.862279177,-0.048802614,0.866496694
-0.271478772,-2.791986465,0.537624328
-0.384709597,2.485285521,-0.352741895
1.408206344,-0.292721391,-0.355391175
0.471861839,2.466002464,-0.856851021
-2.331691504,-1.915675879,0.559369554
-4.670417309,-3.080573559,-0.472639687
6.728073597,1.608932972,0.635370781
0.114697576,-1.915087581,0.591860973
-4.132856846,-4.954145908,-0.434974761
1.871071815,0.265603065,0.02752209
2.472066402,-3.334574223,-0.781786183
-3.081697941,-6.227205753,-0.426543981
-1.665199757,-3.727699757,0.587753168
7.826383591,-0.134554148,-0.17737469
0.989642859,1.849017859,0.08643039
-2.067198992,-3.297667742,0.804351088
-3.253956318,0.312449932,-0.473222016
-2.174839973,2.248011589,0.556996173
2.494608879,2.549113274,-0.996954873
-1.489751816,1.568841934,0.128226543
-0.342706442,0.120184183,0.371289937
4.066040993,1.616333842,0.649168889
-0.920421839,-1.282726526,0.455626011
3.493369102,2.60958004,-0.592063021
3.693018436,3.134424686,0.591476526
0.831937551,-2.298921824,-0.861139457
-0.241509169,3.188788652,-0.199452367
-2.898556948,0.566775024,0.49962258
2.829622746,0.753450751,-0.735249022
0.372494459,-1.186099291,-0.476274046
-0.233768523,1.041744232,-0.838235245
0.354112506,-1.729871869,0.047811503
1.948106527,4.397325516,-0.823192361
1.340714335,3.066300154,0.292466575
-2.072275162,-0.933603168,0.537278783
-2.438518763,2.381793737,0.615224845
-1.136747122,-0.175809622,-0.242689259
-4.325890541,-2.859093904,-0.819203833
-2.525921345,-3.064983845,-0.951471682
1.578354478,4.340073109,0.63980604
1.897205591,4.621814728,-0.676003754
0.249532938,-1.835061789,0.670664039
-0.655217648,2.217829227,0.526921516
-0.82050693,2.113574982,0.792075301
-0.192198992,-2.420714617,-0.083396002
-2.657333851,-0.82530272,-0.739705617
-1.764565468,0.042075157,-0.428513974
3.247810841,4.863655567,0.610850088
-3.468494415,0.545055509,0.210329328
1.574936628,-3.452162981,-0.38921832
1.473321199,-2.591131926,0.562046714
-1.719961762,0.353036255,0.949856549
-1.476377487,2.963075638,0.897073934
-3.836581469,-1.312167525,-0.010562014
0.20175159,-3.938873291,0.295707885
4.499227047,4.675008297,-0.74971201
-7.212356567,-0.992141604,-0.83656831
-0.838072836,-4.806822777,-0.550546549
-8.419649124,-7.544649124,-0.279128729
4.024483204,1.105537772,-0.57229355
1.166323781,0.525698781,0.868376416
-1.524155378,-1.305405378,-0.313281739
-2.504882336,2.862305164,-0.207462428
2.40740037,8.208181381,0.200291022
2.342226505,0.971132755,0.868323031
-5.04318428,-0.871919394,-0.854479374
-1.158568621,0.035767317,0.048629404
-0.667969704,1.341795921,0.241249222
0.736699343,-2.097285032,-0.590626823
-4.354474545,-2.25486517,-0.380050331
2.975156069,1.432187319,0.422089306
1.729108214,1.637311339,-0.441908447
-2.301903963,-1.459740877,-0.483483721
-0.42704618,0.185258508,-0.616130444
-5.196532726,0.778076649,-0.248772106
4.268753052,0.04609704,0.766432791
-1.129393339,-2.631346464,-0.530865014
-2.972237825,2.391043425,0.454717116
3.101650715,1.148525715,0.87401432
-4.717488289,0.869425654,0.123987449
-4.089758396,-1.012609959,-0.17528191
0.08099097,0.951108158,0.016048273
-2.867051601,-0.456895351,0.280421734
-0.983234644,-1.707844019,0.715186097
1.888369083,2.075869083,-0.824070045
-0.940963745,-2.120651245,0.273004544
1.575968981,-3.071491957,0.669356151
1.607114315,-1.51983881,-0.485774925
1.248643994,1.640733838,-0.880936019
2.335292816,0.26693356,0.043571896
1.202928185,-1.060591102,0.068942648
-2.363624573,0.987937808,0.439479113
-1.944690466,2.325817347,-0.778278096
-0.620231628,-7.620231628,0.987483322
-0.281059027,1.480415583,0.885205192
2.261929035,1.453335285,-0.732939463
0.629093647,-0.609187603,0.856966155
-0.815397382,4.364290237,0.967813574
-2.257581711,-3.716566086,-0.656516944
1.414642811,-4.425200939,-0.478338946
-1.90029788,-1.13857913,0.622898691
-2.359447956,2.638598919,-0.00772303
-3.645127296,-2.557236671,0.927813394
-3.046392202,-3.343267202,0.209954967
0.577993393,-1.07142067,-0.318181173
-3.197788239,-6.772006989,-0.685583965
-4.214631557,-2.882600307,0.121341381
-3.882472754,-2.557277441,-0.219429993
-0.945600867,-0.109663367,-0.171652608
0.051464438,-0.631152749,-0.136107641
-0.621997952,0.52753818,-0.660580892
-0.551626682,0.659310818,-0.4799565
0.822948098,-2.526661396,-0.635537968
-1.869795203,2.488603115,-0.760774888
-11.13798332,-1.647992611,-0.319898646
2.260855436,-0.101449251,-0.552522364
0.596457362,1.436301112,-0.510817773
-1.362627625,2.074872255,-0.137420892
-1.104292989,1.973832011,0.803408165
-2.306210518,-0.200253367,0.98473552
-0.687770009,-3.415308952,-0.590321215
4.04857111,1.996630192,-0.022248892
-4.025867462,4.569835663,0.8178046
-1.348365545,-1.121803045,0.197140203
-6.395408154,-4.553611279,0.375010623
-2.99780941,-2.17749691,0.766778657
3.163767815,1.40009594,-0.297159569
-4.439603806,-0.673978567,0.437279042
-7.19136095,0.249800995,-0.934360488
-1.912852049,2.077382326,0.849193682
7.624300003,3.823518515,-0.522446145
-6.971973896,-2.622364521,0.937024793
6.682781219,8.940593719,-0.199112667
4.300020695,3.292208195,0.086487143
2.228933334,0.011648178,0.223542685
-5.534315586,-0.576307774,-0.832372816
-0.51099062,1.47338438,0.142714245
-0.961955667,-0.401408792,-0.496649053
1.64312315,2.238826275,-0.191743602
-1.76371038,-0.897011161,0.314315941
2.210479259,-1.673797965,0.934108408
-1.854024172,-0.959492922,0.395088407
3.950361967,-1.837876558,0.117675811
3.655541182,-0.645240068,0.573597386
-0.954089165,-3.95604229,-0.771078915
3.211253166,0.254588127,-0.3886418
-4.207395077,-6.543332577,0.478591501
3.008426666,0.52991116,0.751665315
-0.489770234,8.827612877,0.402581779
1.783535004,-0.177402496,0.789610243
-4.136930466,1.982210159,-0.67719059
5.82969141,-0.506246209,0.562561925
-2.086033344,-2.007908344,-0.151542403
-0.367673278,1.098635316,-0.481307872
-1.757218599,-2.438370943,-0.854061152
4.314121246,-0.027675629,0.761347111
-1.232098341,-2.314129591,0.279518554
0.287859619,1.103411436,-0.712143844
-1.684907675,-5.919282913,0.969875222
0.100230336,1.549449086,-0.286068235
-2.313224554,-0.600333929,0.022289941
-2.034349918,-0.42131269,0.973199827
0.113765955,-1.02099967,-0.212916067
4.204716682,-0.484736204,-0.473444253
1.277920723,-1.396883965,0.92382946
1.709599972,1.602178097,-0.636061359
-0.831455231,-3.903720856,-0.425606968
-5.963500023,-4.959593773,0.419430903
-1.480645657,1.680609226,-0.367834629
3.193943501,4.541599751,0.828719767
-0.635149837,3.526959419,0.533283891
3.714511871,-0.102870822,0.713832315
-0.977681398,0.311014891,-0.107867775
0.374016762,1.260735512,0.374371561
1.101566076,2.197269201,0.433719409
-0.205487013,-4.246502876,0.854952201
3.016249657,1.406874657,-0.328716909
-5.283118248,-4.054602623,0.272495898
1.344975233,1.411381483,-0.546124921
-2.433692455,4.38466692,-0.444745803
1.454636097,2.593796253,-0.958254793
-2.100316048,-2.063267708,-0.683065931
4.302181721,0.396420121,-0.79334383
2.550129652,5.747395039,0.161481909
1.404432178,-0.638292432,0.096462677
-3.03964901,5.21035099,0.723764943
0.462522984,-2.096070766,-0.809832065
-0.33077544,5.662999153,-0.805496413
1.117392778,-0.386513472,-0.094193909
1.614671707,-2.25935173,0.294012854
1.139960527,3.786444902,0.779487279
-1.78951025,2.154825687,-0.990269656
1.96432662,3.33542037,0.05236076
-2.339724064,4.454465389,0.114254001
-4.333713531,-3.208713293,-0.72501689
1.258298635,-2.453371286,-0.488311287
-1.885699511,1.767620802,0.102870836
-5.526232719,-5.393420219,-0.077180196
0.008815765,-4.171360016,0.107687635
-0.770242691,3.081319809,-0.388500781
6.401786327,-0.410713553,0.650835773
3.319060087,-0.259064913,-0.268440137
-0.476091981,-0.833025575,0.185505188
-3.056684971,0.580521941,-0.702926541
3.93373704,1.371725321,0.549373403
-1.394448519,-4.001870155,0.857590678
-3.553687572,-4.827125072,-0.065958712
-2.162427187,-3.452466249,0.22608621
4.082728863,0.915736675,-0.625551461
0.052137107,5.241590023,0.290026086
0.160521448,0.099486291,-0.836185594
-5.48151207,-0.030340433,0.575518259
-0.635271072,3.016584396,0.135888306
6.662237167,4.162237167,-0.392970034
1.03970623,-1.693692207,-0.027005529
-4.86001873,-2.98892498,0.009041441
-5.18575716,-1.164272904,0.130434033
-3.14759016,-2.575324535,0.612061077
-1.135867834,-2.296024084,-0.253265192
0.636734843,3.027359962,0.977477375
-0.616939068,-2.195064068,0.450411919
0.784599006,-0.595527947,0.080083914
5.482556343,-0.102404475,-0.859212717
0.524778366,-5.074098587,0.523559595
3.954626083,3.271032333,-0.019897508
1.781248689,0.593260407,0.296141392
1.461640358,1.207734108,0.35657843
2.382565498,-2.294192314,-0.85734553
-1.274318933,0.542087317,0.931738732
-1.907030582,-2.289843082,-0.086183075
1.015963078,-2.60024786,-0.769390984
-1.015163898,-1.352566242,-0.872749795
-5.112990379,-7.601271629,0.853973112
2.50505352,4.65349102,-0.119664405
-5.029840946,0.089299679,0.413233359
-6.653679848,-5.653679848,0.972628365
-0.72381258,-1.581234455,0.10981644
1.357973456,3.326723576,-0.548349898
2.037101746,1.302787781,-0.731566876
-2.971244097,4.351021767,-0.282001691
6.2495327,-0.259744644,-0.139305809
3.02039361,-3.136558294,0.512890965
0.887874603,6.765804291,0.358788481
-1.263154984,4.047391891,0.27230857
-3.038448811,-2.725948811,0.973143136
0.813601732,1.251101732,-0.887933294
3.595273495,-1.810976505,-0.888223385
-1.381029129,-4.710618973,-0.896011164
-5.138570786,-3.679586649,-0.370205597
2.712828159,-4.537171841,0.119071205
-0.66661036,-4.401961803,0.39048465
-2.552945137,-0.103726387,0.830385508
-5.326911926,-2.237068176,0.936322315
-1.543857813,-1.787021875,-0.062936782
2.213311672,-2.805243015,0.137622391
1.137916088,2.394507885,-0.330077662
-2.218962669,-3.713591576,-0.745773291
0.775639057,4.560795307,-0.739292692
-1.867478728,-1.446153045,-0.103765196
-0.890147388,0.539906323,-0.283532947
-0.252336264,-3.837297201,0.644992842
-1.442738175,-0.954456925,-0.501210157
-0.051768303,9.487294197,-0.465348572
5.158064842,4.411971092,-0.349719828
-1.419647932,-2.506561995,-0.599072795
2.445563316,0.465094566,0.609031533
4.890910149,-0.915364027,-0.739637402
-4.061068535,-2.592318535,-0.05967494
0.258201838,1.230858088,0.715227979
-3.48571229,-2.11461854,0.155416392
1.383991241,-0.486614227,-0.82508837
4.07160902,-0.561203659,-0.279747058
1.004752874,-1.611946344,-0.126764048
5.330847263,4.190222263,-0.944922999
-3.00814271,0.27310729,-0.156018109
-1.866340041,-3.344855785,0.693397127
3.279913425,-3.5189147,0.814158352
-0.567913175,1.3754462,-0.785153284
2.80232811,6.93123436,-0.190876115
4.131997585,-0.349935889,-0.767997598
-3.274671078,3.268297672,-0.540643971
0.076578856,2.780314207,0.413880572
-5.144989491,2.265166759,0.84693031
-1.419946074,0.368628174,-0.398689699
1.398117065,-2.735671997,-0.088217697
1.45552659,3.477987528,0.441486659
-0.918042719,-0.624524653,-0.401234317
-2.135203838,-4.182078838,0.471045132
8.365293503,4.189512253,0.827194967
2.832008362,-5.091819763,0.974450113
1.17497015,2.837079525,0.947847364
0.985213041,2.733259916,0.208212247
1.23388803,3.569825649,0.543910354
0.036365449,0.548084199,-0.040826369
-0.595014215,0.70381391,-0.476746954
1.774941921,0.071816921,0.962593321
2.911878109,0.218518674,0.964872828
0.435133934,-0.077561378,-0.84189075
5.27512598,2.88840723,-0.212745569
11.54176521,4.455827236,-0.749369894
-2.249913692,-3.757726192,-0.045554352
-4.045651436,0.577395439,-0.515215579
-1.502603292,-1.191446066,-0.97877193
-0.210351944,-1.329004288,-0.045194096
5.768829346,2.407501459,-0.937745751
1.50833559,3.807163715,-0.121655702
-1.321893096,-3.17907095,0.111219948
-1.037731647,-2.188122272,0.404568892
-1.910505772,0.512773037,-0.744087289
-1.996904135,-4.032548904,-0.348986031
-0.700411022,-2.065645456,0.765918484
0.953575909,2.606407881,0.658485109
0.868251085,-2.011631727,0.256657226
2.38857317,2.745995045,-0.170849516
4.024864197,4.713829041,0.895951477
1.424186707,2.484733582,-0.256190563
-2.606733799,-0.759077549,-0.15293208
-1.857135773,-0.599323273,-0.748933406
3.652899027,-1.460382223,-0.491767662
-1.099769473,1.772300839,0.421930894
8.022277832,0.799254894,-0.429159368
-6.619458675,-1.812817931,0.168329697
-1.269015789,-1.140109539,0.806060994
5.417778015,2.937309265,0.968946619
0.866036057,-1.396170974,-0.830256989
-4.347672939,0.877912998,0.798151998
2.471088886,3.842182636,0.451395365
-3.664875746,0.144450456,0.004899864
2.987554312,4.34692955,0.397940085
1.759496927,-4.775659561,-0.139809649
-0.632725954,-4.117100716,-0.056557846
0.274344206,3.411062956,0.157038586
4.986559868,3.285388231,-0.404588574
-4.478426456,-5.568270206,0.090805254
5.210193634,3.641834259,-0.152467312
1.582201958,1.955248833,-0.203174837
7.604803085,5.452459335,-0.241194099
1.386446953,-0.611599922,0.191254746
-1.793238163,-0.422144473,-0.352654815
-1.540458679,1.861885071,0.968918451
1.173948646,1.205686927,0.476625318
-0.260101676,-2.369476795,0.477290646
-5.783094883,-1.747938871,0.62198255
-1.876690984,-1.570050359,0.879765005
2.848607063,2.252903938,-0.555355121
-0.84813261,5.017834187,0.351914927
1.925927639,1.705224514,-0.019794952
1.76962173,-0.425202489,-0.728922908
1.62675786,-0.932324171,-0.088860258
3.576327801,2.595859051,0.290739355
-1.299793243,-0.547840118,-0.86197663
6.203211784,3.546961784,-0.017752987
1.154542208,-4.000731468,-0.961120598
-1.444936275,0.5921731,0.838918847
2.377453804,4.558117867,-0.958272063
-3.826712608,-1.395560265,-0.760543737
5.299918175,4.245230675,0.774859716
-3.154693127,-0.894927621,0.680611123
2.834456205,-3.146012545,0.537201677
0.1257658,3.808382988,-0.022644866
-3.859167099,0.459192395,0.869402421
-0.927888989,-1.371980786,0.279422432
0.940306902,0.436400652,-0.841426975
-0.852703452,-3.091473103,0.217702601
-3.479138374,2.476428032,0.549894531
-2.242899656,-2.738993406,0.568146253
1.597139955,2.443453312,0.568725073
-1.29400897,3.040951967,-0.393744599
-3.259189606,0.388271451,-0.842455588
5.286677361,0.299372435,0.269942377
5.256544113,1.103224039,-0.481688298
3.232178926,2.310303926,-0.727826026
5.33731842,2.497474432,-0.333707749
-2.336919308,-2.348638058,0.749266441
-4.05556345,-1.255758524,0.560141878
-0.585683107,-5.4494524,-0.594486492
-2.365585566,-2.596054316,-0.16347718
2.997241735,-0.209789515,0.287799665
-4.96777153,2.374025345,0.676394741
0.020077705,1.274899483,-0.12850983
4.220011711,3.462199211,0.774294014
-2.323771,-0.429239631,0.376360914
0.017636061,0.118710279,-0.407071823
6.718131065,4.862662315,0.149355281
-1.864094019,-1.907062769,0.876975209
0.243442297,4.01858902,0.929755111
-3.755443335,-0.947582066,-0.611496685
-1.461083293,-2.964989662,0.615407942
6.978499413,0.94602859,0.721176932
4.937878609,3.683972359,-0.077375388
0.115979552,4.916760921,-0.794468215
-1.38762188,1.894848824,0.782050287
-3.598351002,-0.533897996,0.300391093
-1.822165489,2.455178261,0.553918514
-1.398051262,1.051167488,0.708122062
2.062698603,-1.343551397,0.073141733
5.072486401,3.798072338,0.986581187
-2.175215483,1.047440767,-0.888721197
-1.783149958,-0.029243767,-0.057895181
-1.212393045,-1.68700242,0.532098596
-3.85948348,0.533094645,0.751913065
-1.476804376,-0.484616876,0.355857914
2.991006374,2.836709499,-0.793899766
-5.468343735,-0.958577991,-0.52785375
-2.460810423,3.082158327,0.180882615
-1.715361834,-0.596221209,0.44035437
-0.05262202,-1.588266611,0.687328556
-3.271604538,-4.005979538,-0.352182631
0.975655198,-0.163749114,-0.114398823
-6.527530193,-4.535342693,0.295182578
-2.102382421,3.055820704,-0.970596166
-4.484309673,-2.307551861,-0.15468379
3.426553965,4.404092789,-0.285272373
-2.318842888,-3.432124138,0.623650024
-7.606922626,1.500499249,0.077439247
-1.071908236,5.29820919,-0.351127822
-4.050962925,-1.04559195,-0.575082047
1.752854943,-0.120924324,-0.275185136
-1.624222517,1.399703264,0.50040616
1.541189551,3.025564671,-0.793822368
1.655532718,-2.272445679,0.68366922
4.931742668,3.023539543,-0.529618825
-0.181645989,-1.108159661,-0.700855059
-5.764800549,-2.295073986,0.861420684
2.535581112,-5.541567326,0.275285715
3.844044685,1.38506043,-0.899760943
-1.313312054,2.950512409,-0.833890027
0.080168515,-2.209870577,0.442211357
-2.810180902,-1.779419184,-0.101734087
0.545934439,-0.157678843,-0.170397397
-1.558925629,-2.555019379,-0.995129309
-0.912361801,-2.694588423,0.331406045
2.134699821,4.548762321,-0.703177428
-7.086097717,-4.843910217,0.324395251
0.118645385,2.574700117,0.032195741
-2.983646393,-2.409122467,0.955239859
-2.473470211,-3.453938961,-0.032263944
-0.707456112,0.347353458,-0.719611424
-0.169672728,0.86450696,-0.360367339
-0.225633621,-2.846727371,-0.664471717
9.158025742,0.209294826,0.708877758
4.749307156,-0.923056245,-0.495506835
-3.113233328,0.119188607,-0.8710531
0.68550694,-3.197305679,0.486450449
-1.36552918,-0.738576055,0.893902127
2.772515059,2.859978437,0.503209164
-0.126564264,5.130271912,0.542724126
2.869502544,2.210322857,-0.147051259
-1.309708834,-2.304826021,0.115485639
-3.028421402,-0.961893022,0.029232433
0.494127631,-5.940442562,0.946775383
-1.921953559,2.395841122,0.733030418
-0.221636772,-4.995074272,0.252986402
2.480562925,-0.720914125,0.10462321
0.689648151,2.588329792,-0.062877184
-1.710545063,-1.956028461,0.736572864
-1.803463697,0.891848862,0.639740502
3.116290808,0.78914237,-0.281410537
-1.404655457,1.132453918,-0.711897244
0.796148419,1.985113263,0.221678447
4.142178059,1.165615678,-0.097316187
5.929821491,4.918102741,0.027227845
1.363687396,-1.36897862,-0.095327191
-0.930909276,2.017333031,0.037662111
0.108925343,-0.277793407,0.673473447
-1.399663925,0.810297012,0.863898757
2.932190895,-1.407652855,-0.001437006
-2.30987072,-1.296198845,-0.435176869
-4.631599426,-9.358161926,-0.399596727
0.938355088,0.174194902,0.837631617
0.595386267,0.533862829,-0.35581952
2.965858459,1.688514709,0.283963806
3.931864262,2.564676762,-0.886605488
0.087231398,2.351879835,0.542494034
2.524585009,2.397631884,0.730038352
3.505526066,-3.828458309,-0.647071527
-2.391040802,0.38337326,0.688384836
3.38288784,1.61726284,-0.391249505
-1.460964441,-0.316433191,0.308934155
-3.513136625,0.207566559,-0.751550661
3.550260544,2.272916794,0.809946836
-2.035653114,1.733145714,0.505022293
-0.42151463,-4.516729355,-0.310468631
9.021566391,0.826253414,0.247374752
-1.308102369,2.723147631,-0.678138054
-3.362740517,3.893118858,0.286111502
0.004399538,2.648442507,0.360507234
-4.657720089,-1.708501339,0.117325972
4.691265583,5.968609333,-0.491647621
-1.291016102,1.209960461,-0.760640139
-3.588346958,3.896028042,-0.238126562
-0.298429489,1.959383011,-0.294684565
-0.418545723,-3.203946114,-0.026524015
-0.055382252,-1.760948658,0.120601589
2.391979456,1.056041956,-0.166708731
1.678402901,1.221371651,0.638052402
3.695120573,4.065237999,0.824899293
0.812384427,3.116095304,-0.118895597
2.609008312,2.648070812,0.928853873
-2.618659258,-2.804206133,0.539484715
-5.297575951,-0.317107201,0.59158258
-5.100757599,-1.046070337,-0.974267987
-3.344175816,-5.633238316,-0.400725022
0.631690264,1.255713701,0.963501554
-3.422848701,-2.511227608,0.654209874
-1.694173098,1.471842527,-0.160452007
0.751274586,-1.528022289,-0.025500751
4.014068604,8.514068604,0.415734163
-2.608056068,1.470068932,-0.844717799
-2.870659351,-1.20952642,-0.473612093
2.680349827,-0.224923611,-0.334452069
-5.346016407,-1.915352106,0.33264287
0.096986294,-1.453794956,-0.549619098
-3.302707195,1.819362998,-0.492224035
0.243540525,1.839731932,0.850373278
1.414996862,-0.914959192,-0.943748402
-3.48144269,1.161379576,0.036303448
0.4462502,-2.762734175,-0.644096549
1.403713822,-0.15207231,0.295539256
-0.319148779,0.303226709,0.106913062
-0.753675699,-4.379041672,-0.320329644
-1.392410994,-2.669754744,0.260755153
-3.871314764,-2.378150702,-0.738991746
4.358859539,2.235812664,-0.197102357
2.744052887,-1.299892306,0.061683289
-2.287743092,0.657569289,-0.784052508
-1.729852438,-8.432001114,-0.70636184
-1.79680872,4.61334753,0.201388524
-2.511181355,-2.698681355,-0.087473089
-2.23861146,-2.74642396,0.735735462
3.260063171,-1.728706479,0.702745357
2.994546652,3.299234152,0.89612541
-3.074967861,-4.57057333,0.147182734
2.736789942,-5.329616547,-0.454264572
3.967683792,1.476472855,-0.516339707
-4.792910099,0.218808651,0.538654346
3.58467865,3.96749115,0.612655435
-1.190849781,2.086493969,0.531008938
1.038180351,2.413180351,0.679526834
4.363867283,3.727148533,0.039357745
2.703675032,-0.434996963,-0.145519171
-4.567595005,-0.751921296,-0.599543058
1.15964222,3.557103157,0.450180356
4.082340717,-1.378596663,0.288287754
-6.059393883,-4.469550133,0.546125182
0.994709134,1.332599759,-0.884782359
0.784758568,2.050383568,0.573587604
3.06649065,3.443443775,0.796294771
0.809072077,-0.223459661,-0.341321647
3.967623234,-0.402982235,0.377402967
2.983817101,4.628348351,0.559755048
-2.605976105,-2.17824173,0.173481421
1.520368934,0.021833777,0.165167554
-1.569065332,3.479762793,0.925448927
4.621162891,5.183662891,0.38616041
-0.225491047,-1.061428547,0.959145223
1.492113113,-0.180738389,-0.127799616
0.263958454,-1.666705608,-0.324369451
-0.070909023,-3.251573086,0.594900248
2.062487125,-3.49805975,-0.325832348
3.826070786,2.173727036,0.334419665
0.526175141,-0.922067046,-0.781789649
-1.699329376,0.660045624,-0.655456882
3.480605602,4.461074352,0.319723769
0.759628296,1.142440796,-0.200567873
0.500194907,0.296093374,0.745857355
-0.873685718,1.35580647,0.926360327
7.833272457,0.897481561,0.980279942
-2.7641325,-1.70553875,-0.623929339
-3.079549074,0.946818113,0.906560512
3.012607336,0.297763586,0.327460133
-1.499861002,-1.527204752,-0.370322588
0.224597216,-0.632824659,0.382722914
-2.674197674,-4.061648846,-0.938211852
0.237831712,-3.234336376,-0.403048318
-5.052044392,0.722369552,0.689085223
-2.165717125,2.864068031,-0.753372087
0.020218164,0.939651728,0.030518456
-2.874274015,1.155839205,-0.211743922
-1.164595842,-4.71391201,-0.082727582
0.387638092,1.954044342,0.541096286
-1.934182644,-3.352151394,0.766872292
4.409890175,3.450906038,0.177861912
1.929852486,-0.816241264,0.347810067
2.030799866,2.549354553,0.166148181
1.609585047,6.277553558,0.964486293
0.463881254,1.203139067,0.004186571
3.933034182,2.311940432,-0.038283909
0.074541897,1.910479426,0.316420102
6.216125488,4.013000488,0.856319012
-0.808961928,-1.995485306,0.969803501
-5.216516495,-5.544641495,-0.338116024
0.536678135,-0.52411288,0.498914842
2.959658623,3.612002373,0.586681153
-0.582386971,1.071909904,-0.436070806
3.47642684,0.970567465,-0.522016874
-4.001958847,0.919427872,-0.463928901
0.881392479,-1.047318459,0.343524909
-5.576544762,-5.467169762,-0.682606861
-4.623155594,-0.150499344,0.991622092
1.559055686,0.779880881,0.490529866
2.826130867,3.337849617,0.277562111
-2.989095926,-0.826986551,0.456342716
-2.948796272,0.901789665,-0.094661799
2.130907059,-1.024854779,0.692244669
4.060080528,1.519065142,-0.210542404
3.941951752,3.897029877,-0.540993873
-4.199136734,0.959066153,0.786001218
-1.528566122,-0.13305831,0.666697119
-3.955234766,-3.814609766,0.63674608
-1.910136461,-0.949198961,0.698014433
-1.555480719,-3.940246344,0.892448619
5.155125618,-1.559717894,0.622612138
-1.310483456,-0.899838924,-0.395417754
1.025049925,-1.615575075,0.071441358
1.797460794,7.147558689,0.891675493
-6.119276047,-3.642713785,0.747184461
-1.793446779,4.333506107,0.151272952
-0.451852083,1.999319792,-0.155252626
0.418726206,0.512476206,0.587622761
1.14363575,-8.2040205,-0.97427839
-0.017573833,1.995121479,-0.433179011
-3.089168787,-2.831356287,0.296201882
-2.386392593,1.889974594,0.381970141
-2.43127346,-1.295042992,0.856702969
-1.605836391,-2.613648891,0.894748048
-0.84761399,0.979534447,0.993591247
-3.791947126,1.767623186,0.330390975
-2.455395699,-2.258130074,-0.891738639
0.334467292,0.348627448,-0.899018159
-0.131940365,3.895403385,-0.523542531
0.266394854,-0.967980146,0.597933223
-0.603795648,-2.363561153,0.916996591
-6.18434,-0.351332188,-0.223169664
-1.205556154,7.704599857,-0.266258086
0.609779358,1.159584045,-0.160423208
-0.19804135,1.271685243,0.339160487
0.682847798,-1.520765543,-0.509160882
0.011432767,-0.290325046,-0.703965278
-2.282808065,2.407621622,-0.92231552
2.777595282,-1.261467218,-0.670213796
-2.192941666,3.203298569,0.550413465
6.414725304,-1.894112825,-0.977520247
-2.988996029,0.136003971,-0.809142917
6.196958542,3.708677292,0.438384726
1.73656857,5.649654388,-0.861374574
1.621623993,2.035686493,0.203911571
2.887138367,0.429130435,-0.497767192
3.750580788,-2.474028587,0.864820525
3.209509373,2.140173435,-0.717472741
-4.741722107,-1.312034845,0.099449712
-7.333064556,-1.401179671,-0.967131818
3.940983772,2.91656971,0.309602337
-5.064910889,-3.955535889,0.796589104
1.784329414,0.620266914,-0.132874592
-1.226472378,2.218840122,-0.103548092
1.285241127,-0.000891745,-0.629508783
-0.72682476,0.821270943,0.344489142
-1.144399166,1.787241459,0.929284348
2.75002718,1.275417805,0.810537699
-1.446701527,1.651443005,0.935363703
3.102136612,-0.739660263,0.433570975
0.323405147,2.384684563,0.343963924
1.804128766,2.712331772,0.865423296
-3.794951916,-3.683623791,0.466927285
2.33749485,1.014008403,-0.276344959
-5.191486835,-4.34187746,-0.123161336
7.031235695,0.822617412,-0.49067848
0.862710238,-1.994101286,-0.035052344
-1.911338568,5.828896046,0.038297803
-1.064586639,-0.380992889,0.972699194
-1.367341995,4.729337692,0.256888033
6.122687817,0.127082288,0.357098108
5.508602142,2.328914404,0.255984255
6.708344936,3.136079311,0.545500744
-3.081172228,1.707890272,0.228684773
0.333594799,-2.990623951,0.896040432
-2.789442539,0.780869961,-0.493260684
-0.710020185,-0.301740766,0.665736567
-0.367004812,-4.540344715,0.365548638
3.591653347,-0.30971384,0.438397791
2.880745411,-0.655387402,-0.605731884
-4.096121788,3.311104536,0.279965271
-0.533812165,-1.159788728,0.89139872
5.589397907,2.304241657,-0.106371473
2.493918419,7.327902794,-0.785429487
-0.86802274,0.558735073,-0.049093545
0.010399021,-3.17252326,0.263025639
0.782177448,2.848583698,0.657425864
-0.865398645,-0.314190149,-0.921642839
2.508965731,3.977715731,0.862446284
3.386125565,-1.083478928,0.77793546
-4.859721661,-2.232768536,-0.574185222
-2.603148222,1.408570528,0.551715382
2.044510365,-0.290938735,0.278823666
5.323833466,-2.58476615,0.68987635
0.565282583,-1.371240854,-0.074889026
2.887722254,1.228542447,-0.60250541
-2.415859461,-2.909023523,0.174343482
3.221882582,3.262898207,-0.862634344
2.495206356,3.092862606,0.333255063
-0.925721526,-2.86126852,0.758702065
-2.834456682,-3.168441057,0.483479599
-0.893331528,1.131570816,0.435838433
0.379316211,-3.041582108,-0.005099848
2.233648777,-2.759515285,-0.651294612
1.417146683,-5.194181442,0.873839425
-2.07618022,0.44335103,0.180829257
1.893660069,0.046003819,-0.123707653
-5.508221626,-3.019940376,0.009193888
-2.552065372,2.01141119,0.878272914
-0.340737253,0.542197347,0.442618313
1.146380782,1.627826095,-0.989314097
0.66780591,-2.720865965,-0.879903981
-0.315438032,3.418936968,-0.348445134
6.031373978,-1.630735397,-0.5291258
2.144159794,-3.140996456,-0.471525298
-0.130262554,-1.406629801,0.179285742
-3.899222374,-3.348441124,-0.455750405
-0.310348749,-1.446090937,0.042833053
0.858094811,-5.722349644,-0.355677444
2.542922497,1.537063122,-0.174495043
0.460180581,1.382910013,0.883934213
-3.461587191,-4.164711952,-0.45920922
3.582648039,2.094366789,0.222491929
-2.066816568,-5.17619133,0.526578085
-1.612471819,1.731278181,0.740823137
3.202351332,-0.400187731,0.237885028
-0.236277103,-4.251902103,-0.075879133
4.726105213,1.205597639,-0.73189039
-4.733130932,-0.2048105,-0.289208899
1.527284622,-0.424985886,-0.777040487
8.148384094,3.093696594,0.210965758
6.839096069,1.192611933,0.636300521
-2.477128506,2.701826572,-0.362577793
-3.881544352,6.237596512,0.095082636
-0.462370276,0.734407067,-0.320266357
-5.553660393,-2.226511717,0.179471675
3.65331316,0.874016404,0.247037074
-0.980116844,-1.489882469,-0.225851304
6.372828007,1.823591709,-0.678285374
3.768927097,4.651739597,0.126722527
1.59443152,-0.211476684,-0.177534477
-2.636927605,-3.62716198,0.88623426
-3.040097952,1.832948923,-0.067872327
-2.168130159,-2.515786409,-0.876367917
0.492803574,-2.640008926,-0.801371498
1.625932455,-3.906294107,-0.203015097
2.604686975,2.569530725,0.820611409
-0.742378592,4.614066601,0.960066472
-0.525936067,0.694767058,0.801577729
-3.314168453,0.070108891,-0.966970592
-0.934146583,-2.387271643,0.166123579
-0.500734687,1.491819024,-0.300774863
2.812041044,-2.945771456,0.446198185
3.008455276,-0.106779218,-0.558027294
-2.596155405,-1.080530405,-0.195136676
-1.648921728,-0.901851416,0.406888192
-4.618560314,-3.665435314,-0.050906133
-4.500423908,-9.184017181,-0.848516253
3.962766886,-0.205201864,0.626548902
-6.362216473,-0.897372723,-0.28120644
-0.722383261,2.682890177,-0.556305575
-0.742763817,0.030673683,-0.112967512
0.848408997,1.097188234,0.544433647
-1.278585315,0.334695935,-0.64997834
-0.245325089,-1.696496964,0.545174561
4.933992386,-3.812101364,0.954540838
2.611369133,1.053751945,0.798408417
1.176567316,0.965629816,-0.12105461
0.724550843,5.988222599,0.215822491
2.257382631,3.493710756,0.697880398
0.371969223,-1.414163589,-0.75133567
1.905574918,-0.245303988,0.478054549
0.391071737,-2.122600079,-0.591647261
1.020811915,-0.638428807,0.710486343
-0.644303083,0.782454729,-0.921010007
2.655661821,-3.233010054,0.492512937
-2.261164904,-0.188899279,0.212473962
5.304788113,6.164163113,-0.993584908
5.616858006,-1.883141875,0.106882749
3.36574173,1.60402298,-0.064491521
-2.283850193,-0.797522068,0.516202008
-1.275689363,2.300482512,-0.622118634
-1.304872036,0.913877964,-0.648320879
2.69293499,-2.58050251,-0.27151969
-1.937736511,3.78540802,0.069772723
0.367131054,3.706974745,-0.349566372
4.609328747,-5.105515003,-0.182543389
1.520233512,-2.540313244,0.866396952
0.131067038,-0.081823587,-0.952442328
2.913273335,5.546085835,-0.369260235
-6.235891819,-7.860891819,0.968189539
-4.177555084,1.50310874,0.368923743
2.757352591,-3.245088816,0.778775395
2.408505917,4.530576229,0.282044468
0.448306799,-4.53118515,0.983106376
3.388304949,0.318358719,-0.697305862
-4.613211155,-1.705984592,0.622465701
-0.075559214,-3.695767879,0.589675529
-0.018948793,-3.233060122,-0.134199232
1.456629515,1.460535765,0.233495797
-2.519748211,0.017361164,-0.687011695
4.745043755,1.32902813,-0.773989742
2.569724321,1.630271196,-0.655819385
5.85529232,-2.144707918,0.238120314
4.102110863,-1.046326637,0.515062001
-0.419609785,1.644355059,-0.955830714
-1.653335333,1.55857873,0.718243504
1.984855056,-0.848152757,-0.600874479
-3.498971462,3.786184788,0.328880584
0.968140364,0.821655989,-0.700801123
5.054117203,0.464273453,0.364872505
0.860086441,-3.677816391,0.844092922
-1.894925356,-2.660550356,-0.10065357
1.518595695,0.854044914,0.928927969
0.311678171,-0.332853079,0.725615095
-2.250996113,-0.883808613,0.305775449
-5.492237568,-2.990284443,0.028169668
-4.535548687,-0.124415994,-0.923537293
-6.735411167,1.129823446,-0.588993621
-1.924791813,-1.352526188,0.245083
-0.836078167,1.477581501,-0.766846912
4.858278275,4.424684525,-0.888770358
-3.422063351,-5.324407101,0.941151589
0.463987827,-2.018434048,-0.812126785
-5.62497282,0.03908968,0.390419961
-1.227303505,-1.509896278,-0.358042045
1.826942801,-1.608604074,-0.831122853
3.811997175,3.269028425,0.457145882
2.715167284,1.550128222,-0.566873972
-3.520934582,1.230331898,-0.636416683
2.339152813,3.270793438,-0.330486605
1.592457414,-3.937815905,0.852810416
4.78729248,3.00994873,0.870405068
-1.267429829,1.664699078,-0.353121322
-1.377108932,1.466641068,-0.093483025
-3.725137711,-2.056680679,-0.775823628
-1.481745481,-1.470026731,0.366738226
1.117892027,0.731051147,-0.125851498
2.555495262,-1.450852394,0.368415922
5.236811161,-0.630376339,-0.384706824
2.571160793,0.636712432,0.274441374
6.38223362,2.302155256,0.283371093
3.36079812,-2.00248313,-0.807040047
3.778121948,1.36491394,0.645725993
2.767182827,5.161714077,0.35358572
0.997750521,6.913765907,0.1587717
-2.949067116,-0.819062233,0.966269486
-3.43718791,-4.556328773,-0.707381247
4.57692337,2.647235632,0.722206603
-0.505831122,2.004117489,0.763236158
-1.126314878,-3.040377378,-0.845071594
-1.774434924,3.820291519,-0.447920327
2.789134026,2.523509026,0.11868816
1.211669803,0.638427615,0.317424647
-7.197499275,-7.033436775,-0.739829541
2.803996086,0.673136711,0.707800079
6.262271881,6.543521881,-0.221649866
-3.389271021,0.989635229,0.9632429
-1.574810982,-1.392682076,-0.972124913
0.803365946,-3.473733664,-0.548326466
1.184425831,3.47300005,-0.851545491
-0.868106842,-1.899356842,0.62999983
2.047650099,0.890423536,-0.550379649
-6.538777351,-3.049519539,-0.225074407
-4.812951088,-4.820763588,0.972307099
-0.530100346,0.303884029,-0.973625436
-0.301113933,0.500033557,-0.883266799
1.524856091,-1.122604847,-0.895919584
-0.512738466,-1.634808779,0.465506731
-2.22552371,-1.305113554,0.894485246
-2.08879137,-0.691330314,0.48570883
-0.256202966,3.463767767,0.855838075
0.492470026,-2.791709661,-0.278926811
-2.2859056,-0.506608725,0.427961296
-2.209548473,-4.692946911,0.203846094
-0.701166511,-2.194330692,0.551479768
-4.681183815,-0.84768784,0.034404319
-4.522786617,-5.792317867,-0.715687939
0.631353855,0.893072605,0.796281126
3.439415455,0.101524711,-0.715565945
-6.501358986,-5.864640236,0.744553603
3.243862629,-0.28689909,0.571348198
-0.552407086,-0.544594586,0.480933847
0.472732544,-2.257736206,-0.621535776
0.19696641,2.06024766,0.574916656
-1.988960743,-1.774116993,-0.236973066
0.135355473,-0.992574215,-0.431180459
4.69857645,1.093595982,0.099969971
3.268383026,2.455883026,-0.649943107
2.638991356,-1.091965675,0.348893042
0.663752317,-3.439275026,-0.154575601
0.843127847,-1.513927817,0.382549051
-1.283030033,-0.48884058,0.747958367
-2.515093803,-2.441302299,0.09360935
-1.610886812,4.535597801,0.231094057
2.892483234,-3.607516766,0.393643604
-5.33916235,-3.845021486,0.959540782
1.096000552,-0.330482632,-0.575156518
-2.684234619,-18.18423462,0.344701342
0.729520977,-0.274629384,-0.505875429
-1.16439414,-1.827968359,-0.102914146
-2.516545296,2.214411736,0.515643616
1.156885147,-2.032567978,-0.063137104
-1.297341108,-0.565895855,0.440045465
2.250944138,1.766569138,-0.018616391
0.011223197,1.570793509,0.855219856
-4.122363567,-3.108691692,0.221396409
1.382600784,-2.326383591,-0.666940015
1.89626503,0.149255782,-0.470220881
-4.156857014,3.79822135,-0.3562556
-0.639798164,-2.034573555,-0.918498505
1.473555446,3.493086815,0.030628001
1.382993221,0.507993221,-0.323335047
0.511873484,2.390779734,-0.772018881
1.877283335,0.324915171,0.599396595
-0.084252357,-0.275658607,-0.146917108
-0.328824043,0.100863457,-0.255787437
-1.182915211,-3.670464039,0.541758767
2.911161661,1.493192911,-0.227765694
-7.76327467,-2.81796217,-0.812888308
3.029135466,1.776388884,-0.086124171
-0.954632699,2.111773491,-0.880218642
5.027024746,-2.670240879,0.215941838
0.159352303,-1.071116447,-0.589574381
0.32792151,-0.438435912,-0.512848713
3.70159483,3.45550108,0.193125973
-1.42749536,6.691645145,-0.169584996
-5.080071449,2.655280113,-0.765440988
-0.857926369,1.4189291,-0.438330147
-1.941440344,0.505825281,0.712927317
2.752770424,3.680504799,-0.12618794
6.558379173,1.68533206,-0.120434496
-1.806464195,-2.916144371,-0.792857419
6.417607307,2.194950819,0.004613683
0.745289803,-0.506663322,0.60043225
1.323695302,-1.300816417,0.027010501
2.555570602,3.004789352,-0.888831416
-2.194410324,0.141527176,0.882472295
-3.94397831,1.585318565,0.762923642
2.792336941,5.409524441,-0.973410836
-5.822790146,0.363977432,-0.854517947
1.898876667,-2.730029583,-0.229376956
-0.326966822,0.158140615,-0.563132478
0.622153163,0.249228358,-0.276032641
-1.582344055,4.246757507,0.095469668
-1.657346249,4.589479923,-0.006974968
-5.727876663,-0.386080027,-0.151241884
0.041392744,0.138072431,-0.68969575
-4.756649971,-2.658993483,-0.986946098
6.15194416,4.771084785,0.360313128
1.977774382,2.943594694,0.110013419
0.703154206,0.582060456,0.065072211
2.435380936,-1.857587814,0.878880403
4.563519955,5.001019955,-0.653024373
7.384189606,5.809970856,0.335860329
-1.435394526,-1.685394526,-0.839957794
2.236422539,-0.963772774,0.507489084
2.060060501,1.24756062,-0.126459959
1.223505378,2.708857059,0.87922156
1.111587286,1.634048223,0.898452983
1.28671515,0.63827765,0.457011534
0.972569823,-2.679773808,-0.955686529
-8.024845123,-4.294375896,-0.168879192
-1.407454252,2.852311373,0.545379334
1.306351185,-1.791305065,0.579609174
6.698234558,-3.355476379,0.614475181
-5.579452038,0.258438706,0.472422504
-2.421077251,0.216618061,-0.024920903
-2.662963629,-0.497924566,-0.048226722
0.982028782,-2.798244715,-0.329630739
-0.16590035,4.09972477,-0.475538846
1.57137394,0.19295603,0.733493192
-1.432063937,6.651920319,-0.593362089
-0.288628012,-2.580620289,-0.049554833
-2.438228607,-0.680416107,0.789145569
4.377540588,-0.289573431,-0.965229272
-4.413673878,-2.804298878,0.555015076
3.716008425,-1.63335681,-0.248851898
-4.11691761,-2.013401747,-0.689366757
0.629313707,0.725016832,0.935649381
1.3280406,0.62100935,-0.709237925
0.258971334,1.086119771,-0.836994146
4.490353584,-0.173709154,-0.389153741
2.786435366,5.331479073,-0.682537252
-2.34783864,-1.889281511,0.562684357
-0.803131878,1.403899431,0.657442139
-1.722053528,-3.907600403,0.667103589
1.344016314,3.587668657,0.61385898
-4.137329102,0.801635861,-0.663918649
0.478174567,2.480127811,0.917178492
0.095300868,1.225183725,-0.688873134
-1.269449949,-3.648356199,-0.765149304
-5.719930172,-0.457296103,0.163429051
1.902274013,1.351492763,-0.855001838
-3.351986885,-1.112729073,-0.870523242
-3.329928637,1.386868238,0.290204944
-2.33198452,-2.83979702,0.884974214
4.047655106,3.731248617,-0.001560409
-4.169726372,-0.795947134,0.539684469
3.546535492,0.803371489,-0.630874722
-3.305367947,-1.757760525,0.289504394
-0.77774775,2.876549244,0.667273287
-5.006624699,-3.586702824,-0.125809426
-1.158279419,0.668624878,-0.162248617
0.725781918,-2.856249332,-0.269527728
1.940221786,3.843542099,0.901710278
-4.062282562,-5.435329437,0.541631041
-1.790640354,-2.396109104,0.724062612
-2.442863464,3.495613098,0.412953045
4.098400116,6.547618866,0.108408078
2.628613949,0.052442074,0.23105462
-5.217706203,-3.459893703,-0.029271785
-1.20218122,0.143521875,-0.205300915
-1.950111866,-3.125893116,-0.334658715
-0.561240911,0.623329401,0.487751871
0.082921267,0.211827517,-0.392243604
4.15370369,3.604875326,0.940869812
3.266845703,6.472900391,-0.945517599
3.90560627,-2.52798748,-0.815549829
4.322115898,0.560885668,-0.105966775
2.08192873,-3.110454082,-0.889702893
0.559358597,1.110139847,-0.618796215
-4.162517548,-1.098369837,-0.582171982
2.656785011,0.190796927,-0.535510048
-1.992371202,0.138060927,-0.153205036
4.323509693,4.807884693,-0.949861331
2.161352396,-1.742456198,0.606531011
-4.22183466,0.092618465,-0.253134379
1.667863131,-3.588972807,0.831945004
0.424171925,-0.923484325,0.713104904
2.073037386,2.585488558,0.686267828
2.049017906,-2.122857094,-0.948801187
-5.034147739,-2.713835239,-0.922185532
3.167615175,4.156628609,-0.506751564
-6.779604912,0.546566725,0.706830362
2.146465063,-0.494892329,-0.018957253
-6.030828476,2.512017965,0.231740359
-0.71233058,2.351310015,0.051565355
0.283899307,-6.872350693,0.602489501
3.208985329,3.707032204,-0.542322818
2.731384277,6.747009277,0.776668101
-1.543893814,1.644582748,0.364427683
-0.710493803,0.965287447,0.617214228
0.712741971,-2.473537445,0.14806072
3.464405537,-2.89741087,-0.768642583
-0.070533454,1.118919611,0.972738112
-0.415841341,0.850760221,-0.501884108
3.805638313,1.825657845,-0.560802194
-0.329872847,-2.480263472,-0.923144306
1.170368671,6.650837421,0.364681638
-1.308042049,0.342348576,0.523887767
0.412577748,4.55369091,0.398572611
1.377132177,-1.036930323,0.13802809
-2.127722502,0.537316561,0.676455385
-0.31229043,-2.30447793,-0.516808498
3.480682611,-1.967803717,-0.769062888
-0.285358191,-2.234576941,-0.911753547
0.665859222,7.062099457,-0.478067264
-0.201664492,-1.111820698,0.109731272
-2.021068096,1.77989614,0.454469783
1.194446564,4.164173126,-0.540186856
-0.296461225,-5.568922043,0.402315298
2.886255503,3.573755503,0.671408797
-1.5405792,-0.514700234,-0.391306952
2.401077032,3.084670782,0.147644573
-6.17144537,1.459414005,0.431847336
5.888150215,1.652635813,-0.333366566
-4.846508026,1.642749667,-0.546579563
-4.281274319,-0.242211819,0.911713866
3.894030571,1.614733696,0.767756949
1.396337509,-2.852197647,-0.59733119
1.98033309,2.33970809,0.553913949
-0.823328555,-1.739832401,0.713372454
1.006273746,3.527849674,0.292736923
-2.477910995,-6.521856308,-0.719524267
3.427222967,-0.783714533,0.431156589
-2.599597454,-1.63695085,-0.621975018
-3.234401464,0.793186426,-0.777813936
1.267384529,-2.682322502,0.787995266
1.69948554,4.312767029,0.010670117
1.723968387,-3.469390869,0.084528442
-2.967390776,0.095109224,0.211930415
-1.401189804,-0.647893906,0.028091689
1.455314279,-3.673592091,-0.79568505
-5.211159229,-4.384010792,-0.705970824
-0.914654136,-4.151958942,-0.035002193
-0.322281837,1.310530663,0.863426004
1.047426939,0.280459225,-0.240020349
2.630522013,2.076444864,0.884825753
0.145881444,-2.691520929,0.596147199
-2.551061869,2.482141256,0.688174264
10.41770935,-0.015884161,0.298638259
-2.194193602,0.006978273,0.82650227
2.354282379,2.244907379,-0.505671809
-4.404665947,-0.410525441,-0.683655454
-4.19405508,1.194616795,0.952328484
2.593280792,-3.312969208,0.987150612
-3.121340275,2.6657691,-0.330872874
-3.35888195,-1.332514644,0.41171728
-1.053472996,-0.512457371,-0.113464528
2.473521709,0.558879316,-0.471914988
1.777182937,-2.697426319,0.562587303
1.722172022,2.019047022,-0.506384171
-1.314318895,-4.320666313,-0.278061851
2.276437283,3.210031033,0.150093723
-1.037983179,0.945415258,0.791632415
2.102086306,1.399815798,0.697990569
-2.684296846,4.25613308,-0.326024364
1.37862289,1.180136561,-0.226566906
4.862561226,3.573498726,0.825163793
0.580458879,2.672744036,-0.157821342
0.018669128,-3.681526184,-0.191947781
-0.904038429,-0.001694679,0.67183684
-3.251550674,-1.234216809,0.572828227
-0.12199112,1.781329155,-0.635015682
-1.582495928,2.55715251,-0.776079674
-3.886110544,4.701780319,0.499395952
7.711033344,-1.925685525,-0.321430215
1.597055912,3.280649662,0.629526848
-1.051553249,-1.919961452,0.323655127
-0.740763783,-0.450724721,0.456735842
-0.29950428,-1.26434803,0.794433272
-3.925698996,-2.783120871,0.89550377
-0.377782822,0.497461319,-0.363573054
3.664122105,2.320372105,0.368840807
0.794150233,-2.141396761,-0.245580137
0.229798555,0.18097043,0.705661386
-3.618427753,3.483134747,0.217030251
-3.176795959,0.384239316,0.375997332
5.899482727,4.256904602,-0.258693275
5.990712643,3.322743893,-0.947002469
3.93554306,-1.824222445,-0.32714745
-0.369493008,3.160292149,0.824961879
-7.18954134,-2.429775715,0.586745573
-1.776602507,-0.354239225,-0.366316908
4.865691662,1.809050798,-0.213413416
-4.186712265,2.086725235,-0.939166618
2.732176781,6.040770531,0.965218522
1.261067629,-0.578776121,-0.201395569
4.537628174,-3.196746826,0.178323646
3.096605301,2.104417801,0.707365699
-1.422404051,-4.557780266,-0.184135182
-4.510035038,-4.135035038,0.146527481
2.177867651,1.490367651,-0.86064655
-2.047379971,-3.441911221,0.99331186
2.363007307,-2.969023943,0.378406063
-3.887798309,-6.684673309,-0.722165122
1.406518817,1.370386004,0.400614252
-0.380264699,-3.679092884,-0.685355871
6.631608009,-0.032454729,-0.235484757
-9.822004318,-5.724348068,-0.156846734
-0.246277809,1.708312035,-0.606034499
-0.086661339,-0.981192589,-0.478610512
1.481648326,-6.428996086,0.741458085
6.281272888,1.616233706,0.537273541
0.909116089,-2.14166522,-0.030272269
3.209626675,2.033845425,-0.042630928
4.713501453,2.252563953,-0.406064275
4.087069988,4.505038738,0.704750576
-0.683268666,6.414387703,-0.833758234
-2.157150984,-4.684494495,-0.634952302
-1.225843668,1.073716879,0.587599289
4.353983402,-1.234395504,0.420148687
1.169467449,0.214389324,0.876206224
-3.674447536,-0.827767909,-0.085068478
-3.847786427,-3.258919239,-0.52725085
-2.633997679,-4.836390495,0.736632776
-3.06409359,-5.57971859,0.004668627
1.757350206,2.42275548,0.091947038
2.611374855,1.599656105,-0.600645623
-0.302529573,2.133017302,0.110836618
0.638993979,5.220048904,0.68606578
0.778586626,-1.828346968,0.374619393
-3.623783112,-2.468509674,0.771873864
-2.312422037,-1.839277506,-0.706528116
-0.824121594,1.091070056,0.198421374
-1.275257707,-2.835239887,-0.036323308
-6.245169163,0.42011413,0.254796409
3.807406187,2.108187437,-0.979269411
-0.001869202,-1.876869202,-0.545927547
5.067329407,-0.776420593,0.670710569
4.982057571,-0.564817548,0.265459309
2.124889851,0.956921101,-0.311614471
-0.017375469,-1.270305157,0.516892921
-1.923182845,1.40689528,-0.444627873
3.022011995,5.383828163,0.071624447
1.533991218,-1.321477532,-0.956667377
2.977129936,4.022051811,0.368046621
5.158162594,1.673787475,0.631116509
1.913376331,-2.361037731,0.097595869
-2.840176105,-1.223232746,-0.63294902
1.346429825,-5.13574791,0.781369686
-0.066522956,-0.010858893,0.760701422
-4.199097633,-4.480347633,-0.349551626
-3.718710899,-0.480429709,-0.813025986
2.854240417,-0.71509552,0.231772273
-2.110956907,-3.759394407,-0.081725648
0.979957938,4.025856495,0.228373579
0.949878097,2.723803997,0.624372779
3.331808567,1.573996067,0.565500622
-0.928708076,1.372073174,-0.84776004
1.566913605,3.050312042,0.714061079
-0.041640043,0.481797457,-0.202299901
1.856332183,2.020394802,-0.185657498
-1.38681221,0.60146904,0.300823249
3.737535,3.28831625,0.468901207
-3.66056633,0.122636795,-0.054203014
1.402510762,-0.308243632,-0.049042688
6.503977776,0.394602776,-0.624296732
-0.226834834,-1.705350399,-0.123724901
2.837682486,-2.821497202,0.732803944
-3.696588039,-1.168267727,-0.630476625
-3.885285854,-6.268098354,-0.990739577
-6.869434357,-3.469043732,-0.105953127
-0.26252228,1.760915279,0.137463321
-1.033323765,-0.315062046,0.025076643
3.541831017,3.694174767,-0.580211298
2.010048389,0.433876514,-0.143643172
0.468549967,5.218549728,0.845665992
1.403688192,-0.312986672,-0.817894867
-1.786235571,-2.138774633,-0.019145455
2.592030525,-1.345469475,0.804595488
-5.97511673,1.153789759,-0.92289346
-1.935842514,1.990915298,0.152641958
3.290295839,1.878186464,-0.03749438
0.43293786,-1.140304327,0.932538674
-2.112647057,-2.331397057,-0.841445998
-0.431378365,-1.833722115,0.916633575
-0.223779559,1.140325665,-0.769288496
0.55684185,-1.161419868,0.46855847
-3.146780968,1.281930089,0.89141184
4.70145607,-0.54073143,-0.851223214
-1.411638498,-0.96315223,0.820448174
2.826308489,0.910781145,-0.130016799
4.185000896,4.528750896,0.453522098
-1.871023297,-3.008718491,-0.182587131
7.997411251,0.859715819,0.821995784
1.458328485,6.801101685,-0.262101419
-7.30860424,0.231434822,0.468564218
4.023243904,-0.576365471,0.427713582
-1.313437104,-0.538778901,-0.04176585
-0.276112199,-3.582752705,0.11620726
-3.149216175,4.28242445,-0.680542976
-2.466211796,-3.06142664,0.808209921
2.547204971,0.598962665,0.38376709
-7.851028442,-1.206497073,0.492046979
0.809075832,1.699700832,-0.423811224
1.468910336,2.775123596,-0.500052763
1.364706516,-0.38773489,-0.193118113
0.817183912,-2.71064806,0.787763323
-1.270960569,-5.049525261,-0.28802267
0.363385916,-1.923723459,-0.955884454
-0.935663223,-3.943475723,-0.643764167
-2.221589088,0.372649193,-0.851736405
-0.449478507,-0.039322257,0.988781352
2.124829769,-3.416185856,0.203973861
0.970494628,-1.182215333,0.479543928
-3.634104729,-4.235667229,0.553549767
0.916240454,6.199443817,-0.912809437
2.442384243,-2.71508646,0.167327884
3.380101681,-0.977320194,-0.786101908
8.053281784,5.475156784,-0.608780846
1.115189075,0.526688159,0.973921463
-0.655841112,-2.093707323,-0.039209482
2.789382458,-1.057663441,-0.649206082
-2.316975355,3.89591527,-0.986637339
0.1769526,-1.094531775,-0.107458274
1.996976733,-1.066499829,0.763776143
2.22418499,0.115359306,-0.678759971
2.163326502,-3.293704748,-0.572507437
-1.482123852,-2.452826977,-0.817023398
-2.583199263,3.433890581,0.566887876
1.355978727,-3.987771273,-0.243203778
-3.167299509,3.317075491,-0.0788724
-3.236861944,-3.240768194,-0.254894903
-4.223342896,-3.168655396,0.102759131
-1.06447649,10.10349274,-0.825190759
1.517448187,-2.327278376,-0.292967759
0.520142019,3.796509266,0.53772779
-3.961584091,3.087244034,0.190406381
-4.238409996,-6.222784996,-0.683624421
2.133664846,-1.780153513,-0.389074117
1.277352452,-2.429434776,0.578562404
-2.967858315,2.356360435,0.208044917
4.215584278,-3.468009472,0.716590488
-0.007359646,0.755396724,-0.347479904
-1.545827866,-0.856862962,-0.024747625
-2.007075787,-4.782466412,-0.292934523
3.77905345,2.4157722,-0.8365632
-1.853813648,-1.241997242,-0.970532691
-0.133029699,0.318142176,0.552374199
-0.015656948,-1.623078823,-0.169584732
1.246603012,0.508321762,-0.488142669
4.64076519,5.05482769,-0.43705476
2.0298419,-0.28656435,-0.110552883
-1.811885715,-4.272823334,-0.77061125
-2.336201429,-7.429951668,-0.827750588
2.323509693,4.690697193,-0.73346596
-5.845738888,2.089807987,0.290827533
-4.378396034,-1.761208653,0.814704402
2.977007866,-2.618695259,0.131876919
5.949084282,-1.976697206,-0.273397365
-2.85494566,-3.005336285,0.652780577
5.051357269,-3.636142731,0.507703197
1.155278802,-1.0523628,-0.509551025
-4.503435135,-4.397966385,0.240745986
2.62907815,-0.024242163,-0.692420746
-2.819942474,-0.872676849,-0.951068811
-0.312551022,-0.051808834,0.918245594
4.545967102,-1.166435242,0.573558084
-0.557624876,-1.752204895,-0.094585669
-1.120316744,-3.921097994,-0.346973256
-3.821429968,-2.940570593,0.028977815
-0.407180399,0.895676017,-0.880134435
-0.678052902,-1.115064621,0.590596538
-1.637885332,0.630669355,-0.796193326
-2.662189722,-1.18855691,-0.853916743
4.615253448,5.970722198,0.117896823
3.762216091,1.402841091,-0.375459552
-0.987932801,0.663434386,0.663953121
-1.616606236,-0.307524204,-0.629937601
2.632771015,7.070271015,-0.44930181
0.178201646,1.142557144,0.531694228
-0.615845919,3.603880644,-0.912205471
-0.922099829,-5.635966778,-0.396993629
0.981953144,-5.002421856,0.048208109
-3.738994122,-3.696025372,0.247522724
-1.754957914,-3.280272245,0.030652228
-0.29449439,-1.507385015,-0.552635313
-0.683827162,1.981211901,-0.361147584
-0.131118268,-2.419692516,0.797187801
1.286795259,-0.196236968,0.309802702
6.29949379,5.01043129,-0.295083771
0.92091918,0.070333242,0.636252971
-2.329153538,-2.042044163,0.218588236
-3.743122578,-1.768513203,0.317973703
-0.8406744,2.8390131,0.273525411
-1.609033346,-1.108545065,0.680427759
-0.476139188,4.043392181,0.662485571
-2.143928766,0.435172796,0.116549946
-5.438650608,-2.930838108,0.484987097
4.39200592,0.237709165,0.981459749
1.84641242,-1.054466486,-0.151996239
3.248100281,4.300834656,-0.680620921
3.208613157,1.429316282,0.833719723
2.081543684,4.060059547,-0.381682159
1.959255815,1.951443315,0.755156186
4.149301052,1.985238671,0.531593326
-1.256891251,3.915960312,-0.288218406
5.295429707,-0.569804668,-0.75352166
-1.226779342,7.691189289,0.838502133
4.842875004,1.913187504,0.578705715
-2.843495369,-0.715290904,0.052049542
1.547188282,1.158516407,-0.898706213
1.113619328,-0.410794735,0.032867565
-3.995614529,0.687002659,0.447960627
0.739872336,-0.932979226,-0.862661752
-2.675945044,0.47395736,-0.296411384
4.849249363,5.321905613,0.199704326
2.090816736,3.294430017,-0.07769335
-5.334668636,-0.231153071,-0.009414924
-6.587690353,-7.056440353,-0.304597124
2.209433556,-1.224160194,0.809591568
0.315656781,-0.787614703,0.759954468
5.279500961,1.441610575,0.770871796
2.876964808,4.442394257,-0.773651562
-3.131938219,-5.471781731,0.514927409
-1.194625735,-1.05595386,-0.365393022
1.642588854,2.138682604,-0.801231681
3.983318806,-2.983478069,-0.53836293
4.389041424,3.447635174,-0.733014993
-0.211913854,0.427917689,0.095580245
0.503165007,1.039297819,-0.023841545
3.700726986,-3.098101139,-0.253158244
-1.845059752,-5.180020809,-0.422111332
-0.858477294,-8.323809624,0.18349195
0.396002769,-1.286782265,-0.188435704
-0.654109955,1.758975983,-0.459980027
-1.346505165,-4.209786415,-0.829373272
-1.96290493,-3.859389305,-0.353321565
-1.45780468,-1.41483593,0.103645786
5.422084332,4.547084332,-0.625375428
0.110495329,1.40395236,0.278150014
-2.366044044,3.679366112,0.909834748
-7.641516209,-0.463781834,0.600231214
1.936983347,0.745577097,0.478224971
3.922518253,4.395174503,0.438345293
-4.433613777,-2.878926277,-0.093234958
-2.992014408,-0.421701908,-0.511848134
1.909821987,2.595368862,0.92694851
0.237802029,-1.117239475,-0.03696977
-0.299893618,-1.446133852,0.682216304
1.38715744,0.530712128,-0.209312787
0.181126356,2.886204481,-0.958810944
3.565746069,-1.892261744,0.689540383
-0.456008434,0.653366566,0.696783245
2.202065468,0.040200263,-0.552813027
4.139232635,5.173412323,-0.129517127
4.129985332,5.919047832,0.328456732
-2.195322514,-3.156260014,0.37314053
2.656640768,-1.590429544,0.693314736
1.044349909,2.409584284,0.293179167
2.51264596,1.530224085,0.241186557
0.703557849,2.652044058,-0.316003033
5.55693531,-0.867869616,-0.640040639
-4.695347786,-2.295933723,-0.383234974
-0.632341981,-2.95216608,-0.633215465
-3.19926095,-5.390666962,0.353365537
4.111788273,-2.599149227,0.665353317
1.212969542,5.343829155,-0.18500362
0.604031444,-0.726290822,0.483672918
5.740405083,2.638842583,0.305729648
2.744500637,-1.437139988,-0.645592927
-2.547868729,-0.054704785,0.688650429
2.709373474,-1.967384338,-0.924024449
4.804571629,2.790899754,-0.353333486
0.91300112,3.055090904,0.017593228
-7.405518055,-3.089111805,0.454230628
2.489742756,2.741695881,-0.400423092
3.799278021,-2.421425104,0.805817316
-1.500052452,1.970650673,-0.63817752
4.700500011,4.823546886,0.468561674
-0.081732422,-2.955755949,0.089436631
-3.35865593,-3.09303093,-0.931582616
-1.476466775,-4.390529156,0.76497226
4.578281403,3.679843664,-0.428473445
2.130862236,-0.777829289,-0.183474095
-2.161297798,2.206866264,-0.864767165
1.894308567,1.918234348,-0.187410716
2.001725674,4.723405361,0.174408639
-6.608624458,-2.211971998,0.021552159
-4.322841644,7.257236481,-0.035614644
2.005409241,0.838417113,-0.655340701
-4.224992275,1.144758701,0.307031264
2.575399399,-2.694131851,-0.022662225
2.128350973,2.175225973,-0.325561967
1.071063757,1.289813757,-0.089918669
2.631145716,-0.669635534,-0.7308758
1.716145277,3.38924098,0.835976694
1.722139716,4.589327335,0.730586369
-5.000062466,-0.393617272,-0.688142518
-5.490926743,-2.225301743,-0.751036033
-1.904505253,2.288854122,-0.911134607
1.408443928,-1.578616619,0.845167562
1.837201118,-1.282916069,-0.006601105
1.323994279,-0.272929549,-0.780425656
1.269207954,-0.209307671,-0.30420823
1.89940536,-0.27246964,0.164852979
6.059847355,1.372347355,-0.357977017
-5.203273773,-1.584133387,0.066721832
-1.922245741,-1.143437147,0.198892498
-0.982269287,-11.34164429,0.121718784
-4.784842491,-1.083670616,0.135572502
-1.377957344,-0.245469049,0.083000532
-3.145520926,-2.174817801,0.61829065
3.828611612,1.203611612,0.175391777
-2.019162178,-0.041623116,-0.993234776
2.194698334,-1.01721561,0.765262272
2.417603254,-4.543334484,0.973527064
2.52852726,4.535363197,0.252945054
-3.087282419,2.146116018,-0.299889956
2.368196964,5.370150089,-0.912684394
3.023657084,-2.732202291,0.596335114
2.03741312,-5.10321188,0.880435212
-0.762804449,1.361218929,-0.482353243
0.8229931,-1.582219362,-0.273260718
1.120982409,-3.905323744,0.685930479
-1.592487574,-1.25899148,0.008216724
3.455937862,3.783574581,0.279275781
0.280757427,1.911616802,-0.144623971
1.179237485,1.687660336,0.41435697
-2.813498974,5.463844776,0.122243565
3.024488449,0.262769699,-0.278463532
0.476994395,-7.249567986,-0.471764036
-1.130680084,-1.264957428,-0.350332105
-1.859271407,-3.160052776,-0.300423707
-0.288102627,3.055647373,-0.491053088
-1.137156129,3.324758053,-0.70769377
-4.322664738,-2.324618101,0.422731685
2.764873505,3.991436005,-0.951363888
4.928619862,1.049713612,0.028370345
2.230575323,-1.217666984,-0.654700251
-2.27338171,1.73052454,-0.297392241
7.592019081,1.523659706,0.013866631
-3.343158484,-2.480853796,-0.455095212
3.438773632,-1.015694261,-0.657744134
-4.944778442,-0.575637817,-0.777875004
1.262057781,1.689792156,0.020074121
-1.913205385,-0.733517885,0.07152071
-4.157851219,2.240586519,-0.054343285
4.087981224,2.632903337,0.97080783
-5.581929684,-5.718648434,0.612424691
-0.512975693,-0.407506943,-0.085949421
-1.113714814,-4.61566782,0.837594442
3.874509335,1.900632381,0.532448079
-2.202558517,8.920488358,-0.631003129
-0.063858032,-3.341201782,-0.598368081
1.138181925,-0.439943075,0.990798257
0.382915974,-0.388568401,-0.234836657
-2.109014034,1.133417606,0.020120099
-4.112067699,-0.147224069,-0.3319402
0.523233294,-2.027059555,-0.991330039
-1.688112974,-1.068972349,0.889746252
3.165067434,1.123075247,0.032102514
-2.751030445,0.538031995,0.965788572
0.454706192,-2.786504745,0.834436024
-0.067087948,0.681813419,0.427091951
-4.722541809,-3.744026423,-0.08391927
2.199170589,0.355817288,0.096173596
-0.564018965,-1.932915449,0.765749745
0.091493845,3.090029001,0.033159733
-0.961234808,1.093452692,0.844923322
7.621968746,3.527242184,-0.323031746
-1.735078812,-1.633516312,0.924529307
2.487672329,2.589234829,-0.62440273
-1.657996058,-1.408972621,-0.962482962
-1.762380123,0.205393314,-0.734790229
-0.686016798,-4.689435005,-0.342829777
1.123886108,0.754745483,-0.816239952
1.335815072,-1.342163444,0.992536117
-0.318041593,-0.12956503,0.391119165
-3.201408625,-0.57836169,-0.535258673
-3.717805147,1.020476103,0.305735529
2.754858971,4.456030846,0.608311879
-2.302888393,-5.607575893,-0.0097673
-0.153693438,-2.874396563,0.735354607
4.862122536,4.901185036,0.420005556
1.887798309,0.30234915,0.398551883
4.039681435,1.274056435,-0.012975465
-0.250668377,-1.12701118,0.418470898
-4.07109499,-2.616016865,0.37785663
-3.310075283,-0.927751064,-0.840417891
-4.550035477,0.286878586,0.496964068
-3.646987915,-2.342300415,0.20175989
0.950366259,-4.396313667,-0.081394004
4.109462738,0.267665625,-0.542984434
-2.375215769,-1.455049753,0.497841193
-1.74740386,-6.790372849,0.662753101
-0.67956382,-1.120970011,0.325018123
1.527316809,3.707004309,0.213961521
-0.295662999,0.769583583,0.280001314
-2.542690277,-2.940151215,-0.862831955
-0.526610613,1.640869856,0.448102578
-1.992135525,-3.077584743,-0.573670649
0.616783023,-1.869789243,0.465054953
-0.69455719,-1.927955627,0.819823336
0.651734352,-2.03674221,-0.023379084
1.754956484,-5.372972965,0.818368681
-2.370666027,2.297791004,-0.095630863
3.834146738,2.882974863,0.137167251
4.377443314,3.468263388,0.284639398
-1.882814169,1.819334269,-0.182826721
-2.001533508,-1.570793152,-0.719649775
-1.221943259,3.05881834,0.678800391
2.349324703,-0.037394047,0.303811762
-2.076063633,-3.160170078,0.028707382
-4.810661316,0.486213446,0.462689699
-1.861303329,1.439569473,0.640330205
1.366656184,0.761187434,-0.306234826
5.602566719,-0.9130584,-0.617262004
0.896092296,1.430271983,-0.803224668
5.942685127,-1.305361748,0.106867213
-3.44981885,-0.002553225,0.327451233
-2.254856825,-3.184544325,0.017077805
0.008033752,1.062721252,-0.761473622
-4.831232548,0.487126708,-0.911140047
-2.378332376,4.645105362,0.84345201
-1.605015993,-1.663609743,0.655044409
-2.07615757,4.972670555,-0.396962765
-5.28632164,-0.134222239,0.873054248
0.778900504,1.986420035,-0.116993586
-0.090890884,4.446218491,-0.313291697
-1.460844278,-0.552641213,-0.026218348
-0.895026743,4.058098316,0.957429683
-5.439904213,-1.910607457,-0.09938693
1.690140009,1.647171259,-0.731229442
-0.801373005,-2.04551363,0.22532086
1.315762281,3.386074781,0.020384054
-0.982671142,1.476313233,0.644282199
13.12712097,3.349777699,0.526796596
2.676042557,6.283464432,-0.521658857
1.194844246,1.230000496,-0.173505087
6.043591976,-0.782579899,0.818836257
-0.266031146,-4.34220314,0.539867276
-2.937058449,-5.456589699,0.291467881
-3.423112631,-3.782487631,0.656416898
3.66816473,4.40644598,-0.07998635
-3.279819965,-2.700558186,-0.792247348
1.565540791,3.001087666,0.032999653
0.294023871,-3.254804134,-0.552981092
4.391730309,0.120246172,-0.361666816
-4.138027191,2.193149567,0.188535415
-5.771135807,-3.927385807,-0.30175625
2.214653015,-1.68964386,-0.661678905
-0.14748919,-3.241239071,-0.216086888
-0.158384711,-3.379881382,0.275875301
-3.245675802,-2.665353537,-0.020935633
-3.059847832,-1.634066701,-0.921624969
0.558539867,2.733832836,-0.295728015
-2.295792103,-2.276260853,0.464305588
-1.026250839,-0.205938339,0.030371759
-2.800123215,1.771654129,-0.679844836
-0.102725387,-0.325381637,0.065139759
-2.396183968,-0.755558968,-0.001397077
2.287546158,-0.18022728,-0.748084488
-0.158399582,4.599412918,-0.27979522
1.312523842,-2.930640221,-0.229272483
4.057088852,4.666463852,0.96244686
0.923095226,-2.523682117,-0.599886837
2.96220088,1.87235713,0.01014775
1.953903079,-1.051956296,-0.012490054
0.276397467,-1.653290033,0.160748056
3.803813934,0.7510795,-0.328015437
2.160884142,-5.634037971,0.159034222
-1.807186007,-3.663631439,-0.385740332
-0.504280567,-1.48987627,-0.69697449
-2.350193262,-1.395115137,0.075233968
10.36003685,7.016287327,-0.184719413
-0.639351726,-2.96161747,0.485615743
6.973573685,2.754823446,-0.862143203
-4.547973633,-2.525512695,-0.785004773
1.36187911,1.48297286,0.888917587
-1.068952322,2.151750803,0.652127111
-0.682112753,2.283707619,-0.916475509
0.361543208,-0.610807896,-0.024001618
0.185218215,3.878577709,-0.996838962
-4.451328754,0.782069802,-0.233912371
-0.122558907,0.785644233,-0.337531934
3.792952538,0.703352809,0.523452195
-1.189121723,0.451503277,-0.926303283
2.052572489,0.691000283,0.047132197
-1.580955744,3.763770819,-0.448435014
-5.062041759,1.218231678,-0.122733499
-2.493404865,-1.283932209,0.905180628
0.862111032,1.722462654,-0.819027281
-4.267613411,-0.058629274,0.821565855
-0.690932035,-0.22804141,-0.142412282
-3.184522867,-4.745069981,-0.425036028
-0.761865735,-3.214990616,-0.215784279
4.08962822,1.050565481,0.505413247
3.27886343,1.728082299,0.325532403
0.580314994,0.7936939,-0.485267401
-5.506605148,-0.42066741,0.885044753
-3.305532932,-6.442251682,0.834198921
1.060638189,1.787200689,-0.988889049
2.940536022,-4.707901478,-0.903154827
-2.789286852,-0.500224233,0.71548457
4.786351204,3.473851442,0.456439389
-0.665957808,0.09527266,-0.461469356
-4.356603146,6.326990604,-0.973563304
-1.385423422,-1.317064047,0.405757494
6.169791222,4.863150597,0.62155471
-2.824616671,0.980070829,0.829201159
3.31914258,-2.112498045,-0.411902084
-0.71753037,-0.253907353,0.57703601
-1.004125118,0.843775272,0.900921366
-3.984561682,-1.29230094,0.193003802
-0.820645988,0.27212745,-0.330213264
1.873319983,2.935820103,0.982637543
-5.738138199,0.609518051,-0.926516887
3.077898502,0.157976627,0.589313109
-6.047850609,-5.084959984,-0.348415856
1.204568148,1.540505648,-0.777081765
1.846170783,2.534403324,-0.368542963
2.198540211,1.210258842,-0.396640748
3.05181694,3.423887253,-0.568097395
3.033239365,-1.904260516,0.918678496
-3.342934132,3.946128368,0.816848133
-3.638491154,-1.849672675,-0.83695728
-2.353262663,-3.687247038,0.296146045
-3.650629044,-2.194574356,-0.04857738
-0.968559384,0.650733829,-0.423895447
-7.957717419,-0.999587476,-0.701027828
-0.417237997,-0.324952841,-0.582911395
3.254104853,2.81562829,-0.900770856
0.76256752,-3.465948105,0.900255855
-0.819899797,0.156662703,-0.881674874
-0.267068386,4.441915989,-0.113361029
-1.908853054,-2.550698757,0.409255041
-3.621555805,0.650905073,-0.640646679
-8.134604454,-3.370810509,0.666484207
1.774955869,6.22808075,0.093497621
0.819069386,0.004616261,-0.491464301
1.238193274,2.970615149,0.549240151
1.43299377,3.218150139,-0.85850624
-2.466943741,1.328954577,0.284202194
5.5828228,2.194150925,0.513549928
0.307302296,-3.399240732,0.201522295
1.200620174,-2.252504826,-0.622250909
-2.623239517,-0.863473952,-0.554464247
0.723402083,3.23100853,0.63617586
-0.66638726,-1.432500601,0.890155625
4.439522743,-1.012137175,0.264888673
-2.848456383,-1.043768883,0.397130056
-4.251127243,-3.214017868,-0.941542435
0.359195471,2.363590002,0.760807764
-1.600129604,2.568815708,0.763433388
0.965618134,1.395305634,-0.285014928
-2.718455553,0.137013257,0.394952795
-2.000066042,2.733332396,-0.889309457
2.816981316,2.4515028,-0.733566622
0.40945828,-0.521205783,-0.339529112
-4.649251938,-2.028158426,-0.161955221
6.334026814,3.029339314,0.042493089
-2.379193544,0.637530088,-0.317815298
0.610179305,2.046458721,-0.451371185
-4.710577965,-2.901984215,-0.367470099
7.29929924,3.373517752,0.971082266
3.124377251,-0.42298609,-0.784986169
-1.098242521,-0.351172209,0.755851159
-3.517081022,0.103036165,-0.437999007
-3.11224556,6.237363815,-0.457611788
2.574764729,-2.989688396,0.062261664
0.281113863,-0.844374418,-0.133035018
2.877938032,7.200203896,0.154611885
1.349654675,3.020461559,0.085157313
-1.47737813,-6.670737743,0.516740893
0.878965855,3.433653355,-0.236694524
-3.239242792,2.39064002,0.747608318
-1.335272431,-0.874334931,0.022053286
-2.054224253,-2.083521128,-0.667768697
-5.49107933,-1.614125967,0.562839582
-0.811929703,-1.501382828,-0.28697938
0.254714668,-2.844650507,0.76601941
-2.196216583,-1.149341464,-0.482018957
2.344671249,0.287053943,-0.408032611
-2.792563438,-0.982993245,-0.166256107
1.449362516,-2.403420687,0.63615413
-4.213729858,-3.065292358,0.778254109
-5.724367142,-3.782960653,0.366955321
-4.100721836,-3.434706211,0.167630626
-2.308944464,-1.437850714,0.78816541
-3.061817646,-3.986622334,-0.669574305
-2.818566561,-1.418175936,0.809255691
2.462957382,2.734441757,-0.893626048
-2.284445286,-0.84450388,0.462883009
4.780790806,1.265165806,-0.677817432
3.368038893,-3.936648607,-0.037412367
6.499465942,2.530715704,0.247620275
-0.246691465,2.155652285,0.209555483
5.665147781,1.833116293,-0.063702282
-1.225591063,-1.459966063,-0.342911237
1.184017181,0.639095306,-0.725436877
0.836364388,-1.284485221,0.881260274
4.322381496,-2.053594828,-0.734811408
3.596913338,6.0900774,-0.931472849
-1.249379158,-0.677113533,-0.959107966
-2.01772809,1.437350035,0.223450685
2.326951742,0.665696859,0.473609191
-3.167275429,-2.714150429,-0.757650541
1.874689817,0.447932005,-0.964380384
1.294103503,1.128270984,0.754000946
3.966193676,1.694709301,-0.412467821
-3.294754028,3.571456909,0.132212121
0.117854357,3.469416857,0.881501776
-1.823826313,1.256251812,-0.308653985
-3.008685589,-3.463275433,0.870293055
7.726047039,10.73776627,-0.398325866
0.020235181,-2.183866501,0.626739089
1.496618032,-1.575647593,-0.443628448
1.682466507,4.531587601,-0.232600833
2.934616089,-0.632766724,-0.245860415
1.635096908,2.015956402,0.755495795
-2.871439934,1.234028697,-0.157538579
-3.499124527,-0.755960464,-0.332792165
5.063920498,0.900346398,-0.997108765
4.135928631,-1.869442463,0.770363
-0.157108068,-1.662967443,0.566214438
-0.38239038,3.41008997,-0.655257637
3.223221779,-2.55753994,0.459811557
1.74287641,2.591387272,0.049607945
-4.260894775,0.219573736,0.581105494
2.535598278,-0.632370472,-0.468348438
1.168022633,3.579155445,0.979132196
1.827392101,-4.026123524,-0.923660556
4.211760521,2.856291533,0.644663738
-3.738101006,-2.796694756,-0.465028309
2.065424919,2.225581169,0.290749522
1.782271385,2.89335537,0.440467679
0.672422528,-0.281923205,-0.128813428
4.107079983,3.282861233,0.088971729
-1.828241587,2.693242788,-0.08480459
0.340397358,3.59137392,0.040305174
-0.078820214,-0.190026268,0.250585906
0.256592751,-5.714110374,0.859803938
6.358205795,5.440237045,-0.677729999
2.945487976,1.582206726,0.947772253
-0.778821468,-1.396008968,0.97750512
-4.955318928,-3.306881428,0.133438532
-4.351471901,-4.398346901,0.032618517
-2.113217592,-3.068295717,-0.397465343
3.52722311,1.767457485,0.746245671
3.908831835,-1.658550978,-0.28350297
3.761840343,-2.309326649,-0.028453637
0.284983099,5.413034916,0.053127913
2.262881994,1.210147619,0.903809929
2.35018158,-1.148841858,0.733530318
5.339381695,3.472194195,-0.854439221
4.211889267,3.735326529,0.917665514
-0.92855835,-0.92855835,0.608170483
-2.864643812,-2.140217543,-0.503989704
0.056007504,-7.553367615,-0.146905772
-4.779314518,-5.044939518,-0.821398932
-0.294456005,1.739723682,0.993832154
-6.692685604,-4.157529354,0.579406031
1.997343302,5.081327438,-0.254120872
-0.080332756,1.355214119,-0.628446216
5.291410446,0.696683884,0.366421072
-1.150368452,-2.703102827,0.408512819
-1.487339377,3.705043316,-0.713427008
0.767792344,-5.6872859,-0.02763955
-2.664169312,-0.468856692,0.078991992
1.611376882,-4.821972847,-0.966120233
-3.518494844,1.384825468,-0.594196462
-5.027484417,-4.050921917,0.724973186
0.025268078,0.992064953,0.519983855
4.393848896,-0.914744854,0.843959475
1.030532956,5.918228149,0.380218922
0.770970941,-0.562525153,0.341134402
1.47195363,-1.85617137,0.000410812
0.418869972,4.174729347,0.909115857
0.696963191,-1.4868747,0.956519328
-7.786641121,0.194315791,0.484566151
0.103321075,-0.216991425,-0.154491984
0.39371717,-4.053060055,-0.568752694
1.094115734,-0.867554188,0.454053181
0.913128614,-0.116168261,0.459199658
2.566591501,1.272402048,0.607309394
-0.468199611,-2.510191917,0.557697499
-0.003480434,-3.213441372,0.548228148
0.018569946,9.393569946,-0.217756283
1.371914387,2.832851887,0.45664099
0.469876528,-4.936373711,0.250811897
-1.371793509,0.948518991,0.53803557
-0.152509689,-4.955244064,0.893109857
-1.772588015,-0.257939517,-0.876389409
-1.179340363,-0.243793428,0.985803462
-1.207279682,6.534907818,0.483603982
-2.112380505,-0.615310073,-0.722873782
0.472137272,4.182098389,0.92844782
-3.197179317,0.861414552,-0.751078337
-0.445724726,1.220779181,-0.636088836
0.654906988,-0.295776606,-0.13048153
-0.189924002,3.513200998,0.23430892
4.348073483,3.10490942,-0.942368402
-1.693817854,-1.615692854,-0.162773495
1.204970241,-0.596787572,0.467267273
-6.460281849,-1.567703724,0.662095738
-4.432785988,2.206618547,0.917341227
0.401757896,-1.220800638,0.680824336
-3.510495663,-2.549558163,-0.569019957
4.89680481,-0.328781247,0.795696616
2.621896744,-1.296072125,0.280331718
-1.037551999,1.049850345,0.51684292
3.236248016,3.431560516,0.215835046
-2.197647095,-3.548233032,-0.429734042
-0.122501433,1.28496933,-0.491390076
-4.005475044,-4.618756294,0.472607609
-4.673998356,0.407056332,0.933750788
2.65840435,5.949419975,-0.669052668
-0.492619514,-0.934025764,-0.532565409
0.048294663,-1.640181899,0.271035133
-4.160300255,-5.004050255,-0.81973705
-0.952216625,-4.89533186,-0.329578574
-6.509283066,-1.725103378,0.551183027
-3.774465322,1.616159678,0.048142757
6.606305122,6.739117622,-0.253970467
-0.147561073,-4.118569374,-0.202410708
1.228703976,3.754094601,-0.70290487
-2.87018013,-1.233461261,-0.02268616
0.865977526,-3.180897474,-0.194139681
0.157898664,2.292664289,0.381053727
-1.133378744,0.267500222,0.270314872
-3.09016037,2.90202713,-0.207412369
-0.425299644,0.178215981,-0.908883295
-1.512377858,-1.660815358,-0.252216909
1.943858147,0.078623742,0.00218608
-4.567929745,-1.185605526,-0.597757219
-3.027719259,-0.138070762,-0.090719982
10.78565216,1.781746387,0.908163831
1.33668685,0.412858725,0.654672948
-1.405711651,-0.741649151,0.231433531
-1.941392303,4.08253336,-0.156738061
-1.376904488,1.477099419,0.135623259
-0.464877367,-1.361361742,0.09183573
1.189461946,-2.749991179,0.060806202
5.602080345,-0.362275273,0.302530445
-1.393586993,-3.977571487,-0.564883262
-1.383151531,0.614895344,0.465243439
-6.231833458,-2.833396196,0.180462205
0.46513176,-0.684282303,0.835539792
3.004201889,-2.028512955,0.753763204
-2.580420732,1.413231611,0.265716382
-1.109902382,-6.715371132,-0.434457877
-2.356069088,-0.080678567,0.253641991
4.077496529,-0.987933338,-0.303706285
-1.845684052,-0.568340302,0.716033655
2.251633644,-1.175124168,0.656206933
1.149321556,-1.366791725,-0.774764547
1.22665906,-5.335841179,-0.840154368
-1.454224467,1.30261147,-0.376740125
3.269107819,1.527408719,0.381533658
-5.117409706,-1.590065956,0.823127971
2.049394608,0.971513748,-0.146118372
4.568610191,5.181891441,0.69987843
0.943207622,-1.275298238,0.083004644
1.733039141,-1.013054609,0.047854224
2.838251114,-1.075933576,-0.284536217
2.305882454,3.438694954,0.221964645
1.665429473,-1.795508027,0.245825256
2.892220497,-2.349967003,-0.740324444
-0.674575567,2.138229609,0.527776012
1.140972137,0.449565887,-0.916450206
-1.369616032,1.128430843,0.590847265
2.861564636,7.255119324,0.830877405
-1.254621148,-3.260480404,-0.544811754
-4.786054134,-2.079511166,0.351596091
2.418290615,0.887040615,-0.002136442
0.466387272,1.722246647,0.474234374
-1.239713192,-3.673551083,-0.568445519
3.128069401,-0.808698177,-0.014371427
-0.554423332,-3.249735832,-0.846134408
-5.437772751,-2.616483688,-0.971278744
-0.791515648,3.753406286,-0.09422661
1.510561943,0.371890128,-0.811407518
1.207206845,-1.05646503,-0.776111931
0.949126244,-0.623139381,0.426443153
-2.452784777,2.289402723,-0.048717896
-1.911484241,-0.247421741,-0.291815824
3.473387241,2.728758335,-0.439188794
-3.557756424,-3.602678299,0.589974615
-1.624227762,-5.895711899,0.765658004
6.108484745,0.248133034,0.026046726
1.200165987,2.015595675,0.03645529
-0.88480711,-1.65433836,-0.176272433
-4.303803444,-1.987397194,0.451426986
-0.585058451,-2.881933451,0.057556688
-0.800633073,0.849269271,0.54839509
5.465270519,3.644958019,0.088289698
1.915326595,-2.243853092,-0.549630215
2.658972502,2.471472502,-0.498022536
-4.428999424,-1.664351106,0.51670454
2.245056629,-0.567443371,0.257248428
-0.190617323,-1.413273573,0.095575078
-3.45278573,-1.171779871,0.648258407
-0.524450541,0.641565084,-0.475143131
0.82334578,5.284771442,0.959958668
3.059113741,2.648957491,-0.038438756
1.186490536,0.968717098,-0.589489421
1.743690729,-0.579551458,0.11828061
0.739706159,2.968709946,-0.343429693
-0.742257237,2.030203819,-0.128214919
-0.715114355,-2.412013769,-0.793855785
1.479867458,0.294412076,0.576307323
-1.235319018,1.793489575,-0.486308273
1.143383026,2.926586151,-0.263055055
3.31417942,-0.219023824,0.552733575
0.483778417,1.349989414,0.118820884
2.791264057,-2.294673443,0.196273573
2.936569691,2.649460316,-0.886523071
0.136127949,-3.617778301,0.469799523
0.651778221,4.791426659,-0.72218554
3.754888535,1.156255722,-0.280334016
1.941034198,-2.432012558,-0.203505957
-1.569252849,-2.932534218,0.815325095
-0.610288441,3.422914743,-0.008593936
-2.82191658,-4.34144783,-0.527283948
7.607671738,4.574468613,0.895794376
-1.519332409,-1.670455456,-0.369261121
1.277422905,1.468829155,-0.437614696
-0.327962637,0.213052988,-0.267037399
4.388920784,0.788334846,0.212068081
3.515428305,-0.390821695,-0.714063038
-4.169121265,-0.209160507,-0.056588288
-1.882210016,-7.595100403,0.600436652
-0.448025107,3.113498211,-0.162137471
-3.784116745,-1.154050827,-0.168136269
4.054448128,2.339604378,-0.24718006
-0.486285686,2.972698689,0.936575936
-2.861991167,-0.807547748,-0.570129099
-7.992184162,-6.527340412,0.851577172
-1.633149624,1.607084751,-0.003478011
4.48747921,4.19841671,-0.349851445
0.407658577,2.895451546,-0.863688684
-1.90655899,3.65984726,0.752821618
2.881397724,1.699757099,-0.754780111
0.552974641,-4.706302643,-0.247354043
1.272360325,3.971579075,-0.957183277
0.96184516,0.08293891,0.939498221
1.237704396,1.933993459,-0.698929823
-6.387336254,-1.486335397,0.149358888
0.068387389,-1.837862611,-0.177065853
2.165618896,-0.240631104,-0.599943022
-1.203805923,2.244436264,0.425790137
4.003185749,1.665295124,0.837285253
0.228089333,-1.611754417,0.317326829
-0.238675475,0.552584291,-0.643870649
3.681149244,7.347164631,0.324709096
0.868024588,3.159040213,-0.305356933
2.335333586,1.073614836,-0.084763168
2.619214058,-0.533129692,-0.314346766
-2.946595192,-2.368470192,-0.574807376
1.601213574,-3.70152092,-0.64517298
-1.398395777,-2.713825464,0.307970813
1.83709836,4.091004372,0.057174857
5.785975456,2.804530144,-0.981168063
-0.120156288,0.950156212,0.229308195
-7.879716873,-4.084794998,-0.413077146
5.456067562,-1.410143375,-0.666885344
-1.158194184,-5.023611546,-0.295858065
-3.609333754,-0.267536879,-0.696852793
-3.421867847,-2.984367847,0.884345121
-1.262322903,1.56677866,-0.501590331
4.049993038,5.323430538,0.638978903
3.342192173,3.877348423,-0.009471949
1.940527916,2.133612633,0.582767511
2.906051159,0.901168346,-0.782786579
0.958327532,-0.153000593,-0.673363306
-2.41012764,-5.12106514,0.753657592
-0.345580339,-0.743041277,0.696446167
1.160669565,-1.45065856,0.698138968
1.817326069,0.603458881,-0.920297643
-1.36693716,-3.278069973,0.582411475
3.697636366,1.074589491,-0.458749084
3.396626711,5.209126472,-0.1761144
2.883114338,5.4544034,0.700562564
-2.264676571,3.577120304,0.939731716
-1.315683603,-0.121347666,0.498744464
1.883638501,-1.735502124,0.344981108
-2.00729394,-5.248504639,-0.583540231
-0.765342474,-1.439170599,0.600796069
-2.667457104,-3.726783276,-0.929968657
0.930259943,0.996666193,-0.198457673
0.755254269,-0.175898075,-0.666013946
-5.047088623,5.568145752,-0.667566992
-1.76228404,-3.647049665,-0.072012583
2.995670319,0.290104032,-0.860306949
2.732811928,-1.417578697,-0.270117928
-2.191124678,-2.639611006,-0.646169504
1.665712118,2.618837118,-0.270755314
-2.898248196,-2.964166164,0.636399794
-2.985511303,0.701012015,0.838105847
3.033407211,2.623250961,-0.547259774
-3.042192459,-1.274614334,0.749380691
0.886117816,4.406625748,0.807851434
-0.207191586,2.053062439,-0.020299661
-0.775489807,1.198631287,-0.988624161
1.510428905,1.588553905,0.67164025
-1.734545112,5.716626644,0.63417381
-1.402855635,1.31381917,-0.572841227
-0.152825594,-2.033684969,0.431040183
-3.282987595,-0.21072197,0.480123267
-0.306603909,-4.303674221,0.562819345
-1.174959064,1.789884686,-0.554120538
-6.741984367,1.81636548,0.389215845
2.117180586,5.113274574,0.189036213
-0.289919436,-4.616091251,0.191699485
3.859891176,0.454617739,0.749262708
-1.951710701,-0.287648201,-0.082166551
-1.565443754,-1.814467192,-0.97142823
-1.831989765,0.282268047,0.081358167
1.582325935,-0.856638968,0.959097302
-3.090324879,-2.305168629,-0.116183049
-1.300135493,-3.312830687,-0.563538242
-1.10761857,-0.83808732,0.567821038
0.143996418,4.482375145,-0.867341755
-2.704069614,0.553742886,0.388865028
-5.783363342,-7.244300842,0.154527061
-0.041780353,-2.069734573,-0.198648943
-1.93510294,1.29145956,-0.287259073
-1.219723821,0.344729304,-0.069708589
-2.405031204,0.687742233,0.795009424
-0.315489769,-2.236388206,-0.144030374
0.500676394,1.231145144,0.911649021
0.539330721,-0.20423007,0.044013868
-3.400223017,-4.107254028,0.199466081
-2.2493608,1.798490644,0.959701177
2.507897615,2.89656949,0.043761475
0.177968979,-3.953866959,0.712916011
-0.484978676,-0.367791176,0.69451779
-1.134785295,-2.544941664,-0.825225025
3.473129511,3.150863886,0.429398136
4.094372749,1.457654119,-0.259683897
5.260887146,0.967918456,0.470271174
-3.761394024,-0.882487774,0.184807211
-3.192779064,-8.489654541,0.340166007
1.228422523,4.150541782,0.972621328
-7.015984058,2.089972973,-0.736295407
-1.19164443,-2.467523336,-0.862544511
4.587509155,0.491806269,-0.669755183
1.183246493,3.100727081,-0.74791687
3.968577385,3.527171135,0.197727702
-3.870489597,-1.759161472,-0.444303538
1.03185761,-1.186404109,-0.760640057
-8.259531975,0.383045912,-0.13346093
0.268274188,-0.090124249,-0.939741699
-4.042225838,-1.170155644,0.259903541
4.495194435,4.167069435,-0.686001951
-0.666879237,-3.516488552,-0.474846641
0.310367584,0.837711334,-0.933069884
-3.002111435,0.870752215,-0.834781429
0.299844027,3.690469027,-0.979782917
4.069859505,-2.288538694,-0.188846537
5.173531532,2.228219032,-0.818248341
-1.403246403,2.20344305,0.662882066
-2.72630167,-3.80052042,-0.538148169
3.410782099,3.849258661,0.215014128
-3.006327868,2.484394789,-0.525974705
-1.303223848,1.127989531,-0.112262473
-7.158384323,-6.588071823,-0.921094337
4.625039577,-1.855429173,0.666847026
0.777446628,3.648540497,-0.39754124
1.593350649,-2.459505796,-0.550103624
-4.265733242,-2.777451992,0.88047431
-1.388214588,-5.017120838,-0.511623179
-4.473800659,0.167312622,-0.122215879
6.343978405,-2.564224482,0.435834509
-3.987766504,1.167018652,0.8203152
-2.17213726,-1.024027824,0.814220181
3.108703136,3.891906261,0.440703697
3.842635155,2.592635155,-0.247775553
2.589374065,5.015155315,-0.867464078
1.575232983,-3.856407642,-0.793418091
-3.461565733,-0.115862608,-0.266280832
5.712433815,2.767121315,0.393867832
1.710575938,0.435307384,0.412686569
-2.092600822,3.191090584,0.25365131
0.611445487,2.378046989,0.387341754
-0.189884722,0.532527387,-0.988275118
-3.040258408,2.102319717,-0.606655452
2.33770442,-4.726748466,-0.247693336
1.359653473,-0.575893402,0.797736928
1.94700098,-4.501241207,-0.120418882
-4.461187363,-4.113531113,-0.24303109
-1.607809544,-0.228903294,0.139291604
-1.640478134,2.858301163,0.372862898
2.160295725,-5.320172787,0.987329579
-7.235497475,-4.985497475,0.448360058
-1.322653532,-2.45058322,0.356320726
0.710748196,0.419732571,-0.259698663
6.415827751,1.31035924,0.583442159
-2.69786644,0.39978981,0.230165589
3.685660839,1.597770214,0.498147763
2.653387785,3.64362216,0.077164977
0.381647825,2.093561888,0.912828187
-0.259464979,1.094050646,0.455804544
-0.166934013,-0.399355888,-0.119708813
-0.799507141,1.961235046,-0.932350886
7.344252586,3.754408836,0.784445458
0.442769766,0.454488516,0.446886939
1.660197377,0.873088002,-0.77463123
-1.028003454,-0.674487829,0.393451533
-3.436300755,-1.097921729,0.585157689
-9.045367241,-7.021929741,-0.779822287
1.524608374,-3.405079126,0.28975154
-2.680714369,-0.217823744,0.638356095
-5.292941093,0.898464918,-0.982396767
-1.92629528,-0.907130301,0.03067544
2.055184364,1.096932411,-0.405263696
-0.194951773,-1.974675894,0.401060656
3.644909859,-4.233996391,-0.180028889
3.758637905,3.657075405,0.538049514
-1.532235146,2.272452354,-0.301180201
-0.007429838,1.066788912,-0.470332988
-1.533344269,-2.939594269,0.353570373
6.218788147,7.459022522,-0.414559556
-3.527839661,-0.737800598,0.919648915
-2.779394865,2.341698885,0.270521338
0.314643979,1.734321713,-0.767815006
-2.726662636,0.853415608,-0.368152885
-2.118026495,-2.008651495,-0.285101537
-1.334341049,-2.023794174,-0.858394373
2.203983307,1.130741119,-0.652239832
3.121592283,2.730967283,-0.89302108
-1.565218568,-0.05838263,0.983138829
-2.541536808,-0.439058781,0.335183727
1.279026866,-3.322535515,-0.194278195
-1.205322504,-2.299804926,-0.786633244
-1.779634714,2.180570364,-0.109253488
0.1213229,-1.159438848,-0.113197653
6.404849052,2.768130064,-0.887189998
3.871188641,2.910251141,-0.923471053
2.003537178,1.300412059,0.87509925
4.70309639,0.958955526,-0.693447259
2.779689074,-1.441990614,0.185235796
0.749982357,4.238263607,0.049303481
0.520562947,2.0488832,0.988186457
4.639399052,3.940180063,0.470597035
0.137014568,-0.897531331,-0.381162762
-1.376507759,-3.444867134,-0.918401727
-2.801949501,-1.498726726,0.041218168
4.500906944,4.416922569,0.705902567
-5.226317406,-1.045653343,0.522753696
1.655809402,-3.14204216,-0.377429659
-5.473194599,-4.027882099,-0.546255834
2.58261013,3.01229763,0.974022694
1.208665609,-2.161207438,0.10282042
0.946913242,0.885878086,0.216618365
0.801846504,1.792080879,0.287605791
-4.876091957,1.767340541,0.476605302
4.210045338,1.081139088,-0.369617748
2.091444969,1.357069969,-0.934222728
2.126512527,0.287645459,0.827856342
-1.457727909,0.107701778,-0.065105205
2.312693834,1.7211411,0.449023476
6.215205193,0.867060423,0.40249258
0.092806578,-2.08199811,-0.546330083
4.103184223,-0.254397959,-0.967490916
-5.358566284,-3.421066284,0.383633458
-2.373980761,-3.373980761,0.137352753
-0.520061493,0.343219757,0.696944803
-3.197481632,2.165799618,0.919451836
-0.147577167,-0.001092792,0.495276153
3.581739664,2.015333414,-0.093315996
0.00037843,6.152234077,0.744090317
2.509438038,-0.471030712,-0.075737008
0.746957302,0.614144802,0.036082536
4.336765766,3.600437641,0.926504032
-1.24917841,1.065274715,0.867754297
2.273234606,1.838664412,-0.169063555
-2.140491724,-4.764190674,0.309192222
0.841686428,4.051158905,0.524622739
0.638681769,1.189463019,0.307704057
0.641574264,-0.320339799,0.092452091
-2.546064615,-3.592939615,-0.091071911
2.303926945,1.571504951,-0.773329662
5.999827385,-1.556813359,-0.900889163
3.319624901,0.515913963,-0.799775489
-0.713552713,-0.631521463,0.735889969
3.870151758,6.78421402,-0.220234977
3.296653748,2.335716248,0.989055463
4.314871788,2.666434288,0.851763009
-2.851843119,-2.597936869,0.99665881
-0.510691285,0.752248168,-0.940472021
3.471894979,1.240449786,0.737506912
-2.340824604,0.114253402,-0.65535124
0.732793272,0.832402647,-0.281765601
0.32196629,0.078802228,0.925597462
4.706013203,6.385700703,-0.63056441
0.880441308,2.015206814,-0.957304142
4.55821228,-1.937881589,0.516299837
-4.444663048,-0.362631798,0.117882016
-2.203589439,1.127953649,0.840510182
7.024076462,2.572904587,0.581455497
-0.876040101,0.887143493,0.232396023
-0.053898275,4.920955181,-0.621175489
0.644097924,1.928277612,-0.247235064
-4.648436069,-0.705076575,0.911811024
-2.86758399,1.365814447,0.280378891
-0.707479358,2.488809824,0.993644686
-2.222589016,1.331396461,0.297060677
-1.848812819,-4.405697823,0.555494007
-2.638628244,0.053754568,-0.962695824
0.952489376,-2.622217655,-0.741335592
-0.228189707,-0.986002207,-0.058001471
0.371075392,2.533184767,-0.410799423
1.999701858,1.193641067,0.930277429
1.338982701,3.608513832,0.274077847
2.284893751,-0.402117968,-0.377274258
2.713881731,-4.041977882,0.942535159
-3.334596634,-0.387331128,0.842691993
-0.944141626,1.243358374,0.647373178
3.680254698,0.309160948,0.847899411
-4.060321331,-1.980243325,0.44068673
0.504576683,-3.517884254,0.40344272
0.999663353,-0.475922585,-0.253154514
-1.730428457,-0.115682364,-0.516757368
2.914068937,3.154303312,0.454108606
1.58851552,-0.292832077,0.262347035
-3.066139936,-3.909889936,0.109660844
-6.013054371,-3.841179132,-0.645665177
5.397521973,-4.375915527,0.781901884
-0.640153885,0.637189865,0.811860947
-0.912710786,0.717172027,0.863409255
-2.766523838,4.960038662,0.255398193
1.846509933,0.901197433,0.468074227
0.238148928,-0.166392088,0.749793794
-4.914549828,-0.04833889,-0.860274811
1.292181015,-0.680475235,-0.019406364
2.532532692,-0.554381371,-0.823189259
9.571434975,3.225732088,-0.471255112
-2.118375778,-3.363492966,-0.032091516
-1.572241068,0.533227682,-0.360223529
0.605602026,0.168102026,-0.116907042
-4.307787895,-1.636889696,-0.612107651
-1.82111311,-2.37189436,-0.228969047
3.876891136,-2.132874489,0.061623456
-4.811094284,-2.953672171,0.579616084
4.677097321,8.903659821,0.662620261
-4.57835865,-5.128163338,-0.012908125
-1.047642708,0.317347527,-0.29144025
-0.041213274,-0.313674212,-0.852978714
0.582957983,-0.654346704,0.245288582
2.193082333,3.609097958,0.452490956
8.120864868,1.993911862,0.907098527
-2.664274216,-0.134977281,0.52507779
2.357166529,-2.038829565,0.061318291
-4.284977913,-0.445134163,-0.435239562
-1.840517282,-2.892275095,0.835153373
-4.349410057,0.897233129,0.000796802
-2.8499856,-3.505259037,0.392145532
-2.08895731,-1.484465122,0.873058795
4.876585007,1.989866257,-0.531940336
3.845539331,2.892414331,0.465493709
4.504191399,4.474894524,0.698660755
-1.342890739,0.118046761,0.518091008
0.855265498,1.023234248,-0.507162651
-2.438197136,-0.203822255,-0.500908874
-4.519321442,-1.763462305,-0.59820475
-3.015648603,-2.037132978,-0.575095694
1.349081039,1.601034164,0.944236685
4.033729076,3.498572826,0.358710888
2.794302464,-0.978158474,-0.212695237
-0.940560579,1.548697233,0.535845263
3.974695444,-1.352452993,0.059473475
0.330623388,-3.889103174,0.627804895
-1.223036766,-2.429091454,-0.523408641
0.606122971,1.250654221,-0.740696649
-1.90622437,-4.796849251,-0.614104927
-0.817250252,-0.659494877,0.552166321
-0.237812519,-1.245625019,0.53659335
-2.543987989,-3.980999708,0.023896916
-0.536623478,0.44286871,-0.730376838
0.233530998,0.456187248,-0.037553903
-7.15184164,-2.81199789,-0.710322703
-3.51442337,3.50901413,0.952831465
-0.878959656,-0.589897156,0.168406216
-1.751832485,-2.208863735,0.747735194
1.402600288,2.64930439,0.763414358
-3.695637465,-1.566731215,-0.896692402
3.332758904,-0.546147346,-0.900626095
-2.974640369,-2.388702869,-0.594473645
-3.429769993,-6.657309055,-0.246597458
0.030864239,-1.783588886,0.159463114
-2.744156599,-1.665543318,-0.928371092
7.2485075,3.646944761,-0.66296437
6.877539635,3.416602135,-0.946156158
3.586169243,2.367419243,0.904490202
-0.335432768,-3.946760893,0.609344975
1.722096086,1.167408586,0.867723183
-0.951866627,-6.037804127,-0.688695482
-0.227798223,-1.173110723,0.429025405
0.208148837,1.208148837,0.812776384
-0.403926551,-2.89171958,-0.748178651
2.115856886,1.627575636,-0.957816908
7.138075829,0.108046532,-0.067850709
2.610762358,3.120527983,-0.018992506
2.488303423,5.375021935,-0.36425766
-0.280064821,-0.835362673,0.073295933
6.42689991,0.620259047,0.345070548
5.193231583,0.413446188,-0.490828007
2.78396225,1.451931119,0.528887116
1.844783187,2.874080181,-0.898977748
-3.430374861,-4.324906349,0.103319073
-0.948247969,-1.431646347,-0.518749081
-2.021574497,0.987214506,-0.603900822
1.276083469,1.848349094,0.141157906
-3.474447012,3.334146738,0.392904605
-2.123402596,-4.049183846,0.217036024
0.785541654,2.221576691,-0.350439235
-2.069562197,1.675554991,-0.343060596
2.656340599,1.57479763,-0.883835431
-4.166447639,-6.537541389,0.456734396
4.035547256,-0.40122056,0.072944099
-3.345359087,2.283547163,0.439220659
2.877968073,0.506874323,0.667051294
2.670905352,3.814093828,-0.463626618
-5.545279503,-6.488638878,-0.661911245
4.246514797,5.078546047,0.234520465
-1.587982774,-0.761810839,-0.605216496
-0.245004356,-5.42957449,0.118779974
4.765264511,-3.010126114,0.582315395
-3.770908833,-1.218174458,-0.399717097
1.639383078,-0.799093485,0.332648708
0.364019156,0.377691031,0.858141774
-4.015829086,-0.706259012,0.280455822
-9.158349991,-2.619287491,-0.150471954
3.703609467,0.441890717,0.416613339
2.245631695,-1.687961936,0.137227446
-0.81718564,-4.748826027,0.382244028
-6.811639786,-2.153436899,-0.237690131
-2.701178789,2.052727461,0.69498528
-1.40048337,-0.230561495,-0.083611441
-1.649866581,0.389195919,0.329978323
0.322509408,-2.163818836,0.083937435
4.995066643,-2.572560549,0.813607396
-1.491354346,-4.362448215,-0.442751811
0.634939551,-0.761636376,-0.39928806
1.504307747,-0.523036003,0.209410715
1.702261329,-0.266488671,-0.994712893
-0.405838966,-0.062088966,0.908599452
-5.149296761,-9.989140511,-0.485400654
-0.281511307,-2.753190994,-0.331428325
2.642501831,10.50187683,0.68799695
2.641224861,2.570912361,-0.185671447
-2.279821634,-7.518590927,0.681047501
-0.420983911,-1.199914575,0.431334322
-4.948297501,-0.806268573,0.081650618
2.942835331,-3.767125607,-0.97893233
-3.311456203,-4.018487453,-0.706663924
-1.643392324,0.870279551,-0.899005829
-1.01962924,3.356591463,-0.613669686
-0.660305262,1.907077551,0.038785798
2.774863243,2.130331993,-0.934044142
-1.816799641,5.252536297,0.597088858
-4.78387785,-5.0065341,0.446608873
-3.085092545,-5.67298317,-0.764144422
3.068443298,-0.28604883,0.147777044
-3.258506775,0.308875918,0.057004269
-0.364541888,-1.365030169,-0.074908969
0.707619429,-2.020896196,0.176224157
5.939955235,0.223646641,-0.862197639
6.085334778,4.915412903,0.239770444
4.079507351,-1.964437962,0.626315388
-4.017927647,-0.391951084,-0.942884133
-0.086830452,0.925254524,-0.767934615
10.40459156,8.41240406,-0.442275292
0.919321895,-5.133412361,-0.985822732
1.265755415,-0.858023822,-0.125992275
-4.138432503,4.326411247,-0.439114565
2.107153416,-0.009057641,-0.110719245
0.559436321,0.260608196,0.74077139
0.098225325,2.51399684,0.461662573
1.667527795,0.456102014,0.529948458
-1.319419026,0.228188396,-0.495493947
-2.628638983,-6.407935619,-0.67175882
4.563475132,2.727537632,-0.567568585
2.094308138,1.949776888,-0.598736706
1.518216133,-4.490572929,-0.568855232
-0.46622467,-3.268959045,0.78021773
-2.370819092,-0.843475342,-0.920514945
3.016877651,-1.931364655,-0.712379708
-1.161685944,3.451015472,0.112862343
1.076451898,-3.663782597,0.08185044
-2.137953281,-2.647718906,-0.469197344
0.40797019,4.321056366,0.443820117
-5.332428455,3.486663342,0.478994118
2.977516174,-0.761741757,0.33735152
8.840948105,2.696417332,0.661297534
-1.572633982,4.143186569,-0.495422994
3.898585796,-0.714695454,-0.436225001
2.440853357,2.501400232,0.056534047
-4.34319067,-4.14397192,-0.145487385
-2.179593086,0.86191076,-0.872636724
2.27096796,0.842012942,-0.695970726
1.911580801,1.905721426,0.7740199
-4.281276703,-5.031276703,0.242760559
3.522217274,1.00073278,0.244111817
3.324584961,-5.069946289,-0.757873933
0.621414304,2.488845825,-0.069123712
-3.688306093,-2.059399843,0.396194928
0.166993827,3.193300009,0.188267602
-0.10976553,-1.13710928,-0.978926664
3.401030064,0.78262198,0.775074944
-0.790931404,1.738365531,0.32646823
-6.826849937,-2.596380949,-0.459373946
-0.399625301,0.989901066,0.866521765
1.855419517,-0.81499064,-0.964227424
-0.635172486,-3.555094242,-0.381158025
-0.009778827,-1.51466167,-0.756413386
-1.802499771,0.883047163,-0.081370939
3.250576019,8.047451019,-0.605130103
-2.002842665,-0.327061474,-0.71535767
2.800409794,-1.132207394,-0.318783448
-2.280576706,-6.762998581,0.079682739
2.064058781,-0.853909969,-0.356368314
0.04369688,1.253657818,0.643153716
1.589860916,0.585954666,-0.708963206
-4.508757591,-4.750945091,-0.512916236
-2.011452198,-1.402077198,0.47275282
-3.886674881,-2.607378006,-0.641093544
6.22129488,5.81504488,-0.175406457
-3.344157457,0.416096449,0.645853156
4.871911049,3.395348549,-0.126695105
3.35097146,0.571308374,-0.621043506
-1.227271795,-1.068092108,0.02955539
-3.327319622,-2.094897747,-0.685416419
0.398108721,2.327796221,-0.452815482
-0.759171367,1.159773946,-0.132954008
1.592193604,1.326568604,0.046920757
-5.80650425,-5.78306675,-0.18194024
-4.30023098,-1.231383324,0.355945834
-4.215137959,1.113475204,0.870092008
-2.201500416,-0.776329398,0.031428233
-3.378497839,-0.482013404,0.730702066
3.084095955,0.945912242,0.317427113
-1.280832291,1.142995834,-0.406235604
-4.563524246,-1.121629953,-0.066494443
0.262338161,-0.987661839,-0.206269378
2.491192579,-3.038592577,0.748957128
-2.444950104,-0.75989151,-0.221077701
5.34667778,1.905271292,-0.739681393
1.671469212,1.991781712,-0.235434778
0.655769348,-0.294425964,0.915137156
-2.293211937,-1.097899437,-0.504091704
2.15844059,-0.381110191,-0.399303881
1.645619392,0.875645697,0.023876742
-2.988872528,-7.613872528,0.236422939
-2.406477451,2.458268642,0.858738537
0.598007441,0.760116816,-0.406860924
-2.60092783,-0.395361364,-0.625908737
1.335048079,-0.560352921,-0.11789117
2.122965574,-6.722737312,-0.786770949
2.801259518,-0.617685914,-0.69203949
-0.915409088,0.506465912,0.248637782
-0.092854142,-1.962238908,-0.434569226
1.34583497,-2.003774405,0.052820359
-5.605680466,-1.704313397,0.432757864
-2.607395172,0.144557953,-0.371216676
0.133686423,1.437397361,-0.561655325
1.377814889,-3.568474293,-0.389231144
-4.572154045,-0.883677721,0.796142331
-8.299838066,-1.469759703,0.073071876
4.770301819,0.39139545,0.86727753
1.041865826,2.784053326,-0.488975432
-4.157277107,-3.829152107,0.853262571
2.913399696,1.12531364,0.994362514
-0.795144558,-0.824441433,0.028318181
2.080949306,3.178605556,0.428508825
2.69031167,1.796268702,0.408998509
2.620340109,0.462136984,-0.728594203
3.486839294,1.072776794,-0.95689591
0.452578783,1.263125658,-0.40030804
-4.629402161,3.062004089,0.806039326
2.742664814,1.966053486,-0.208674843
-6.24616909,2.603440285,-0.377186326
-1.209926844,-3.670864344,0.232423643
2.497414112,2.925148487,0.144013729
6.061713696,-1.074028373,-0.521738943
-1.933081627,1.854027748,-0.7687649
-0.962861538,-0.505830288,0.599122411
-2.728435993,-3.275310993,0.812104319
1.606775761,-4.321935177,-0.8510363
4.158931732,3.331295013,0.366196278
1.740639687,0.894448221,0.451920907
1.120738745,-0.441761255,0.827185544
0.84887588,2.996459007,-0.221624333
-6.88750124,-7.02421999,-0.623380152
3.986228228,1.261985064,0.364548596
-0.435643435,3.434900999,-0.199851781
-0.402823389,-1.927725792,0.37893472
0.541756451,4.267342567,0.471049844
2.588933945,0.377020001,0.892741084
-2.071483135,-3.559764385,0.927701466
-1.554569244,2.803340912,0.685400278
-1.710544586,8.297267914,0.496609058
3.839625835,3.41189146,0.019014703
-4.692484379,-2.536234379,-0.61712183
1.655645847,2.354864597,0.237782881
2.199182987,-0.638219476,0.319151597
0.546523571,1.583632946,0.705878648
2.365389824,1.815463066,-0.181056433
2.164153099,2.455168724,-0.450010978
2.878339052,-1.336504698,0.667548128
-0.791257739,0.179933667,-0.829604967
4.129174232,3.183861971,0.868491768
-0.277382433,-2.551308155,0.259578973
5.912110806,-1.558592319,-0.43006478
3.647301197,5.983238697,0.563241216
-4.506557465,-2.775722504,0.900037228
3.800884247,2.481548309,0.102526316
0.37537235,3.265387058,-0.167482913
1.873348236,-2.830265045,-0.104857992
0.368179679,1.981460929,0.369569902
-0.232800007,1.075793743,-0.373762019
-0.813230872,-0.220213294,0.260353905
-2.235245466,-1.786026716,0.608299143
3.592621565,0.63351512,-0.989915743
-1.791048646,-1.628939271,-0.262510701
-0.716442585,-0.528942585,-0.812411867
4.984231949,5.413919449,-0.664848185
2.859755278,0.748427093,0.874752342
-2.957783222,-1.164814472,-0.090021014
2.91054678,1.039697289,-0.587308921
-0.963306904,-4.078541279,0.265256893
0.779953718,-2.577468157,-0.416611605
-1.037798047,0.708783984,-0.501396452
-1.918668389,-0.750699639,-0.343676641
-5.35035038,-5.47144413,-0.717169945
-5.01235342,-0.477197289,-0.783045519
2.381533861,0.682986498,0.594892207
2.596286297,2.354098797,0.813810594
3.387022495,0.07647562,0.880971304
0.725143492,2.3177948,0.594898992
0.333711624,-3.567167282,0.91880476
-3.994322777,-5.006041527,-0.019216046
0.960945725,0.816902757,-0.189156598
-3.80819869,0.18008256,-0.543461324
0.904804349,-0.050517917,-0.764059774
2.481994629,-0.606872678,0.987608113
6.194600105,2.138936281,-0.590417093
1.98678875,-0.607449532,-0.765397582
-1.338547945,0.376784086,-0.001415987
-1.542466044,0.651381612,0.954575173
-2.514823437,-1.001151443,-0.593176535
0.402223587,-1.709104538,0.170870825
1.694240093,1.211329937,0.475219013
2.358226538,0.037913978,-0.652488509
0.149313807,-1.07236588,-0.503372074
-1.260635138,-0.450088263,0.506116072
1.787077665,-0.970734835,0.813924016
0.111543894,-0.180448294,-0.087287456
-0.705681562,-0.28673625,-0.427864899
1.427535892,-0.90522778,-0.625313819
2.541368246,5.808946609,0.016461298
-5.337866306,-4.779272556,-0.382126069
0.328870177,0.957196593,0.142760167
0.344537973,3.787409067,-0.174878119
-0.473088354,0.224261194,0.470978464
-2.062115192,-3.33457613,-0.08852429
1.743386626,-1.322531343,-0.285666799
0.067262888,0.4002707,-0.606243366
-1.841931581,2.537859678,0.065922606
-0.329758883,-0.842454195,-0.267402003
-0.324848175,2.761089325,-0.175493568
5.235195637,2.108242512,0.258035126
2.099189281,-0.551201344,0.221107553
-3.155092239,0.917173266,-0.438234803
0.901836872,1.716778278,-0.189835609
-3.384501219,-3.630594969,-0.293540609
-9.097730637,-4.871168137,0.675431988
-0.993702769,0.236765981,0.383261919
1.053574562,-1.430800438,-0.781745072
-1.616326094,2.048712969,0.502558582
-5.205206394,-2.120245457,0.89321089
1.128011465,-3.955484629,0.311974092
-0.273224354,-4.342682362,0.092104845
-2.122194052,4.420774937,-0.96159041
0.215391397,8.432188034,-0.359360597
0.038507462,5.392023087,-0.830396207
2.598250151,2.879500151,-0.744761653
-0.467829466,-3.053766966,0.614601329
1.468477249,-1.996854782,-0.723318395
-3.185160637,4.117573738,-0.291237959
3.622632027,2.618725777,-0.149061937
1.97901392,-1.213490963,-0.58943252
1.004116774,0.717007399,-0.178186001
2.478195667,4.236008167,0.792350417
0.704649925,-0.990906715,0.278604264
-2.134729862,-3.003870487,0.182694318
-4.473913193,1.014856339,0.11662673
0.491392732,1.788817048,-0.909766377
3.964898586,-3.848577976,0.787319142
-0.526613474,-0.953371286,0.22121347
-2.85045433,-4.13561058,0.211784438
4.054814816,-2.111200809,-0.467367152
-3.641935825,-5.134123325,-0.683643258
-1.227833271,-1.071583271,0.58020388
-1.809460759,-3.342297554,0.96741925
-1.236010551,1.988598824,0.483462886
1.140511513,3.387581825,0.661567278
-0.380703926,-1.040860176,-0.430829116
3.484775066,0.420321822,0.649541933
-3.357196331,3.009991169,-0.094003641
0.621497154,-0.663659096,0.279018615
-4.219109535,0.00611015,-0.495425973
2.348803043,1.650194645,-0.595086747
-3.191229343,-1.933416724,0.122014796
-2.550179005,3.155875683,-0.21226243
-1.85688889,-5.368607521,-0.615364943
-4.040331841,-0.468065977,0.089097904
1.215252161,-7.046466351,-0.058822667
4.909968853,0.855281353,0.614664201
-1.618592024,0.252013505,0.452161349
-0.701346278,2.588692665,0.905941296
-3.158372879,-3.879076004,0.877984814
-3.351613283,0.441355467,-0.791489781
0.511760533,0.957073033,0.445924251
-0.659633577,-3.612270355,-0.438060533
-0.842337608,-5.099539757,0.359397776
1.181774378,2.486461878,-0.255963986
0.385115385,3.924177885,-0.103215569
2.925966024,2.144471884,-0.784390293
-8.150229454,-1.753745198,-0.232953643
2.880427361,-4.031682014,-0.660529912
1.353038073,-2.472889662,0.133915824
-3.07380867,-3.91365242,0.857971396
-0.087460041,5.947696209,-0.550285142
1.219265819,3.230374336,0.740891329
-1.043656349,-1.036820412,-0.432103452
1.522797227,-3.116637707,0.581500679
-1.826351881,-0.984066665,0.867253998
-4.244384766,0.029052734,0.274341712
-3.494716167,1.865940571,0.178579004
-1.947392225,-4.121037483,0.773968518
-0.274410009,-3.206294775,-0.265988689
-0.336638451,-0.485075951,0.369019036
-1.328519106,-0.791409731,-0.741219311
-5.251586914,-32.50158691,0.364266759
0.825769067,-1.268469214,0.694875676
-2.300244093,-2.202587843,-0.959542303
10.96816444,2.462305307,0.041493657
0.831691146,-1.638035417,0.673422856
0.897077084,3.691998959,0.779426599
0.992105484,-3.691488266,-0.029042831
0.584187746,1.603718996,0.239561732
-0.816994071,0.64418757,0.209763324
1.456792116,-0.670161009,-0.689268265
5.780731201,-2.236846924,-0.054662682
3.90566659,5.022853851,0.640877695
-3.116309881,-1.312759161,-0.056663088
7.405940533,0.269221842,0.925655404
0.376690447,1.05735445,-0.471329039
-6.213273525,0.085066557,0.032707008
1.124655962,0.522116899,-0.78325331
-2.431856155,0.262479901,0.848269274
3.570525408,-3.589630842,-0.41762171
0.236777306,0.923300743,0.361945202
-2.369053602,-4.548741341,0.405598359
-1.847595334,-0.624939084,-0.638602583
0.369099617,0.434529305,0.822555963
2.046313047,-1.652905703,-0.221167574
-1.570058107,-3.610585451,0.651146742
-0.307330012,3.000287056,0.397339928
-5.912542343,-0.731267989,-0.865359391
3.868933201,-0.672082543,0.050175521
0.590038657,-2.544726849,0.915494603
2.443068504,-2.179978371,0.761102335
2.189211845,3.743899345,-0.111847485
-0.205966383,-4.291476727,-0.687381144
2.507450104,0.987918735,0.097579048
6.888263226,0.329669476,0.703889459
3.232958794,-2.921338081,0.785189458
0.451281071,0.685656071,0.768581117
-0.785385251,-0.546127439,0.834657451
-3.295973539,-0.701735258,0.875023553
-0.343882322,-0.707895994,-0.348141674
-2.864659548,0.998621702,-0.576915557
3.376977444,-1.490454078,-0.216548389
-3.026886463,-1.726715565,0.142198296
-3.191805601,-1.700594664,0.843675856
-2.185379744,0.776290178,0.689379322
3.452497959,4.593122959,-0.461020606
-0.092091203,-0.49736464,0.599085229
-3.440308809,-4.475464821,-0.74556243
-2.007648468,-6.878742218,0.180322417
-5.066991806,-1.281835556,0.675580705
-2.311452866,-2.358327866,-0.667246035
-0.789850354,1.00067699,0.545454016
-5.012118816,-7.535556316,-0.195483781
2.502855301,0.241380692,-0.082253969
0.458625793,2.368782043,-0.095277751
-1.113618255,1.968412995,0.572592943
-3.032275677,6.625927448,-0.587377461
-0.535569191,-4.549241066,0.973232292
2.629698515,3.01446414,-0.676875592
-2.830443859,-2.049193859,-0.637114995
6.908939362,0.176517248,0.620558408
1.81946516,4.761359692,0.833674914
-2.995823383,-3.249729633,-0.850174254
-1.208680868,0.56793046,-0.620666481
7.521715164,0.392808676,-0.434515241
6.274610519,-0.305467367,0.386917163
1.967829704,-9.248967171,-0.54989385
4.34371376,2.28121376,0.634412746
-0.431615829,1.830102921,-0.851286915
-2.693028927,-4.487950802,0.109973331
-4.763770103,-1.265234947,0.227939782
0.957482815,-0.16959241,-0.177009278
-0.245286345,-2.048997402,-0.393814548
-0.966284752,1.083519936,-0.342866534
-0.429933786,-0.517824411,0.374143308
3.341493368,2.446962118,-0.006460502
3.481739759,2.436817884,-0.410337321
-0.816104531,-0.715030313,-0.290772297
-1.218907833,-3.027501583,0.042965013
2.624289989,0.501243114,0.837779957
2.677788019,-1.960883856,0.887552374
-4.908700943,-4.584482193,-0.149649094
2.026429653,2.008851528,-0.573326766
-0.861289382,-3.216269732,0.642381476
2.596005678,1.998349428,0.030283079
-4.44325161,-1.220595598,-0.961853163
6.825536728,6.095067978,-0.666407982
-2.129076481,0.784986019,-0.30159586
3.955202341,2.86222291,-0.674439294
-1.564835906,4.1480546,-0.108154245
1.517400026,2.162907839,0.413748795
-2.988974094,4.805947781,0.981470505
-1.458041906,-0.879916906,0.293325878
5.195508003,-0.425585747,-0.741787325
2.240080833,4.960631371,0.869011616
1.839853644,-0.209951043,0.516920176
2.234518528,-1.659127831,-0.41168968
-3.643636703,3.862222672,0.40686789
-4.621201038,-7.150497913,-0.662579675
-0.771357536,0.412236214,-0.74967608
3.311056852,-3.009255648,-0.777120329
1.472926617,-0.073704243,0.912310558
1.987779617,-1.458509445,-0.494494201
1.242501855,3.307443142,-0.092358023
-4.14317894,1.820688128,-0.149680753
-0.896875858,1.077733517,-0.901635413
-6.118848324,-5.927442074,-0.361570103
-1.743026614,1.351211667,-0.780136052
4.075236797,-0.356525898,0.029678403
-1.208805084,2.126644135,-0.348625738
9.884756088,1.514150381,0.224346675
-1.68013227,-1.225664496,0.444674055
0.508009076,0.274366498,-0.916027075
3.735810041,-2.795073748,-0.727582968
2.294297457,6.735703468,0.934804272
-0.022493958,-3.963900089,-0.236942261
-0.202985525,-0.317243338,0.262474317
0.937867343,0.552125156,0.212483359
-0.858249903,-6.155124664,0.756263438
3.935520887,2.550755262,-0.048654815
-4.064765453,1.478203297,-0.420414171
-3.929498196,-3.266412258,0.686713421
-2.139207363,-1.339890957,0.681941121
-1.680740356,1.692550659,-0.269218173
-1.558125734,-2.767110109,-0.002950398
2.250641346,3.477203846,-0.888323216
-3.6337111,2.3428514,-0.104785222
2.546965122,-1.102448821,-0.15285164
6.097177029,-2.050283909,0.530712568
3.49281311,-0.291366577,0.4695973
-4.281045914,-3.441202164,-0.742348934
5.673856735,2.830106974,-0.036941292
-1.375180483,3.724856138,0.929325681
2.105025291,-0.227005959,-0.205935908
-2.388413429,1.348891139,0.880471878
1.248912096,0.461802721,-0.042176485
3.447546482,2.607702732,0.242548496
-4.239080429,-1.903142929,-0.997475122
-3.934960127,2.692969561,0.616598492
5.278491497,2.18181181,0.46157954
-2.630032778,2.696139097,-0.977280011
2.298346281,2.841315031,-0.278066278
3.65453434,-0.390387535,0.106434248
1.65457058,-1.748261452,0.62888788
1.294514894,-1.176188231,0.738040807
-4.524161339,-2.945059776,-0.061007905
-5.422721863,-0.974723756,0.463038622
-3.854511023,3.379863977,-0.405317341
-7.930756092,-6.813568592,0.648606042
-0.459785461,0.19695282,-0.015206093
-3.164119959,-1.794979334,-0.890986607
-0.17928195,3.142007113,0.717258581
-0.221802711,2.345580101,-0.755979431
-2.337445259,-2.284710884,-0.453852808
-0.065649509,1.463647366,-0.484616508
-1.163812995,1.946538568,-0.354756397
-3.981762409,-4.571606159,0.646953069
-1.471825123,-0.265770435,0.33013522
-1.090413809,0.85630244,0.152318231
-0.851555765,3.400885582,-0.836025444
0.432526112,-0.186614513,-0.54188169
1.532458663,4.228259563,-0.717247072
-3.433995724,2.533289433,0.518932789
2.888504505,2.063065052,-0.88041942
-2.249365807,-5.831397057,0.794102385
4.869935989,-1.407407761,0.735738714
-1.132924676,3.720591068,0.944241714
0.487028122,1.580533981,-0.948633043
-7.126329899,-7.298204899,-0.184081135
-1.664676189,-2.393313885,-0.882999714
-0.603921175,-0.158120364,0.007609293
0.148281604,-0.646762371,0.906851258
-1.019482851,0.078661725,0.541444215
-1.97611618,-0.17142868,0.359655302
7.998118401,0.998118162,-0.160905739
-3.010821819,-3.703204632,0.988056103
5.736999989,5.875671864,-0.33359674
1.312296629,5.202677727,0.398849976
-3.402419567,-2.95417738,0.734632575
0.59310925,-1.549957156,-0.513252075
-2.729391336,-0.65096122,-0.511774765
-0.47550559,-0.52238059,-0.546771662
0.143630028,-1.400315285,0.210457385
-0.68886292,-0.090230107,0.427508458
1.040183544,0.491355419,0.674977723
-2.798811197,0.355485678,-0.018814517
-1.405017138,-1.281970263,-0.335580065
0.570013165,0.249700665,-0.77454878
-3.39287281,-1.212239265,0.260720807
0.975490928,1.431118369,-0.805292868
0.180794001,2.130012751,0.4513958
-1.240570545,-1.216156483,0.598639056
0.228491396,0.336767763,0.678260321
2.404065132,-0.583849788,-0.585751103
1.843051195,-0.376919508,-0.249395296
-2.726472378,4.087980747,-0.793214518
-1.225596786,3.404285908,0.742215219
-3.67262435,-0.206804037,-0.59457025
-1.677078843,-2.204422474,-0.609068229
-0.57496953,-2.565203905,0.978360001
-1.373795033,0.221908092,-0.524641889
-2.475324631,-2.819074631,-0.836493267
3.621375084,1.562781215,0.602106751
0.861300945,-5.795925617,0.542563954
-2.11549902,2.631937504,-0.08944006
1.798859477,-2.584929466,0.155723019
-1.231083035,-0.83850491,0.117925822
-4.615151882,-0.790933073,-0.656779805
4.116811275,2.055776119,-0.680239401
1.730437398,1.888640523,0.802041152
0.853225708,3.411819458,0.562824116
-1.623518944,-2.156722069,-0.65527579
-6.176616669,2.971820593,0.09820923
-1.815141916,1.348676443,-0.894946966
-3.307644606,3.061496019,-0.479544779
-0.736837387,-2.070821762,-0.429475388
3.173761368,5.723566055,-0.49518286
-0.273321867,-1.341681242,0.966189925
-2.143687725,-0.659312725,-0.243093722
2.509134054,4.138040543,-0.926123117
1.062138557,4.196904182,-0.44796599
-3.828110456,1.059584856,-0.010361105
-0.2393682,-1.721057653,0.206916202
-0.202265307,-1.90831995,0.774207731
-3.728379726,-0.790879607,0.023097956
9.5641222,6.6109972,-0.200001077
-1.164121509,3.40521431,-0.983600969
1.529947519,0.063150644,0.140705189
-0.672259808,-2.09511137,0.767476331
4.243637562,0.799057364,-0.530155975
0.358583808,-0.813291192,-0.882894045
4.017274857,-5.445615768,0.662589489
-4.739140987,-2.885625362,-0.208384928
1.390462756,-2.716959,0.303978838
3.585219622,1.450453997,0.191973916
-0.818661094,1.882510781,-0.164889226
3.442239046,2.782082796,-0.384542523
-2.064725637,2.220918894,0.897532763
0.622817874,3.558364868,-0.234617959
0.276101768,0.985086143,0.143080901
-1.187760234,-2.236588478,0.348104812
-1.726766467,1.030557752,0.802424825
-1.549035668,-0.351281762,0.949723154
-5.130796432,-0.610288858,0.458209069
-1.786181927,1.550732136,-0.115277508
-5.206510544,0.957552195,-0.159481109
2.848993778,-0.540288448,0.448486867
2.002571821,-5.39195919,0.678158573
1.696626186,0.079438686,0.631612755
-2.169682503,0.620356679,0.085288255
-2.811256409,-3.291725159,0.127854773
2.116212845,-1.945310593,-0.540594043
-1.782313824,-2.43319273,-0.623996156
-4.324721813,-5.494643688,0.492368276
-3.926074743,2.179394007,0.634739652
-4.786464214,-1.080409408,-0.345035958
0.345409632,-0.121387243,0.807950479
2.340289116,3.652789116,-0.360335832
3.121019602,0.437914044,0.097506006
-3.708655119,-0.983069181,0.932010028
1.674210191,1.211929917,-0.595327779
2.827538252,-1.934180617,0.080635239
2.05969429,1.378053665,0.895380362
0.645441473,2.276606083,-0.308901682
-3.781236887,-1.796861887,-0.333985415
1.007541537,3.655979156,-0.0145063
-1.788674355,1.758200645,0.91908932
2.164179325,-1.417851925,0.65884126
-1.550611496,2.297044754,-0.731397138
-0.954499483,3.789641142,-0.11030752
-1.29600656,0.950575471,-0.098814832
4.864396095,6.782364845,-0.381861141
-0.749896646,-0.957049966,-0.800858256
-1.508003592,-0.938667655,0.804995319
0.238844633,-0.100999117,0.338543094
0.012212515,1.710820913,0.435550208
1.282462716,0.057853341,0.509525163
3.080993652,2.397399902,-0.099058373
-4.187429905,-4.347586155,0.063405741
3.484276295,-0.278907269,0.495476258
0.682905436,-1.150834799,0.131843101
-2.038819075,-4.613038063,0.481146262
1.321224689,-2.157535076,0.266770739
0.314160347,-0.377245903,-0.052927814
-3.290116549,-0.011124849,-0.437228498
-0.399363995,2.125294209,0.912637976
-1.396268725,-0.979276538,0.516633865
2.277546406,0.355671406,-0.475926251
-0.401780427,-0.163987458,-0.539597959
3.050799847,3.728534222,0.668751898
1.287654996,2.970272064,-0.139709406
1.5002985,0.736260414,-0.499719438
-1.873428345,11.37657166,-0.423522062
3.81264329,2.71132493,-0.150916
2.224591732,-2.973650455,-0.263871754
0.830953836,-1.202890158,0.433044576
-0.335646152,1.150193691,-0.904870041
-1.517114758,3.030736923,-0.855058148
0.39284277,-1.38059473,-0.69065307
-6.25660944,1.103742123,-0.585726309
6.423685551,0.411966681,0.944247526
4.185324669,0.661887169,0.877901649
0.914883018,2.941250086,0.780199425
-3.920757294,2.846820831,0.432087825
1.232379436,-0.378948689,0.6803641
-1.348664403,1.309538722,-0.946788979
-4.688705444,-3.267807007,-0.026123365
-3.410317421,-1.067544103,0.905011963
1.932957411,1.198582411,-0.347193312
-0.135270357,1.872542143,-0.917302324
-1.176466942,4.413376808,-0.580904465
-3.576278687,-0.054794312,0.044791144
-3.149074554,2.704929352,-0.992532069
6.503248215,-0.461595297,-0.390530708
4.599321365,3.278825998,0.313972168
-0.228160739,1.224964261,0.671301748
-0.111005798,-0.928228378,-0.260473716
3.893024921,4.279743671,-0.585878081
4.724816322,5.283410072,0.745597587
3.242850304,1.603201866,-0.943121925
-2.817435741,-3.051810741,-0.312740799
6.035650253,3.309087753,-0.703204
-0.441251159,4.696444035,-0.685896762
-2.757718325,0.087496579,0.59322339
-0.149771214,0.718392849,-0.110458617
-0.211908102,1.89844346,0.756056449
3.820430279,2.058711529,0.439265034
5.45963192,0.240881681,0.92308341
-4.786828041,-5.906456947,-0.238999962
5.506893158,-2.022159338,-0.955793963
1.575908065,3.919658184,0.106490641
-1.999829292,-3.648266792,-0.849196979
1.93269825,2.81551075,0.360616889
0.068272591,-0.275477409,-0.092446145
-2.397054434,0.464029551,0.216346455
1.391927838,0.03694737,-0.259740932
-2.242668152,0.628425658,0.114938314
-1.077811122,-3.653494835,0.796776583
-2.596241713,-0.15776515,0.008104632
-0.953301787,4.249151707,0.699661334
3.574594498,-2.327260971,-0.642884598
-0.155316353,-1.006878853,-0.615946335
-0.030827522,1.902766228,0.59558795
0.642022133,-0.506415367,-0.780650282
-1.267954826,1.700062752,-0.512091719
1.629131317,2.523662567,-0.287749791
2.822947502,1.148142815,-0.175929387
-0.68811202,0.465208292,0.454183667
-0.418321908,3.262342215,0.058188123
0.340672016,3.452000141,-0.386142024
2.630582809,0.475309253,0.235691373
-3.329778433,0.746393442,0.69265071
-0.239896536,0.385103464,-0.035491951
0.887765408,-3.054617405,-0.833877121
1.559336543,-3.17009449,0.639456936
-4.570789814,-2.100086689,-0.554755755
-0.763261199,-4.853105068,0.50201214
-4.969102383,-2.156602383,0.604499484
-3.92421937,-0.063623741,-0.957074454
4.283473015,-4.294651985,0.038269578
-1.429834008,-1.291040063,-0.95283733
0.431232452,1.683673859,-0.88444905
-0.556015551,-1.900253773,0.483603244
-0.020044029,-3.894555807,0.544446753
2.581404686,0.117049336,0.516188524
-1.210695267,0.345945358,0.358582031
0.998776197,1.14819026,0.881558184
-0.375974655,-1.606931686,-0.536634198
-0.589610577,1.900623798,-0.35616896
2.391506195,3.29580307,0.956272311
-3.503566265,4.457371235,-0.782334069
1.912954688,-0.331674218,-0.448307964
1.447037697,-0.209212244,-0.822686172
0.489415765,-0.951868415,0.75896809
-1.468326926,-4.223209858,-0.539285083
4.071889877,2.200796127,0.245738834
-5.341424942,-2.651971817,0.2927172
-5.170582771,-3.596364021,0.936273673
-3.015134096,-4.791501045,-0.785209616
-4.922586441,0.872335672,-0.616233533
6.078377724,0.710946143,0.434590327
3.600464821,-0.061156273,-0.003756358
-5.032436848,-8.376187325,-0.586658517
-1.10187614,-2.640938759,-0.465245264
4.098377228,-6.885997772,-0.24367839
2.27121067,3.00558567,0.937721986
3.306451559,1.505670309,0.041939433
2.824347258,0.465948731,0.326862709
-0.134173155,-5.452532768,-0.892693309
-6.255077839,-2.946484089,0.307569813
1.689066887,4.829691887,0.49949121
2.53117466,1.48429966,0.598037639
-2.329043388,-2.373965263,-0.744072819
1.97231853,1.982084155,0.73677979
3.996394396,-2.688175917,0.005591921
3.799906254,5.463968754,0.257420817
-3.924004793,-1.400567293,-0.897490047
-3.884130239,-0.515966177,0.332803643
-3.724174261,-2.083549261,-0.724047955
-0.072677612,-0.471115112,0.174632889
-0.347677767,0.400735319,0.133210343
5.105178356,2.554885387,-0.864867811
2.886287689,-3.84393692,-0.605447662
-2.294853687,1.580146432,0.634605377
-7.28819561,1.852429628,0.641873478
4.688035011,2.286667585,-0.07385994
-1.026401997,0.704066753,0.245548637
-2.584686279,1.118438721,0.603375249
-1.627804756,0.61291784,0.310172019
-2.059443474,1.902470708,-0.827192381
-0.994338989,-3.347366333,0.767300488
-5.465617657,3.151570082,0.857054395
2.352038145,4.738757133,-0.594503023
-4.702827454,-4.443061829,-0.535229438
-3.228163481,-3.298475981,0.291211554
0.325968981,-1.60207057,-0.337140352
3.542985916,-0.641096115,-0.84855915
-4.009687424,4.519609451,-0.043296529
4.647814274,1.196154118,-0.590117815
-3.889766455,-2.440547705,0.38263712
-1.205194354,3.028203964,0.085599548
0.607785821,2.533078671,0.482614299
0.849963069,-2.074353218,0.961456944
-0.066641808,6.163826942,0.166032746
-0.096820235,-1.529681563,0.403127892
-2.550743103,-2.025352478,0.705266333
-0.927424371,6.134099007,-0.98124692
1.605623245,-2.969083786,-0.879726962
5.096072674,-0.252560139,-0.405745142
-1.224304318,-1.321960568,0.369855744
1.529461861,0.502530098,0.746161642
7.177968502,5.951406002,0.026187285
6.635209084,-0.46440053,0.344145837
3.268386602,-2.239914179,0.767341744
4.138202667,-0.507061243,-0.246372508
-1.991453767,-0.798094392,-0.175120185
0.405973136,-5.091951847,0.309871546
1.239778638,0.601106763,0.824182126
-0.002236843,0.189169407,-0.695603363
1.673116446,4.384054184,-0.842300473
2.033425331,-4.007590294,0.528903052
1.069316745,-3.214130402,0.191173968
-0.89145124,-1.534029365,0.738740596
-0.480630636,-4.132974625,-0.473793782
-4.324894905,3.339167356,-0.223578606
-4.771010399,-1.480971575,-0.863459247
1.241470218,-0.865951657,-0.352695077
-2.872576475,0.574200869,-0.830660639
1.589129686,-3.675518751,0.838729453
8.050501823,7.288783073,-0.044182879
4.008141041,2.179039478,0.737017364
-3.260015965,-1.788336158,0.316498641
0.911804438,-1.781066656,0.229537456
-2.785824299,-0.157894492,0.240744189
-1.622369051,4.475287437,0.30481422
1.465020537,-4.908026218,-0.405657128
-3.242967606,-2.821092606,0.817659531
1.283177376,3.353489876,-0.042494116
1.601899385,3.863618135,0.096984943
-3.15888381,-0.822946429,-0.3536702
-0.72947073,0.381857395,-0.962245615
2.783634186,1.33197403,0.218010503
0.786622763,0.313966513,-0.452475565
-0.480837345,-1.332399845,0.91524425
-4.653512955,-2.176950216,0.275398423
2.65009737,5.861523151,-0.656364047
-3.155792713,-0.669464588,0.821742508
4.248997688,-3.287135124,0.306051416
-1.437386274,-2.859261274,0.690968677
-6.133347988,-2.308152437,-0.75073755
-0.806865931,2.476703405,-0.429443259
0.754598141,1.861043453,0.652238468
-4.298165321,-2.332345247,-0.775531892
-1.718892097,-2.523579597,0.564897861
3.296502829,2.179315329,0.448735826
-2.804329395,-0.616829336,-0.873501928
3.285915375,-1.22385025,-0.409824608
-1.0348984,1.392347693,-0.930131858
3.246534348,-0.616746902,0.345654429
1.893922448,0.486695886,0.429244866
0.138586998,1.964270592,-0.432950875
-4.234108925,-6.425515175,-0.271504203
1.369671226,-2.061114788,0.482544396
-0.949915528,2.137486696,0.914229328
-5.383510113,-3.115931749,-0.191844288
-0.764467597,-0.600893378,0.44925502
0.521151543,-2.740567207,0.845557659
0.785215616,-1.367128134,0.966706395
-2.783025742,1.381036878,0.830019242
-0.066949904,-2.423883438,0.571643063
-1.788309813,1.166768312,0.080014355
0.991309404,-0.284569532,0.238240271
2.840010405,2.426924467,0.579800156
-5.971212864,1.417825341,0.575320744
-1.085361362,2.620052338,-0.667813385
-5.155990124,2.658462763,-0.091114603
0.160865903,-3.236595154,0.258799641
-5.839313984,4.330607891,-0.487985481
-5.273403168,-1.859340668,0.379668088
0.551459312,-1.819634438,-0.512025006
2.265645742,-0.621317208,-0.492334361
3.369616985,-0.74171114,-0.21197715
1.884843826,1.433671951,-0.295816657
-1.73329401,1.401471615,-0.739803548
-2.95239377,-0.966065586,0.348547512
2.84015274,-1.30437851,0.393260563
0.979358554,1.825488925,0.767647651
-3.133164167,-2.308945417,-0.176129875
6.995310783,0.53241992,-0.525819388
-1.19329536,-0.959652781,0.611336137
-6.030404091,-2.199349403,-0.488358276
-2.852694035,-3.039217472,-0.600379558
2.956897736,-3.873180389,-0.416827155
-1.135713458,0.516630352,-0.654091167
-0.757833004,-2.512715816,-0.131426688
-4.531205177,-1.252053022,-0.44042044
3.31435442,2.50966692,0.282631293
-0.989405155,-1.732569218,-0.841987825
-4.537179947,2.854421616,-0.301292155
0.588607073,0.139388323,0.713133963
3.142518997,0.98333925,-0.168324963
-0.16579771,-0.402125835,-0.925062798
-5.752884865,0.440474272,0.43228935
0.904847145,0.924378395,-0.696410734
-0.17182219,0.260794997,0.471421007
1.693225622,-0.174450099,0.28797009
1.886755347,-0.692590356,0.635334083
0.527930379,5.91074276,-0.971691635
-5.610512733,-0.928872108,-0.658985978
-2.089125872,-1.892836809,0.757192565
3.969004154,3.158457279,0.728952503
-0.470076799,2.643204451,0.904547368
1.775302768,1.247959018,0.717429819
-0.976029873,-1.326737881,-0.934805856
2.963616371,1.889397621,0.967067583
0.301663995,3.476468563,-0.740386827
-4.647607803,-2.846826553,-0.166871661
-3.712212324,-3.114556074,0.775539526
1.597275257,1.257431507,-0.080686185
3.769365072,-0.43864274,-0.189505293
1.987473249,3.065354109,-0.035971753
2.403213739,4.158096313,0.747473616
-1.765422344,1.477985859,-0.271041623
1.23916173,5.720606804,-0.491359427
6.820717335,3.492592573,-0.07823328
1.6828655,1.596928,-0.339915072
4.59553957,0.841633558,-0.012736384
-0.449383497,2.581866503,0.385353961
-0.246271133,-1.461114883,-0.710068431
-2.17905426,0.775047302,0.949714678
0.592541993,-0.138170898,0.758355283
0.627656341,2.275117397,0.404239588
-4.423436642,-0.876561821,-0.615225576
1.1235677,-1.860319018,0.613803083
1.168871164,2.336839914,0.04413566
-1.940567255,-2.16908288,0.200655938
0.304433823,-3.914316177,-0.131930969
3.013921738,-1.155023575,0.307420205
-4.689040184,1.721115828,0.56903069
2.755429745,-1.26605463,-0.477895239
-3.653521299,-0.645708799,-0.934556808
-0.161771595,-2.915677786,0.441897957
0.991978884,0.595494509,-0.114922874
0.076512098,2.090183973,0.340463792
-5.108557701,-2.876136065,0.724185187
-2.950806618,2.163451195,0.33440856
-1.090420246,0.433017254,-0.069477321
-3.080712795,-1.356103301,0.666715896
-1.7166996,-3.141504288,-0.203621844
-2.651228905,-0.262740165,-0.779892075
-3.926936388,0.752995253,-0.993786157
6.55561161,-0.708060026,-0.5643663
-3.857115269,-4.784605503,0.790469706
-4.377486229,3.459916353,-0.778264646
-6.649309158,3.723737717,-0.917207534
2.093720436,1.850068092,0.476874971
1.142267704,-0.933904171,-0.821278015
1.141806841,-1.648232222,-0.321859681
-5.385687828,-3.350531578,-0.112557695
3.670880079,-1.115985155,-0.057100109
-6.517991543,0.083570957,-0.424204077
-0.621055365,1.601600885,-0.366290308
1.169981122,-1.037538409,0.290793983
-3.379020691,0.705940127,0.446741627
0.890039921,3.053003788,0.115282472
5.722559929,0.662989855,0.365324033
1.662293315,-1.388732076,-0.02292763
-0.648392558,-2.216752052,-0.551059596
1.214865804,1.160178304,0.586344594
1.781953573,1.509492636,0.49023082
-5.223233223,-3.11581111,0.143958193
-0.508318424,-2.796160221,0.519538444
1.633505464,3.496786594,0.815665835
-3.303907871,2.034959316,0.530427488
-2.869161367,-2.917989492,0.370343122
2.909468651,-0.024125099,0.442020906
1.836205482,9.297142982,0.360104957
5.161239147,3.311629534,-0.352223831
-0.493022174,1.843891859,-0.641811899
-2.158253431,1.173167467,0.509741015
-2.377630949,-1.411810637,0.697680076
3.56056881,1.98244381,-0.385482061
6.058702469,6.058702469,0.029554308
-0.754162312,2.202380657,0.659846571
3.459384918,-1.675746918,-0.478669791
0.339269757,3.745519638,-0.549820858
0.004589796,-0.868457079,-0.435283781
-2.508895636,0.486221552,0.54897107
-2.090056658,0.677521467,0.672303439
-2.438192606,-1.297567606,0.294813362
1.034805298,-1.040878296,0.447543228
-0.142087966,2.282716751,-0.632652036
4.224502563,-0.158309817,0.364214592
0.150060654,0.867834091,-0.753393467
2.50565958,0.34159708,-0.046625632
-2.751292944,-4.503246307,-0.19546263
1.05046463,2.93327713,-0.704850683
2.270255566,0.930900216,0.755897666
3.282162428,3.700131178,-0.952072831
-0.676196337,-2.477954149,0.638795784
-3.293246508,-0.600131333,0.31218397
-0.762513161,3.508971214,-0.785605544
4.650393486,1.122072935,0.429653858
-1.493799686,-2.892237186,0.882956946
0.684360147,-3.433804035,0.312344657
-5.505660057,-3.941206932,-0.108439628
-2.017231464,1.355327249,-0.230632601
1.842116356,-3.673752785,-0.96397321
-2.719222784,0.168472528,-0.3583853
3.803029776,-0.547556162,-0.782849491
1.352285028,0.135488153,0.231430402
-3.549057007,0.997085452,-0.366153333
-4.827121258,-4.409152508,-0.383836159
-6.603628635,-3.50011301,-0.060472629
5.437579632,2.400470257,0.351841339
-1.195128202,1.518250704,-0.372920411
0.533117771,1.621008396,-0.670161304
1.367679596,-3.854000092,-0.852250575
-0.282579422,-0.087266922,-0.467858852
0.564281881,0.7356686,-0.813232322
1.898841619,-1.590416193,-0.26308913
-2.615660667,0.447815895,0.808466288
1.403858662,-0.802196026,0.919367474
3.866364956,-3.119963169,-0.473088082
1.591141462,-4.113936424,-0.852894672
-1.947558165,-2.002245665,0.308539435
-1.265977263,-3.01109457,0.401389522
3.984669209,3.398731709,-0.736613965
0.523689449,3.373298883,-0.997454965
-2.784309626,-1.885872126,0.590355647
-2.352299452,-1.321049452,-0.50515665
0.481993198,3.136290073,0.548239018
-2.056157589,-2.534673214,0.373145988
2.741312027,-0.24989903,-0.732594484
0.353464246,-4.288137436,0.521120617
-0.433255136,2.19406414,-0.844687003
-5.568815231,-3.52584672,0.233455843
0.933524609,-2.142647266,-0.899847302
-2.488721609,-4.428174496,-0.345150356
3.892128229,0.639686882,-0.819657698
-0.852471292,-2.211846352,-0.185708559
-1.21198535,-1.994211912,-0.481876965
1.494056702,2.790931702,0.953298495
0.962624311,2.723061323,-0.895531569
1.647999644,3.31401515,-0.849522561
3.077234983,0.75545764,-0.56586707
-3.032170296,-5.282658577,0.321534883
-1.032841444,-3.321415663,-0.397686833
-0.149636418,-3.07285428,0.369038631
2.155640841,0.440797091,-0.159204837
3.838106155,3.267549515,-0.223395835
5.299718857,0.005773664,-0.265658422
-4.42344141,-3.343363285,0.846229466
5.619916916,-0.216020465,-0.861083299
-2.758800268,4.483386993,0.625665707
0.556919336,-0.154018164,0.816100117
-0.288376927,3.725295067,0.524955305
-2.708804607,-1.691226482,0.111748406
-5.554593086,-4.847561836,0.497523837
-0.953182817,-0.884762406,-0.410986471
0.38516283,0.25235033,0.740141828
1.511182427,-0.729296088,-0.091070658
-0.421166182,-0.594994307,0.971555762
-0.006631374,-0.063271999,0.269848475
-3.817933798,-1.978090048,-0.826216043
-0.634534836,0.842027664,-0.570617611
-5.314655304,-5.068561554,0.461027158
1.948855996,2.581668377,0.800062126
-3.131635427,3.069536448,0.86797652
1.748285532,-1.318120718,-0.407740153
0.082132578,-0.275289297,-0.614548865
1.987229228,5.712937355,-0.312430692
-0.101998746,-0.91596359,-0.974437444
3.127133131,1.816586256,-0.784309488
-5.798593521,-4.751718521,0.496757745
-0.851184845,2.859752655,0.680981323
5.33919239,-0.119792223,-0.869356419
-2.958276033,0.218969971,-0.244331766
2.429900169,-2.674592018,-0.441921694
-3.318909645,2.997496605,-0.372278539
1.060977578,1.729922891,-0.79555389
-1.836977839,-0.856509089,-0.771102187
0.611689568,-3.645634651,0.595733899
3.138912916,-2.37713933,0.692978338
-1.191318154,5.32235384,0.185418377
0.780532539,1.815116644,-0.947588769
-1.062682629,-0.984557629,0.747172781
-4.89430809,-0.791769266,-0.092672246
-3.83638978,-2.05904603,-0.378467122
1.66079855,-2.269865513,0.171987941
-5.464548588,-3.361032963,0.649609452
-3.016363144,-0.510503769,-0.254809636
3.871926785,3.114114285,-0.255195543
3.501120329,-0.593606234,0.672464969
-1.671227694,1.059973478,-0.839149973
1.568036079,2.794598579,0.70376115
0.303785086,4.934644699,-0.794388091
-1.024333,-4.475504875,0.479704621
1.535898447,-1.077382803,0.866644516
4.438904762,0.548279762,0.421800208
3.485493183,1.713032246,0.938113121
-5.277590752,-2.57055974,-0.22506282
2.123207092,0.605629086,0.2864133
0.36827004,3.560652733,0.693599147
2.880010605,-1.051630139,0.950258262
2.868434429,2.680934429,-0.612119789
-1.670223713,1.058291912,0.76668901
-8.610654831,-3.766904831,-0.428377368
3.394956112,4.437924862,-0.299765531
0.062173247,-1.66731894,-0.39062482
-2.227043629,0.741706371,-0.239354612
3.374019146,3.310054302,-0.36726787
-1.537413359,2.791871309,0.711601777
-2.077094078,1.077324986,-0.47061292
0.988075078,-1.888389826,0.391624795
1.131388664,0.867716789,-0.339902706
-4.508802414,1.631822586,-0.031856182
-1.503124475,0.261523962,0.330814185
-0.056275576,2.524779081,-0.56881509
0.8205688,-1.470446825,-0.713440309
-2.664685965,-2.956067801,0.123268803
0.715153635,2.423649788,0.209873608
-8.162964821,-2.448121071,0.6984948
2.642107964,2.290545464,-0.329754421
-1.962688804,0.535358071,-0.120683171
1.988274693,5.431145668,-0.113770277
-2.962981462,-2.361418962,0.332817869
0.683488846,0.544816971,0.33984208
-1.756809235,3.436061859,-0.453166197
-0.379053473,0.946141839,-0.42967795
0.933075905,-3.81887722,-0.540842625
4.222739697,3.171958447,-0.707601008
5.002658844,-0.157497406,-0.625798274
2.183941364,2.078472614,0.000248549
-0.772852898,-1.969996452,0.64883021
-5.48589325,-0.746147156,-0.262920905
-2.859734535,-1.746453285,0.021986216
-0.515833139,-0.189661264,-0.278661278
1.957480431,-2.077187538,-0.906552538
0.560566664,-0.201152086,-0.685406377
-0.526244164,-3.819212914,-0.009978196
-2.727185726,-3.485974789,-0.990346558
-3.546447754,-2.00567627,0.259145643
2.733170033,-4.255477428,-0.962222937
1.068873167,1.723170042,-0.753349954
3.017274141,6.513367653,-0.085919916
-4.409530163,-1.865828991,0.886345323
-1.309011698,-2.207449198,0.283285551
4.244306564,1.986738324,-0.222074473
2.050249338,5.388628006,0.500037143
5.348575115,3.106875896,-0.757073092
1.043615341,1.844396591,-0.235048981
-4.616185188,-3.784153938,0.477307971
3.033960342,-0.318822771,-0.685071327
-2.835328579,-1.122437835,0.411308031
0.155273318,-1.359375119,0.814007344
-2.781548023,-2.703423023,0.635679929
-2.965418816,-4.951746941,0.310541925
-1.837889791,0.050782084,-0.792870337
-0.69946295,-1.379638672,0.48365569
0.301806569,0.468798757,-0.743252646
1.446311474,-0.923805714,-0.492671764
0.829768777,0.577327371,-0.821185078
-2.255658865,1.564165354,-0.834080985
6.957459927,3.863709927,0.812021649
4.911863327,1.923581958,-0.253461646
-8.00987339,-4.02940464,0.274610991
-2.248233318,-1.45941484,0.125514416
0.24444294,-1.83758831,0.158036497
1.055922031,2.373304844,0.333819562
2.644486666,0.184525728,0.250794172
-0.659764647,-3.226171017,-0.488101101
1.135500073,-4.193601608,-0.124650169
-2.637755632,0.057068646,0.659856357
4.643237114,4.203783989,0.465043518
-0.813808084,-2.062831402,0.064984974
-1.997174501,-2.055768251,-0.77221157
2.660173178,0.531266928,-0.99211096
-0.679260254,-2.135559082,0.521750653
-0.330097556,1.474589944,0.568431805
-4.056165695,-1.933118582,-0.474546174
2.923476219,-1.016465306,-0.948203563
7.072338104,-0.479419947,0.997155642
-1.671864748,-0.552724123,-0.40034122
0.644292116,-0.133539915,0.463187784
7.496840477,0.748793483,-0.71213205
6.197658539,-2.987888098,-0.691655589
6.648889542,1.729089737,0.566089854
-2.275690079,1.39960289,-0.431035217
-0.625969291,-4.457512379,0.04516011
-2.981171846,0.891875029,0.025889154
-1.052132845,-0.35486722,0.678763858
4.75359869,1.47234869,-0.714623794
1.261176705,3.030036449,0.297910857
0.912445664,1.492523789,-0.920070255
0.562328756,2.078991413,-0.666608671
-5.242814064,-8.016251564,-0.903830584
2.321942806,-1.5554986,-0.654948063
0.242117643,-3.855538607,-0.32709711
-4.866765499,4.690851688,-0.923112562
0.15039444,1.81445694,-0.772292111
4.748036385,-1.350596666,0.014721839
-2.369746923,2.197635889,0.894681813
3.418424129,-2.654818058,-0.257550826
-2.6744771,6.029624462,-0.976902876
3.560627699,-0.389201403,-0.515152513
-2.081201077,-1.268701077,0.124871863
-4.253928661,-1.851584911,-0.301028536
-2.520323992,-0.582823873,0.454912351
-5.430207253,-0.997590065,0.572789703
-1.211063623,-4.75989151,0.346563565
0.789447904,3.251728058,-0.734584125
-0.761606812,0.562123656,-0.36523313
-1.349861383,-0.465095758,-0.39335015
5.612161636,1.037942886,0.88099023
1.96495676,1.696402073,-0.964350175
-5.121585846,-3.361820221,-0.579717667
3.894529581,0.356199622,-0.616317638
3.938635826,-0.860680521,-0.02947005
-2.952777863,2.596050262,0.423215522
2.628679276,3.837663651,0.527380927
0.742791295,-0.878302455,0.884280664
4.356396198,-1.035693645,-0.580688883
-0.159605145,-0.118101239,0.222288148
1.459245443,0.524675131,0.352160528
4.19556284,2.05884409,-0.605968398
1.614809275,-1.322690725,0.757014288
-0.311194181,-3.159826994,-0.428673305
1.072144151,-3.997191906,-0.935411103
3.679906845,0.04514122,0.857030408
4.379337788,2.215275288,-0.249801285
-2.000469208,0.581562102,-0.408809454
-2.321672916,-5.020403385,0.064203833
-1.822100043,2.915204525,-0.675615631
-4.787164688,-3.779352188,0.182262982
6.013972282,0.756892323,-0.748400824
-0.564365387,11.24813461,0.815071374
-2.076518536,1.575825214,-0.97028869
6.397688866,0.598738551,0.843141283
-0.229567051,-1.523756504,0.754472851
3.188388348,-3.28719759,-0.986922935
-0.844550729,1.266899467,-0.68539208
5.015709877,3.40828824,-0.799640636
-0.338751912,-5.965704918,-0.555541534
-4.784067631,1.156362057,-0.351782245
-1.447362661,-1.568456411,0.865724942
-0.106971741,-4.731971741,0.278322388
4.894616127,4.761803627,0.240847144
5.262741089,0.688522577,-0.794476632
2.084705353,-0.33472836,-0.459229038
-1.993920684,-2.204858303,-0.099714336
4.028689384,2.817751884,-0.185174274
-0.830389559,-3.488592625,-0.388481225
-2.359274387,-3.794821262,-0.457778325
2.188617706,1.784320712,0.998391711
-2.529842615,-1.71148324,0.262271208
-0.339936018,-3.371186018,-0.611907125
-0.365021467,0.758025408,0.318553898
-1.029330015,-1.349642515,-0.413132517
-6.014218807,-5.240781307,0.503224833
-4.221963882,-1.782999277,-0.394809722
2.702030659,0.235172749,-0.922117579
-1.734143257,-1.804455757,-0.529393532
-2.544466734,1.368130922,0.819138599
0.188699678,1.111337662,0.271245242
-2.930283308,-1.165634871,-0.573262091
4.057209492,2.471271992,0.037347412
-1.082656145,-0.47523427,-0.280921152
-2.234941006,-3.070878506,0.56858838
1.209051967,2.94892025,0.577271996
-0.503766179,2.985980034,-0.39220247
2.834894657,0.722101688,-0.954493437
-2.345396519,-1.981626987,0.177264319
4.071205616,1.743080854,-0.101878741
-5.867280483,-1.289155364,-0.89662047
-2.878019333,-2.665128708,0.877088559
-0.549264908,-0.9798069,-0.697490554
0.520158947,0.431291759,0.279793196
-0.962097883,-1.594788313,-0.061253989
-2.030914545,3.641937017,-0.021795024
7.52239418,2.565362692,-0.165366388
-1.843364477,-1.294048071,-0.188946738
-1.866774201,5.416429043,0.176080404
4.278466225,0.622216105,0.889182274
-3.681591988,-1.028271794,-0.872351462
1.574203134,-0.067398429,-0.333159354
2.173930645,0.074809432,0.447016611
0.514544249,-3.227643251,-0.34377993
-4.048674107,2.829743862,0.492875147
2.536738634,4.189082146,0.357266406
-2.589923382,-4.500079632,-0.390105871
1.457449436,5.988699436,-0.621235301
-2.696672916,-3.340715885,-0.239213456
-0.402448893,-0.527448893,0.876839251
3.132234335,4.524812222,0.75334139
-0.84752655,1.651252747,-0.500784309
-2.586843491,-0.614187241,-0.126420274
-3.830086708,-4.560555458,0.577089045
2.944254398,0.809488833,-0.838694684
-2.86176157,0.088433743,0.537662964
0.330497265,-1.239815235,0.486655171
-1.598139167,-3.633295536,0.423339299
-1.29785192,-6.073242664,0.196419028
3.087732315,0.269617081,0.388486026
-2.534641504,3.174342871,0.730391395
1.611476898,2.610744476,0.72092036
-0.140038967,1.350195408,0.968006591
1.002368689,-0.617748499,0.081043913
0.279121518,2.366035461,-0.665701544
-3.310540199,-2.255852699,-0.025348153
-0.888697624,-4.478541374,0.592550776
-1.155945539,-4.422059059,-0.042686978
0.788948298,-0.765250921,0.530956223
-7.045646191,-3.350333691,0.315263315
3.821917295,0.497698545,-0.308288074
-5.976504326,-2.894472837,-0.014386055
2.343319178,3.850643396,-0.018623154
-3.254772663,1.889758706,-0.1675
-3.568443298,3.142494202,0.893372732
1.667847395,0.238648176,-0.322258174
0.964857101,-3.253892899,-0.089605507
-1.377772808,1.573399067,-0.548079083
-1.330140591,-2.737123013,-0.87056514
-3.305641174,-1.726661682,-0.012847118
-2.339759827,-4.181556702,0.515504081
-4.77590847,1.851044655,0.762683698
0.545964837,3.564519405,-0.930925061
-5.341175079,-3.879261255,-0.43072855
-0.086170673,0.251719952,0.808831315
-4.590128422,0.333699703,0.260633196
0.776990891,1.630506516,0.039138774
1.553526759,1.225493312,-0.605644333
-0.037270904,2.319662571,-0.46947768
0.20884037,2.674660683,-0.477735237
2.909104824,-0.3463884,-0.320541901
-1.262925625,0.143324375,-0.833616118
1.051174402,4.972073078,0.124870669
0.400704861,-6.405935764,-0.210077156
2.107378721,0.956988096,-0.473078899
2.677761316,1.053249478,0.732980485
-0.707624912,3.471330166,-0.772530993
3.429257631,2.218320131,-0.996694763
0.182040215,1.381258965,-0.398335397
-0.308980018,-1.282612801,0.984165137
2.357243061,1.740055561,0.697874443
6.662686348,1.315030336,0.286276761
4.91543293,2.444730043,0.533288978
-4.019528389,-2.645993233,0.311184934
2.546391487,1.323491096,0.574308122
-2.385933638,-4.526558876,0.009276448
2.004739046,-1.575339079,-0.620391326
2.876361847,2.991596222,0.968381632
-0.13444376,0.79914999,-0.017979844
3.332869053,4.049665928,-0.64746328
0.291355133,1.320652008,0.935641324
-0.098355576,8.79361248,0.713158517
-3.580049515,-4.915987015,0.888052798
2.682426214,2.901664495,-0.438804215
-0.38987571,1.26637435,0.65717221
-1.442020297,-1.274051547,-0.735973656
-3.226815224,-1.287362099,-0.287314743
-0.403134465,1.718447566,-0.833702132
2.281605482,2.180042982,-0.361916118
-2.72247076,3.986513615,0.708358301
-3.903828859,1.620341063,-0.344380971
0.737123489,2.592592239,0.321831712
-2.896413326,0.693430424,-0.103191222
-2.993560314,2.896088123,-0.455752114
-7.007875443,-4.121156693,-0.229635429
0.032974243,15.78297424,0.548176077
-1.937012672,4.592772484,-0.878788645
0.467845917,-2.683521271,-0.043781006
-1.331237793,-3.194030762,0.965695316
0.812178612,1.321944237,0.212397038
5.173079491,4.044173241,0.75653886
0.922539592,-0.356757253,-0.885744376
-0.210785985,-4.884613991,0.327666024
-1.014063835,-3.75039196,-0.77945893
8.446700096,4.946699619,0.749294088
0.441294611,-0.806630194,-0.235120584
-2.191455126,0.966442823,-0.912091692
-2.318259239,-2.187399864,0.761850235
0.86951232,-0.248895884,-0.350568851
-3.52725029,-4.587797165,0.706304685
0.111126423,-4.779010296,0.797546962
-2.451946735,3.562701702,-0.569726235
3.069417953,2.139730453,-0.910942255
2.931628227,6.064440727,0.857888132
-8.324556351,-2.762055874,-0.594735719
-6.855314732,-5.429533482,-0.677325641
-0.05428049,-2.872395754,0.330916045
-2.713528633,-3.406888008,0.807189962
-4.055052757,-3.575560331,-0.906548826
4.72136116,0.239915848,-0.486454827
1.124641538,1.499641538,-0.652093595
-1.786254406,2.449097157,-0.812100575
-3.924113035,1.701863527,0.487288664
0.010048985,-0.071005702,-0.178657846
-3.206729889,0.972957611,0.129890122
0.890627146,-3.239255667,-0.895141969
0.8576442,-1.3532933,0.398267102
-3.735225677,-0.003780484,-0.762399583
1.321910143,1.614878893,-0.186278109
0.425902307,0.88391012,-0.020464393
3.553855419,2.406394482,0.379185104
-0.068804741,-0.291460991,-0.766786238
0.96891582,-0.880937696,-0.840692622
-1.239717007,-0.089326382,-0.65350384
2.757341385,3.726091385,-0.499542457
0.064848214,2.494169474,0.10953148
4.862277031,-0.812415302,-0.002634291
-3.900479555,-4.752042294,-0.494814187
-2.669224024,-4.66727066,0.838988136
0.276379466,-3.899401665,-0.434131154
2.837487221,4.337487221,0.172554727
-1.540327311,-4.690717697,-0.603391277
-1.314970255,0.629365623,0.067093108
3.723720551,-0.862216949,-0.809086345
-1.633020997,-1.027552247,-0.078911344
3.279956102,3.156909227,0.154143329
-6.367396832,-4.535365582,0.784304423
4.002641678,1.557573438,0.05740382
-2.394056082,0.79051429,0.868278957
4.488167763,-1.741324544,0.1353052
-0.810404181,0.695455194,-0.401578686
5.527659416,2.976878166,0.955730393
1.720845103,-0.055522114,0.725866807
1.661288738,-1.104336262,0.605607684
2.265661478,3.869177103,0.532074237
1.214925289,-1.015787601,-0.349931589
2.15561533,-1.347314477,0.349210952
-1.321597576,1.529964924,-0.836177657
4.107745171,2.529620171,-0.002471793
-0.788453579,0.465452671,-0.620453698
0.955390811,5.18195343,-0.927402054
-0.576333642,2.77229929,-0.380139623
1.938935518,-0.851103544,0.392146933
-1.164476991,2.621655941,0.664716721
2.833490133,0.108880758,0.434988562
1.26106143,-1.452317476,0.246033695
-1.138722897,-2.56596899,-0.575727831
-2.268620968,-0.803044796,0.650296163
2.845896959,-2.932911634,0.439602326
-1.467127562,2.976628542,-0.112648256
-3.327895641,-0.740005136,-0.058909926
-4.20946312,-4.54149437,-0.488294576
1.239630222,4.868536472,0.653807198
-0.077443637,1.635935307,-0.461422112
-1.325647593,-2.57467103,0.892881207
1.525488257,-1.828271508,-0.28064852
1.372100472,0.986266732,-0.489548465
0.613155246,1.361202121,-0.448276789
-4.107439041,-6.132829666,0.08248946
-2.215404749,0.287036657,-0.413211661
0.282519102,1.534960508,0.825889129
4.628167152,2.876214027,0.685134295
6.529279709,1.68162322,0.385925609
-5.384895325,-5.177864075,0.403004232
-2.161113739,-5.643535614,0.464768169
3.33419466,0.272671193,-0.204038366
2.658500671,0.300590575,0.331780897
-2.624145508,-0.821411133,-0.238657244
3.49251461,5.095053673,0.511134814
-1.426190376,1.767168999,-0.971482433
-2.296236277,3.774076223,0.177954274
-0.440645218,3.338895798,0.992694309
1.069268465,-1.685614347,-0.379837621
1.171823978,2.402292728,-0.087450299
0.162988007,-2.547461271,-0.291862174
-1.945398211,-4.423913956,0.602186331
-0.023670197,-2.047107697,0.930378307
-3.443783045,-3.107845545,0.412867555
-3.290871143,-5.402199268,-0.748907895
0.707029581,1.184324503,0.923978663
-0.691266775,-1.464704275,0.174428962
-6.970025063,-2.874322176,0.659138135
1.810968161,3.202569723,-0.911478843
-0.995190024,1.491931558,0.835704275
2.051420689,-1.107758999,-0.483421829
1.886529684,-3.318548441,-0.971548141
-2.161784887,0.437336147,0.488731891
1.906219363,0.280486912,0.214664817
-3.504581928,-2.723901272,0.014093928
-4.032832146,0.549198866,-0.640846911
-7.989574432,-6.341136932,-0.195417202
-1.990908623,-0.242861748,-0.022294377
0.152904868,-1.291431069,-0.644873738
-2.724695206,0.972570419,-0.926513267
1.173409462,1.341378212,-0.062502018
1.457920551,-3.079188824,0.708837674
2.68642807,-2.618015289,-0.570783341
3.599670887,2.080139637,-0.793028817
-1.816671371,2.34397316,-0.249162457
4.703485489,-0.306524396,0.106044529
2.352241278,2.746772528,-0.704473909
0.741358042,2.391748667,-0.748258937
4.329482079,2.236708641,-0.819704618
-0.165512264,-0.422836483,-0.311040946
1.962936878,0.695358753,-0.654087203
2.131893635,1.268612266,0.804128636
1.560999274,3.971155643,-0.963727991
-0.299534082,0.577419043,-0.733488107
-2.959007502,-0.972679377,-0.08524905
-3.62882638,-3.022381067,0.489388797
2.5474298,2.94977355,0.23415227
-0.768297851,-0.211657226,-0.039525344
1.709849834,-2.912708759,0.497977185
1.50400877,2.035869122,-0.864299696
0.792266846,-3.795623779,0.350612064
1.141170979,3.101131916,0.540051429
1.68341291,-0.848813653,-0.174683267
-9.879002571,-4.824315548,0.262736656
0.99700278,1.056573033,0.349236396
-2.652924061,-1.404877305,-0.455132643
1.955808878,1.03100419,0.832668584
-1.088562608,1.676253676,-0.709480459
-0.14743495,-4.375950813,-0.172717882
-1.250610113,-3.172485113,0.75481732
-2.117860079,-3.578797579,0.11991722
-3.645750999,-7.137938499,0.503761046
2.843983889,1.986562014,0.119903434
-1.073872805,0.83823657,0.326264435
1.498205185,0.70718956,0.01458438
-3.995011568,-1.957902193,-0.374159329
-5.777221203,1.365356922,-0.773419056
-2.154829025,-2.244672775,-0.09429591
-3.207258224,-0.428937912,-0.090821733
-2.671341896,-7.542435646,-0.508927707
0.931128025,5.601599216,0.697750055
1.870543838,1.019103408,0.05642837
3.440874815,3.456499815,0.125780157
0.567043066,2.981105566,0.767196152
-3.737808943,-3.276871443,-0.908855061
-0.335038096,0.761580586,-0.511706749
1.976206899,-2.191761971,-0.399044982
4.844091892,-2.860985994,-0.038992437
7.65626955,-0.692363501,-0.286973542
-2.368885756,-1.111317396,-0.549643603
-2.304128408,3.225656748,-0.59999184
-5.350329399,-8.694079399,-0.854511296
3.067315102,-2.928778648,0.094361568
6.009495735,2.492771864,-0.507236422
-0.602434695,5.23142767,-0.622646034
0.0721559,2.342907906,0.274589899
-7.733196259,-0.991008997,0.984318535
-0.065154433,-1.901091933,0.169307899
2.154768467,0.147932529,-0.875970884
1.330428958,-5.462539673,0.040679362
0.169353306,-1.395099878,0.582244191
0.14474535,-2.6091609,0.99840919
-3.541931868,-2.635681868,0.306072231
-1.859360456,-4.205552101,0.650060557
0.800031066,-2.30763483,0.884284012
3.256485462,4.1695714,0.660577002
5.067614079,-0.458753318,-0.60455692
0.146576047,2.915130615,-0.375287796
8.620418549,3.87823081,0.849310516
0.913182497,0.389744997,-0.989255494
-2.619165659,3.498998404,-0.660986412
2.726320267,-0.425535083,-0.981203213
-4.537917137,-2.541823149,-0.617352919
1.805292606,-0.371953487,0.082182839
0.37152791,3.722113848,-0.640411779
-2.969315529,-4.238846779,-0.18358236
-0.424931765,1.399286985,0.111225472
-1.619991541,-4.146846771,0.098326201
0.277840823,0.608163118,0.396789588
-2.498171329,-0.465944827,0.241572828
-1.968343019,-3.921468019,0.873440421
-4.701439857,-6.588158607,-0.595178074
-2.74133873,-0.894659102,0.447850265
-4.832188129,-3.068516254,-0.174436896
0.698882461,0.035430327,0.811647832
-4.20315361,2.510713339,-0.766428625
1.092524767,5.07348156,0.159604514
-6.377622128,-4.799497128,-0.010097898
-0.41996932,2.12299943,0.271282663
-0.59384203,-4.209076405,0.954063153
3.550627232,-3.117341518,-0.161394937
2.484870195,3.250495195,0.111796416
-0.229893923,0.754481077,0.876205931
1.380755305,-1.54307282,-0.481040734
2.15820694,6.299808502,0.107342646
9.716478348,3.841477871,0.641359996
-0.281368375,-4.047969818,-0.312522662
2.839783669,-0.271056116,-0.369102822
2.949677944,2.518037319,-0.768941208
0.471390247,-1.762984753,-0.204336011
1.759840965,-0.202561378,0.832073015
-0.470233679,1.109844446,-0.338939865
3.069577217,1.440670967,-0.601310699
2.927168131,-1.373613119,0.641985859
-1.146497011,2.438463926,-0.026084971
-1.422476768,0.566781044,-0.650382173
-0.441573143,2.023270607,0.678898837
-7.153137684,0.764831066,0.367524801
-2.082550049,-7.504425049,-0.686434905
1.911151886,-2.670879364,0.285293276
-0.960077524,-0.635858774,-0.524448384
-1.51961863,1.874546409,-0.716027018
-4.306108475,0.097211838,0.545137301
-0.397001743,-1.609892368,-0.036391434
2.335606575,2.072911263,-0.946841176
-1.401364326,2.190432549,-0.683292559
0.584680557,-6.358678818,-0.592424118
1.450414777,-0.095727801,-0.616155009
0.82234323,2.497148037,-0.079574217
-2.617009401,-1.810368776,-0.136021971
1.088847041,-2.779255867,0.080264819
6.027771473,2.445740223,0.685836972
-0.660309553,-1.319977522,0.77509316
0.699156404,1.778257966,-0.263275008
-2.581507683,0.555211067,-0.797800782
6.758207321,5.367582321,-0.404017393
-2.82627821,1.54090929,-0.199018778
-1.368995309,-2.11508894,-0.009425692
2.394786596,-4.291736603,-0.459069823
3.183781624,3.179875374,0.691734417
2.361287832,-0.899454355,0.754191676
-1.257356167,-2.030793667,-0.756044829
-3.17416501,0.54849124,-0.031792538
-0.055025339,0.513334036,0.617838746
3.109819174,0.653276205,-0.96173824
5.109551907,2.101739168,-0.205130106
-4.318618298,0.264267415,0.553309152
-3.36306572,1.592012405,0.205256273
1.399772644,-2.485481262,-0.973636345
1.000537634,-1.335399866,0.97184803
2.913263321,1.889825821,0.495087591
1.299064994,-0.195563912,0.377806315
4.068306923,0.997262061,0.711747881
-3.756731749,-0.398333311,0.590478174
-1.201706648,1.381789446,-0.404106988
5.350437164,3.424655676,0.864995709
-4.823779106,-5.560107231,0.094263659
-5.192243099,-2.393414974,-0.254246518
-5.358399391,-4.547852516,0.929602296
-4.111607075,-2.395786524,-0.148178958
-3.702586889,-1.74189353,0.648658702
0.289366484,4.516905785,0.997531984
-0.285254717,1.380760908,0.617270896
2.510760784,-0.838848591,0.677994506
0.177241325,-4.741093636,-0.470320279
-2.594447374,2.930943251,-0.14866442
-1.297617555,-0.570322633,-0.981363005
2.923232555,1.71815443,0.155249398
1.23312974,2.537328959,0.941040708
-0.266238987,0.577999294,0.949749295
-0.90201658,0.954672873,0.898013384
-1.175575256,-2.843544006,0.813707934
2.206203938,8.266750336,-0.36096967
4.417918682,-2.677784204,0.224307612
-1.323988676,-0.447523832,0.178353736
-3.562508345,2.12303853,0.540876745
0.942739487,-3.718759537,0.842222175
-3.02351737,-0.518146276,-0.868813196
-3.528608084,0.760454416,-0.315637975
0.859191418,0.085753918,-0.914114887
-0.787685633,4.339267731,-0.813222526
3.095377207,0.385416269,-0.216085571
-2.216333389,0.879369676,0.489863946
1.002871513,-0.948300362,-0.600416014
-1.845824957,-1.604125738,0.669868187
1.19538033,3.712958336,0.247889254
2.942283869,2.039940119,-0.134897511
-3.877813339,-4.944219589,-0.387852181
0.34373641,2.50779891,0.788617833
0.623251438,-5.342568874,0.963343006
-1.971920848,-6.176999092,0.461849305
2.339900255,-0.665348828,0.764192929
1.576404572,1.723865509,-0.003964014
2.182963133,2.378275633,-0.029095447
-2.723572254,-0.522400379,-0.375508927
0.418628454,-5.622386932,-0.575611139
6.288972855,0.814363241,0.745924193
-3.531951904,-1.351287842,0.704797971
4.776418209,0.840871215,-0.609904713
3.713824272,0.725543141,0.172311735
2.108112097,0.750690222,0.135407858
-2.735609055,-0.803968549,-0.418538441
5.109568119,1.828318,-0.092031783
-2.716806412,-0.065439165,-0.78074764
-1.040444136,0.957602739,0.454392916
-0.64352107,1.064242601,-0.706568581
3.189176559,-0.889925003,0.365251202
0.823663116,1.589288116,-0.287228999
-0.292690277,0.062778473,-0.965203793
2.563986778,-0.335427195,-0.61203645
-3.572352171,1.628331423,0.210482041
-1.435155749,0.561588407,0.915848737
2.510722637,-2.82814455,-0.978746941
0.883069277,0.115491152,0.610953833
-2.452666759,-0.173369884,0.945999496
-1.555178881,2.724606276,0.091774009
-5.426924706,-0.04118228,-0.119724369
-3.183225155,-1.546506524,-0.74264105
-3.193168163,1.679878831,0.977962571
-2.179338932,-0.036272585,-0.600737721
-0.362373948,3.098563671,-0.511832762
-6.573728561,0.711427689,-0.839018768
-0.492772102,2.603175163,0.154335628
-3.915064573,-4.42092371,0.239011577
0.116423726,0.675017476,-0.378715805
1.626735806,-0.332248569,-0.956242107
-2.220154285,-0.934998035,0.987990258
-0.947406411,-1.869037271,0.827737828
-0.050624847,-0.459804535,-0.607269503
2.54716754,1.310839415,0.605552528
-1.023880005,3.209518433,-0.680552794
2.757493496,-1.019972324,-0.130821063
3.061017036,1.324078679,-0.645192251
4.878812313,2.167875051,0.241428234
2.651462555,1.624042511,-0.478985241
3.890712976,0.971767604,-0.702964969
-1.248266935,-1.924048185,-0.829396553
-4.517288685,-3.263382435,-0.109975628
-5.319815636,-0.076651573,-0.733634976
2.740027189,0.338415861,0.600106939
-1.893134594,0.247978628,-0.331429089
2.929805756,-1.506717563,0.826756137
-0.419286728,-0.344091415,0.289608971
-2.6493361,-5.946210861,-0.965920036
-2.844602823,-0.122923136,-0.567598604
5.296509743,5.605103493,-0.994164861
-1.522402763,2.450253487,-0.447327652
-2.640218019,-1.599202394,0.60023223
1.907053232,3.521311045,0.48300733
-1.848760128,-0.104619503,0.846430612
2.728337765,0.000676543,-0.197509439
-1.062216759,-1.279990196,-0.555587447
3.59736824,4.618852615,0.778640225
3.238118887,2.908040762,0.4178691
-1.789619088,-3.385322094,-0.24978502
0.694636106,0.584284544,-0.587817744
-3.461737871,1.083184004,-0.422103644
2.541662216,5.045568466,-0.626381245
-3.052507877,1.72776556,-0.478651513
-4.169567585,1.184680462,0.965237363
-6.726183891,-1.204699397,-0.414840227
-0.150966644,-2.625576019,-0.930056457
-4.537025452,-0.15811944,-0.84755294
4.845578194,4.4183321,-0.29799965
-3.600160122,-0.264222622,-0.632870494
2.398213387,-0.426005363,-0.995525343
-0.840098858,-0.92286253,-0.600944269
-9.746525764,-2.969181776,-0.080161716
-1.717936039,0.736165583,0.501976461
1.019773483,-2.129152298,-0.945237946
-0.190500021,5.321218491,0.145410914
-0.613213301,0.689521074,0.812942318
4.051239967,2.260224104,-0.872803217
-5.29193306,-6.24505806,0.325368129
-2.358464241,0.782648921,-0.840792078
2.038652182,-4.076582432,-0.231021705
-0.183913231,2.226243019,-0.282619288
-3.443898916,0.50776124,-0.39602012
2.287917137,-1.778488994,-0.420080074
0.211680889,1.130626202,0.781851907
-4.058077335,1.773953795,-0.508439902
-4.065047264,-2.225203753,0.611185629
-3.085999489,-1.875061989,-0.740655678
5.796905518,3.542999268,0.59900073
-2.06624651,-1.593590379,-0.406503754
-0.390240669,-7.976178169,-0.671534396
4.546944141,3.611397266,-0.669549463
3.10641098,2.70406723,-0.670751417
2.778851509,-3.269732475,-0.720835784
-2.328365803,-0.819820762,-0.272423838
3.991080761,-0.747994065,0.104689508
0.671792626,1.443521142,0.554150926
1.943298817,-0.423888624,0.392730884
1.16976738,-1.614656448,-0.835069723
3.843931675,-0.84552145,-0.135473576
-4.618987083,-5.083830833,0.023508846
-3.612793446,-6.132324696,-0.194124746
2.063612223,-0.610215902,-0.314921456
2.313810349,-0.038240552,0.714981101
-1.119020224,-3.36364913,-0.042356967
2.695411682,0.835548341,-0.507246347
2.275411606,-0.427713394,-0.085435075
-4.48877573,-5.67236948,0.585174954
-1.411839128,0.192897201,-0.252887474
-1.691147566,-3.778427839,0.111095564
0.943734109,2.516243935,0.556331215
-1.50710988,-0.126494646,-0.768290759
-0.640605211,0.774433851,-0.232393955
4.644286633,1.60815382,-0.18684119
-1.643764496,0.215045899,-0.842686555
0.714266837,0.899447501,0.264262328
-0.672883272,1.303190947,0.46672762
-4.172574043,-3.071011305,0.605378707
1.309023499,2.186953068,0.122929547
1.016834736,-0.248912334,0.615686391
-2.556619644,-0.083963394,-0.454719745
-1.394132853,-0.532804728,-0.252357897
1.037937999,0.439793468,-0.159948043
-3.09025836,0.845288396,0.475070401
8.264149666,3.510243416,0.078548491
0.388002634,0.182924509,0.961769023
1.649075389,1.14553535,-0.89396284
0.481583238,4.413223743,0.319575518
-2.811018944,-0.646956444,0.030895609
-8.472524643,0.154428899,0.294253074
2.986554623,-0.343523502,0.719265729
4.812349319,-2.028470993,-0.61273698
-3.813817263,0.104151487,0.957851426
3.066674948,-0.925329447,-0.194638892
2.272253036,-3.766809464,-0.201412488
7.546577454,-0.789360046,0.676512134
-0.782360435,-5.319469929,0.995293724
-3.960063934,-1.210063934,0.337985116
-3.545046329,-5.451296329,-0.753303416
-0.312209606,2.336227894,0.109755698
2.037379742,3.136989117,-0.950371359
-1.324607134,-1.393943071,0.547078272
0.370137095,-0.11619103,-0.500593839
2.281405687,-1.291348219,-0.166808792
2.84603548,4.08822298,-0.566085928
-2.030669212,-1.495513082,-0.704120983
-0.64768517,-1.906230092,0.350849063
1.221914768,2.540274143,0.292989948
-0.066319704,2.078699827,-0.040517258
-5.082402706,-3.106816769,-0.001397666
0.243510246,1.060893059,0.268259576
-0.608341277,3.840999603,0.136972112
-1.845276475,-0.298096299,0.521910708
3.146365881,-2.024532557,-0.620387394
0.785233498,-0.985274315,0.40640853
-4.510148048,-3.18202281,0.627586008
0.467980921,-0.979284704,0.420163326
2.269827843,1.514273524,-0.599957297
-6.627883911,-6.991165161,0.31487982
2.098884583,0.725837708,-0.290218046
-2.342671871,-3.332906246,0.108827134
-2.965527773,3.079394102,-0.788398529
2.99734807,-0.119107008,-0.792987545
-1.595455408,-0.447017908,0.213506327
3.792149067,6.772617817,-0.270828513
1.290467501,-0.020689681,-0.39184192
-3.058070183,-3.484827995,-0.316272521
-0.296021223,-1.276489973,-0.452939406
-4.439361572,5.993255615,0.184292336
4.387516499,0.130680501,-0.301408109
4.738594055,-6.03289032,-0.367265533
1.005156279,-1.704804659,0.621203971
-4.355122566,-5.659810066,0.618016693
-0.715855837,0.580042601,-0.147860543
-3.791298389,2.560752392,-0.243997183
-2.014155149,-0.364252865,-0.685592482
-0.004890203,-2.25342536,-0.136597856
4.467507362,3.299538374,0.598274057
-0.922948837,-1.620214462,0.113726524
0.684098244,-0.927229881,0.922781803
-3.309692383,-1.432739258,-0.581213143
1.022330999,-3.687996149,0.085944406
-1.008233905,-1.187921405,0.694761424
-2.834114313,-3.461067438,0.444996518
-2.184292793,-1.002652049,-0.439734376
-2.939561844,-0.62901485,-0.999057493
5.35030508,7.41671133,0.039016139
1.134432316,0.610994816,-0.427252873
-0.740899563,0.016912937,0.438027676
-0.726418853,-0.867043853,-0.838240593
-2.893161774,1.710018158,-0.508307699
-2.560384035,-2.14827466,0.699391191
-1.713566422,-4.302433491,0.479637144
-2.86151576,-0.643742323,-0.134537918
-4.449182987,0.279332519,0.991848784
5.219448566,4.578823566,0.675115548
-1.983378887,-2.163066387,-0.118892146
-3.010594606,2.505030394,-0.067032596
-2.891805649,1.766397595,0.50136167
-3.336072445,-0.973767757,-0.692515051
-5.065310001,0.643185973,0.293524355
6.030974388,4.956755638,-0.873900651
1.314902902,-4.062050343,0.463148724
-1.671603799,0.645779014,-0.760365257
0.267727911,-2.577975273,-0.729799382
1.678223968,3.302247524,-0.737319519
-2.339224577,4.064095497,0.193164667
-1.877418995,1.563987255,0.669659341
-1.672919393,3.738213539,-0.055084042
-5.985281944,-3.118094206,0.700549077
2.741318226,2.760849476,-0.511903282
-2.459522486,0.267040014,0.34886077
-1.564624786,0.371898681,-0.682447126
-4.481436253,2.194344997,-0.361255581
-3.186086655,-6.437551498,0.014407285
-1.103907347,2.023045778,-0.320439207
-0.869632244,1.325680256,-0.188036646
-3.491697311,3.620119095,0.745064122
2.603126526,-2.563865662,-0.571090601
-2.446478844,-2.566596031,0.838580077
-5.37762928,-3.57294178,0.915172842
1.757771015,-2.070353985,0.331966816
-4.102523804,3.686538458,-0.324196869
0.529889584,-2.346086979,0.354436909
-2.166387081,1.870722294,0.337934394
-1.102952719,-0.960374594,0.331029282
6.271784782,0.244440794,0.452042311
-0.406658351,0.677478611,-0.011701809
-3.798905134,1.828047991,0.696378561
-4.992114544,-0.798571944,0.975606809
-1.663038254,-1.110303879,0.990645049
-1.562862873,-4.132198811,0.026445549
-0.886391282,-5.555092335,-0.697263584
-0.392867088,2.487015724,-0.630629266
-2.473951578,1.029954672,-0.869148194
-0.461242437,-1.085265875,-0.359990412
-0.075359821,-2.864422321,0.514351978
-6.66374588,-1.698902011,0.612259585
-2.150091648,0.70440042,-0.72610727
-1.296465635,2.016888857,0.154966958
-1.2673316,1.3654809,-0.178698221
-3.972392082,2.398701668,-0.817986544
3.881586552,1.921625495,0.131652196
3.809420347,-1.342923403,0.123575136
0.562921882,-3.327702999,-0.02958321
2.13218236,3.668559313,0.618638508
5.09420681,3.957488298,0.064836036
2.793599606,0.95961535,-0.686589948
0.786366701,-0.273203611,0.3590961
3.896236181,8.14623642,-0.814006794
0.44527483,-1.984900951,-0.91632574
-0.813189745,1.982220411,-0.015490374
-4.35913229,-6.836671352,0.555109722
0.829688191,0.237891316,-0.817836795
-1.518571138,0.383772612,0.283592156
-5.035717964,-0.976635695,-0.333207381
-1.463728547,2.34779501,-0.704391367
1.809460402,0.05506593,0.742558898
-3.64237833,-2.066938877,-0.239855471
-1.64149332,-1.201063633,0.35984736
-0.966721773,0.690504789,-0.565085954
-4.630140781,2.389390469,0.890983436
0.379682541,0.205854416,0.119413903
0.663611889,1.848182201,-0.381429718
-3.877479076,-4.365760326,-0.676635137
-2.569102764,0.671375632,-0.306021598
1.164926767,-1.69347167,0.665422008
0.176766634,4.846688271,-0.96089412
4.066569805,3.058757305,0.893674956
2.948831081,-2.334860325,-0.893473732
-1.057906866,-1.750533819,0.488441777
-0.15512085,0.589019775,-0.457832336
7.17398119,2.72085619,0.601313955
-3.9944911,2.061172962,-0.933300176
-3.201591492,1.681221008,0.877725214
-4.854771614,-4.897740364,0.221987023
-3.96963501,2.18661499,-0.729686823
2.484585524,-0.400180101,-0.543471924
-5.194136143,-5.037886143,-0.114856839
2.956735134,3.402047634,0.393588598
4.26492691,-0.76632309,-0.003243135
-4.795938492,1.203085065,0.774735681
5.315308571,1.553589582,-0.561230972
0.283498526,1.641408682,-0.69016896
-0.182233602,0.852190256,0.920902761
0.145422459,3.047766209,0.146393864
1.46796155,-2.1609447,-0.273472616
4.973559856,1.946216106,0.847050544
4.512312412,-0.513566375,0.936931224
-4.636586666,0.514780521,0.477242553
1.577141762,-4.385016441,-0.769875436
-0.560674191,-5.323369503,-0.581835169
0.938214481,-3.073687315,0.929555576
3.821873665,1.353123665,0.968495337
-0.142740965,-1.05875659,-0.734632315
3.56898284,1.715467215,-0.442702735
0.125669658,-3.009767294,-0.426053771
-4.889238358,3.772871017,0.391425903
-2.770660639,-0.478790522,-0.490121247
-0.202313066,0.122393966,0.941823511
6.532122135,4.180559635,0.481176756
1.740488529,-2.077504635,-0.086432068
-6.50037241,-4.67224741,-0.390478917
1.888897657,0.488018751,-0.555568874
1.811654091,0.243416727,0.473066087
-3.054524183,-1.089680433,-0.001187624
0.441571355,-1.231280208,-0.945028486
-1.612538576,-1.620351076,0.035524563
3.611939669,3.192017794,-0.970311597
1.333791018,-6.713938713,-0.208041065
4.146397114,1.898350239,0.701312844
0.350026965,5.555105209,0.148875491
-4.912878036,-0.526647687,0.468587213
3.850023508,0.238939464,0.493900014
2.530913115,-0.386567295,0.957817393
1.474090695,0.80416882,-0.522722697
-0.557045698,1.633383989,0.334129867
-0.382546335,4.411398888,0.509549872
1.118077636,0.79922998,-0.967207603
0.500562191,-0.63249445,-0.261738837
-1.119873524,2.66284132,0.467332772
0.805129528,-1.921432972,0.563835162
6.816171169,1.075937033,0.639193132
-5.225450993,-0.092302673,-0.811422896
3.46954298,3.19219923,0.091775947
1.480933189,-1.807641029,0.262309897
0.318404675,4.611373425,-0.43271774
5.952893734,4.161878109,-0.118687998
-2.171013832,-0.124138832,-0.543916774
-0.550366938,0.899095953,0.025329797
3.264629364,-0.123798311,-0.908654154
-0.570070386,3.790769339,0.621854342
1.159230709,1.135793209,0.997122235
4.202526093,-1.8565557,-0.440932748
-2.408904076,-0.32491976,-0.724618066
4.311398029,3.772335291,0.535866269
2.109565258,-0.460747242,0.266195721
1.953172684,1.760789871,-0.02361434
0.8056705,0.717291594,-0.039173814
0.381579876,0.041736126,0.216642476
0.625706375,-0.508326828,-0.595190471
-1.779280901,-2.572249651,0.083123334
-1.799996614,-0.820992768,-0.465935565
-0.131316066,2.681183815,-0.151375066
-2.649451733,0.596794605,0.329439101
1.427850962,1.275507212,-0.272018175
-0.076046705,-1.573117018,0.359889363
4.960990906,1.161186218,-0.671694112
-0.148528218,-0.629973531,-0.8879523
-1.326893687,-3.672596931,0.703220483
3.027322292,0.048806787,0.410259456
2.446992874,-2.369413376,-0.921670273
-4.020011425,0.499519825,0.427498996
1.988235593,1.142532468,0.340707688
4.511944771,3.561749458,0.471348887
2.824589491,-1.808223009,0.004639455
4.667477608,1.671384096,-0.906586055
2.064599037,-1.61386764,-0.129612412
2.172775745,-3.780349255,-0.459035863
2.954390287,-1.6969769,0.246766504
1.65110898,1.710068941,0.159555388
0.350342691,3.188233376,-0.640492293
5.279143333,-0.856110334,-0.359818186
1.150026083,3.143678427,-0.049473317
-4.174143314,2.125661373,-0.690174712
1.529625416,1.918785572,-0.228051569
-2.233792305,-0.944241524,-0.106642578
5.500305176,2.88946557,-0.866734922
-4.466870308,0.32609868,-0.077732503
3.750427246,3.034606934,-0.566252359
0.619612455,-2.360856295,0.863283802
-3.573090315,-1.158051252,0.178513508
1.11400497,-2.181893587,-0.073212757
0.652913153,-0.267374933,-0.065049566
1.965801716,-1.754901409,0.083771954
-6.083668232,0.141917586,0.997279103
3.502190828,-3.282965422,-0.052910165
1.089846373,-0.541013002,0.120577515
-6.551110268,-5.601891518,0.993945479
0.260066807,-0.785984218,-0.983540763
1.535410404,-1.273671627,0.812897797
3.941718578,0.306953073,-0.214152722
1.482025385,4.102142334,-0.059055705
1.241738319,-2.677206993,-0.29706374
8.202628136,4.479971886,-0.48861904
-2.701943874,0.866415501,0.141520667
-5.049446106,2.770866156,0.949346593
2.753047943,0.979610443,-0.598605446
-5.153948784,0.467145205,-0.088957421
3.707121372,3.677824497,-0.310793016
-1.072152376,-1.497498035,0.312474681
0.487278402,0.215972602,0.457706908
1.329719067,0.635064125,-0.58649762
0.160476744,0.044121742,-0.867066418
-1.740464211,0.848118603,0.142882943
-1.600164771,-1.876613975,0.262572006
2.545422554,-0.508467674,0.615217809
-0.871050119,-2.781446218,0.808629554
0.559433341,-1.883190751,-0.386072509
2.551103592,-1.131396174,-0.711395972
0.722574294,-1.448230982,-0.630245377
-1.195207596,0.053851336,-0.215060434
-1.388941169,0.179302216,0.530981361
0.114279613,0.370930254,-0.449050705
0.303708732,0.432877392,0.566111689
-0.561211109,0.080526099,0.576044757
-0.524113536,1.284087896,-0.220346236
-0.300482631,1.536206961,0.803487061
1.238813043,0.565358043,-0.777286425
-0.965805173,-1.077330589,-0.550413475
0.48691237,0.330163389,-0.107496768
0.942509472,-0.441172302,0.829292894
-0.336827755,0.480468482,0.088957948
-1.475789309,-2.426804781,-0.041936977
0.984081984,1.638830423,-0.307881719
0.382224023,1.584916592,0.320867408
-1.472816706,-0.171279401,0.058126835
-2.695101261,-1.886089921,-0.242693224
0.028853334,1.539450288,-0.286545115
1.628309727,0.225203753,0.788221162
0.705688119,0.545658648,-0.848907358
1.81658709,2.348237514,0.285537333
0.979766965,-0.750261068,-0.082969727
-0.776172638,0.110329241,-0.449452996
-0.032285675,0.128738821,-0.752865982
-0.270304888,1.042188883,0.936577738
-2.114301205,0.067561924,-0.737701179
-0.2097857,-0.239239961,0.185036339
-2.899879456,-0.1638982,0.237490623
-0.773657441,-0.606232464,0.075633865
-1.63710463,1.408456206,0.038132137
-0.520608306,-0.206597656,-0.066611048
2.10296011,-0.173814178,0.470731632
1.622761607,0.671780169,-0.227366223
1.841986299,3.082636356,-0.607016964
-0.224470824,-0.289660305,-0.775545591
0.166928083,-0.432499915,0.051280035
0.350900412,0.241426736,0.692591011
2.618266106,2.42454958,0.150281091
0.103199176,-0.955495,-0.342019377
1.525566697,0.408636212,-0.947327754
1.527987957,-0.940362692,-0.951575009
-1.511437178,0.238231644,0.434760618
0.222057208,0.612288117,-0.839710802
-0.288942695,-0.358864903,-0.853720556
-1.650211334,-1.005775809,-0.425693432
1.237458348,1.319506407,-0.599808143
0.104212098,-0.671841323,-0.87996271
-3.018392563,-0.971426904,0.961253386
0.86973691,-0.396702141,0.423867596
-0.876416683,0.120977126,0.878879217
-1.613379836,-0.30754748,-0.754799253
0.406653225,-0.019028328,-0.980257748
-1.437609911,-0.56078589,-0.400993217
0.419651508,-0.536581457,0.820967645
-1.645996332,-0.80724448,0.600816269
-0.727403045,-1.08934629,-0.225676129
1.65467751,3.568633556,0.904693829
0.525708675,1.272528052,-0.338497375
-1.691617727,0.544769585,-0.780775544
-0.42427808,3.303892612,-0.08263132
-1.25155592,-0.593822837,0.871172073
-1.353905916,-2.24867034,0.713621298
-1.164091349,-0.955059707,-0.347632439
-0.649742305,-1.080826163,-0.99665019
-0.95087254,1.081095815,-0.234108476
0.045820281,0.372501254,0.847219721
1.502923489,0.623417258,0.951704414
-1.76537776,0.567632556,-0.628979518
0.259615362,-0.809584975,-0.932379525
-0.397694796,-0.41525346,0.188759311
2.617211342,1.01761651,-0.310996671
-0.022600651,-0.624994695,-0.90433053
0.598204732,2.341858387,-0.230206794
-0.246226698,0.8270787,0.757224238
-2.269701242,0.651880622,0.771640538
-0.562273443,0.943689167,0.261988265
0.151818603,-2.088959932,-0.419527623
-1.854721904,0.453755081,-0.501686701
1.183846474,-0.581440926,-0.970440192
0.28414914,0.759225786,0.158903281
-0.15454185,-0.308204889,0.839395982
-0.170188352,-0.318882883,0.882662604
-0.08408916,1.479601264,0.706573538
0.463631034,-1.224298716,0.062965374
-0.262550533,1.364882112,-0.21281024
0.578344464,0.25836271,0.026234208
-1.872215033,0.340053618,0.519571371
0.104397595,-0.666275918,-0.832782212
-0.768396497,-0.698954642,-0.323774211
-3.024713278,-1.122744918,0.477047124
0.293522209,1.256148458,0.534020548
0.151545361,1.067284942,-0.353577176
-2.513286114,-3.045537472,0.601628499
0.096067905,-0.481113464,0.674886462
0.581439018,1.382455468,0.663481274
2.320455313,0.677684665,0.703432048
0.245701224,-1.98578167,0.388528721
-0.731247783,0.93852222,-0.473662721
0.616706967,0.894899964,-0.849322762
0.486106396,-1.022053242,-0.716658182
-0.973078728,-0.451917797,-0.926482612
-1.174348116,-0.091636136,-0.370861922
1.851003408,3.101294518,0.539278601
0.624825776,-1.615441322,-0.609049772
-1.740364671,-0.835130811,-0.9554377
1.027951241,0.697562158,-0.442747812
-1.037435293,-2.071242809,-0.287828637
0.860738039,0.060725622,0.781906108
0.646697462,1.278357744,-0.709817885
2.549818039,1.010481,0.852358705
-1.054567337,-0.752247691,-0.450926285
-0.579691768,-1.810383081,-0.412804888
2.349795341,-0.883839011,0.92936894
1.677635789,-1.587528467,0.575673251
1.240109205,-0.213520452,0.038435354
2.28961134,1.202895641,-0.020973682
1.484801769,2.49575758,0.403239495
-0.97695446,-0.073952116,0.157838531
-0.616863191,0.268171728,-0.362407755
0.248968706,0.905178964,-0.749256115
1.374810696,1.149463892,-0.431771011
-1.578696012,-0.903119266,0.14074954
0.71246779,0.768395841,-0.350203322
-1.394976139,0.14028275,0.083462031
2.192962646,-0.256146163,-0.069388388
1.297244787,0.253207386,0.305456907
-0.61526984,-0.423601389,-0.184841231
-2.702216387,-0.455941975,0.830834322
-0.517293334,0.55915302,0.608040509
0.919030666,0.457618475,-0.311856119
-1.306925297,-1.002599359,-0.382188779
1.189913154,2.167301416,-0.007075667
-1.035996318,2.165082932,-0.559576789
1.929456234,1.269880295,-0.430849042
1.060721397,2.061717987,-0.580924051
1.023224115,-2.22771883,0.331388144
0.282427669,1.657642961,-0.82495199
1.005262017,-1.684891224,-0.074767005
-1.756806254,-0.171217248,-0.303140768
-1.885707021,-2.075779438,0.192696545
2.285241604,1.445123792,-0.46056009
1.616591215,0.292153835,-0.222376483
1.204302073,-0.028232411,-0.572115207
1.627821922,-2.632050991,0.688498041
-1.215713263,0.362302095,-0.4386702
0.579448581,-0.369518459,-0.209108082
-1.035399079,-0.942306161,0.811368012
1.121167421,2.682243109,0.884767987
-4.338187218,-1.317226648,0.070113941
-0.244475305,-2.698671103,0.376585053
-2.239651203,-0.10253258,0.136773094
1.255111694,1.848911166,-0.789010172
1.911419153,0.504661798,-0.621864886
1.70146358,-1.496549964,-0.99020985
-1.69742775,2.151282549,0.779432808
0.563140213,-0.903572738,-0.495857977
-0.461626738,0.911968827,0.156214725
0.366629899,1.057892561,0.23493791
0.287401438,0.502902567,-0.913850002
-1.474653244,0.329593301,0.524246408
1.555366278,-0.562902331,-0.874874766
-0.585133731,0.41109392,0.191842486
1.593086958,-1.572854877,0.949689978
-0.548480392,-0.020954676,-0.106824229
1.672343969,-0.047128782,0.832323591
-1.419948816,-0.774671972,0.919963668
-0.402531207,-0.604397297,0.333883244
-2.441643715,1.084148407,0.758273879
0.432588935,-2.446261883,-0.959605537
0.346690893,0.023278028,-0.89923095
-0.238111883,0.268386483,0.401149332
0.704622984,0.00666029,-0.235810859
-0.911996365,-1.439031363,0.403211275
1.266283154,1.390225887,0.104076134
1.63877058,0.920301795,0.986492228
0.319701225,0.37977308,-0.948278348
2.601171494,1.086077571,-0.104529584
-1.018545508,1.67217958,-0.76321418
-0.34649086,-1.163067579,0.101550517
-0.020362869,-2.361326218,-0.338462886
-2.528503418,-0.024949715,0.861935843
-0.143971741,0.534640372,0.788491292
-0.102789611,-0.809119701,-0.038019913
0.472161859,-0.869243026,-0.706428644
0.800577998,0.241698712,0.485529155
2.262530804,0.046926774,0.242064635
2.119417429,0.145520702,0.871882352
0.437347353,0.197326213,-0.046899686
-0.905990601,0.225871757,-0.469268939
0.221605837,-1.070744514,-0.167954876
1.163132191,-2.076579571,-0.332246242
-1.344309807,-0.959096909,0.273999451
0.650544763,-0.395035177,-0.597470403
2.345860481,-0.060910046,-0.913216258
1.295426607,1.013105869,-0.743766048
2.052703857,-1.668483138,-0.268760287
1.218177557,1.470086455,0.798074737
-1.226909876,-1.377416492,-0.648142884
-2.727694035,-1.346987486,-0.819928776
0.268483788,0.752075136,-0.019160842
-0.017379463,-2.423844099,0.171626987
1.48601079,-0.910374343,0.198548294
-0.2075959,0.059149772,0.654664569
-0.496709734,1.283443213,0.581933752
-2.417103767,-4.561351776,0.957805252
1.544122219,4.434948444,0.706600076
-1.324565053,1.068757057,-0.144910707
-0.686353266,-1.606777191,0.746911478
-0.893734217,0.021170482,-0.061556848
-1.547981024,-0.439842403,-0.827661301
-0.644943476,0.093389094,-0.51624048
0.258452892,-1.96671164,-0.523251367
1.762791157,2.612355232,0.219067402
-0.812615037,0.639815211,0.478520569
-2.198221207,-1.946624517,-0.072724291
0.966418982,2.089231491,-0.936117331
0.434859872,1.097911119,-0.640178265
-0.158870637,-0.578886807,-0.026251776
0.464418948,1.750816345,0.376131892
-0.341960728,0.199105948,0.868319544
2.670269728,1.047017336,0.547388573
-0.719587088,-2.616760015,-0.089026033
-0.512976348,-1.386545181,0.668940558
0.080647632,0.647586226,0.188123872
0.62700367,1.447038174,0.014677835
-1.834975719,0.305754125,0.889299164
0.911633313,0.904538751,-0.720015068
0.692551613,0.484291583,0.740096644
-0.004410528,-0.156597093,0.035635848
-0.027371727,1.274355173,-0.073264469
2.138234138,-1.583730936,-0.274083348
0.944326162,-1.451292753,0.183140325
-2.326082468,-1.303317308,-0.153552819
0.777489007,-1.459728837,0.136005254
0.306674421,2.046291113,-0.217004204
1.880791545,0.216459259,0.464263381
-1.036580324,-0.214021891,-0.843455213
0.608921766,0.838096321,0.983348321
-1.384096384,0.408191592,-0.95561073
2.067078114,0.739440918,-0.212646471
-0.629438162,0.231308103,0.519703266
0.223958835,-0.729262233,-0.594955262
-1.259130001,-0.074768946,0.089128049
0.035508759,1.609069705,-0.082222779
0.953089118,0.597692549,0.823212457
0.031899408,0.893212497,0.796916596
-0.76895988,0.210722893,0.233444386
-0.490851611,-1.978219986,-0.25834336
1.005537748,1.226872683,0.534206859
-0.299648643,-2.090643883,-0.829908996
-1.285480261,-0.70258224,0.726473509
3.389682293,1.355224371,0.923105118
-1.156462193,0.039396301,0.511103722
-1.410869718,1.336893559,-0.358996897
-0.572762132,-1.322070122,0.3955205
0.394337952,-0.357142001,0.565343978
-0.143268287,-0.049198471,0.055897512
-0.122725636,-0.539639354,-0.381491089
-0.393176675,0.967876792,0.228012669
-2.071968555,0.225278884,0.987956227
0.56055069,0.123907328,-0.013179842
-0.737278938,-1.973827362,0.594459333
-0.624022007,0.203860447,-0.53585899
1.045405984,0.796086371,0.56667599
-0.342123359,-0.244799405,-0.243796188
-0.951174378,-0.760423541,-0.57602703
0.388216734,-1.427716732,-0.339176645
-0.458497822,-1.507046223,-0.396468855
-0.358374536,-0.412691325,0.965481543
0.383029372,0.666011095,-0.332026818
0.446018934,0.899044394,-0.383943132
1.760360718,2.012347221,-0.406673396
1.47293818,-0.826127529,0.401357409
0.276013136,-1.448654175,-0.412255892
1.546156883,0.033090085,-0.417250948
2.038767099,-0.798463166,0.651243577
-1.055220246,2.358818531,0.456496902
-0.208360627,3.334402561,-0.239143562
2.674549341,0.047978036,0.920479636
0.44453162,-0.936211824,0.908821561
0.693829417,0.792293429,-0.745433857
-0.575960636,1.214931011,0.990019415
0.286972761,0.269010931,0.983389561
-1.487037897,0.960445046,0.73849875
0.043774284,0.50115633,0.978066449
-1.667710423,0.620652676,-0.497948133
-1.470241547,1.170779586,0.40390306
1.654293895,3.179569721,0.708090984
1.641211033,1.140494823,0.003098756
-0.24671863,-0.332111061,0.427150859
-0.397653639,-2.074190617,-0.003590265
0.921077967,1.879850507,-0.947226984
0.426202655,-0.462798655,0.120409298
0.362616777,2.0320158,0.124618442
2.17420435,0.886458278,0.810074169
0.410068661,-2.187376738,-0.172866393
-0.225059509,-0.722913206,-0.767366892
-0.598904729,-0.193354741,0.843498062
2.329051971,1.830696344,-0.041695827
0.532504618,1.078211665,0.09741477
0.65514946,-0.075271286,0.296494654
1.098729014,0.756406069,0.161943009
0.155510291,1.15627718,-0.582854142
4.450862885,0.787581325,-0.003110201
0.723376155,1.549991012,0.837985655
0.230203271,0.095901676,0.79206287
-0.924370348,-1.327732801,-0.598147208
-0.69280839,-1.39340806,-0.474776391
-0.385000288,1.838787317,-0.38362582
-1.021055579,-0.543257773,-0.604288582
1.916244268,-2.423528671,-0.937849376
-0.982840121,0.250264198,-0.762048755
-2.141438007,-3.324593067,0.228746684
-0.355286807,0.652754545,0.358015368
0.874346852,2.416627407,0.170537918
1.519593477,0.793044329,-0.926470771
0.339411497,-0.426747561,-0.612070098
-3.118340731,-0.465794712,-0.79320389
-0.22715044,-0.16534096,0.60851642
0.738499641,-1.691187501,-0.654718883
-0.582725942,-0.79838562,-0.005132922
-2.148178577,-0.750098169,-0.819482469
0.645318151,1.14217329,-0.845941265
2.256075621,0.91598779,0.006426332
-0.822211742,2.027621746,-0.579804852
1.216546893,-0.766152263,0.048175203
-1.618383527,-2.526672602,-0.703622276
-0.360739917,-1.78087461,-0.766404426
0.38114509,0.860920012,-0.117359301
-0.201300263,0.314712107,-0.81080377
-3.548743725,-0.355781317,-0.969046
-0.298494101,0.414077282,0.763601541
-0.077693082,0.695641994,-0.625661438
0.066412747,0.157389805,-0.204438214
2.239448309,-0.484155238,0.440703659
0.709377825,3.636965275,-0.99422294
-0.531331956,-0.348368347,-0.382718063
-1.771067023,0.157737285,0.922361572
-0.383790135,0.770892739,0.797974058
-0.057894751,0.889638782,-0.409733013
0.583750844,-1.837420821,-0.66507372
-1.131090999,-0.186057746,-0.144364771
-1.513410807,0.538028777,0.842723166
-1.066035509,-1.395147681,-0.741167329
-1.493819714,-0.542484879,0.334044688
0.891088605,-0.071591675,0.838745593
-2.147628069,-0.209006399,-0.216268215
-0.880824924,-1.341235518,0.997475988
-0.699475467,0.248443246,-0.797399867
-0.525550723,0.019733518,-0.301677909
-0.461969286,-1.403436899,0.945819255
2.022967815,0.016807988,0.929163302
1.670504451,0.82414937,-0.201551359
2.494756222,0.65905714,-0.697037891
1.586489677,0.439115822,-0.015417681
0.833126664,-0.189594775,-0.879221188
0.645538211,-0.188739136,-0.237396086
0.167318493,0.128616929,0.898190025
-1.074250937,-0.847393453,-0.45506542
-0.269801676,1.572452426,0.087843762
2.231535196,-1.998783112,-0.457534467
-1.800278902,0.247957319,-0.523118736
1.074848175,0.822916687,0.648802315
0.71652174,0.059554022,0.461380839
1.66268754,-1.536268473,-0.709230604
1.569549918,1.313048124,0.301023593
1.55442059,1.232391834,-0.735536849
-0.037346885,-0.304351389,-0.227144709
-1.596201181,-0.008270212,-0.900585087
2.260503531,0.320374697,0.534795271
2.454982519,2.53784585,0.406714682
-0.487612426,-1.457075357,0.617733846
1.046628952,1.069701195,-0.673899117
-1.380602598,0.526989579,-0.833040194
-0.65458107,-0.985790849,0.212542102
0.29486531,-1.453689933,0.925403567
1.050584316,0.71265918,-0.712837689
1.045065641,1.091060877,-0.075779155
2.926379442,-0.408122957,0.405806132
0.946320176,0.220186025,-0.185625324
-1.057923794,1.226405978,-0.833765161
-1.276418447,0.613471627,-0.84662055
1.490481853,3.376794577,0.281514949
1.421866775,0.22167474,-0.847845036
-0.255365074,2.193894863,-0.378435757
-1.004656076,-0.856478572,-0.559878243
0.304176658,-0.57682097,0.487391522
-0.958863735,0.129150331,0.130462642
1.123985052,0.827877879,-0.833421406
-0.132874817,0.279677659,-0.992338015
0.578203559,1.792155743,0.585482275
0.144730851,1.608078241,0.516896329
0.061298482,-0.967644513,0.573645414
1.032556891,0.448939979,0.48689516
-0.546301246,0.152666941,-0.252201297
-2.629414082,-3.400945187,0.450325851
-0.652303338,-0.656370163,0.463462061
-1.151065588,-1.204920053,0.064888206
-2.500612259,-1.523306608,-0.096623728
0.273574471,-0.030183382,-0.348255492
0.066341847,3.500004292,-0.932293691
-0.20725663,0.55888617,-0.42559243
1.930000424,-0.055621289,-0.325243142
0.728935003,1.031783581,0.28211726
-2.812898159,-2.025180817,-0.730606677
-1.130981684,-0.311691463,-0.872537622
-0.306822926,1.149552345,0.254583893
0.935230613,-0.420234323,0.054891579
-1.25503993,-0.614139318,0.444520976
-1.52758956,-0.110074267,-0.046255368
1.89498055,-0.026845969,-0.370439885
-1.542125702,1.10033536,0.750908998
1.809386134,-0.683689237,-0.976002605
-1.428217888,0.83761549,0.722430014
0.459320843,1.442186594,-0.64499331
-0.509864986,-1.115931749,0.232355576
-1.23449564,-1.612781525,-0.327544596
0.400903344,0.70977354,-0.453430639
-2.195706844,-2.023073196,0.353161638
-1.147007704,-0.657877326,0.347720575
-2.350841045,-0.779232502,-0.982713066
-0.441123366,0.486107558,0.986834361
1.051599264,2.878399611,0.200147663
2.065191746,-2.468069792,0.56137884
-1.89983952,0.923579514,0.825235135
-0.753789902,0.93361342,0.658978721
0.484617174,2.752262592,-0.769242503
2.371334314,-0.136168838,-0.997580222
-0.910699904,-2.539464712,-0.298034836
1.979823589,2.109862089,0.567263789
1.920800805,1.459263325,-0.458417959
0.164612621,-1.215678692,-0.752373857
-0.098131955,-2.621880531,-0.304107128
-1.464650512,2.217011452,0.736262169
1.541268587,0.397166729,0.563675044
1.497883797,1.441282153,0.067437057
0.149860516,0.433824033,0.001670529
0.960202098,-0.477825582,-0.053527124
-0.097517312,0.467676193,-0.71577905
-1.475344539,-0.403638572,0.718518188
-0.970059335,0.10116975,0.090865004
-0.536977351,0.504178762,-0.603663337
-3.096435547,-0.070967965,-0.875745594
0.198584676,-1.031461,-0.619459693
-4.032193184,-4.018548012,-0.518751882
0.122730806,-1.064582109,0.189803318
-0.457106173,1.799128056,0.462831547
0.46938324,-0.657839775,0.838293084
-1.071162224,1.683995485,0.359195964
-0.921697617,-1.377440572,0.345675407
0.601391435,-2.556028366,0.083904084
0.446428061,0.346350431,-0.055618
-0.792045593,1.412410855,-0.001634041
-0.611563981,-1.141863465,-0.547559877
1.903948307,0.431873679,-0.782663481
-1.645346642,2.103255272,-0.809201404
3.011789322,-0.564122558,-0.449441897
1.055277824,2.051680803,-0.150383727
0.386388987,1.03240931,-0.899485453
0.720887363,2.261310101,0.21318995
1.125631332,-1.082702875,-0.612228865
1.496427536,0.725374818,0.277783244
0.893453777,1.097207665,-0.451732658
-0.374539942,-0.76368463,0.913873432
1.073152542,-0.957618117,0.47019759
0.226962239,0.012098536,0.416632424
0.745227695,1.942387819,-0.139147991
-0.638973355,-1.199366331,0.465435997
2.054069519,2.689223289,0.211089669
-1.287034154,0.018392012,-0.109926416
-0.463777065,-0.154823422,0.745883384
1.226941586,0.10244377,0.251163699
-0.208239079,2.101649284,-0.650639726
-0.710576892,-1.098584414,0.870358305
-0.770076096,1.83040309,-0.25698711
-1.151846886,-2.447113514,-0.598755497
-0.218348846,-0.011392251,0.596281851
-2.093728542,-0.414642453,-0.73028956
0.160055831,0.125337213,0.133080496
-2.265303135,0.420464098,-0.403716584
0.409885496,-0.201752871,0.056969078
0.319580674,-0.382800967,-0.968392345
1.322870255,1.165855527,-0.271451236
0.573358178,-0.361327529,0.923224597
-0.928265631,1.358985424,-0.746054983
-0.234296054,-1.685975909,-0.460776645
-0.221880302,0.109626889,-0.195384932
0.237361014,1.462165475,0.092296717
-0.963441789,-0.751796782,0.148342479
-4.358043194,-3.77333498,-0.628305848
-0.786921799,-0.825190902,0.44089863
2.712737083,0.511147559,-0.130942864
1.779772639,-0.239830062,0.038120689
-0.730363011,-2.02989459,0.579446997
1.741452575,-0.378955007,-0.807903178
-1.503089786,-1.38016963,-0.703852777
-0.004683167,-0.285147667,0.238779885
-3.065138817,1.072754145,0.711754421
0.560223937,-0.373209596,0.589151187
1.476048946,0.917433023,-0.094402485
0.717066526,2.068935633,-0.105616339
0.874011159,0.340245783,-0.440366764
1.470389128,0.858838797,0.766608043
-0.132524863,1.106042266,0.995081628
0.128665864,-0.043041438,0.808271846
-0.467742085,-0.189765871,0.819957615
1.905989528,0.243324175,-0.762521714
-0.97388345,-0.546445727,-0.934923455
1.004912615,1.39272511,-0.106883257
1.847469211,-1.433976412,0.35099373
-0.307790935,0.193820357,-0.808721845
-0.621304452,-1.899786711,0.90974598
-0.415778607,-0.134174764,0.860531323
1.875291228,1.335632324,0.923981719
-0.366848946,0.263938725,0.604635194
-2.302555561,0.298825055,0.385772772
0.309080988,-2.5624547,0.740250792
-0.000180959,0.393967927,0.105037703
1.631690383,-1.75023663,0.468795412
-2.620920181,-1.567522526,0.113079524
0.286974072,-0.172078535,-0.063819085
0.233451709,0.759849072,-0.565829913
0.638611972,-0.228723079,-0.305308692
-0.612839341,-1.516412258,0.626539729
0.777008176,0.557430983,-0.951290248
-0.164512783,-0.119147688,0.746303871
-2.576911926,0.30183655,-0.487912665
-1.418623686,1.167232275,0.029461105
-0.12537846,-1.725807548,-0.827867401
1.321663141,-0.347057581,0.674914699
0.714690268,2.294860363,0.908162488
0.476129889,-0.628595114,0.291876273
0.315036744,-1.361387253,-0.940974913
1.685860157,-2.094218254,-0.843344778
-1.045255303,-0.662074327,-0.580742172
0.310105741,0.288751453,0.549074912
0.438447922,0.478508234,0.605692436
-2.271614552,-1.660292864,-0.491801837
0.738095164,-1.115080833,-0.444900639
1.215507746,-1.009197354,-0.440951814
0.255628705,-0.888311028,0.317854184
1.557867527,-1.43117559,0.350252379
0.641643763,0.459696054,0.214938024
-1.620224833,1.078039765,-0.751726654
-0.980070233,1.174679041,0.780486777
-0.336069643,-1.369648218,-0.576630419
0.084016956,0.31697309,-0.220024708
-0.922993481,0.429616302,0.208923459
0.132939726,2.993535042,0.74995183
0.059868753,0.044679463,-0.083643212
1.722670078,0.176867902,0.94879635
-1.942341924,-1.382918596,-0.945234562
-1.49256444,0.529049158,-0.248551511
-0.690899491,2.414541006,-0.360569725
-0.733385444,-0.476326704,0.967684229
-0.008142188,0.422158539,0.545163414
0.730988741,-0.322941929,-0.260002302
0.209870666,-0.140440345,-0.701864893
-0.239930585,2.130882263,-0.130599375
0.496578008,-0.678837717,0.552466875
1.952648044,0.595201254,0.859624458
-0.854585528,-0.946750998,0.224656117
-1.588483334,-1.75540483,0.674639142
-0.663808167,1.60395205,-0.759442518
-0.305017292,-0.056118309,-0.217539938
1.427164912,0.368234634,-0.094241026
-0.473580509,0.722016573,0.689962311
1.760107517,-0.215334147,-0.593867682
1.278968811,0.610622644,-0.225333506
-1.809388518,-0.601361275,0.679297527
1.06445384,1.951089382,0.058581844
0.313072026,-3.996377707,-0.353468449
-0.034356281,1.960018158,-0.402628773
-0.023185212,2.222099543,-0.565896225
-0.865408361,1.527911544,0.132532635
-0.379204214,-0.605193317,-0.447967367
2.432448387,0.466447055,0.699269677
-0.050602347,-0.195109159,0.979033867
-2.031027079,0.633977175,-0.852242174
0.241076022,-0.143100053,0.078954064
2.078072786,-0.672816515,0.370247038
-0.051231176,1.065355778,-0.370976059
0.339905798,0.303848863,0.038607967
0.135572657,0.04707288,0.675711876
1.143809319,-0.923870862,0.498181663
0.167690381,-0.02543778,0.883540151
-0.010215163,-0.010156788,-0.928108871
2.939532042,0.066188395,0.799553206
3.660288572,-0.733799458,0.235207746
-0.712407112,0.379274786,-0.528858987
1.635561228,1.244980216,0.57143141
-2.771984816,-2.918606281,-0.771645449
-0.006008223,-1.155564427,-0.645714562
-1.65325129,-0.213739291,-0.074982955
-0.843131423,-1.38700068,-0.272969919
0.591138661,-0.05195488,-0.750206389
0.107684195,-0.710501134,0.926583239
-0.757020652,-3.191390991,-0.695313744
-1.099807739,-0.483783603,-0.290122981
-0.188627571,-1.660943747,0.95664638
0.302135617,-0.088640064,-0.02095235
1.743025422,2.432029724,-0.112875983
-0.020084783,-1.998990774,-0.63262374
-1.975006819,0.458147824,-0.419456605
-0.734216213,0.186950281,0.525446585
-0.244299591,0.053276405,-0.278764642
0.088876411,0.445305288,0.80908348
1.213103294,-0.199004263,0.763594664
-0.103124909,1.534882307,0.47279792
-0.04345347,-2.701866865,0.366012874
2.459664345,0.920427859,0.219874937
0.344462007,-1.102644205,0.296535899
-0.621277928,-1.283418417,0.951594535
3.07805109,3.69867754,-0.001272471
1.630462646,2.875347137,0.017208056
2.583054543,0.509263992,-0.588413999
1.256210446,-1.044049025,0.275494075
0.27033338,0.334247679,0.100301669
-0.067900181,1.523377657,0.812462688
0.659528852,1.87044692,0.771783151
-0.135406494,-1.952285409,0.719334461
0.850181282,0.969791889,-0.552505395
1.334254026,-1.918915868,0.782915347
1.51901269,0.082312889,-0.524585891
0.945035279,0.375219941,0.061022085
0.290220171,0.533408284,0.792400225
1.167516589,3.005719423,-0.355939444
0.90222615,-0.45123589,0.93673609
0.501992226,-0.396807611,-0.61164883
0.693400979,-0.602476239,0.689093603
1.345769644,-0.483535022,0.974158323
-0.282916188,-2.122029305,-0.093226993
1.293644428,-1.160161734,-0.008775971
-0.614699006,-2.276459455,0.643206678
1.26042974,-0.877845109,0.334039354
-1.812951803,1.407330871,-0.945139536
0.763390422,-0.986604214,-0.405798819
-2.247466087,-2.478039265,-0.3716718
-1.438331127,-1.129254699,-0.018152876
-0.006341659,-0.473073721,0.68837242
-0.40352875,0.213312447,-0.192774908
0.484795868,0.411635041,0.38029678
-0.173489749,2.064093828,-0.685108486
1.317554712,0.358532548,0.831322585
0.471176803,-1.375803471,-0.07430986
0.097827636,-0.062833056,0.881888436
0.31150806,0.374354154,0.816942955
-0.47426334,0.687168002,-0.192975094
0.038039397,0.313849092,-0.037761228
1.301086426,-0.54100126,0.443582756
-0.140280843,-2.563153744,0.10468391
0.006948784,-1.501918316,-0.136425314
-1.061050177,-0.130464837,-0.79824896
2.203514814,1.769454002,0.347187816
1.817656517,-2.845485687,0.705166633
-0.065314174,1.704329729,0.95062578
2.472250462,0.961468935,0.399594224
1.46313262,0.725627244,-0.211128978
0.053760394,2.986030102,-0.82121595
-0.915352583,-0.13142927,-0.193976871
0.287620217,-0.150718018,0.323700036
0.272124946,-1.023065329,-0.029369069
1.352030993,-1.122810602,0.870015523
0.580233693,-0.642554522,-0.487711496
0.685495198,-1.922283053,0.942232929
0.377811432,0.065192595,0.528326825
-0.281148493,-1.643456459,-0.431513877
-0.18559505,-0.227426827,0.206369685
-1.271560311,-0.9836694,-0.369589282
0.363898605,2.480201244,-0.325394322
1.631757736,0.560440898,0.556692239
-0.87809217,-1.636487722,0.374248891
1.954464912,0.185246512,-0.074478985
-0.270775765,-1.274812579,0.252104182
1.057740211,0.809834421,-0.769721396
1.844458461,2.177619457,-0.784208454
-1.689615965,0.099370666,-0.64053785
1.770712852,-0.857795417,-0.764408369
0.505871594,-1.122809172,0.632658018
-1.09547925,0.231138706,0.951550486
0.652229548,-1.577211142,-0.60040681
-0.298593372,-0.772208452,0.926618043
-0.60873127,-3.585431099,0.229132734
-0.194361731,0.466576874,0.844566053
0.890254319,1.318855286,-0.146457396
-0.259271055,0.030746058,-0.563029485
0.150353685,2.194993496,0.007735237
-0.758774996,-1.132028341,-0.536927559
-0.693457723,-0.744200826,0.099888037
0.452410787,-0.77974689,-0.272620277
-0.372163296,0.985610008,-0.550502773
-3.645073175,-2.514773607,-0.710540862
-0.70070827,-0.968662977,-0.507701893
1.590453148,1.896331787,-0.580731012
0.175001487,-1.252923727,-0.932047528
1.401857853,1.225509644,-0.188999403
1.175796509,3.363143921,0.252023244
0.344803274,1.714575648,0.131026496
-1.491056919,0.073912919,0.368011851
-1.179023266,0.218537465,-0.18793245
-1.509982467,-1.446734071,-0.770975254
-0.572888315,-0.889183581,0.356949081
1.411386847,1.6244452,0.240123537
1.171911716,0.341190368,-0.088899726
1.746459007,2.027188063,-0.034451786
1.146416664,-0.768395603,-0.519070924
-1.944049835,-0.436953396,0.167146382
-0.178039312,0.952860773,-0.858771319
0.693369627,1.010099411,-0.993991534
1.290768623,-0.859050035,0.24064036
-0.512640595,-0.220739543,0.281951075
-2.114525795,-1.39496541,0.054163944
-1.726652622,-1.334053397,-0.234022872
0.64522934,1.845553637,0.099875724
-1.645612597,0.143042952,0.752944031
0.34640491,0.309524268,0.815899522
1.717221975,0.221739471,0.162351607
0.740241349,1.017526269,-0.269345681
-1.28698349,-1.931848288,-0.557099064
1.967775345,1.610708952,0.802305316
-0.407343477,-0.5864048,-0.065764883
-0.034868315,2.032184362,-0.705873611
0.7253142,0.368023455,-0.930854976
-0.750454068,-0.793303609,0.431595357
0.217006177,1.003707767,-0.399559293
-0.236766636,-1.803972125,0.238873937
-0.812458158,0.803005159,0.088869232
0.635068893,0.23127678,-0.050932002
1.574638367,0.899532557,-0.549934339
-0.318125278,-0.747540414,0.917342244
-2.127053261,-1.060165882,0.598720476
0.97916615,0.317515075,-0.738233942
1.638003707,2.361077785,0.837840036
0.18140173,-1.883617997,0.526257611
0.910335064,2.211072206,0.283951933
-0.718285382,0.784611702,0.519198503
-2.216533661,-2.652477741,-0.643871669
0.34118104,-0.27384606,-0.774357236
-1.338392735,-0.167303711,0.676642606
-0.431025028,0.371825844,0.708474812
-1.175640821,0.272078753,-0.587428514
0.513153315,0.313059568,-0.255582449
-1.717440367,-0.202398434,-0.498180113
1.882428885,0.365609795,-0.8543149
1.688844085,0.514209628,0.415908877
-1.700727701,-1.044698238,-0.07650233
0.067415714,0.500691533,0.415588399
-0.636593997,-0.332192123,0.387562067
-1.123628736,-2.721378088,-0.741399495
-1.192759037,-1.000334144,0.008236821
1.505714893,1.796719432,0.651368472
0.060143463,-0.173382893,-0.913857871
-1.26713717,-0.814861357,-0.609241247
0.694106936,-0.375033498,0.126164804
-2.203763723,-0.552250743,0.780886015
0.520765722,0.459692657,-0.024149597
0.024151966,-0.534885526,-0.69964477
-0.935977101,0.018398568,0.214899241
0.166681439,2.105535746,-0.165000291
-1.293809414,-0.562498808,0.731565121
-0.205506086,-0.068502329,0.363439276
-0.046804003,-0.702774405,-0.305671558
0.23124969,-1.411113977,0.188291306
0.420492291,1.4293468,-0.166036172
-0.002488643,0.641036749,0.752761986
-1.388201952,-0.460319281,0.963937498
-0.549069762,-0.093638912,-0.286320976
1.206421971,1.790110469,0.010601593
0.978923798,0.893738747,-0.280796629
0.5541448,1.112153888,-0.384697155
0.181717947,-0.207583368,-0.577995485
0.222828984,-0.283362985,-0.391678699
-1.146403074,-0.627370358,0.825633161
0.751800776,1.488995552,0.380869854
0.40525502,0.624701023,-0.243768062
-0.462804496,-0.798828661,0.863113408
1.422527432,1.514099956,0.706794172
0.637757301,2.765667439,0.746175898
-0.434099913,-1.051832676,0.335687605
-3.315756559,-1.66377306,-0.896827253
1.140998363,3.134991884,-0.128274798
0.82425034,-1.314556122,-0.712730468
0.620574534,0.88266325,-0.682270421
0.054410435,1.737892628,-0.772233682
0.219144076,2.159345865,0.093720208
-1.973346829,-1.700551152,-0.120797437
2.259579659,1.024680376,0.07854196
1.099259615,-1.918361068,0.5056942
-2.113133907,0.641301394,0.000733821
-0.969941497,1.495493412,0.300444105
-0.869575381,-1.381465793,-0.725307507
1.141560078,-0.715577126,0.847438696
2.388642311,1.750250816,-0.209579798
-1.945307136,-1.571833968,0.240323153
-1.535492182,-0.131256402,-0.49675991
-2.845360756,-2.415248871,0.554418495
-0.577744842,0.665440798,-0.405332127
2.588943958,1.578576446,0.109773174
1.202008367,2.305519104,-0.548872275
-2.476408958,1.8353585,0.506434813
1.932852268,4.43452692,-0.222363064
-1.076388717,0.961045027,0.945830643
-2.424585819,-2.371993542,-0.474332051
-1.217026711,1.051631808,-0.725198723
1.47624433,2.325826883,0.217384307
-0.556920409,-0.055632833,-0.9138776
-0.672501564,-2.017938137,-0.171807534
0.908015847,-2.191401958,0.407369128
0.625281811,1.035061836,0.07167673
-2.424534321,-1.406132936,0.562388109
1.061987162,1.130451679,0.987065124
-0.099383563,0.397497177,-0.454169586
2.492956638,0.339778721,-0.403799091
0.677394986,0.36818403,-0.268035471
-0.232828394,1.706767321,-0.278932595
1.804408789,1.953074932,-0.983484935
-0.346130729,2.13465929,0.510622437
-1.953196526,-1.692816377,-0.89044815
2.060045481,-1.151224136,-0.180572402
0.064043425,0.561995625,0.170975361
-0.175273463,1.202504396,0.934153878
-0.67666173,-0.053704537,-0.596257981
0.215488046,0.879684389,0.385863473
0.994392812,-0.457456768,0.02340099
0.816282511,0.216344684,0.181881033
2.587707996,1.347990513,0.189666202
0.026808158,0.910510659,-0.875374318
-0.163935721,-1.19152832,-0.528984986
-2.604559898,-1.824135065,0.321242111
0.637027979,1.520765543,-0.791544763
0.51127702,-0.197195739,0.353690324
0.619401634,-0.743621945,-0.269168517
0.448119104,-0.156326354,-0.920672368
0.444759309,0.457028061,0.844780127
-1.093770504,1.522182107,-0.281203962
0.166370496,-0.865966737,0.627373079
0.324528664,-1.236109495,-0.540914837
-0.310691357,-0.375624776,0.300653742
1.524617672,1.537199974,0.833384222
0.3995139,-1.952269793,-0.659213207
-0.633856356,-0.534273982,-0.920331389
0.730981588,0.638324559,0.016186348
-0.592777848,-0.875310004,-0.057674861
-0.084476903,-2.705682755,0.786626467
-1.669477224,-1.058689117,0.485463638
-0.115058117,1.363068581,0.803526832
-1.446767449,-0.703799069,-0.571814362
1.068200588,2.601103783,-0.646315511
-2.07874155,-2.395358562,-0.422525189
-0.844458401,-0.042438954,-0.023661502
-1.808249474,0.657016456,-0.315505407
-0.713754952,-0.08139272,-0.911004112
1.234955192,-0.494008899,-0.023867749
0.387500465,0.534931064,-0.221076331
1.026048183,0.675784469,-0.074569045
0.358880699,0.875586152,-0.838202543
-2.535986423,-1.356951714,-0.955444712
-0.904284894,-0.627179623,0.81301064
0.67010808,1.269262433,0.736969879
-0.421223521,0.360596657,-0.940364958
-0.426784575,-0.157254159,0.590295583
-2.300045013,-1.964517593,-0.999583366
-0.173614174,-1.426000357,0.533905003
2.512266159,-1.149080992,-0.74526964
-2.457472801,-0.762062788,-0.63728986
-3.442309141,0.482167423,0.317736794
-0.42797035,0.932253242,-0.715956236
1.232450843,1.077139616,-0.983287576
-2.364212036,-1.95093596,-0.261371341
2.114925146,4.03373909,-0.85207854
1.894490838,1.465253592,-0.8206899
0.759742081,0.284760714,-0.426713629
-0.960095406,-1.071308374,-0.158686029
1.104750872,1.358588696,-0.867692283
-0.619463086,-0.186186478,0.520367742
0.723775089,-0.566841185,0.092892825
0.509205639,-0.400473386,-0.786547171
1.732748508,-2.532003403,-0.839403106
-1.186561227,-0.48903358,0.472836366
1.674735069,1.74567318,-0.629202734
1.02989924,-0.461824268,-0.316604338
-0.365040094,-1.124790668,0.25809089
2.318368673,-0.773423731,0.498519197
-1.117004633,-0.951421976,-0.72592869
0.963126183,1.073484778,0.279512338
0.964737177,3.97739315,0.216795918
-0.520457089,-0.12310873,-0.220980343
-0.323046029,-0.881263912,-0.110090949
2.58010149,-2.086876869,0.282823272
0.973295212,1.750438452,-0.667243394
2.348794937,1.223807812,0.34154846
0.529310524,-0.682093382,0.71452742
0.800924659,-0.264092028,-0.327799641
0.431839079,-1.377230406,0.535693281
-0.079272561,-0.225366741,-0.097234933
-1.315038919,-1.158089638,0.413228747
-0.060030594,-0.037436098,0.28873688
-0.618056476,2.05068779,0.071046873
-0.647489786,0.366403878,0.766078016
1.777985573,2.055398941,-0.621483487
-0.029968679,-2.442483187,-0.313435534
0.498936236,-1.825324178,0.699132266
-0.864759088,0.904552877,0.75084908
-1.213334084,-2.138037443,0.285459654
-2.146403313,-0.779034197,0.370094593
-0.616154253,-0.458899617,-0.906627526
1.352444291,1.70396781,-0.185227339
-0.395195752,1.735141635,0.276947068
2.397976875,0.617917657,0.40973997
1.497817159,0.108169198,0.889311103
-0.06095688,-0.190822452,0.844325117
0.629033208,0.578699827,0.249214384
1.720444679,0.554151952,0.716775031
0.111261636,-0.200826123,0.389152252
0.396393895,-1.110263586,-0.598728148
0.388589919,0.751261711,0.695892359
-1.799359202,-0.611360371,-0.756607573
2.027449369,1.500948906,-0.916190381
-0.535999537,-2.039698601,-0.224896056
1.061213255,-1.342660308,-0.97432814
0.315012634,1.007128,-0.659169945
0.340952873,-1.119266987,-0.234376741
-0.573552132,0.480086148,-0.234202664
-0.31802094,0.931201696,0.475921774
-0.856297135,-0.838819623,-0.003755523
0.482229173,-2.484972954,-0.644455954
1.203355551,-2.305249691,0.802694019
1.633136988,1.265392661,0.52369401
-0.020593703,1.683692455,-0.414365667
-0.172676936,-1.882612228,-0.449567741
-1.553456068,0.068611436,-0.67436992
-0.878661633,-0.932740092,-0.558436073
-1.433194041,0.666307092,0.927170995
0.528010786,-0.389843553,-0.800857904
-1.209211111,1.273639679,-0.086474162
-2.219182968,-1.964541316,0.259024827
-0.377492845,0.980686367,-0.241456556
1.3479774,-0.031655595,0.998709951
-0.526409388,-1.378148079,-0.941531712
-0.669553161,-0.589387119,-0.178602067
-0.959824502,-0.492857099,0.429687536
1.974362135,-0.151710153,0.489913593
1.010609269,0.803004384,0.737614384
-0.796770453,-2.081985474,-0.995884124
0.42537272,-1.975723743,-0.734075781
-0.166289747,1.892638326,0.638300579
-1.399954796,1.466059327,0.642044464
-1.158415556,1.006724,-0.108757905
-1.201235771,0.236761495,0.50321359
0.447147727,1.132573605,-0.439222905
3.45543313,1.631234288,-0.217867161
0.069214664,-0.063276336,-0.134477161
0.225862771,-0.58124578,0.069421414
-1.42195785,-1.566250443,0.09102781
1.43972075,0.175519079,-0.067137491
-1.569889545,-0.739464104,0.623196053
-0.135830894,1.653612375,-0.398025153
-1.650439739,-0.796607852,-0.166732858
-0.914828897,0.449373364,0.657370058
1.650888205,0.63458693,0.744401417
1.073463202,-0.761117339,0.134271092
-0.172813743,-1.073372364,0.275283567
0.605740547,1.177781105,0.233696163
-2.103049517,1.045281053,0.528583432
0.073090538,0.28762266,0.896357423
0.501647413,-1.545584917,0.514747151
-1.28158474,-1.293678522,-0.165568291
0.395804137,0.094675392,-0.863740343
0.005358569,-0.228854179,0.937943953
-0.740449429,0.260106921,-0.011606067
1.012266874,2.364220381,0.813316898
-0.282728493,-0.513132691,0.229170718
-2.437300205,0.2484359,0.460548803
-0.289639205,-2.098227501,-0.932426205
0.592370272,0.450691104,-0.509937674
1.210808516,0.192300081,-0.331950415
-1.565812469,0.517201722,0.835872046
1.978162527,-0.580866575,-0.691021779
0.226458609,-0.357283354,-0.487324328
-1.088905811,2.104673386,0.093222233
-0.825407624,1.553631067,-0.108121754
-0.741514683,-0.044556923,0.757108852
-1.244803786,-1.420577526,-0.253645193
1.846316457,-0.121003091,-0.189762686
1.214757442,-0.950614095,-0.758531421
-3.266884804,1.487935781,-0.735061674
0.554937482,-1.223098755,0.758465675
1.087565899,-2.350106239,-0.978871618
-0.527880132,0.188209295,0.931894037
-2.585613489,-0.292226315,-0.499773677
-0.501803279,0.292838275,0.983167714
-1.249609947,-0.236359775,0.280356857
0.836681843,0.150697276,0.556335155
-2.719503164,-0.710309267,0.535588263
1.536735296,-0.15159525,-0.925966086
0.185447901,0.463818371,-0.347434979
0.370610625,-0.287277907,-0.739508375
1.212706923,-1.070790052,-0.877186984
0.587919235,1.654985189,0.474513376
-2.42201829,3.223974228,-0.461843308
-2.766095161,0.534468174,-0.176484217
-1.775738716,-0.03288722,-0.054157647
0.470558882,-1.539978266,0.806313377
3.984878063,-0.009578906,-0.530773782
-1.238496065,-0.894475937,-0.964877836
-0.062156778,0.144849464,0.107562669
-3.262975216,-1.056881428,-0.188391204
-0.357944012,-0.326105565,0.222070292
0.992134333,0.869237065,0.855161791
0.840769053,-0.331205249,0.902528412
2.309615135,2.7704041,-0.552666916
-0.408827543,2.447740078,-0.690334404
-0.458437145,-2.458853483,0.23698867
0.716960192,-1.74177587,-0.326768139
-2.107519388,-0.22336106,0.294186902
-0.641589165,1.014576912,0.370332049
0.731903195,-0.772731781,0.056425523
-0.35185498,2.301249743,-0.867060014
-1.181997418,-0.940370202,0.626342015
-0.405313969,0.64957422,0.37085556
-1.736467361,-0.016711578,0.802758535
-1.61237371,1.576951861,-0.599863633
-1.51646328,0.840886712,-0.822899609
1.502747774,-0.00180484,-0.166860413
0.214914888,-0.502237141,0.460609847
2.229701757,1.998523235,0.594500542
2.750426292,-1.431682825,-0.973162671
1.352706909,0.491491795,0.055716675
2.549705029,1.14848125,-0.387287461
0.575634062,1.60463047,0.885167543
-0.38944912,2.577310562,0.755522062
-0.564059854,1.548839569,0.271793557
0.946153283,0.340910524,0.654222559
1.870957613,1.150044203,0.992882842
-0.609352589,-0.477437615,0.433351848
1.008232117,0.240184456,-0.940533715
3.498796701,1.559255123,-0.818731257
0.380389988,-1.656974792,-0.142027952
-0.954099953,2.231688023,0.844172088
-0.675421596,0.248259306,0.00352532
-1.129379988,-1.973779678,0.600940315
1.618335128,0.615923882,0.95346147
-0.586037815,0.514331222,0.120502683
-2.109884262,-1.029536724,0.088520316
0.663815498,-0.11448507,-0.847729008
-1.774431467,0.128595024,-0.041200565
-3.569420338,-1.222233534,0.259754551
0.662242413,-1.486764908,-0.145952077
-0.199600801,2.774080992,0.316066502
1.374119639,-0.690677583,0.326086828
1.789108038,-0.076479957,0.345804274
1.81779325,2.861812592,0.511270964
0.684256196,-0.183339253,-0.464523754
-0.78314501,1.615880489,0.279373999
-0.59590894,-0.82375145,0.522824877
1.22744298,0.766343296,-0.335286127
-1.799372315,0.064060725,0.488083236
2.978597403,-0.848336458,-0.056619002
-1.46393168,1.59698832,0.519367314
0.655031323,1.501645207,0.763527178
1.941711783,2.004460335,-0.447242966
0.457565904,0.351202726,0.349078737
-0.090489529,-0.36024645,0.935604178
-0.155482754,1.012574196,0.671729423
-0.032318532,-1.652855635,-0.732370855
-0.983932972,0.732706547,0.058041202
0.135372922,-0.970308185,0.613935964
-1.296045899,-1.063952684,-0.92111421
-1.219564795,-0.586812198,-0.433164816
1.96578598,1.000844717,-0.589876803
-1.643769979,0.210652769,-0.22310325
0.948666573,1.060210228,-0.172320275
1.41797781,0.455854177,0.196978384
1.154025555,1.226222754,0.083068651
-2.315479279,-0.843870044,-0.864516361
-0.610186219,-1.620248437,0.636053592
0.638282299,-1.182855844,0.32452131
-1.838302135,1.197871804,0.8621107
1.191751957,-0.793226957,0.351225421
-1.646411657,0.047269806,0.589898368
-0.31635797,0.966968358,0.927762653
1.745922565,1.771356583,-0.593752971
0.788076401,1.52807188,0.548724408
1.317657709,0.25695762,-0.980379802
-0.16526486,-0.375560284,0.177059085
0.647254884,0.929906845,0.793604169
0.08542338,0.16451101,-0.490978591
0.236347571,-2.122686863,-0.723616434
1.159421921,1.745685101,-0.030032788
0.40007323,0.160211623,0.054028638
0.398726076,0.173639655,0.71473065
0.553504825,-1.341268301,-0.516220746
0.383416891,1.217943192,-0.222353795
-0.608523846,-1.230422139,0.484052698
0.310244977,-0.088805944,0.261904249
2.692716599,-0.109988242,0.268828253
0.731268108,-0.33698675,0.930479613
-0.743910313,-0.632108152,-0.372543816
-1.461817026,0.053955257,0.043670972
0.444449961,-0.172756925,-0.484465933
0.037972167,0.520276725,-0.185747743
-1.211488366,0.575022519,0.635888403
-0.232059643,-0.391203701,-0.744043087
1.821492434,1.807477117,0.959152365
1.122872829,1.641839147,0.824775281
-0.086179443,-0.737420619,-0.110093427
-0.227449059,-0.000526726,0.298902797
2.812081337,1.234627128,0.228205523
1.292984247,-0.492177099,-0.029327033
0.773908615,1.015023947,-0.164766135
-1.51085794,-0.266104341,0.711167332
-0.243728578,1.070379496,-0.189897561
0.48743704,-1.781981945,0.51549006
0.773824811,-0.878107369,0.482352546
0.664055347,-1.345577478,0.343536741
0.666739404,0.336817384,0.228847884
-1.703374386,-0.752159238,-0.865813912
-1.91887188,-0.857332468,0.802024308
0.105996817,-0.915143907,0.088775951
1.289255261,-0.556554914,-0.025096033
2.998705149,2.196165085,0.431939109
-0.381190568,-0.278176278,0.988509278
-1.531851411,1.355714917,-0.702633494
-1.50648284,1.688666582,0.191959021
0.690856576,-0.614586413,0.921782718
3.111102104,1.596813321,0.928960962
2.578193903,2.478270531,-0.262269536
-0.71249795,0.942938507,0.980110935
0.456887305,-0.555175006,-0.650039701
-0.179255262,0.790826321,0.568505813
-1.500900745,1.406172037,-0.374584196
-0.223874629,0.00297904,0.989933642
3.702158451,1.71139729,0.402937453
2.420533657,-0.2326601,-0.111589597
-0.7263937,0.45762381,0.643907989
0.658619523,0.564277172,-0.761885782
-0.998480439,-0.134071663,-0.451598048
0.231819391,-2.90649128,-0.877445697
-0.047033899,0.52875644,-0.114802672
-1.411083937,-0.738068223,-0.454521409
-1.344980478,-1.893907785,-0.702528921
-0.696775138,-1.271921396,0.712323017
-1.840816617,-2.337872982,-0.740016235
-0.440091312,-3.868052244,0.853996112
-2.78935647,-1.845831394,-0.407611915
0.130576566,-0.686368346,0.169527728
-3.382585526,-1.948565364,-0.118482851
-1.483920217,0.062683195,-0.312630613
-0.274831563,-0.855560303,0.065989661
0.018546619,-0.081921309,-0.292986565
-1.384451628,-2.283899069,0.111837887
-2.643847942,-0.633274734,0.137270393
0.072892427,2.332872868,0.254518752
-0.374450296,-0.105299085,0.968912654
1.916583061,0.903767705,0.010009425
-0.751412511,-0.574704409,0.65305359
-0.172828898,0.610026002,0.82475326
0.354493111,-0.855572462,-0.296330653
-0.055484902,1.189243793,0.696958317
-0.679268241,0.021766081,0.153746311
-0.292447031,-0.327049762,0.555973575
1.004101753,-1.045479298,-0.458240188
-0.481419265,0.733523011,0.632529608
0.000518374,0.116022609,-0.113591636
2.701416016,0.788903415,-0.319378255
1.085113049,-0.247980461,0.874237588
1.077991009,1.086928606,-0.977383821
1.247879982,0.27217117,-0.652562792
1.117764354,0.765151143,-0.69281258
0.034876667,-0.695003986,0.950885442
-2.772850037,-1.880842209,0.214785119
-0.107709274,3.867012978,0.993601809
-0.542654753,0.909239888,0.800202685
0.642615676,-0.357262462,-0.784564121
-0.189681694,-0.006501094,0.25418873
-0.522840559,2.062516689,-0.248002071
1.294109821,0.885346055,0.745034764
1.88679719,0.135254115,-0.016339274
1.529963017,-1.243539214,0.875670316
0.403662562,-0.043139629,-0.254271728
0.289997131,-0.875963211,0.684227208
-1.44986105,0.010299981,0.578628114
1.698820114,0.636418402,0.368441808
-0.872272611,0.421452075,-0.794282017
-2.275568724,1.236182809,0.833833249
-0.08104305,-1.26611805,-0.214164527
-1.861390233,-0.746472239,0.465422864
-1.394852042,0.669527173,0.911979786
2.487519979,-0.059230402,0.820765808
-0.946074665,-0.329748213,0.785295794
3.080533743,-1.063372374,0.695493632
-0.300972641,0.014584519,-0.50775412
-1.239732981,-1.01683557,0.664144843
-1.738145471,0.011600912,-0.27638193
0.276183456,-0.568661213,-0.781901995
0.264947116,0.179109409,0.836968484
0.411048949,0.594088137,0.124577543
0.846012354,0.412559271,0.878050506
1.574123144,1.965581656,0.072995686
-0.888637006,-3.724463224,-0.404880497
-0.747247338,0.461759895,0.703921207
0.115911394,-1.204172134,0.498927599
-0.867868781,0.575820923,0.801128656
2.278175354,-1.319054604,-0.257777313
-2.244499207,-1.248539805,0.312457157
-3.217245102,-4.03083849,-0.512147089
-0.742539227,1.745821714,0.812380329
0.652315915,0.448882997,-0.470283813
-1.370248556,0.590118706,-0.543423119
1.128858209,1.750895023,0.330356579
1.737322807,0.859357357,-0.990294494
0.050406989,0.007453394,-0.707754791
1.550685287,0.14248392,0.033304697
-0.155796856,1.632151127,-0.033538187
-0.312843502,-1.137980819,-0.641527998
-1.209049225,-0.539253712,0.463053413
-0.970946908,-0.674713492,-0.36395463
1.40346837,0.081347018,-0.707997883
0.308529139,0.242841661,0.732999085
0.615500152,-0.609790385,0.19852464
2.857261181,1.378235579,-0.428042457
-0.804054201,-0.238545597,-0.526276343
-0.426263094,0.159045696,-0.036156539
2.069647789,1.512468338,-0.945835129
-0.352351457,-0.865953922,0.962774775
-0.975007951,1.359829903,-0.8396978
-2.034335136,1.5387218,-0.720089066
-0.010796279,1.079735041,0.096025278
3.21645546,1.918033719,0.141668768
-0.110208362,0.064889058,0.095898863
0.833865941,0.254908681,-0.502255767
-0.036206417,0.477444589,0.205657634
1.546609521,1.694305062,0.077966248
0.08559788,0.578680158,-0.359526724
-0.875491023,-0.574915528,0.542658858
1.300983787,0.899129868,0.838661486
-0.211214617,-1.872914553,0.038380985
0.607169271,2.059473038,0.339617116
-0.789149165,-0.695315599,0.080270701
-0.148290932,-3.843148947,0.780921174
-0.356554151,0.611164272,-0.704207653
-1.995255232,0.245595574,0.911533666
-0.294404149,0.701551855,0.132429721
-0.753749788,-1.392847776,-0.114073074
2.261826277,2.732016563,0.171285657
-1.564007759,-1.822227478,-0.53248207
-0.745374799,-0.398979574,0.207930375
0.607346892,2.835755825,-0.247281039
-2.079506397,-0.021308713,-0.262526561
-0.53308177,-1.18442595,-0.280175082
0.765349507,1.304896235,0.974672545
-1.834493279,0.062098771,-0.636620674
2.317182302,-0.297361225,-0.581730068
-1.220510721,2.600488186,-0.486258185
0.794924974,-0.598258674,0.059074793
-0.820990562,-0.792121768,-0.81395885
0.526376724,0.622818947,-0.389121543
-1.439463735,-1.496749878,0.365470838
0.377948523,1.04227376,-0.035872349
-0.092765175,-0.846182585,-0.724540168
-0.833500743,0.140257746,0.572992337
0.378245533,-1.060876369,0.617655346
-1.17699337,-0.483378649,0.367444469
0.886608243,-5.303349018,-0.658459935
0.271921575,2.542161942,0.74454864
-1.424901962,-0.153170064,-0.41578817
-0.316511393,-0.822252989,0.135591202
-0.702202618,-1.603227019,0.978673635
1.298943758,0.121244356,-0.944999104
-0.081724919,-0.845122576,0.161741425
1.526544452,-1.453242183,0.515055111
1.134558916,0.438797802,0.02668472
-0.236690193,-1.399950743,-0.613032257
-0.172923297,0.64862299,-0.255561119
-0.690135717,0.100603908,0.242680494
-1.644191265,-0.696912646,-0.365918963
2.470645428,1.469249487,0.171296047
-1.526176453,-1.988121629,0.567548325
-0.178051025,2.126469612,-0.130878292
-0.336871177,1.508778691,0.243914027
1.106297731,1.248695374,0.964764321
-0.639526963,-0.461020291,-0.198197253
-0.666284084,1.850415349,0.577142632
0.425321132,0.986933827,-0.70316295
1.817157269,1.898694515,-0.844532757
0.809085071,-0.210837111,0.332427209
1.330311298,1.754266262,0.189857096
0.241975382,-0.321689487,-0.199505961
-0.191565916,-1.002974153,-0.091070346
0.595120311,-0.867746353,0.160238935
0.021893352,1.717939019,0.198921259
0.161879897,0.649084687,-0.397885985
-0.196322784,1.60665226,0.768011953
0.474304557,-0.009864889,-0.026517538
0.936842084,-0.438920081,0.526553416
0.693951309,-0.764712572,-0.490717022
0.019435748,1.136011124,-0.248532296
-0.710632682,-1.192924738,0.756631587
-0.228880018,0.272259951,0.406029117
-0.408996463,-1.048853278,-0.747607022
-1.221730709,2.846843243,0.587737042
0.90103364,-0.721569598,0.058302333
-2.568493128,-0.42003876,-0.792953356
1.332477212,0.877305388,0.174897878
2.98542881,-1.624261856,0.892929177
1.36479485,0.626422524,-0.055261755
-1.156208992,-0.651397288,-0.138207758
0.599599481,-0.667972863,-0.403256848
0.554460824,0.124142602,-0.200214259
0.676655889,1.1336236,-0.836577073
-0.408103704,0.185548022,0.160072476
0.556931496,-0.714773655,0.555201655
-0.328024447,1.032361507,-0.94674636
-0.158000827,0.733133912,-0.999474422
0.341929197,-0.978595257,0.912215639
-0.032549739,0.527671695,-0.526477396
1.212917447,-0.292471915,0.808360135
1.203072786,0.477548361,-0.404226537
-0.210919484,-1.471511245,-0.79191914
1.024719238,0.111919194,-0.304266269
0.156138882,-0.723160863,-0.087854345
1.020897031,3.541678905,-0.179576431
0.109644875,1.205982685,0.683827199
0.186594814,-0.016528202,0.861121422
1.32597208,1.44512403,-0.923027007
0.052166969,0.064263009,0.174572349
0.97097683,-0.451566875,0.472668991
0.779616356,0.261315405,0.186932346
-2.071109295,-0.106491372,0.129949173
-1.26793313,-0.290764391,0.20223513
1.598872185,1.082192779,0.024063501
0.459209204,0.496500164,-0.355784787
1.3358531,2.990059137,-0.416549453
0.377080113,2.217395782,0.278905239
0.205093488,-0.666057944,-0.188851783
0.638495266,-2.745847464,-0.243987736
-0.758096337,0.633833885,0.62373493
0.295814455,-0.16596061,0.893993933
1.72660768,1.817464828,-0.079909277
0.88883841,-0.801400185,-0.251717749
-0.450438738,-0.198546976,0.833047657
0.031739593,-0.877913117,0.874343344
0.580444753,0.661498189,0.03216918
-0.232056335,2.068763494,0.210966444
0.121367902,0.455854386,-0.256510918
-1.305269241,-0.696119487,0.93601106
0.783190846,0.38705197,0.552553386
-1.171887398,-1.203757048,0.716436317
0.24886626,0.015688524,0.366010625
0.279132128,-1.516777277,-0.476314319
0.032204479,-0.718100309,-0.730635818
0.330927968,0.572514772,0.563810323
-0.222029328,2.704632282,0.067225776
-2.161200047,-2.14904213,0.352640149
-3.728952646,1.702670336,0.786563727
-0.92046982,0.447046399,-0.035648351
-1.026703238,-0.357223332,0.127483953
1.529597282,-2.250392437,0.406514235
-0.842770159,0.603919685,0.475484626
-1.789848328,0.107472904,-0.652697429
-0.37107411,2.436255455,-0.641335735
-0.00433902,0.173521891,0.932744359
-0.925407767,1.176890135,-0.688638021
-1.61950767,-0.05351885,-0.377843504
-1.290194035,0.073598415,-0.959427404
-1.139670372,-1.241057277,0.942134586
-0.78478384,0.691480637,0.86940664
1.975462198,2.780891895,-0.862900693
-0.368836641,0.539304495,0.789607536
0.998940885,-0.21443072,-0.887812812
-1.289964557,0.882946253,-0.269937242
-0.399350733,3.02119112,-0.477494952
-0.684418082,0.109340817,-0.212780259
-0.845511436,0.217172742,-0.64187155
-1.283142447,-0.337082386,0.20931315
0.012707941,1.587189198,0.610982264
-0.810936809,0.470578343,-0.927663984
0.68483144,-0.741337419,0.21812302
-3.274872303,-0.321483731,-0.624267136
0.8258636,0.403041869,-0.567767911
-1.435252905,0.943345904,0.692009863
0.985603273,-0.266020358,0.250957071
0.926387191,1.666573524,-0.399479856
-0.982836545,-0.789901853,-0.804753344
1.235836267,0.615778863,-0.658882311
1.843690395,0.134363025,0.209015177
1.754348159,1.891030073,-0.975647631
-0.775983453,-1.138700485,0.485323282
-1.729176164,1.42896533,0.854493087
3.22373724,0.624965906,0.415819787
-1.070760489,-0.548561931,-0.158443712
-1.874638796,-1.506747603,0.267409899
0.115784228,-0.236518055,0.740402591
-0.913253069,-0.302175462,0.604332825
0.724320054,0.724363267,-0.256476299
1.157486439,1.432370782,-0.467611531
1.172758102,0.883597136,-0.061708088
-1.608289003,-0.943395078,-0.033721489
-0.045491807,-1.393306732,-0.000161553
-0.173448861,-0.987475157,-0.743359333
-1.311731696,-0.283733726,-0.343994256
-1.618504763,-0.40783447,-0.976693597
2.146035194,0.275721908,0.958344867
-0.565407097,-1.494189143,0.722559035
1.040355444,0.461627513,0.420292709
0.511939645,3.368656158,-0.750339669
0.920786858,1.831097841,0.812474244
-1.615118265,0.022456795,0.692724966
0.11150986,0.859059691,-0.015372444
-0.026986159,-1.194875598,-0.226946325
-0.316659063,-0.954497874,-0.005949895
3.984063148,1.826490402,-0.895712414
-1.271922231,0.805327058,0.190342318
-0.301962078,-1.319277048,0.680010069
-2.17771697,-0.455709577,0.832036227
-0.032050163,0.952108562,-0.206774289
-0.653151631,-1.87294054,-0.754161088
0.751260042,0.572733998,-0.194393636
-1.019979835,-2.974674225,-0.739823846
-1.481173992,0.056705952,0.080120182
-0.868190765,1.391263962,0.027636517
0.494785607,-0.933962107,0.920950604
-0.342743158,1.991000175,0.948869854
-1.572846651,1.559574604,-0.852261282
-0.712073684,1.079799652,-0.691544737
1.147309422,1.34535861,0.279548354
-0.806415021,-2.120443583,0.950589237
1.115311146,1.767644882,0.462235983
0.422202289,0.859487891,0.285467438
-2.152561903,-0.96360898,0.64133667
0.536394596,0.64266932,0.996034493
2.674639463,-0.341598868,-0.364792386
1.919471741,0.477853656,-0.498424108
0.733701348,0.495606899,-0.887319962
-1.447850227,2.118665695,0.096874257
2.180153847,1.004085064,-0.229269523
0.027900711,-0.841648102,0.283380344
1.124417543,1.937490463,-0.391306764
-1.436610222,0.120831102,-0.138058272
-1.649978161,-1.311814189,0.132054894
-0.662744999,-1.35134232,0.366389943
-0.57695353,1.044861555,-0.126135495
-0.725252867,-3.129354477,-0.973841578
-1.149249315,-1.740929484,-0.364199583
-2.473160028,-0.695885718,-0.702228854
-0.965756714,-1.329646587,-0.495878855
-2.128855228,-1.080512166,0.088369086
1.11367321,0.84775281,0.63627233
1.808931112,0.444135666,0.200783216
-0.922087789,-0.037998527,-0.373781435
2.159798384,0.588804007,0.762691329
-2.150782585,-0.099349566,-0.021728167
-0.048978165,-1.108716488,0.766089971
0.420456946,-1.193109512,-0.067079809
0.49116683,-0.234052926,-0.399506553
-0.710209846,-1.934789658,0.652844363
-1.918332338,0.695572734,0.49845777
-0.04930041,0.250396729,0.812020392
1.556147814,-0.204872444,-0.909101942
0.703397334,-0.77032125,-0.116234686
0.648937225,-2.748588085,0.940760889
0.209260151,1.213358641,0.302895206
-1.81463325,-1.500539541,0.803309173
-0.877447426,1.191522598,0.434113308
-0.904534042,1.296763778,-0.111549732
2.128990173,0.576659381,0.327468571
1.374063969,-0.705147922,0.120902855
-3.015989304,0.377497852,-0.770417316
-0.896911621,-0.206034988,-0.003561048
1.884806395,2.640262365,-0.039005519
2.477264166,-1.490991354,0.92365266
-1.66263485,-2.434788227,-0.269043889
-0.27857399,0.943509102,-0.673195544
0.150106251,0.566305101,-0.394426845
-2.566129684,-1.487311959,0.269341393
-0.544495106,-2.281758785,-0.074655472
1.370655537,1.144409895,-0.812859701
1.935432911,-0.535664916,-0.706576321
1.132724762,1.269092917,-0.017801596
0.361031383,-1.196308136,0.063844235
-1.912077308,-1.46071887,0.466055545
1.037353635,-0.043885931,-0.716330401
-0.79825455,1.026329994,0.950173288
-1.032735467,-0.772838831,-0.799198731
-0.468926966,0.584599972,-0.167327686
1.716398597,2.401083946,0.150928982
-0.478741288,1.779811859,0.938283944
-1.037476897,-1.960548878,0.847112099
-1.461694241,0.578975081,0.312626171
-0.216935486,-1.134160757,-0.354517444
0.484295279,0.990424514,0.985907334
0.087766856,-3.035539627,0.73291003
1.903540015,-1.734454393,0.578056429
-1.948791981,-0.937260211,-0.65543456
0.314512521,-1.651925206,-0.422261859
-2.533226013,-1.562253475,-0.488986395
-1.244993091,-1.611116886,-0.281749506
0.717969298,-2.090636253,0.356564817
-1.233583212,0.606363833,0.015202523
-0.126732945,-0.02560427,-0.665699281
0.002168745,-0.155340061,0.01043823
0.289793581,0.705727339,-0.314033891
-1.562665224,-1.426107407,-0.923722394
0.937320173,1.063236237,0.082179326
0.797982931,-1.146646857,-0.010182165
-0.628077984,-0.085843503,-0.556223885
1.230599523,0.375930041,-0.897674931
0.563272655,1.301610112,0.326786721
-2.056629181,0.527698755,-0.111150055
0.604902625,1.230020046,-0.893609935
-0.164989531,-0.201483935,0.049610494
0.529594064,-0.288800836,-0.331039448
-0.331865788,-0.458943069,-0.577398418
-0.591096461,1.483220935,-0.726845616
-0.24931258,-0.299006462,0.618115663
0.375406414,1.057780266,0.106646258
1.43591094,-0.068712577,-0.70059276
0.037966512,-1.289955497,0.737741078
1.953796268,-0.623070776,0.739681657
-0.294809163,1.529205084,-0.42868114
-0.078262053,0.51741606,-0.899285369
0.496046245,1.478704333,-0.147697301
2.455991983,1.092282295,-0.846738947
-0.484699488,0.240967333,0.061071561
-0.455793023,1.955805421,0.017697075
2.923949003,0.508731127,-0.960495698
0.192430258,-1.001539469,0.970018667
-1.311192036,-2.768433571,0.273338684
-0.521939814,0.68840313,0.484717963
-1.301885843,-2.797438622,-0.193080176
0.602534235,1.854415655,0.290121735
0.214219436,-1.128098249,-0.86277318
-1.558371425,0.427408963,0.642344723
0.653152406,-1.886821747,0.091247434
1.789198875,0.543952703,0.801276492
-2.695211649,-3.369728088,-0.81010236
-1.112939239,-0.176448017,-0.87439702
0.468071222,-0.460740864,-0.879225111
1.459789872,1.122445941,-0.816763265
-0.142003387,1.66662693,0.452758255
0.536401033,-0.39228636,0.181724109
-2.338184357,0.473796248,0.894117566
0.144264966,-0.583487034,-0.727487622
2.357985258,1.681919932,-0.759774193
0.973879755,-0.436000794,0.679445011
-0.769669771,-0.534019113,0.121031325
0.163709566,-0.613969445,-0.725051328
-1.27758956,4.157080173,-0.595238122
-0.320480913,1.283976197,-0.025623642
-1.087585926,-0.691866219,0.696269445
0.795467198,-0.757727861,-0.473931875
0.981142163,0.408049077,0.247870924
-1.163013697,0.608294666,-0.689381856
1.195382595,1.853920579,0.249483005
-0.796093106,0.736147106,0.264236413
-0.752137303,-1.276544094,0.236010109
-1.276983023,1.462312698,0.295786961
-1.653184891,0.857623935,0.659965021
-0.503436685,-0.55717355,0.626154797
1.164518118,1.206102848,-0.573937404
1.467248678,0.79709661,0.09586631
-1.557094812,-2.360544205,0.231935513
0.230600446,-0.68558383,-0.64131393
-1.785108805,0.596628666,-0.969196505
-1.154421806,-1.811586499,-0.280248338
0.507826447,-1.67442131,0.486341854
1.250686288,-0.963618755,0.992059851
0.403259456,0.945775747,-0.881969378
-0.611726165,0.106283128,-0.477907157
-1.3094666,0.465808094,-0.404032327
2.104817867,-1.955018997,0.67700551
1.341205001,1.003450751,0.769112306
-1.293270826,-1.5694139,-0.806840369
-0.30213666,-1.012177944,-0.808810484
-1.240525246,0.619986475,0.608518025
-0.516782522,1.607880592,-0.861439959
1.397980928,-0.391029894,0.960364711
1.929490089,-0.555742383,0.749210956
0.923705101,-0.301464945,0.092895519
1.324519873,0.722161889,0.429060235
2.239216089,-1.069867969,0.976386734
0.588432491,-1.804849505,0.481967058
1.780858397,0.940865755,0.437948811
-0.161102474,0.549653232,-0.60598757
-1.999615669,0.179626882,-0.979269064
0.548420012,-1.166458726,-0.668537753
-4.132063389,-0.453441918,-0.280869673
0.595971882,0.877286255,0.782737567
-1.790454626,-0.60035193,0.563653256
-1.274704337,-0.674546957,0.750298856
-1.963448524,1.098145962,-0.927358756
-0.193852007,-0.659004211,-0.674550463
1.270445585,0.062554173,0.013926801
-1.873584986,-2.377051353,-0.921454664
0.637416482,-0.705221534,0.862548774
1.65077877,1.33658576,-0.685136121
-1.029727459,0.527462959,-0.240660266
1.758824587,0.980179429,0.323512976
1.744320393,-1.260979652,0.655710181
2.154530287,0.737089157,-0.419511482
0.308244824,2.293663025,-0.65327593
-0.587310553,-1.655656576,-0.792895429
-1.276613832,-3.232933283,-0.231174219
-0.754658937,-1.992487311,0.509543765
-0.320266932,1.75754869,0.57012422
0.477216244,1.002925754,-0.802358322
-0.944736362,-1.943832994,-0.689085793
-0.577920258,0.246506661,-0.024738642
-0.667507887,0.986912966,0.6616646
1.475747585,-0.536142707,-0.510039665
-0.435149431,-0.587094426,-0.192980882
-1.280377388,-2.443739653,0.31058482
-0.399851859,-1.153104663,-0.63282502
1.768392324,-0.990907431,0.444352488
1.226572752,0.078628227,0.327613513
-1.89779973,-0.741518617,0.486359162
-3.704118729,-1.615007758,-0.380848619
-0.064519107,-2.074077606,-0.652857155
1.473581553,1.083923101,-0.050001103
-2.591203213,-1.012081504,0.542634104
0.272518814,0.328698516,0.741527486
-0.832519412,-1.51254034,-0.709652636
0.110263556,-0.021053731,0.506486378
-0.040696107,-0.814719558,0.917197314
-0.710096717,-1.108251333,-0.489230984
3.190159798,-0.603822827,-0.41637882
3.344916821,0.153555155,0.716832908
0.754729748,1.189484358,-0.510259003
-0.388036191,-1.980288386,0.407564479
-1.512685776,-0.642457962,-0.699604868
-0.009469673,-0.894620717,0.794792478
0.444210827,-1.804458976,-0.419621287
-2.368217468,-1.400109529,-0.735401097
1.180393457,2.398149014,-0.892427205
0.449269295,-1.285508156,-0.432105937
0.231758773,-0.708878338,-0.845181648
-1.904668093,-0.38447389,-0.583676512
2.578438282,2.01509881,0.219551238
1.927503109,1.51099062,-0.060252679
0.39433369,0.791443825,-0.841016649
-1.215352058,0.209391803,0.635501144
1.474648952,-0.382342875,0.387109658
-3.032208681,-0.539517641,0.681226088
-0.439150095,1.520095587,0.688731363
0.802912176,0.333063841,-0.549855155
-1.894553304,-0.720881104,-0.504951977
1.046351671,0.127821758,-0.275661991
-0.362792909,0.671248615,-0.024077217
-2.683929443,2.853848219,-0.285508628
2.114051819,-0.082832642,-0.598616894
0.248437583,1.023263097,-0.246376885
1.012354255,0.520090222,-0.30742702
-0.899774313,-0.285172433,0.25660294
0.763475299,-1.277827501,-0.989878743
2.085708618,0.308894306,0.931402297
-0.526369512,-0.603271186,-0.28272116
0.712658167,0.753260851,-0.786984536
1.082146525,1.448518991,0.526408826
0.270906687,0.122005858,0.438636439
0.37143454,-0.173630178,-0.316849971
1.536716223,-0.668897629,-0.905365433
0.785348058,-1.443418384,-0.99943775
-0.023792591,-2.042431355,0.141713406
-0.779171526,-1.524038315,-0.882891019
2.782526016,0.375965178,-0.532327929
0.505762577,1.501153469,0.395216003
-0.975148261,0.918085098,-0.508586184
0.002151832,1.322044134,-0.12684
1.060992599,0.310250521,-0.843762962
0.956407011,2.197971344,-0.598293914
1.805859089,0.484143287,-0.848389216
-0.397090495,-2.33170557,0.03629529
1.626321077,1.090500355,-0.62992623
-1.135828614,0.947354317,-0.985408839
0.907232761,-1.721864939,-0.433094203
2.184030056,2.328610897,0.974589044
0.763991117,-0.954888821,-0.850342262
-0.122668639,-1.047750831,0.496005883
-0.538728476,1.405025363,0.041938049
-1.523321748,0.94176203,-0.920649578
1.265407562,-1.215322256,-0.655909165
-1.293095708,-1.572401643,0.056775307
0.09131448,-0.611138344,-0.746159731
-0.407236934,-0.428729296,-0.758736361
-0.118946403,1.916860461,-0.768687944
-2.575273037,1.759435415,-0.36624958
-0.402323097,0.940014601,-0.246510383
-0.432175636,-1.144603848,-0.786889067
3.192835093,0.911435068,-0.368820003
-2.017509937,-0.095022008,0.066319284
-0.124522969,-0.419683456,-0.28631398
-1.503124833,-1.801094413,0.770378254
2.012588501,2.777183056,0.265271033
3.629972935,2.968599796,0.315748653
-0.616042852,-3.177975893,0.274578546
0.358254373,-0.819338441,0.849783234
1.588534832,1.055118322,-0.559477609
-0.690527558,2.191337585,-0.663036801
0.411087632,-1.216006279,-0.202714503
-1.273176193,0.001636527,-0.251212655
-0.946690798,-1.671675563,-0.244835356
-1.263722301,-1.146706223,-0.822225159
1.443419218,0.392179132,0.785972872
1.433046699,-1.386218309,0.865723626
0.245414644,0.076362997,-0.958049721
-3.024087906,-0.545052588,0.050008927
1.003889322,0.187539548,-0.581642825
0.937852919,0.328282773,-0.717731444
-0.582314968,-1.562808514,0.202431363
-0.791545033,2.630054951,0.462592297
1.146650314,0.762235165,-0.751884193
-1.20972681,1.72487843,0.84979198
-1.10406208,-0.061220393,-0.272972063
-0.675858915,0.892699003,0.044254027
0.348118275,-0.170335144,-0.45355931
0.306114942,-0.214346319,-0.080063281
-0.225566968,-0.390648544,0.622024999
-1.016668797,-1.995866776,-0.429029161
1.43486166,1.343749166,-0.287750454
0.910632849,-0.128537297,0.795940674
-1.041307807,0.535337448,-0.398888933
1.538843393,1.812676191,-0.784305321
-0.396861672,1.4896698,0.494888025
-1.73092103,-1.483220577,-0.426899987
-0.945940971,-0.141056448,0.52322863
-0.573887944,-0.824958146,0.160833287
-0.730353653,0.434564888,-0.715424332
-1.214934945,-1.850807667,-0.772293601
0.279613793,-0.135690659,0.03983894
-0.263476908,-1.645694256,0.269892961
-1.170042992,-0.084358074,-0.878936478
-0.546264768,-2.353916645,0.421809002
-0.095749661,-0.952470005,0.857296085
-0.010420397,0.632553101,-0.112069662
0.057527442,0.310382903,0.662767543
-0.050007612,-1.180295706,0.9154536
-0.78227514,-0.490050375,-0.842963218
0.126504809,-2.307883263,0.118972171
1.576705456,0.574462056,0.09912573
-1.456109524,0.815104485,0.78282188
0.083004296,0.844284415,0.426017582
-2.464030504,-2.906783104,0.665789739
-2.242008686,-1.012717843,-0.992119674
-0.305354208,-0.951747298,0.199650659
-0.136661738,-1.05933857,0.121383032
-0.346852541,-1.805685401,-0.719682569
0.130369321,-1.162489057,-0.563129406
0.917708933,-0.011126608,-0.526973583
0.168180242,2.665748596,-0.971922933
1.801447511,1.752583861,-0.810721714
-2.305785418,-1.463250875,-0.657255553
0.283653796,1.129151106,0.165775303
-0.346018493,-1.78881216,-0.329794234
0.322576791,1.906313062,0.145078317
1.181973338,1.433094263,-0.708757679
-1.314581156,1.759548187,-0.407636044
0.907120168,1.712268472,0.773533719
0.416550279,0.127093926,-0.397645099
-0.711390495,-0.344790101,-0.382522149
-0.613309681,-0.784472227,0.091992415
1.000584126,1.229519844,0.816105627
-1.417518139,-1.329829931,-0.356379176
-0.077146672,2.032263041,-0.226307078
1.975346804,0.011912949,-0.336817588
0.123580836,1.323297739,-0.541308993
0.629117012,1.507071733,-0.119043073
-0.432048172,-1.152338743,0.847471723
0.596271276,-1.896705866,0.000201209
-1.753378034,1.793293238,-0.355733037
2.273906946,0.30040434,-0.622360377
0.532611251,-1.519236684,-0.596548467
-1.112319827,-3.1112957,-0.251948129
-0.447201252,0.648762286,-0.15399056
-1.525110722,0.18373391,-0.089820581
2.491348267,0.078567758,0.544571971
-0.241526529,1.03499651,-0.695702382
1.033370256,1.201835871,0.825464048
-0.259353727,-6.415744781,-0.7635929
0.196596771,-2.003023624,-0.735483483
1.3279109,0.633318305,0.317142994
-0.780761421,-2.37811923,0.047439691
-1.681258678,0.789547324,-0.983282614
0.771889687,-1.283884525,0.795835228
1.274652004,-0.625871658,-0.994431608
1.144354701,-0.427816927,-0.791414028
-1.717845559,-0.907533228,-0.19125114
0.315353513,-1.808981657,-0.888577749
2.428190708,2.376692295,0.233364801
0.935529411,0.325158417,-0.645076121
-0.69934231,-0.362913489,-0.625367012
0.814781964,-0.98148042,0.801621252
2.628395081,0.985426366,0.936431231
-0.737274945,-0.826699972,-0.498249149
1.343979955,-0.216548264,-0.429449169
1.943105936,-0.095090546,0.23965539
-0.482677698,1.600815177,0.594731957
-0.237109572,2.007117271,0.578527844
-1.174702168,0.650226712,-0.212044176
-1.135369539,0.819067419,-0.791580187
0.013334095,0.542584956,-0.52578991
-1.789956093,-1.116249084,-0.074575866
0.168038189,1.497341156,-0.644137091
-0.178920284,0.661902308,-0.777057777
0.402697384,0.159081548,-0.534230711
-1.702399015,-0.165419295,-0.831484537
0.728592396,1.355140924,-0.816477065
-0.852089524,-0.530113339,0.299674794
-2.223278284,0.593541622,0.534059167
-1.383856773,-1.359786749,0.262189704
-0.909488618,-0.35412249,-0.032134521
0.64545083,0.720045328,0.855737815
-0.569679379,-1.63374579,-0.956070707
-1.750033617,-0.483025372,0.841480171
-1.22300601,-0.416741788,-0.166937629
-0.764802992,-1.785173655,0.541597591
0.715824246,-0.925808251,-0.049811134
-0.573481917,-2.769635677,-0.10402499
3.192159653,0.44253993,-0.281636341
1.964891315,1.117878914,0.004839312
2.149835587,1.305171967,0.221225582
1.08730793,-0.815620184,-0.283067404
-1.04403162,1.020522475,0.902767074
-0.352322906,-2.808236122,-0.61580895
-2.362685204,-2.100246429,0.314782434
-1.980742455,-3.253403187,-0.648934846
0.029157035,2.642921925,0.928301494
0.236941963,0.485276133,0.664459185
0.155512244,-0.268194944,-0.412163508
0.86575532,-1.726378441,-0.515781606
0.172262371,1.879044056,-0.918055923
2.04061389,-0.845928431,0.347992552
-0.379639447,1.770091534,0.72717069
-0.014564171,1.911417842,-0.540317845
-2.305960894,-1.085649967,-0.613008873
-0.814211845,-0.169694752,0.083738374
0.593268216,-1.59565568,0.087154913
-1.984241009,0.277093768,0.005775878
0.03210339,0.054666467,0.369965216
-0.515039444,-0.612615466,0.505817235
0.138502687,0.00737517,-0.995478726
1.020880699,-0.295923501,0.095573858
0.878156662,1.249452829,0.083107131
-0.361216068,-0.299689144,-0.391583031
-1.443802118,-0.092460185,0.795096446
-0.165047988,-0.916842222,-0.125498447
0.544102907,1.487312675,0.340147673
-0.528195202,2.860731125,-0.94887534
2.926807165,0.5765751,-0.377016505
2.172197104,1.754522562,-0.385881083
0.491067767,1.913966417,0.171839386
0.684347987,0.506818891,-0.120195038
-0.34841615,-0.878082454,0.104475128
-1.018525243,-1.391544938,0.829498104
0.677927494,0.61964488,-0.702236256
0.682690024,0.422803879,-0.362964898
-1.560275078,1.07220304,0.880690297
3.184067249,-1.248701453,0.680734772
-0.699455261,1.900577188,0.589293797
-0.321472883,0.48777163,0.044808758
-0.241856188,0.048244208,0.16519198
-1.177309155,0.35693723,-0.987169788
-0.362695009,-1.471111536,0.476640405
-0.769174397,-0.093273655,0.279218734
0.596280456,-1.798371792,-0.869205409
0.762837827,-0.730809271,-0.634814509
0.632400155,0.687665939,-0.939401413
0.504377484,1.711437821,-0.340376002
-1.659386992,-0.233162746,-0.800568989
2.315344334,2.81266737,-0.623587116
1.75942409,1.468847513,-0.611079934
0.814252615,-0.46389538,-0.528494447
0.142938569,-0.549595594,0.717881582
0.116699353,-1.005582094,0.760125427
-1.316134453,-0.30580467,0.538001188
1.698241234,-0.533433497,0.707172673
-2.944371223,-1.767420053,-0.612581289
0.385612607,1.874951243,0.400148855
-1.153441072,-1.032706261,-0.020422164
0.308634162,-0.929265618,-0.417732355
0.576560378,0.377231807,0.179758553
-0.889824867,-2.9017663,-0.153135879
-1.512321949,-0.655443728,0.222101162
0.277731627,-0.028482895,-0.961556999
-1.548197031,-1.031541348,0.709326126
1.027929544,-0.728469551,-0.112397223
-0.990171552,-1.54769969,0.523480123
-0.960682094,-0.344168693,0.978835209
1.011612177,0.00557451,0.060354216
1.654997349,0.756594419,0.559325764
-4.409907341,-2.126892567,0.719161079
1.419957519,2.066979647,-0.841938983
0.360964477,-0.875178933,-0.998787634
1.97259295,-1.909776449,-0.642947816
1.020722628,1.062092543,0.207072976
1.764026046,-0.69857204,0.943866609
1.481555223,1.874248147,-0.026103811
1.304821253,-0.834377527,-0.487325013
-0.574652195,0.763615608,0.752357938
-0.641485691,1.881723881,0.464160721
0.046532355,-1.653981924,0.807129291
0.192243263,-1.361284852,-0.451378526
2.004846811,-0.524601042,0.763932721
-0.756013572,1.117053628,-0.249408325
-2.38503933,0.202706009,0.926834829
-1.055964589,1.099629998,-0.638917499
-2.188765764,-3.673828125,0.045077267
-1.946953416,-1.548689246,0.072674948
-0.516961455,3.115639448,0.775281128
0.373233259,2.282228708,0.667677508
-0.33587712,-0.51638186,0.524789495
0.734347761,0.917219281,0.742996674
2.206815958,-1.103099585,-0.050235285
-2.223073006,-0.4251903,-0.508255748
-0.030226782,-1.337867737,0.185389283
-0.885708332,0.99980545,-0.315773421
0.626443088,0.512787104,0.472028672
-0.942124009,-1.520254493,0.590654682
1.646841049,1.207550526,-0.987417712
0.232485294,-0.291833162,-0.703419572
0.198122859,0.603468299,-0.920652563
-0.078419216,-1.908579111,-0.900997122
-0.355359912,0.395595133,-0.868705403
0.212565184,-0.47255826,0.878552827
0.139069349,2.23801899,-0.698156864
3.30176115,1.997030973,0.738432675
0.695445716,-0.790644526,0.48052517
0.224365324,3.415904999,0.331649822
-0.009348586,-0.691384494,-0.460308129
-0.215346068,-1.895669222,0.141046289
-0.014661096,0.383511215,-0.487601209
1.16539216,0.003972724,-0.85913324
-3.016136169,-2.316429853,0.417997485
-0.979217827,-1.203040957,-0.374104783
-0.089541115,1.63918066,0.972639618
1.886668682,0.943788111,0.657423352
0.397273064,-0.303507626,0.232377044
-0.349494964,1.542993665,0.433472473
1.477142572,0.781314075,-0.384283511
0.016265303,-0.161557555,0.552622656
-0.027572379,-0.475305736,-0.735609643
0.519383132,1.675283909,0.982295246
-0.604572296,0.996297836,0.3692866
0.156426594,1.193856716,-0.627399729
-1.247881174,-1.885488987,-0.86349478
2.707910538,2.962307453,0.077643558
-0.52094686,-0.230420753,0.963454194
-0.889615476,0.123367995,-0.414014109
1.263979316,-1.493744612,0.930681599
-1.477330685,0.946452618,-0.939245968
-0.758988917,-0.385111779,-0.641123701
-2.773149252,-0.357676268,0.411915913
-0.507504463,-2.225619793,0.226737236
-1.433309674,-0.734876275,0.851701923
-0.942284942,1.287354231,0.964373087
-1.945047259,0.246575892,-0.600305128
0.531182408,1.578837395,-0.266606776
0.220228106,0.930058539,-0.013149787
-1.603139758,1.182890654,-0.512830108
1.658232927,0.558455348,-0.598988388
-0.650525212,-1.170511842,-0.213359252
0.985890508,0.426665723,0.191569098
-1.632992387,1.185978889,0.356881445
-2.427958965,-0.185511887,-0.079438533
0.466875225,1.146544099,0.365372189
-0.268278927,-0.686314881,0.555136048
-0.546027541,-1.822638392,-0.456624294
0.634571195,-0.554987669,-0.461807231
-0.022214264,2.525702477,0.797402676
-0.414584577,0.477988243,-0.706432335
-2.040359735,-0.511937141,-0.447413878
2.090054035,-0.862877965,-0.474227362
-0.063109562,-1.000954151,0.041284307
1.365104437,0.535320997,0.827659125
1.207587004,0.895217776,-0.359564791
-0.702203631,0.562152505,-0.46097297
2.910161495,0.61256516,0.356832925
2.368971586,0.687458456,0.898552847
-2.895736694,-1.689004421,0.356989526
0.589869797,0.670568228,0.835921335
-1.188821435,0.308117241,0.811481777
-1.189167738,0.410140336,0.317422254
-2.282583714,0.985515058,-0.956515621
-0.642118394,-0.822405756,-0.240654501
-1.165598392,-0.788656652,-0.400526177
-1.090371132,-0.569638133,-0.049144396
1.887119293,0.282300174,0.03309623
0.402974546,0.357114464,0.389014809
-0.648337364,-1.893216968,0.825093341
1.480535269,1.190102816,0.924937948
-0.50476557,-0.786044657,-0.58903517
2.796181202,0.103837952,0.486786897
-0.040386125,0.640433133,-0.610803112
0.870397568,-0.335186929,0.606453314
-1.229213357,-1.009415865,-0.534622355
-0.790484905,-0.585845828,-0.842102751
2.889217377,2.213480473,-0.633203457
-2.274022102,-3.09555459,-0.587197546
0.771017969,-0.115190729,-0.132750823
-1.053407907,-2.50717926,0.623210603
-1.233685732,-1.788053393,-0.561782263
3.590017796,2.032431126,-0.866803798
2.350998402,2.303331375,0.885912512
-0.403393149,-0.044168554,-0.294797491
0.606715024,0.347179025,0.331990004
-1.303964019,1.241836309,-0.665968025
-0.32073772,-0.265941799,-0.749034223
0.690735817,0.109692544,0.784685907
0.741115332,0.879805267,-0.488023733
0.290813088,-0.080391213,-0.396246647
-1.977629542,-2.289966822,-0.732330591
1.123753667,-0.362718076,0.826833083
-2.420789242,-3.09680891,0.224370756
-0.940609217,0.513554752,-0.165178836
-1.52234602,-1.616933823,0.026317802
1.245370269,-1.777426481,0.870484994
0.009541504,1.612573981,0.934013286
0.224178374,-0.991436839,-0.931705939
1.485993147,0.566534281,0.857004403
-2.062839031,-0.097012267,-0.044434944
-0.730785608,-1.96105814,-0.21239912
0.464343429,0.090213574,-0.319896589
0.909947455,1.56216681,0.651979339
1.489284515,1.581324339,0.161645181
2.480123281,-1.188245773,-0.576945383
0.349642515,0.991093695,0.310146613
0.80364573,1.085725665,0.932968368
0.074465707,1.515985608,-0.534155362
-0.097153671,-0.027348965,0.709399888
-0.140117064,-1.327882886,-0.224940143
0.437800854,0.081425741,-0.962946486
-2.083266497,-1.685003877,-0.092490644
-0.193655819,1.234985113,0.743738052
1.935063004,1.234546423,0.498345716
0.102870658,-0.55275315,0.430291542
-0.133443668,-1.775562525,0.929580982
-1.11222887,-1.510755062,-0.767345731
1.97252202,1.777614236,-0.254688992
0.414455235,0.465209365,0.342926414
-0.391079634,-0.503047347,-0.493596863
-0.308401018,-0.564410865,-0.739263023
1.551404953,-1.270313859,-0.902385222
-1.919481277,-1.888519049,0.678820674
-0.461363196,-2.26670146,-0.827259059
0.958393216,-0.115189776,-0.681388099
-1.990893841,-2.479650021,-0.043697895
0.66843009,0.496018946,-0.628978867
-1.815003753,-1.973901272,-0.184770264
-1.76872611,-0.216352224,0.80427556
0.97137922,-0.474037081,0.547228129
-0.634527326,2.379154444,0.105909973
0.086985409,-0.318975359,0.977036307
0.432891458,0.640354455,0.745134994
0.992089868,-0.593542576,-0.408744132
2.671312332,-0.011970013,0.175414417
1.885043025,2.309042215,-0.123437065
-1.085542679,-2.274779797,-0.579498468
1.794684649,1.829526186,-0.958384568
1.926372886,0.635421038,-0.84470497
-0.297024548,-0.209677413,0.092408744
-2.278832912,-1.98242259,-0.661307147
0.424521416,1.31631422,-0.894564382
-0.020128427,1.472497463,-0.324386062
1.597655058,2.625317097,0.522217401
0.946199477,1.181622267,0.697137577
0.871696591,-2.722052574,0.809188961
-2.769531727,-0.567776144,-0.004664875
-1.071483135,-0.415650904,-0.416602817
-1.642853975,-0.179853931,-0.426744276
-0.042089269,2.602771044,0.769752561
1.464105964,0.982825041,-0.003155169
-1.085173845,0.500474572,0.950685763
1.416861057,2.762294292,0.322361354
0.303816736,0.509696722,-0.913518019
-0.163150355,-1.489922047,-0.94659558
-1.65223062,-1.700430036,-0.258927032
-0.98797977,0.666518331,-0.934878319
1.117806673,0.96769774,0.955036792
-0.882281065,-0.949789405,-0.884727408
0.737748921,-0.399640143,0.537159066
-0.268161595,1.172326326,0.40353103
-1.968462348,-1.070083499,-0.513470592
1.325632572,-0.282679558,0.834460763
1.566251636,1.406443834,0.190922568
0.087420531,-0.094936818,-0.690948954
0.677274704,1.793782949,0.117867516
-0.268357068,0.995332122,0.2075202
1.704985857,0.564759493,-0.587065752
-1.848494411,1.9585464,-0.948949197
1.83594203,0.608863771,0.532583876
0.636088431,3.022228718,0.766836054
0.383121908,-0.260241508,0.991942252
-1.402089596,0.413713574,0.14973283
-0.792307973,-0.675569177,-0.918495611
0.032689832,-1.130143642,-0.35121044
0.756326437,1.4116292,0.235953359
0.444174021,-0.939615846,0.779389207
-2.071651459,-0.322950721,-0.704502771
2.569610596,2.933632374,-0.610546617
0.760118604,0.414516419,-0.082395337
-0.723517001,1.304219961,0.211645443
-2.538297176,-2.043870449,0.145790853
1.37365365,-0.613394737,-0.144512268
-0.138100833,-1.481376767,0.611574661
3.190625668,1.412747264,0.974150897
1.468798757,1.757177114,0.372780846
-1.063143611,-0.322737455,0.458231058
-2.46254015,0.361457676,-0.369369426
0.700562179,1.467833161,-0.427622126
2.907143593,-0.873918116,0.692986471
0.703626335,0.939616561,-0.749155832
-0.146261513,1.365572929,0.415819265
0.998829126,1.322570324,0.958818724
1.550751567,0.462680042,-0.425386439
0.733927846,-0.634391546,-0.17681501
-1.401909351,-1.055931211,0.851834778
-0.463210493,-1.647132635,0.779443001
3.184458256,0.435018241,-0.835185622
2.246948719,-1.773073077,0.694957606
-0.27357018,-0.445271671,-0.332642509
-2.688165665,-1.532740116,0.548055994
1.847200394,2.413040638,0.818812485
1.237829924,-0.306309998,-0.84574768
1.139619827,0.606691837,-0.019111778
-1.010872126,0.64340204,-0.814854932
0.785716712,0.078068078,-0.189292296
2.827679634,1.627008915,-0.758787055
-3.439321756,-1.023985863,0.195699436
0.300754994,1.660180807,0.469797906
1.331950307,0.983692765,0.451159213
-0.504355729,-2.019873619,-0.720916309
-0.417759717,0.697500229,0.724843426
0.910052538,0.442471862,0.020639182
-0.458359808,1.017529488,0.45992024
-0.602406025,0.450615168,0.178615183
0.239784479,0.536389589,-0.845444184
-0.380443722,0.054202244,0.576369993
-0.129842043,0.094085664,-0.945639953
1.972016811,3.60646677,0.492599186
0.780879259,0.889230847,-0.994371961
1.9773283,-2.09798789,-0.093797709
0.183997154,0.149864733,0.546941331
-0.337152511,0.855095088,-0.651247047
-3.89196682,-1.816645503,0.510693657
0.29409048,-0.83631891,-0.446838146
-1.559709787,-0.730230689,0.093962654
-0.551719189,0.252860844,-0.269282036
-1.392435551,-0.917869449,0.057324634
2.3731637,-1.567806363,0.905078949
1.697276235,1.225290179,-0.301012577
0.385137141,-0.646567822,0.130954506
-0.5380826,-0.60381037,-0.38670442
0.674704194,-0.809137225,0.541544335
-1.178949356,-0.270222902,-0.997582388
0.000719741,-1.293390751,-0.21864149
2.560633183,-1.868471861,0.913296422
-0.523819864,-0.682010651,0.222992028
-1.704771996,-1.624373198,-0.279046055
-1.172690153,1.345103502,0.213233391
1.097005248,-0.754271686,0.821098332
0.854251206,0.466859818,0.698132293
1.702260852,1.2453022,-0.698647647
1.2442559,-1.003953099,-0.548317068
-0.326410979,-0.440683961,-0.016575972
-0.585590601,-3.444935322,0.722631263
-0.014989093,1.848995686,0.96478242
0.226166725,-2.012347698,0.684738223
-1.952508688,-2.281937838,0.758641016
0.22891438,-0.606867433,0.754392788
-1.312072515,-0.249300316,0.453186548
-1.004151344,-1.143639088,0.460554483
1.396685362,3.819366217,-0.692801044
-0.5188061,0.61831522,0.852382803
-0.983393729,0.756127477,0.866457741
1.622394443,-0.816725731,0.235315797
-0.886149287,0.802829266,-0.03568109
-0.088648632,0.387754947,0.386695178
-1.036144018,-0.192194164,-0.171504447
-0.666987717,0.640000165,-0.192842712
-0.707402527,0.803542793,0.615481796
-0.730630815,-0.230437458,-0.288226758
-1.893738031,-0.607907534,0.890581825
-0.059604973,1.452227473,0.58512898
1.806103706,0.432493746,-0.63161867
-1.115590453,-1.630004644,0.379137484
-0.490115285,0.036852002,-0.438150718
0.419351131,-1.932806492,-0.07685334
1.611583591,-1.003068924,-0.326970064
0.684809208,0.62771827,0.431387693
-0.223370805,0.060968004,0.340014249
-0.82556206,-0.195131049,0.936058842
-5.396460533,-7.589087486,0.175107313
-1.439590454,-1.407847881,-0.318112132
-0.831055343,0.216472313,0.455675643
-0.792679667,-0.674215794,-0.175540611
1.728210449,0.152424708,0.637737906
-0.793922663,-1.353760719,-0.633545415
0.828041315,-0.987791061,0.676156115
0.327497095,-2.761615276,-0.115423444
0.200372726,1.662692547,-0.092801265
-1.1844064,-2.301156759,-0.118490427
1.953660488,2.549274921,-0.526767139
1.064566493,-1.272332549,-0.52719366
2.328373194,1.329864502,-0.044547412
-3.057557106,-0.069280662,-0.487903829
-2.091162682,-1.559355736,0.469043685
-0.019472331,-2.063997269,0.395243061
-2.402931213,-1.283167839,-0.021567068
1.29141283,0.317031771,0.668125807
0.76327008,1.156375885,0.732329099
0.777935505,2.354822159,-0.431013897
-1.209192395,-0.500467062,0.266546909
1.347887874,0.114473216,0.229889793
-0.079426259,-0.969566643,-0.769014113
-2.693849564,-0.469002038,-0.707384004
-1.370104909,-0.596661806,0.408901324
0.100957245,-0.048669331,0.999301664
1.630612254,-0.300696611,0.225791268
-2.447333813,-0.89136076,0.071726462
0.563816667,0.632419705,-0.002703986
1.261583209,0.585165858,-0.696259285
0.553841949,-1.15314734,0.609109917
-1.262515306,-0.820016503,-0.363821813
2.17998004,-1.04608655,-0.873319665
-1.431369901,-1.096012712,-0.486998811
-0.447474182,1.127650738,0.45945347
-2.838654518,-1.151602507,-0.915694675
0.47035563,-0.295429736,0.196701811
-0.052886166,-0.275664151,0.230250953
-1.645679235,-0.092874393,0.740176914
1.387726784,0.499206275,0.911022371
-3.736234903,-1.507170558,0.12729234
-0.02443219,-0.515443444,0.777007801
-1.290228486,-3.252346516,0.927708305
2.820985556,2.645363092,0.105373508
-2.330410719,0.02597329,-0.942236966
-0.267880857,1.666664243,0.364733702
0.61594069,-0.9649629,-0.251680686
0.937321424,1.501477957,-0.783149698
-0.578380585,1.072554827,0.592744101
-3.309663296,-1.996311426,-0.725348658
0.087552339,-2.561769724,0.217935689
0.531117857,-0.704033315,0.971794313
1.89339447,-0.643985271,-0.671842157
-1.221912861,0.327473104,-0.201911297
-0.761843562,-0.168129057,-0.60374068
-1.354096413,-0.681908429,-0.346655654
0.850380957,0.839773536,-0.462468868
0.254263133,-0.103508145,-0.194589837
-1.277434349,0.226358563,0.271868334
0.534048021,0.553200901,-0.474534755
1.563414097,0.795870185,-0.630788107
2.521814346,-1.350316763,0.534208832
-1.148280382,-2.210809708,-0.369801106
0.832117438,0.489148468,0.952263334
-2.211237431,-2.925800323,-0.788988256
0.491897643,1.447164774,-0.93455578
1.508526564,-1.975557804,-0.717452114
1.139994621,3.226019621,-0.528527976
1.48807323,-0.323006272,0.108102592
-0.344589949,-0.508398294,0.668589443
-1.620792866,0.706692815,-0.764005268
-2.214768887,0.058920488,0.501061374
0.724264264,1.410924196,0.446439924
0.279485881,-1.733088374,-0.277634948
-1.439788818,-2.253971577,0.590903222
1.410900831,0.19507806,0.618035117
2.789253712,2.12300086,-0.844249678
-0.160545975,-0.200592488,0.024002254
-0.970758021,-0.039654315,0.397234825
-0.250379056,-0.599156439,0.598967595
-1.026684046,0.98961252,0.483328893
-0.091589548,-0.222111672,0.900143717
0.36963439,-0.234661877,-0.475073335
-0.616420805,1.292876482,-0.955578801
-0.577691913,0.662195444,0.559882587
-1.104749203,0.317668766,0.045575986
0.142474875,-2.621236324,-0.451060274
0.170831054,-0.409334719,-0.145743067
-0.598125696,-0.145362318,0.724766118
0.782250643,1.509077787,-0.180500827
-1.018978834,-0.840627789,0.343841166
1.241198063,-0.705103874,0.263904108
-2.452488899,-1.13598156,-0.223711415
-1.021772146,-1.829892278,-0.650631838
-1.328554749,-0.237315431,0.860991455
0.532315969,1.836220264,0.640373501
1.073461652,0.397942871,0.811951155
-0.329652429,0.891851246,-0.603268126
0.047079593,0.79120779,-0.026315626
0.695600867,1.231211662,-0.845170886
-0.279332608,1.179118633,-0.112679725
-0.502531171,-2.655292273,-0.293120564
0.146375373,0.701492071,0.120619682
0.103760153,-2.877616882,-0.506637135
-0.874871194,0.008257827,-0.07632869
-3.231646538,-0.724806786,0.942117188
0.950752735,1.298795581,0.27170573
1.022549391,0.301216453,-0.753727122
2.281540394,-0.475346565,-0.506112831
0.757871628,-0.117218442,-0.842565868
2.541194201,-0.585204005,0.408486123
-1.219655752,-0.950829148,-0.952886697
0.509022474,-0.276640683,-0.837213365
-0.005142033,1.931155443,0.896414616
-0.819639564,0.891493797,-0.720459011
0.416298717,1.229901433,0.527692291
-1.410687447,-1.78461349,-0.726981776
-1.384791255,-0.058356702,-0.618413232
-0.31296283,-1.349406958,-0.788319257
0.997243941,-0.434840918,0.055143205
-1.352151155,0.561113715,-0.431790845
1.280728102,-0.985535145,-0.473305928
0.799006224,0.217646271,0.701892551
-2.813594818,-1.654716611,0.626852954
0.922561586,0.171292603,0.933130648
0.662341356,-1.885150433,0.640730744
0.711135983,2.016327858,0.825699653
-0.192998454,-1.551464796,0.802657349
6.216639042,1.566779613,-0.819185018
1.296210885,-0.060246088,0.164583997
-1.557905674,-0.070334226,-0.794558331
1.797829509,-1.21830678,0.739539158
-0.033642948,-2.823647738,-0.101488722
-0.423199445,-0.612546802,0.964151404
0.502985895,-0.852670431,0.34950024
1.774365067,2.123667955,0.114290903
-0.076503336,0.576242089,0.058639285
2.618537664,1.051890612,-0.558068997
-0.261530161,-1.650553107,0.255512901
0.47281009,-0.480889261,0.169148746
0.325709641,-0.426990747,-0.7627567
-1.412492275,-1.03091085,0.093693394
-1.688321233,-0.334534645,-0.345916729
0.78546989,-0.080323622,0.73328255
-0.014699742,-0.780859828,-0.722547532
-0.612137914,-0.800265431,0.068959298
-0.620454669,0.080971017,-0.94914114
-0.912893593,0.633190751,0.733155357
-2.144819021,-0.38825804,-0.311020702
-0.480081439,-1.039556026,-0.046128641
-0.232706666,-0.152005613,-0.655266817
0.446937472,0.667923868,-0.326001605
-1.463437796,0.407912254,-0.639797926
0.237914473,0.576968849,0.446867737
-0.882944465,2.58021903,-0.962823464
0.850936651,0.003763393,-0.665264548
1.318639994,0.077044234,-0.12409097
-1.101777792,-2.476040363,0.313515493
2.143274069,0.414967299,-0.502523917
-1.117088914,-0.389091551,-0.786197886
0.586414337,-0.45870474,0.966022255
1.983486533,-1.053915381,-0.1584743
1.99407506,-0.425556779,0.291573861
-1.07649374,-1.371301174,0.031123897
-0.062543347,0.299465984,-0.777647564
0.532677889,1.045760632,0.079380355
3.995030403,0.402974606,-0.146434443
0.795760989,-1.260843873,0.667998096
2.603142262,1.5303756,0.010481409
0.059689261,-0.650912166,0.275581389
0.101382062,2.667865515,-0.586297273
-1.123786807,0.854682088,0.878484942
-0.016430184,0.958294749,-0.77576327
0.958512366,-0.654902458,0.591395747
1.69736445,1.577073812,-0.782616263
-1.425428152,0.576196909,0.945373346
1.238097668,-0.290130138,-0.327704581
0.954555273,-0.713733912,-0.667094474
1.268077016,1.376925945,0.956638122
0.996248603,1.12504518,-0.042702541
0.022011667,1.288356185,-0.792573581
-0.153283566,0.928669691,0.172572737
-0.651955009,-1.168259382,-0.326064015
-0.447240889,-1.082140446,0.071258267
-0.956886709,-1.799636364,0.391205992
0.684657216,1.999524355,0.848222943
-0.663970828,-3.207628965,-0.270278191
1.334708691,0.854090035,0.064762846
0.674570918,0.831102848,0.038481962
1.147755265,-1.418643236,-0.370485735
0.005297026,-0.786759079,-0.026535346
-1.892262101,-0.474055022,0.373445842
1.293529749,-0.161488265,-0.973434911
-0.01063697,0.528867126,-0.821519053
-0.081611708,0.987516284,-0.52684474
-2.298324347,-0.461805105,-0.048564796
1.257149577,-1.466330647,0.867914286
-0.816716552,-1.758254051,-0.086144757
-0.914565802,1.715114117,-0.260981036
0.103995569,1.395655751,-0.050654791
1.083021164,2.004003525,0.188631103
-3.088900805,-0.848323226,0.243557418
-1.197742701,-0.593743443,-0.416125029
1.25411582,1.720401287,0.387785534
-0.566131294,0.052698731,0.612888315
-1.246090174,-0.550843239,0.778312285
-1.021876335,-0.664990187,0.021348673
0.613987088,1.142134428,0.862335315
-0.787243843,1.824624777,0.028600277
-0.030793585,0.426951915,-0.041860856
-2.309504509,-1.071845055,0.300851695
1.766300082,1.01064837,-0.227990733
1.219410419,1.692626476,0.399488205
-0.433762252,0.682338238,-0.263348271
0.754129589,0.962633491,-0.28617289
0.476463258,-0.124574557,0.095261102
-4.176156998,-1.310150385,-0.677684628
-0.276525825,-0.846947074,0.839183013
-0.645363271,-1.927603364,0.250618885
-0.775398374,-0.332025409,-0.885600541
0.164513424,-0.608448565,-0.850090484
-0.935426056,0.412885636,0.425604403
-0.435779572,-1.407070994,0.56985495
1.014668703,2.234710693,-0.015262088
-0.085228674,-0.796805978,-0.004341263
0.560524464,0.103968248,0.855136353
1.783175945,2.406199932,0.193362144
-0.35355702,-0.020827994,0.850547459
-2.293456078,-1.149240971,0.620079665
-2.597551346,-0.149694175,-0.650259912
-0.818712056,2.493362188,0.076464382
1.983433008,0.532744706,-0.970940541
0.449810177,1.757069349,-0.939098526
0.087540612,-0.678128779,0.547282277
1.229348779,0.327434391,-0.322023407
0.604933619,1.653352976,0.667621172
0.646201015,-0.572892845,-0.31500627
0.558923364,-1.321646094,-0.535886812
-0.773668647,1.493367434,-0.550234106
0.86941278,1.223520994,0.226646749
-0.956113398,-0.375507206,0.962494961
0.611485481,-1.246208191,0.705287668
0.693790078,0.947339773,-0.5814187
-0.645834923,0.080001235,-0.519588596
0.367596269,0.611847043,-0.802105691
1.243730545,1.01379323,0.678446328
-0.543626368,-0.417740464,-0.452205642
-0.984879375,0.838137269,0.603404358
0.048658282,1.043125868,0.094792282
-0.519403338,-0.65894866,0.979508599
0.854716897,0.232393771,-0.459352137
-2.013672829,0.199072927,0.320741018
1.806749105,3.470280886,0.611904121
-0.030896315,-0.633713663,0.696202409
0.181820378,0.150734961,-0.037684978
0.118427537,-0.254688233,0.232865906
1.184788585,-0.834685326,-0.430776479
-1.517447472,-0.708887935,-0.813833288
0.666767359,0.892888546,-0.095373457
-2.305165768,0.312312573,0.117833754
-0.519922137,1.970799208,0.720735918
-0.976403117,-0.170336887,-0.832803712
-2.194652081,0.533161044,0.504102867
1.129068732,2.669239044,0.540586671
-0.386908859,1.08091712,0.844420736
0.008951917,-0.381443977,-0.797973515
0.097685523,-0.175560609,0.808682778
-0.624972701,0.627178192,-0.826706978
1.353785753,0.074418023,-0.511058727
-1.598094463,-0.404222131,-0.313290219
-1.318162799,-0.420777351,-0.403171845
0.604511201,-1.540097237,-0.768031173
-0.210367233,-0.552247643,-0.903361494
-0.951060057,-1.388158917,-0.739277931
0.077188775,-1.842923522,-0.617007537
-3.176770449,-0.2275334,0.664052743
0.611266553,0.238126516,0.896103847
-2.261604309,-1.465149283,0.012095497
-1.281707048,-0.986349583,0.690558659
0.6205374,0.286892772,0.512464156
-0.186962441,-0.65939784,0.923451536
0.162134945,2.058330536,0.898678504
-0.149020508,0.113153465,0.918115964
0.45728603,-0.563990772,0.1835692
-1.677621245,0.335283458,-0.628551522
0.366203845,0.191937074,0.530715217
0.879078448,-0.018746041,-0.940073198
1.385076046,-0.494800091,-0.16614862
0.471669614,1.444109082,-0.721465295
3.021666765,0.914933085,-0.207044444
1.557032704,0.138506651,0.219981013
-0.530453146,0.165850312,-0.004684409
1.128968954,-1.574836969,-0.883111575
2.22679472,-1.201069355,-0.83527784
1.390597582,1.894899845,0.126860106
0.281476229,1.167879105,-0.199749432
-0.379820943,-1.129328132,-0.889983601
-2.651324749,-0.870908141,0.40607842
-1.500899076,-1.402717352,-0.065877629
-0.738167226,1.274317265,-0.798615737
-1.186359167,-0.983321369,-0.567494131
-0.037285227,1.131367207,-0.01023138
-0.757462978,-0.131565809,0.98924883
-0.671742618,1.133929968,-0.13009818
-0.36068505,-0.353710055,-0.891260952
0.215482652,-0.243319422,0.48377095
2.81412077,3.38281846,0.646277354
0.085438609,-1.048187733,-0.264645346
3.30900526,-1.318410397,-0.654378301
1.101938248,1.020617127,0.974829606
0.909026265,-0.073733225,0.484422957
1.180423379,0.801498175,-0.681255003
-0.797768652,-0.198375642,-0.96328389
-0.774331927,-1.212628603,0.358070716
2.835149288,2.845746756,-0.697773481
-0.419164151,-1.80812633,-0.075279205
-0.708987653,2.005103588,0.124326929
2.324696064,3.337711811,0.675705725
1.27358532,-1.135607958,0.332829955
-0.762907803,0.65081799,-0.014083791
-1.734207034,-0.688576818,-0.356809965
0.033882469,-0.92566812,0.025279155
1.045296907,1.053149343,0.995097755
0.038664047,-1.979124784,-0.569729314
0.148546875,-1.173836231,0.906865509
-1.954674244,-1.291104794,0.222429578
1.369913697,2.344516754,-0.446866308
-0.239673704,1.298706055,-0.159838028
-0.278008223,0.129901409,-0.337296905
-0.022021089,1.866131186,0.191418698
-1.599633694,0.983195841,0.086577377
-0.168805003,1.999646425,-0.403703056
-1.507318616,-1.621155739,-0.125347406
-0.104760051,-1.905353427,-0.993649485
1.114201546,2.99733305,0.337489415
0.654921293,1.230146289,-0.947403312
-1.631045103,-0.905421734,-0.354817331
-0.584785461,-0.95126915,0.06205407
-1.873909473,-0.729864478,-0.437805344
-0.395101428,-1.079925776,0.632442002
0.519521892,-0.710313201,-0.075997967
-0.519795001,0.232059166,0.97671504
0.995463848,1.048153877,-0.993491087
-0.94464159,1.140047312,0.304824019
-0.498421997,-1.456145525,0.236407105
-0.291978836,-1.369454145,0.716451238
-0.18528071,0.878506482,0.175217911
1.586996078,0.918866515,-0.895559949
-0.671475291,-2.41656208,-0.89843634
-0.174207389,1.962148905,-0.734403674
0.259115964,-1.979673982,0.974168087
-0.57292074,1.001603842,-0.221820862
-1.532916903,-1.151559114,0.841805063
-2.484082937,-1.299668789,0.763785304
-0.572316051,-0.714626312,-0.723210592
1.01372838,0.075224832,-0.045629392
1.188762903,-0.072496235,-0.091517747
-1.384538174,-0.420223862,0.150953159
-1.659266591,0.298978567,-0.267101668
-1.224299431,-2.124333858,-0.171956937
-1.587869883,-0.202633396,-0.0784493
0.237111539,-1.55749464,-0.784107947
0.551656783,1.35748899,-0.342402399
0.189281404,1.558398008,0.071470537
-0.702808678,1.279452562,0.231542884
0.68181318,1.130502939,-0.324234229
0.744695663,1.958900928,-0.030240871
-1.765982628,0.227163374,-0.541025571
0.181929126,-0.294563711,-0.918527416
0.037866272,0.671652973,-0.004074005
1.179112196,3.079338551,-0.881714767
-4.368951321,1.409066081,-0.599282879
-1.052659631,0.366900861,0.030270315
0.072444536,0.068468601,0.80603177
0.629537463,1.27541256,-0.621144816
-1.393101454,0.02228497,-0.797632414
-0.262266815,1.341919541,-0.065542234
-0.182474017,-1.066846848,0.928346348
-0.983054101,0.91210115,0.741020988
-3.356436014,-2.454368114,-0.996639077
0.604406357,-0.181801513,0.581112057
-1.38976717,-1.142160892,0.168011568
0.462265998,0.050847128,-0.498099209
0.73625046,-1.844361305,0.317131651
-0.708749533,0.818566561,-0.234314261
-1.095057487,-1.047011137,-0.68080002
-1.087660551,1.191715717,0.600479363
-0.019299343,-1.879453659,-0.994982184
-2.405991554,1.529238701,0.786903839
-0.604058504,0.197567284,0.994525323
0.586839795,0.431987226,-0.932866207
-0.399417639,-1.115661263,0.332939823
0.739580512,1.997371674,0.815838403
-0.014975548,-0.840910912,0.637037642
-0.811918855,-1.177577019,0.260656495
1.21808362,0.158069968,-0.09222525
-2.506891966,1.438497066,0.696692321
-2.388522863,0.985205531,-0.226158581
-1.393631339,-1.19766891,-0.896585338
1.719243288,0.335519165,0.785498758
2.055662155,-1.08063817,0.722267533
2.233258724,-0.649116933,-0.296605193
1.746534109,1.049714327,-0.103656061
0.837970555,-0.49996829,0.482271592
0.347880065,-0.367130518,-0.807034215
-1.349539638,-1.120601416,0.54426348
-0.13385196,-2.067918777,0.570157468
-0.360502213,0.479178429,-0.013791516
0.896382928,2.741696358,0.777782056
0.321658462,0.891268015,-0.975825562
1.606348872,0.862314403,-0.85626553
-1.438555837,-1.880365849,-0.352896493
-1.370145321,-0.957890272,0.974844304
-1.76595366,-1.165365696,-0.871191166
-0.967583418,0.667473197,0.529657957
2.031764984,2.826133251,0.560630369
0.597679496,-0.025786124,-0.946041515
-0.295609593,1.249231815,-0.879875988
-0.805271566,-0.180590928,0.143017274
-1.664092898,-1.547644258,0.8680118
-0.58321631,2.046656132,0.624217384
-1.270875454,-0.487751603,-0.934320449
0.020600855,0.754022241,-0.342390833
0.313494533,0.733547211,0.320471424
0.46714437,0.402140766,0.2794741
0.427055866,-0.233763963,-0.854864341
-0.880646288,0.042995784,0.833221544
-1.080475569,-1.158180952,-0.996926401
4.051693916,1.04725492,-0.595826617
-0.112048119,0.266655028,0.223737499
0.028640352,0.650178552,-0.880245842
-1.140085697,0.595456481,-0.715787829
-0.021096215,2.821265697,-0.238905703
-0.144969195,0.937107086,0.977558474
0.057135709,0.20386076,0.445485431
1.176828384,0.797704101,0.96812608
-0.54023242,0.483108878,-0.289543709
-0.301042318,0.217586666,-0.421673568
-1.254805088,-2.780812263,-0.592449776
0.123331383,-1.100259662,-0.153464425
1.152255058,-2.267308474,0.207186948
-1.766079426,0.507588923,0.593171881
0.895778298,-2.123305798,0.634506834
1.304006934,1.110041261,0.277293784
0.803809881,0.331369638,-0.375335146
-0.698116243,-0.060649648,-0.248888963
1.635100842,0.511273861,0.370401941
0.876360655,-0.014852583,-0.872574808
-0.827739239,-3.15386343,0.254030316
-0.395131469,1.254400253,0.371200182
1.937103391,0.790858924,-0.201329042
-0.076671131,1.339246988,0.363329517
-0.969317198,0.549587846,-0.633641127
2.135651112,1.627741218,-0.692344152
-1.269369602,-0.200581461,0.001110724
-0.033574194,1.043246746,-0.834314364
1.267348289,0.63571763,-0.581081111
0.397714376,1.810329199,-0.367493971
1.141923428,-1.222225904,-0.726394633
1.690471649,-0.712644815,0.365324351
2.351498604,3.316083431,-0.533514771
1.047790527,-0.574394226,0.310708971
0.71124053,0.373475015,0.088465514
0.9378196,2.739584446,0.560175407
-0.748813152,-1.152146459,0.298709231
-1.586543202,1.192618847,-0.586263799
2.631721497,0.412962943,0.437925658
0.449848324,-0.965616763,0.878231152
1.363702416,-0.286441743,0.47860389
2.493345499,-1.587925315,-0.761444878
-0.620729744,-0.7924757,0.345002733
0.210222632,-1.611335039,-0.805099033
0.697840333,2.746960402,-0.344525581
0.265864521,-0.329512358,-0.682213077
-0.706605315,-0.371878147,0.558966764
1.985350966,1.352369189,0.212831797
-1.696768761,0.993079185,0.916160785
-0.934910774,0.41226089,-0.356104555
0.068116672,-1.85022974,-0.197232038
-1.99268651,-0.621231794,0.286168546
-1.185346007,0.142865479,0.164500425
1.394979477,0.747047007,0.513180623
0.095228553,-1.377963424,0.671251172
-1.063876987,-0.125296682,0.05691594
-0.758876085,-1.854642153,0.525747501
-0.744983792,-2.138085365,-0.332717508
0.052583575,-1.717308521,0.283769714
2.439682007,-0.748980165,0.351933937
-0.43064636,-0.352066725,0.388528718
-0.312161714,0.361264586,0.257601718
-0.739200354,-1.241544485,0.97381946
0.986405253,-0.434245884,-0.932456814
-2.688624382,-1.742038131,0.366668238
-0.669071198,1.280678511,-0.412347435
0.005504753,-0.51167053,-0.675196834
-0.826918483,0.346063793,0.029956807
0.369577706,0.319227636,-0.466898566
1.430233955,-0.345809996,0.570232913
1.663117409,0.112891585,0.513967037
-0.984825015,0.69109714,-0.825654131
0.500010252,-0.039058674,0.71695196
-0.627623558,1.098492861,0.568833926
-1.184890747,0.350526899,0.410624587
0.214695647,0.370953679,0.281088645
0.718153238,2.123473167,-0.061019016
-0.931327224,-2.753808022,-0.776732165
-0.347480506,1.278829098,-0.9273645
-0.665590167,-1.777033329,-0.546456952
-0.224069625,1.078133821,0.683024858
-0.329451859,-0.749411643,-0.229741096
-0.949861288,1.209381342,0.872550577
0.030532211,0.524672508,0.269196622
-1.341627836,-0.666314483,-0.603758808
-1.241052389,-0.833102703,-0.231751865
0.859976888,2.835381508,-0.18654959
-1.07140708,-1.953309059,-0.905603363
2.720155239,2.111305237,-0.833990805
-1.382352233,0.282760501,-0.551706758
-0.750315547,0.278660446,0.100105494
0.021745086,-1.825000286,-0.749585688
1.136436462,0.600328386,0.369653033
1.209465623,-1.285701513,-0.0821392
-1.278110266,-0.16836676,-0.743820074
-3.499386072,-2.442378998,-0.373854524
-0.050598592,2.40841198,0.226772372
-1.42797184,-2.305174828,-0.339565786
-0.657698393,-0.442771137,0.182488508
0.52111268,1.401433468,0.361350324
-2.127806664,-0.564976335,0.77413972
-1.207260966,-2.31997633,0.283352535
0.534934819,0.056515142,0.347958445
3.355780602,0.239413828,-0.5272275
-0.279290825,1.730139971,0.288823336
1.138765931,1.206985593,-0.858084387
0.576641798,0.034208454,0.120059596
0.763066351,-0.930451035,-0.496181658
-0.231482282,0.145483226,0.695482443
0.358317375,1.76886332,0.968145503
-1.19830513,1.302460074,0.39190619
-2.987062931,0.064235657,0.406376997
0.318977147,-0.218279004,0.030793699
-0.615015924,0.25547567,-0.699976758
-1.199056864,-0.88470763,0.083750804
3.344108105,2.217763901,0.11057176
-0.654060662,-0.881262183,0.360145745
0.426561028,-0.021098891,-0.059909805
-2.465465784,-0.112516388,0.7271788
-1.128372192,2.081849098,-0.926910378
-0.650943279,-0.845815599,-0.44008562
-0.844160318,-0.325967759,-0.623501846
-1.575621963,-0.43469426,0.210305522
-1.677169323,-1.573006392,-0.706554135
1.438698411,0.806499183,0.501526691
1.548902512,0.807386339,0.671710199
1.625733137,0.567908645,-0.026376379
0.289923489,-0.787437201,-0.571250865
-1.652147055,-0.320803434,0.174987643
2.386775017,1.124993682,0.338323376
0.725628018,-0.395709515,0.85658355
0.091611326,-1.126150131,0.73130119
-1.403664947,-3.541239023,-0.133205895
-0.544697762,0.74913609,0.745484245
2.362060547,1.76578784,-0.929682216
0.823617339,0.621813893,0.0797047
2.170471191,1.487883687,-0.114338293
2.098478317,2.776412487,0.980300143
-0.017285122,1.243583679,0.847060968
1.139012933,-1.594885826,-0.757622812
0.799084008,-2.296842575,0.674525083
-0.335833281,-1.02236259,0.599486826
-0.375778705,0.046853922,0.813071352
-0.2574552,0.372427166,0.435404683
0.89853698,1.217654943,-0.568375834
0.23872,1.230316043,0.293118476
-1.000319004,0.3509399,0.124950807
-0.227824643,2.606901646,0.238052704
-1.46898675,1.121816874,0.174326749
1.113505244,-1.537163019,-0.882688993
-0.257381141,0.536916196,-0.246434903
-0.558040857,0.115307696,-0.589695646
-1.282549024,-1.287873983,-0.288225493
0.879604697,-1.460309505,-0.287729406
-0.355127871,0.039586507,-0.027838412
0.108459696,0.678217173,0.158036908
-0.342860758,-0.453891933,-0.722280219
0.419774413,0.448636502,0.002234524
-0.477834225,-1.866111875,0.54928126
-1.48811233,-2.18394208,-0.521377919
2.105297565,1.524771214,0.033088636
-3.420824051,-1.191200614,-0.600142486
0.289248645,-0.904801011,0.057403542
0.453398079,1.108046293,-0.739369075
-0.388657033,-1.10745573,-0.589429758
-0.806257486,1.156055927,-0.127205252
-0.944705367,-1.673934698,-0.00876873
-0.768523633,0.622097731,0.542863895
0.514358401,1.88683033,0.155409484
-0.262316704,1.566703558,-0.426561846
-0.942144275,0.375332922,0.457964796
-1.48315227,-0.532720566,0.89231856
0.082686387,-0.864799142,-0.19417036
-0.440147996,-0.990749955,0.14689029
1.675064921,0.478775114,-0.355220007
-0.154669046,-1.184278965,0.770942246
-1.021509171,-0.763211012,-0.355566441
0.964741409,-0.899866581,-0.193486984
-1.113178134,-0.611855805,0.392267227
0.16042456,0.142785549,-0.978410648
0.767320931,0.815505683,0.183604898
-0.120690554,-0.976711333,-0.366546061
-0.974785864,0.039855901,0.534268302
1.415417194,-2.249774456,-0.252711383
0.000280917,-0.833985448,-0.011762391
-0.227715164,-0.785254717,0.96194912
-1.495499611,0.584810972,0.21880011
2.147464514,0.974081874,-0.530783295
-1.502685905,-2.302005529,-0.15183748
-0.712003171,0.064947635,-0.181582658
-0.171035841,0.351560235,0.893984217
-1.867409706,-1.284997344,-0.591764133
-1.055425406,0.191118822,0.027077751
0.446226001,1.585092545,-0.268509655
-1.767398357,-0.4446733,-0.292085364
-0.303662658,1.797689319,-0.643068325
0.223065764,1.847076058,0.169551088
-0.298871279,2.596428871,0.851639887
1.207825184,0.599695563,-0.871462076
1.576258421,-0.448803753,0.964669589
0.418754339,0.582867503,-0.122407089
-0.381519675,1.594840407,-0.796453369
1.180775046,2.48425436,0.602914787
-0.705997348,-2.920069695,-0.456642129
1.804439068,1.022729993,0.604748985
-0.435493797,-0.935237825,-0.781302317
-0.323191524,-1.863295794,0.713257652
0.694841027,-0.511710882,0.527947789
-3.73835516,-2.393781185,-0.853881037
1.08399272,0.827105045,-0.685040822
1.35514617,0.81920886,0.238170299
0.146775663,-0.034241103,0.87677295
2.256575346,1.458402991,-0.42187312
-0.695800185,-1.084653139,-0.735533916
0.030034781,-0.171149671,0.221402871
-1.384633183,-0.719223738,0.22155062
0.710257053,-0.081338197,0.903606065
0.804932594,0.13831614,0.613338893
1.936304569,1.681001306,-0.681231552
-0.639470339,-0.743444085,0.974494239
-0.86212188,-0.566472054,-0.113379686
0.537034154,0.483263016,0.653899454
-0.912219882,0.131282479,-0.356284989
0.332833588,0.088193566,-0.013823611
-1.302931905,0.298019677,-0.213161861
-0.431296587,1.886118889,-0.628680472
-0.096118607,-0.473504096,-0.494448648
0.615127206,0.703133941,0.795185545
1.187021375,1.313654065,0.180686459
-0.002383709,-0.427959442,-0.379923949
-3.193260431,-3.180283546,0.481117923
-0.841757178,-1.190776348,0.090957188
-0.839193106,0.492349625,-0.154130758
-0.123815089,-0.932264924,0.360407466
-1.074324727,1.015807152,-0.97028457
0.271246791,-0.553906679,-0.96911934
-2.22618103,-2.177331924,-0.75104931
0.957215786,0.133133024,-0.394566408
-1.381690979,-1.221972466,0.980755632
-0.322007447,0.110043518,0.972770212
2.179781914,0.90603447,-0.80179767
-0.188030809,1.463251352,-0.204340294
-1.477666378,1.007747769,-0.573465973
1.44014287,-0.081317246,-0.993559852
-1.188378096,-0.706600428,-0.834030096
2.130649805,0.472049952,-0.229585708
2.209614992,-0.069962516,-0.876828324
-0.533020854,-0.76244849,0.819241319
-0.755505443,1.496761799,-0.047967499
-1.059658408,-2.455087423,0.76409528
0.5823946,1.459589005,0.157423825
-0.205618456,-0.996394634,0.950607791
0.001458332,0.027359001,0.960414331
0.269804269,-2.199511051,0.527778989
-2.506112576,-1.211928129,0.88468348
-0.259202361,-1.12782836,-0.577670483
-1.484745026,-0.69651264,0.537400926
-0.03477034,-1.45887804,0.415239422
-2.138946533,-1.454763651,0.812334286
-1.734868288,-1.650727749,-0.221771911
-1.729777098,-0.286122501,0.488909221
0.8842206,1.435675621,0.552994594
0.076722831,-2.388427973,-0.503074496
0.520530999,1.341075659,-0.800775362
-0.114368804,1.02758503,-0.159902999
0.386446536,0.533498347,0.898403817
-0.407127917,-0.169106558,-0.267533028
-0.293013245,-0.591555357,-0.944370452
-1.55959487,-0.206635594,-0.772800784
2.124379158,2.379669666,0.104860561
0.856153727,1.854144931,-0.611549785
1.399169207,-1.657744169,0.547752833
-1.83729887,-0.946587801,0.608078493
-0.917091966,-0.352584481,0.79823179
-2.807191133,-3.121918201,-0.61436854
1.237586141,1.797846913,-0.710032552
-1.10013628,-1.937165737,0.079678545
-0.90944016,1.573806643,-0.2957183
0.255066037,1.210625529,-0.479074851
0.572137296,0.311813325,-0.754566768
0.204191789,0.312120229,-0.027053417
-0.066870518,-2.641964197,0.616126488
0.840308845,0.970843911,-0.010668628
-0.374195606,-1.140231371,0.233630165
-0.825424671,0.403684288,-0.363522681
0.169545904,0.596147656,0.276071482
0.716063976,1.506451011,-0.984779621
-0.345186591,-0.082252145,0.002505333
-0.001648694,0.018911049,-0.073773646
1.829612732,1.431922913,-0.404220416
-1.184708595,0.241363883,0.761832694
0.372206479,0.997682095,0.04471287
-0.136263236,-2.311012268,-0.512858435
1.976530194,-1.308159351,0.79394029
-1.478449106,-0.632769108,0.1006234
0.610351682,-0.790176511,0.751473588
0.67340529,0.645945609,0.928270704
-0.338378131,-1.049176812,0.574376135
1.819191456,0.646219373,-0.780965535
-2.307911873,-0.211824179,0.282803774
0.748032987,-0.675815701,0.177389123
1.380920172,1.815356135,-0.857182282
1.62880826,0.210156053,-0.159573375
0.052362207,-0.925780356,-0.1017361
1.727517843,-1.23567903,-0.77631584
1.130260229,-1.156624556,0.874484268
0.327367306,2.214428425,0.332689934
0.863672316,0.929275274,-0.008329004
0.131186575,0.561909258,0.335956731
-0.757080197,-1.297247648,0.622528298
1.027291656,-0.226452366,0.185854012
-1.801100731,-2.841653824,0.334759001
-0.063206837,1.934042454,-0.873406875
-0.770273924,0.845388412,-0.196071371
0.91408515,-1.386068106,-0.887574973
-1.284557104,-1.574403524,0.184924456
-0.693640828,0.325751871,0.659964351
1.999301076,-1.363090158,-0.8370762
0.845600724,-0.338709116,-0.332174033
-0.107047811,-0.887563944,-0.876317508
-1.398867607,-1.438485503,0.162735578
0.090565532,-2.036796093,0.198941172
0.31937021,2.858646393,-0.182543551
0.530381203,-0.399018943,-0.103495499
0.560384274,1.10989356,0.548542605
0.330414057,1.564725399,-0.988404377
2.492570877,2.07536459,-0.520459997
0.040771216,-1.607103586,-0.275100062
1.825773954,0.601507843,0.992831116
0.867967844,0.719393969,0.772638243
1.018293619,-1.013603449,-0.463597282
-1.633240223,0.92122364,-0.502397161
0.271853387,1.624084473,-0.022164466
1.513237,0.140042886,0.758483656
0.309988201,1.282275915,0.083300526
-1.676372409,1.535992146,0.104242378
0.410039932,-0.830739737,-0.5691891
0.040620252,0.525127053,-0.584482117
1.080090761,0.030219458,0.454955544
1.21153605,-0.464179248,0.284445846
0.926879883,-0.939653337,-0.691136528
0.134020329,-4.205488205,-0.364875436
1.454145432,2.154458046,-0.5664719
0.278855413,-1.815635562,0.732221796
0.761567116,0.471827865,-0.892601055
-0.149427384,-0.618996859,0.016421293
-0.210260555,0.100788504,-0.536398452
3.555510521,0.943945706,0.236616226
-0.444365799,0.380495548,-0.851805137
0.608296037,0.263979286,-0.119516681
0.273344517,2.862821102,-0.452111235
0.588031769,-1.595073819,-0.733077085
0.511064708,-0.256614864,0.314892642
-0.762114525,-0.097993582,0.521417548
-0.965556383,-1.640266538,0.516092929
2.455303192,3.40079546,0.749920588
-0.826047003,-2.171432257,-0.728048756
-0.642270684,0.787293375,-0.850862548
-1.158579588,1.787814856,0.956205394
0.848056614,2.586909294,-0.519869743
0.495114654,-1.149524689,-0.20725222
1.206417799,-2.495904446,0.344374739
0.398464561,-0.600119054,-0.421268287
1.870190501,0.639138937,-0.783391675
3.916206121,0.65560168,-0.03706268
0.877737641,1.162674904,0.821428956
-0.141767442,1.467992067,-0.970904474
0.20137535,-0.626352787,-0.672766665
-2.279436111,1.240963936,-0.289430061
-0.381958961,0.862622023,0.126950282
0.72662425,0.993480265,-0.133915129
-0.514594913,-1.490884304,-0.912333019
-0.838965654,-0.10973081,0.861132035
-0.569262505,0.370245337,0.363472259
-0.386545062,-2.190549374,-0.627600962
-1.297437191,0.046199977,-0.080424128
-0.380363494,0.279108524,-0.84701023
-0.702674508,-0.419763863,0.983736159
0.643340826,-0.570843101,-0.31399924
-0.302419543,-1.491420507,0.699726652
-1.699584603,-2.342070103,0.990441122
-1.242240429,-0.251279026,-0.096602568
-0.28921625,0.650489271,0.418733263
1.801949024,-0.303875893,0.984077309
-2.358028412,-0.990118444,0.26629546
0.550222933,-0.590874434,-0.282271522
0.343452454,1.164265156,-0.923820024
0.069709182,1.934114814,0.280778806
1.339097142,1.85371685,-0.876602493
0.92965734,0.986735344,0.144651408
-0.528656483,-0.574137926,-0.848908673
-3.733434439,-0.57724452,0.256860715
1.348787189,-1.998336077,0.890369881
-0.755271196,0.240902737,0.456278106
-0.83444339,-0.497310966,0.083197409
-1.105319619,-0.000664726,-0.294309906
0.526814103,-1.0025208,-0.732857804
0.323043495,0.872794092,0.175314563
-0.765619755,-0.34363693,0.367376726
0.94626385,-1.185851574,-0.165880317
1.719018817,0.066057049,-0.197127542
2.252127171,-0.118822798,-0.470779097
-1.602998853,0.396233201,0.948749765
0.032643862,0.42328009,-0.388767962
-0.417644113,2.186872721,-0.696895049
-1.584024429,-0.517228842,-0.473182681
-1.568960905,-1.610681891,0.265119087
0.349587262,0.13260825,-0.48280438
0.578342021,0.939410806,0.319623981
2.234871387,0.947829723,0.750508749
0.877527118,-0.58155936,0.186633587
0.100177303,0.336331785,-0.465946054
-0.797115922,-2.057733774,0.473546605
-1.627872586,-0.152748063,-0.113006918
-1.358142734,-0.087047324,-0.579204159
2.921662092,0.463432074,-0.18793969
0.783848047,-0.184489846,-0.185208586
-1.212710142,-0.727145493,-0.038970745
-1.056346893,-0.135701537,-0.797953602
0.557391584,-0.653789401,-0.517443637
-0.356254697,0.124866948,-0.755190483
-0.752820611,-0.960622311,0.569808727
0.602566123,-0.546766996,0.642643347
-0.961885571,-0.340349674,0.375444273
1.118654966,-0.211095914,-0.605343774
1.671651363,1.942542553,0.005131398
0.101905137,-1.98927319,-0.480517324
-0.163585782,0.044461027,0.451602686
-2.494387627,-0.653299689,0.828427117
1.008254886,-0.669941306,0.085039805
-2.431719303,-2.004051924,-0.846498898
-0.304359853,-0.831893325,0.2803806
-0.118984222,0.091907337,0.879282975
1.722870231,-0.481429517,0.799539346
0.903040648,0.982874751,0.759011917
1.418500304,0.015749604,0.376166174
0.095931493,-1.161213756,-0.495783759
-0.451539248,-0.873626947,0.20101353
1.963811636,0.634955645,-0.253787818
0.683846831,-0.44493103,-0.964431298
-0.092658937,-0.291842401,-0.653978947
-0.815652609,0.921948016,-0.861001876
-2.037127733,-1.359761477,-0.082996496
-0.739063203,0.468866646,0.390048292
-1.254020691,0.327889889,0.688564084
0.133867562,0.672703266,0.740796118
-1.822126627,2.65170145,0.327256628
0.396873355,0.343304873,0.915461659
-0.314625591,-0.28887707,-0.966640659
0.386542767,2.358307362,0.391725496
-0.094162136,-0.416160166,-0.017431032
1.034888983,-1.430833817,-0.254662935
-2.943938494,-1.022735238,0.754257716
-0.348987281,-1.09457469,0.264580398
1.655510545,-0.764320493,-0.596675517
-0.752665281,0.134368941,-0.656938639
1.455395103,0.482375801,-0.786252064
1.800338268,0.804488003,-0.969112601
0.142323911,-0.262064219,0.54612903
1.748237014,-0.558282375,-0.602065958
-0.66091764,-0.445642889,-0.641724548
-2.317171097,-0.587549925,0.470236191
-0.061001606,0.443344295,0.546457028
0.159244746,0.916744113,-0.974384357
-0.310748637,-1.926804304,0.833712227
0.176248863,1.194097281,0.101575447
1.142707467,-0.235630959,0.96133192
0.893019497,-0.056474559,0.47974346
0.939919591,0.682558417,0.724443175
-1.432709813,-2.497475147,0.891378952
1.898574233,1.095668554,-0.305197859
0.72015965,-0.280607879,0.42096606
0.992192984,0.348933965,-0.768028643
-0.91849494,1.364947081,-0.036879262
-0.590763688,-1.433095217,0.973623955
-1.056890249,0.692851305,-0.303936255
-1.4376719,-0.476952612,0.826268395
1.826242089,0.099110961,0.643517444
-2.184831142,-0.687866926,-0.363879049
0.938338518,0.691908419,-0.597302184
-1.746695757,-0.046228364,-0.580094023
-1.19201231,1.806720018,-0.181637979
1.54930675,1.466562986,0.386094962
-1.446003437,-2.602323294,0.296500933
-0.41440326,-0.379925191,0.415632222
-1.708717108,2.045159817,-0.720522669
0.015010312,0.344861865,0.403088809
1.891177416,1.217991114,0.106534078
-2.194979668,-2.871251583,-0.220204081
1.853542209,1.584295988,-0.893948847
-1.408298731,-0.108820736,0.316846115
0.231113896,-3.338893652,0.069332388
2.934608936,0.874305844,-0.505509707
-1.907230616,1.128207684,0.092678896
1.92119205,0.256958604,0.943649419
-0.606006742,0.348197281,0.466896805
-1.24930644,-0.920775115,0.635129655
-2.438938618,0.412637174,-0.07542503
-0.296653986,-1.134097576,-0.994064402
1.195019007,-1.397049546,-0.469371585
-0.905743241,-0.708124876,-0.740593692
-1.840427399,-1.300344706,0.06158653
-0.358290195,0.04136014,-0.218172062
0.081802405,0.432690203,0.03466398
-0.000631839,0.028450668,-0.868576667
0.871969104,0.85150218,0.52618425
0.304190218,0.658218741,-0.227852851
1.945369482,-0.847852409,-0.602876017
-1.318762302,-1.091133356,0.855891205
1.306969881,-0.254816175,-0.590213419
0.31079632,0.302368253,-0.865173702
-0.993941069,1.605228662,-0.697907026
-0.161848873,-0.534564853,-0.243225562
0.687041521,-2.098742008,0.90825082
1.442278862,2.880147219,0.643539957
-0.50868988,-0.361127734,0.863454176
-1.769667625,-0.909374595,-0.887540961
-0.074536376,0.001947936,-0.513930099
-3.444584846,-1.851296902,-0.031257061
-0.08086583,-0.592201114,0.839056452
-0.010183409,0.089568116,0.003590575
-0.409792602,0.423652947,0.846726143
-3.09153533,-0.670871377,-0.99037043
-1.861040711,0.929933071,0.542830167
1.755941868,1.394955397,0.575315179
0.737518072,0.821806371,-0.992154653
-0.36200738,-0.715763867,-0.333272168
1.207394123,-0.856357992,0.898047069
1.805014372,0.044047493,-0.5306654
-3.430419207,-1.251545191,0.944053606
0.154269889,0.790545642,0.35592692
1.051466107,-0.219526559,0.22354047
3.107857943,1.379678249,0.541640578
0.429707289,2.452876091,-0.675232415
0.666753888,0.168608844,0.92083362
-1.039983273,0.362730086,-0.431957221
0.001848306,1.127493858,-0.488886993
0.880763054,1.020512342,0.941112395
-0.711848795,-2.35217905,0.213809126
-0.761056423,0.695469201,-0.937185799
-1.725317121,0.123269938,-0.274687781
1.897468805,0.222835243,0.17616573
-2.132350445,-0.845180094,-0.194871495
-0.4448663,0.123485737,0.453961823
-0.809373975,-0.982901692,0.685379457
-0.638521552,-0.973642349,-0.42513859
-1.679393768,-1.088610053,-0.89050058
0.922851801,-0.454370111,0.463593453
1.102410316,1.550077081,0.399077728
-0.518840849,-1.279593706,-0.200553946
3.293047428,-0.760807931,0.186328507
-0.962910652,0.245399207,0.907356859
1.436692715,0.058437496,0.786039509
-1.493282676,1.030525923,0.361991746
0.562517285,-1.703392982,-0.165041356
0.468488187,0.255004257,-0.414697015
-1.019523859,1.253051281,-0.955011805
-0.466801465,3.339906931,0.740217144
1.506652832,-0.301334232,-0.937393493
2.830744743,-0.251505911,-0.596815984
0.472389251,3.704794884,-0.149757607
1.096503019,-1.151767254,-0.727379005
0.839707673,2.403880119,-0.342911593
3.210347652,-0.158192381,0.756986995
-0.234040305,0.205810189,-0.569805204
-0.249427736,-1.069575548,0.762359182
1.191862345,-0.420024723,0.204384454
-0.971598029,-1.905474901,0.511541924
1.635751486,0.443044066,-0.428698441
1.681464195,-0.680779815,0.909352449
0.483112663,0.204747885,-0.93292623
-0.282261163,-1.070910931,0.875331613
-0.20679459,1.098239303,-0.962010942
-0.49103722,-0.920023263,0.222548404
0.878212869,-0.365358323,0.387575327
-0.42722851,-1.228058338,0.183654786
-3.77068615,-1.20140028,0.036513959
-0.617054045,1.579444289,0.991032659
-0.313936144,0.749070168,0.867174675
-2.800179243,-1.12705791,-0.477790803
-0.796835899,-0.492752314,-0.565600092
2.255091667,0.68506819,-0.598546147
1.178987265,2.097033024,-0.135915479
1.577361822,2.06900835,0.978589623
3.280786276,1.128440261,-0.897308953
-2.249425411,-2.787311077,0.949497851
-1.324050784,-0.820978045,-0.001981633
-0.308525801,-0.420223057,-0.375142552
-0.057462957,-0.390045047,0.140456085
-0.246852905,-1.254412651,0.404255271
1.102972984,0.554745913,0.419443093
-0.513164163,-1.276904464,0.323636393
1.054456711,1.452145338,-0.685279713
0.335056394,-0.632337451,-0.142027383
1.279371738,0.100925051,-0.964349076
1.1988554,2.858185768,-0.015495715
0.157509327,0.2210581,-0.880251166
-0.205421507,0.11334762,-0.381984024
0.379703224,0.881922007,-0.287906192
0.375492394,-1.156855583,0.58710914
-0.504730582,0.46312806,-0.792789003
-1.508869052,-1.019141436,-0.984570776
-3.448404312,-0.421145737,-0.430931943
-1.236584902,-1.324910998,0.59022153
-2.108149052,-2.119164228,0.938939019
-0.293438137,-0.382875562,-0.014447545
1.132458329,0.660478473,-0.996984781
-1.436997294,1.050577402,0.189252178
-1.055117965,0.458467394,0.087632824
1.782460213,-0.318930745,0.232500323
1.455783606,0.926866472,0.898773644
-0.372221351,1.441544771,0.414537135
1.488780022,1.437713742,0.437415189
1.571395159,0.496729523,-0.484977454
1.138549566,-0.267407984,0.229379178
-1.191066742,-0.47611022,-0.355031518
0.090826377,0.896583676,-0.054302212
0.883943677,-1.224839687,-0.389801339
1.001930594,0.217804834,-0.649392562
-0.548928678,0.851186991,0.472602566
1.098213196,-0.340351343,0.628645649
1.58541894,2.578721046,-0.783899768
2.620562553,1.454067111,0.706313416
1.896793008,-0.493647456,0.297212507
1.663219929,0.911805391,-0.469566166
0.478854746,1.165025711,-0.059375292
0.626205683,-0.364671707,0.676592111
-0.809377074,-0.926629663,0.031761281
-0.282313347,1.14031601,0.788196573
0.116745204,1.072540522,0.211486833
-2.816150665,0.471253574,0.721888099
0.809382915,0.326454163,-0.145006907
-3.371032715,-0.787780464,0.403590486
-3.664736032,-0.566352129,0.265695288
0.142356992,-0.011601083,0.354593327
-0.87415731,1.156504154,0.688011705
-1.840981722,-1.605867505,0.20389583
2.466216087,0.593850613,0.5154642
-0.343459219,0.13056913,-0.780609699
-0.068400517,0.403673083,-0.388971571
0.983991921,0.674880505,-0.073392185
2.030807018,0.927240133,-0.993663239
-0.108403951,0.084924556,0.651408889
-0.892956734,0.75531441,-0.593392962
-0.50655067,2.215446949,0.836347192
-1.003982663,0.037218161,0.327334711
-1.556055903,0.898115873,0.728547422
0.777493656,-1.663609505,-0.117572049
0.879309177,-0.021861956,-0.77983235
2.700923443,-1.561723471,0.074797318
-2.314715624,-1.186269999,0.684575184
0.184431612,0.045679882,0.468894113
0.44897905,-0.959930837,-0.818992308
1.305630326,-1.377092361,-0.067592612
-0.527579665,1.939415812,0.327015702
-0.708261013,0.398199797,0.910382391
-0.99829483,-1.003400326,0.524978367
2.242884874,0.784471035,-0.89282449
-1.571830869,-3.10875845,-0.490247284
1.523170352,0.741406083,-0.213857823
0.136441752,1.046483755,-0.817022493
-0.533874035,-0.700609565,-0.221021315
0.939648628,3.263320923,0.931206929
1.769246936,-0.323086768,0.362613985
-0.772697389,-0.319610327,-0.508505233
-0.284542412,0.266552448,0.693985068
-0.168527871,1.036309004,-0.428966084
0.749193072,0.260482579,0.101071461
-0.003469959,-0.824492574,0.515910443
0.093797356,1.428505898,0.559929874
0.203946397,0.296146274,0.088388075
1.617357016,0.655601382,-0.977121763
0.999578118,0.165488198,0.089962306
0.798354745,-0.036899209,-0.437161663
1.547145605,-0.60476619,0.559196462
0.154435605,1.607013583,-0.69952309
1.236902714,3.252939463,0.732847449
-1.38289535,-0.819676399,-0.617855765
1.582221508,0.191658646,0.340763734
0.015293345,1.47806406,0.264808312
-0.631608903,-1.870403767,0.088570917
1.840618491,2.063694239,0.416785772
-0.105960816,0.489601612,-0.032995389
0.512341321,-0.003962614,0.009507003
-0.123882413,-0.213317931,0.899938515
-1.718880653,-1.523546696,-0.902599697
-0.158935264,-0.349796385,-0.523225655
-1.320497751,-2.731090784,-0.723596619
-0.173748016,0.898713291,-0.021585577
0.214928836,-1.799138069,-0.511527524
2.129427433,0.057222009,-0.180350107
3.23289299,1.916513801,-0.657191091
-0.339019537,0.88637799,-0.08725082
-1.276318431,-1.408566594,-0.960877021
0.192836285,0.464593053,-0.082361512
-1.046677351,-1.022254467,-0.006198669
1.139334679,-0.010607332,-0.082304463
-0.678373754,0.053302579,-0.844362231
-1.820378423,-1.104970932,-0.536600018
-2.070079803,-2.005270958,0.527926309
-0.909641147,0.253237098,-0.08510693
-0.468204021,0.266661704,-0.348356839
0.759834886,0.37568897,0.332502725
1.679398775,0.715849996,-0.471735551
0.614974856,0.774415433,-0.180186898
-0.315571934,-1.893617272,-0.96180982
-1.117103815,1.384023428,-0.771786597
1.908985138,2.244431973,0.265910384
-0.083957635,-0.496285498,0.624693833
-0.406770051,2.151851177,-0.172600135
1.165937662,0.436191022,0.076569993
1.078420043,1.223769903,0.226773555
-0.159624547,-0.16459465,-0.287063599
-0.905882955,-0.715424001,0.836267355
-0.081350699,0.458725214,-0.905845731
1.13147068,0.315746248,0.247369426
-0.943392575,0.519325674,-0.151870769
0.844128907,1.578656197,-0.112872174
-0.964971066,-0.310412645,-0.469739154
0.258397818,0.006817609,-0.344436119
0.980525076,-0.771498442,-0.504054624
-0.214958444,-0.550845146,0.944891707
-0.372640252,0.090627775,0.32572377
-1.350261569,1.784395814,-0.884648444
0.967881203,1.764307737,-0.554072245
0.065547764,0.553676546,-0.692673388
-1.649157047,-0.462346762,-0.325444637
0.549533486,0.810610175,0.129168838
0.355407864,0.510213375,0.065009126
-0.62411958,0.875422835,0.237203539
-0.067747518,0.333003968,-0.239055104
-0.366632342,-0.540971875,0.331780142
-0.312397957,0.931225181,0.719519375
-0.663177192,1.408154726,-0.373863719
0.551930785,1.188095808,0.86783211
1.563088536,0.945919275,0.339693204
0.963877022,0.131435126,0.972107123
1.460181475,-0.346826494,-0.542469334
-0.199657947,1.823722124,-0.499509027
0.342347592,0.644987702,0.384849854
-1.699248075,-0.572223485,-0.567728817
-2.708886623,-0.176770031,0.77871226
-1.106979609,1.692786217,0.55510823
0.23800543,1.854501128,0.032170446
-1.124807715,0.709050417,0.262159953
0.344773859,-0.182045266,0.073183434
-0.676944077,-2.74189496,0.216580294
-0.159684852,-1.383404136,-0.643948506
-1.564720154,0.257121265,0.625855362
1.709121943,1.52750051,0.84984028
0.037787661,0.056146443,-0.179566404
-0.733607173,-0.913781226,-0.203366497
-0.037056208,-1.578649044,-0.182199619
-0.409451604,-0.224194124,-0.347685713
-1.691966414,0.721676946,-0.304185065
1.909252644,1.18947649,-0.814988566
0.059648193,0.618429124,-0.648100894
-0.701141596,1.191803217,-0.035371289
0.283636332,2.865701199,0.036252309
-0.398010671,1.742325544,0.633481407
-0.309573114,-1.080111623,-0.803372885
-2.91892767,-0.4640688,0.642268015
0.213037923,-0.485895276,0.395124664
0.880223632,-0.168031827,0.119760579
0.96654284,-0.387445569,-0.137113452
-0.406735599,-0.782336354,-0.881865991
0.753971457,-0.933618784,0.067095201
-1.980206013,0.152436733,0.687508629
-0.960343242,1.34785223,0.998880982
-0.559148848,-1.887240171,0.784017317
1.640779138,0.640559793,-0.897645966
-2.172281265,0.870818257,-0.095709621
-1.317972422,-0.030285478,0.567383469
0.546512246,0.150474623,0.09150976
-3.017396927,1.530715942,0.6084348
-1.34064436,-1.093766212,0.859064001
-0.122964643,-1.629978776,-0.927032063
0.073976092,0.177966774,-0.604971098
-2.759069443,-1.16292119,-0.436128016
0.070452809,2.256919861,-0.718153554
0.3887766,0.174507201,0.491019495
-1.457976818,1.048239708,0.755312974
1.55740571,-0.674939096,0.440200256
0.883414626,-0.890677273,-0.589813605
-2.572110415,-0.607591629,0.114480737
0.069737248,-0.129881814,0.270826967
0.592038989,-0.318552196,0.340789532
0.561917782,-1.370999813,0.549362188
0.018737562,-0.916984797,0.127246114
1.209023714,0.546389759,-0.92531318
0.191292688,0.389224499,0.538614927
0.174548328,-1.182210565,0.200782774
-0.908798337,2.107971668,0.667850243
1.401665449,0.099754751,0.726360106
-2.472663164,1.001026869,0.336309431
1.017515182,-0.063739046,-0.449932947
-1.330842257,-2.256234646,-0.621300313
-0.664943457,-1.169787765,0.01440296
1.621008873,0.797031581,0.355271049
-1.440154314,1.098026752,0.844937342
-0.146372557,-0.366282284,-0.637935907
-0.07857465,-1.274861336,-0.399888188
0.368071973,-0.802209973,-0.299066203
-0.54625988,1.509891987,0.781158966
-2.198304415,0.122122116,-0.724217449
0.351664424,-1.718345284,-0.255459224
1.197186589,0.491299093,-0.222132432
1.524987221,-1.549949646,0.465976359
1.099336863,0.63514483,-0.263903157
2.510432243,0.331664741,0.745525729
0.731699765,0.23526673,0.216111779
-1.647547483,0.989003181,0.154841431
2.276898384,1.256697297,0.038310789
-0.180895567,1.524598718,-0.108342623
1.518803596,-0.076764673,-0.883630396
-0.157786697,-0.884478986,-0.518258341
-1.495650172,-1.903839111,0.300351874
1.077642441,1.373247862,0.862370931
-0.731741726,-0.162306115,0.056230621
0.669480562,-2.067228317,0.944445028
0.700644732,2.096974373,-0.747989449
0.11086978,-0.211835057,0.987583371
0.100338206,-0.26125896,0.236765282
0.24343726,-0.500638306,0.814201623
0.109246373,-0.990809977,0.295062123
0.144350171,-1.756898403,-0.047382734
0.271728218,0.420467138,0.03869938
0.826581478,-1.991563797,0.707059276
0.601017237,1.49834156,-0.105276118
-1.884500027,-2.179587841,-0.135296938
0.247404933,0.057157326,-0.506188098
-1.46935463,-1.426050544,-0.728603977
2.088374853,1.008795023,-0.706889313
0.689565182,-2.168076515,0.305061968
0.170061082,2.310233593,0.951612703
-2.033511639,-1.122718811,-0.256149514
1.654069901,0.699511409,-0.913861642
-1.061646938,-0.385854244,-0.905159041
-0.389124572,0.45551914,-0.762650872
1.873570204,0.612777948,-0.547440311
0.031560197,-1.478943586,-0.481700425
1.449967861,1.253654599,-0.019735596
1.814609766,0.46066305,0.366880279
1.756902218,-0.587414503,0.078293933
-0.105762839,-0.402728915,0.88864543
1.377218723,-0.095116779,0.255564906
0.243147209,-0.914772511,-0.829497609
3.1073699,-0.431575954,0.705384186
0.615383625,-0.384487689,0.475012518
0.652668059,-0.117785409,-0.292287576
-3.561666489,-1.63548255,-0.671439093
-0.778183818,-1.198623657,-0.855221071
2.026571751,-0.639423966,-0.087403791
0.440649509,1.512727141,-0.605961814
-0.356783807,-0.498653948,0.90793637
0.225312158,-0.618764162,0.166219286
-2.108557701,-0.319686949,0.295274678
-1.462428331,0.930508196,0.319080288
0.169977173,1.886291504,-0.572512778
-1.439925909,0.469055235,-0.632175105
-1.218117237,-0.358313262,-0.991069624
1.321974993,0.461719275,-0.796532317
1.194760799,0.503924251,0.401739155
0.763308287,1.654580593,0.56276525
-0.584013224,1.979463696,-0.331556461
-0.181634903,-1.295949459,0.561063978
0.149836212,-0.079345122,0.272044906
-0.606580138,-0.747069359,-0.36421196
2.394268274,0.539486051,0.292879327
1.296432018,-0.907214761,0.192513982
-0.398059785,-0.821374536,-0.272649459
0.904043138,0.112190336,-0.840797372
3.313755035,0.447369516,0.396483444
1.572139502,0.615233421,0.002264556
-0.573068142,-3.259077072,-0.671184874
1.553185225,1.428921461,0.532503229
-0.834364057,-0.730670631,-0.672191807
0.2669909,1.180802107,-0.521538275
-0.398180932,0.907976568,-0.538131412
0.823215246,0.657310307,0.597787366
-0.583405614,-3.174777508,0.62618918
-0.821425378,0.536397278,-0.105563553
0.318682671,1.441490173,-0.85824775
1.75533843,0.65168184,-0.259231717
-0.070162848,1.537326097,0.262685248
0.693917334,0.79541409,-0.650211027
-1.155827999,-0.966757894,0.329637705
0.120953396,0.437722892,-0.992290086
0.002936613,0.47217229,-0.981214553
-2.078654051,-4.15374279,0.790025889
-0.423498243,1.057199121,0.353974352
-0.142301589,-2.017884493,-0.733272066
-1.181966782,0.523781419,-0.740501839
0.468027711,0.468264878,-0.070080436
-1.428687811,-0.273960471,0.520788723
-1.746701956,0.823483646,0.893243238
2.392174244,0.389372528,-0.281605157
-1.249616146,1.624067545,0.567199071
-1.028543115,0.21774587,0.028538106
-0.630007744,1.707412124,-0.95816835
1.18303895,1.957187653,-0.989194737
0.796988547,-0.647025943,0.442040359
1.385172129,1.3568784,-0.55659376
2.711042166,1.114434004,-0.539267146
-0.436577469,0.685038447,0.959006194
0.034078419,2.020437241,-0.967485682
-0.159988821,-0.623268723,0.721453536
0.525038123,1.597936511,0.187859788
-0.071301728,-1.260177016,-0.229768322
-0.762808263,-1.151582003,-0.658191436
1.91044879,0.111340016,0.436463961
0.578056931,2.180145025,0.154270362
-1.015016317,0.101683855,-0.099903733
-0.072697446,-0.072002277,-0.232482323
0.495122612,-0.803393304,0.259915015
-0.236683249,-0.259711742,-0.736673297
2.554657698,0.907906055,-0.705207947
0.871181965,0.804704547,0.496475546
2.437423229,0.996788144,0.674005661
0.516110301,1.395040154,-0.322876138
1.674555421,-0.489276797,-0.338802242
0.591453195,-3.885745764,-0.038207695
0.284055233,2.914405107,-0.346023906
0.205394983,0.31142363,-0.360019568
0.506060898,-0.870959938,-0.054736998
-0.062170282,-0.154169679,0.605049907
-0.586657286,-4.057010174,-0.89241785
1.144263029,0.831366301,0.937428891
-0.48163566,-0.388926864,0.58405701
0.522144198,-1.727340579,-0.746131219
-0.391676366,-0.516661465,0.250234892
1.761644721,-1.351972938,-0.09037728
-2.150704861,0.039717808,-0.629927102
0.345258534,-0.083799556,-0.923261453
0.0503328,-1.441524863,-0.077437438
2.131774426,1.199304342,0.182733596
0.690551162,0.023430303,0.628218498
1.541376352,-0.488337457,-0.557206228
-0.271090746,-1.525224686,0.420415723
0.890960813,0.986750484,0.999286965
-1.567861795,-2.59149313,0.93063213
0.579811692,0.605284512,-0.393427675
-1.684345007,0.369160831,-0.423369114
1.566886067,-1.99711585,0.28721416
-0.098348036,0.354228199,-0.883273198
-2.497577667,-2.650141001,0.439008378
-0.318137586,1.634510994,0.055037678
2.275512218,1.549970388,-0.85751613
-0.949688435,-0.890832424,0.01905074
0.912115693,-0.02799695,0.285205737
0.474126577,-0.412321866,0.443086631
0.417291641,-2.17432642,-0.450664376
0.287429005,1.816995502,-0.549515113
-1.644122005,-0.00933329,0.672752819
-0.48393476,1.461409211,0.342016208
0.578273892,1.828696251,0.135234722
-1.985645533,-0.402273387,-0.393395981
-0.4200266,1.249525547,0.021726738
-1.049899459,-0.045979775,0.057286427
-1.587302208,-0.622890115,0.91983785
1.265040636,0.101039134,0.553071038
-0.659911871,-1.901719332,0.310434781
0.971356869,0.973715305,0.186844118
-1.110015035,0.262982547,0.955640514
-0.575159311,-1.904782295,-0.425762191
-0.27762121,1.317945361,0.375316355
-1.508599997,-0.936666429,0.744566779
0.860731304,2.875767708,0.500768437
-0.935312092,-2.871927261,0.623744349
1.192539692,0.174889803,-0.23412605
-0.299354225,-0.069632143,-0.195366656
0.24852401,3.075471401,0.132858513
0.978122473,-0.610734642,0.467630695
1.277501583,-0.896166921,-0.777780012
-0.117863357,0.209062681,0.762725161
0.415078521,1.815679073,0.61789324
-1.93275857,-2.458287716,-0.857660865
-3.76939106,-0.821429372,0.488923099
-0.396762967,-0.167658955,0.315345349
-0.562467158,-1.914004326,0.098456873
-0.732304037,0.743268728,-0.45339551
0.433966577,0.501760244,-0.084229385
1.872480631,1.70341897,-0.175090439
-0.896838605,-0.556527734,-0.057214584
4.058669567,2.140307903,0.065773166
-0.646715164,0.216226876,0.417648188
0.243790388,1.119895458,0.02235803
1.225031137,-0.623950958,0.349509859
-0.088176563,1.819040656,-0.978574845
2.685698032,-1.394711494,0.199188707
1.248343945,1.073791027,-0.260703228
1.589820385,-0.326196343,0.697766315
0.145233884,0.32213366,0.301029335
0.656973004,1.358277559,-0.550891709
1.861303329,-1.189422607,-0.947652665
-1.290525913,0.328977644,-0.421610129
2.241750002,-0.390748054,0.889776507
0.144910783,1.521404266,-0.573247255
3.068096161,0.474534571,0.946518977
1.90753293,0.323236018,-0.511533099
-0.775091946,-1.976581335,0.654359669
0.72952044,-1.91164732,0.443617166
1.197463036,-0.238305435,-0.806320454
-1.708382249,1.83682847,-0.924001304
0.904434443,0.424371153,-0.928910691
-0.355629206,0.019187517,0.856889702
-0.132874697,-3.264561653,-0.82668072
0.178551942,-1.248222828,0.679948757
0.402914971,0.250836045,-0.118001126
1.124971628,-0.683306575,-0.575493942
-0.443643302,1.510650277,-0.015079965
0.740862966,0.008690685,0.70529407
1.334686756,0.626702845,-0.655581764
1.26767993,0.460600227,-0.460841273
-1.757181168,0.273740828,0.498186055
-3.533542871,-3.224554062,0.97264142
0.627350628,0.658087254,0.280356706
0.338213742,0.981909633,-0.32846114
1.352511883,1.621922731,-0.406768588
0.311093956,0.391712219,0.68024256
-2.662817478,1.101498365,-0.850042937
-0.236611038,0.928490043,-0.956515427
-0.87852782,-1.383067131,0.857066299
-1.638959408,-2.305199862,-0.042840008
1.005424619,1.24653101,-0.441761929
-1.818152905,-1.708393097,-0.226897603
-1.024545431,-1.522614002,-0.532475445
2.016644955,0.512757242,-0.759034745
0.131928474,0.779044509,0.504477188
0.322032988,1.232477307,0.998833826
-0.106882229,-0.569779336,-0.50312537
-1.039456606,0.267976463,0.006315827
0.699239612,0.488620132,-0.783661343
2.612321377,1.605603695,0.89826447
-2.360725164,1.585133791,0.081726071
1.621922016,-0.490168661,0.799383875
0.055436909,-2.568301678,-0.699084169
-0.057983737,-0.939671695,-0.102409395
-1.348346472,-0.747956991,-0.942781324
1.447481036,-2.578562737,-0.278307141
0.342530578,-0.936754704,-0.702777771
1.198693991,-0.780839205,-0.53179351
0.462703943,-1.043192863,-0.084344728
-1.001584411,-1.353580236,0.21425141
1.518008113,1.005937576,0.588594427
-1.586727858,-0.223899156,-0.591042209
-0.541337371,-1.396563768,-0.219069959
-0.818592131,1.045987964,-0.878036067
1.834636688,-0.859987736,0.734816614
-2.007564783,0.667502463,-0.394548946
-2.021179199,-0.242689803,0.558473178
-0.518622756,-1.312206626,-0.476730221
1.455618143,2.324429989,-0.642028905
-2.745862007,-2.547973394,-0.109540695
2.365306377,1.2698071,-0.337691973
0.744132102,0.14517045,0.64273732
-1.804623723,-0.53467083,-0.374894335
0.445466787,1.657680273,0.87921969
-1.975026846,-0.920454264,-0.519271501
-0.127859056,1.335206747,0.733877025
-1.307832956,-0.189189225,-0.113372711
-0.181924731,-1.01901269,-0.189396755
-1.166493177,-1.265202045,0.333939274
-1.229922175,-0.586851835,-0.490505609
0.514718056,-0.479482144,0.825216495
-0.925135016,-0.759261489,-0.42937111
1.553308129,1.30367136,-0.985136349
-3.000784397,0.795610905,0.161542868
1.111052275,-0.36057964,0.140066337
0.35919857,-0.503466129,0.184816496
1.40496397,0.905706048,-0.046432879
2.074332714,0.414683908,0.708568273
-0.165456951,0.427258074,0.871663869
-1.938061595,-1.451729298,0.278358261
-0.827060461,-0.096420527,0.127788394
-0.691188455,1.007280469,-0.5787758
0.188688636,0.129591137,0.177648391
-0.120757237,3.282298088,0.541960589
-1.225542426,-0.27175957,-0.980941948
1.792816043,1.551827669,-0.008163035
-1.065802813,-0.14554882,-0.49277171
-1.567709446,0.218231037,-0.531397209
1.183743834,1.158604741,-0.497135194
2.703892946,1.055667758,-0.613822054
0.137760267,0.946017265,0.704144919
0.386329561,0.950745344,-0.607392171
-0.846308947,-2.137774944,0.780454389
0.817431569,1.792605162,0.912258473
0.113868147,-0.944599569,0.880338552
-0.541578472,0.811994076,-0.2234053
-0.060394768,-1.197354913,0.082410128
0.371752501,2.040908098,0.041353704
0.75093019,-0.03233473,0.530410414
1.348659277,0.502709746,0.551011754
-0.638296843,-2.038010597,0.939643385
0.174887598,0.93140161,-0.291423383
-1.810613155,-0.663575351,0.327951218
0.947589099,0.305474043,0.390111773
-2.306743383,0.028320819,-0.896488799
-0.486813962,1.1070292,-0.12033135
-7.345607758,-7.841608524,0.814393284
-1.126102567,-0.192955494,-0.799200726
-0.868855834,-0.211643159,-0.197444944
1.499881744,0.032503165,0.291423296
-0.934486747,-0.28362143,0.619032525
0.815006077,0.502718687,0.207411339
1.746162772,0.324967742,0.434580986
0.820710063,-0.0744773,-0.655496925
4.017417908,-0.292838991,-0.546700778
1.396693945,0.897041976,-0.383957224
0.837352633,0.529223084,0.891702143
-1.247955203,0.330274671,-0.44384914
1.132832766,1.025603533,-0.072182268
2.30955267,1.253895283,0.539622324
-1.627127171,-0.270025104,-0.95108793
-0.696255445,-1.000724912,0.93351147
1.522395134,0.21566844,-0.996967784
0.964338005,-0.247294769,-0.522539302
-0.083298653,-1.544596672,0.295949383
-1.232406497,0.937132478,0.248501676
0.18470645,1.022425175,-0.944848673
0.839277625,-0.692378759,0.694651895
2.090722322,1.762953758,0.65003214
0.459499121,0.957860589,0.583996298
-1.508455515,-1.007033467,-0.837499868
-0.620023966,1.407757998,-0.098676427
3.14637351,1.567344666,-0.911306624
-0.154526174,0.144848883,0.439782565
1.22849369,-2.799316406,0.202742526
0.124394536,1.574504614,0.030591829
-0.431412399,1.66194725,-0.604485609
-1.193818569,-0.921855032,-0.880649937
-0.537999153,1.89330101,0.238065077
-0.60248816,-0.055355504,-0.006212133
-1.050915003,-0.162339941,-0.251317972
1.720893264,1.367846489,-0.168204672
-1.506996632,-0.106550306,-0.88370049
1.264658689,-0.521010518,-0.937821132
1.922668099,-0.787832677,-0.376706533
-0.069133222,1.570775151,-0.612365128
-0.385648012,-1.762971282,0.650672923
-0.071428686,-0.574325919,0.83522857
-1.982010603,0.139225006,0.254466036
0.259150743,0.067210376,0.546281295
-0.477988958,-1.141306639,-0.269518087
-1.61947906,-0.630539417,-0.576890092
-1.752260208,-0.029800266,-0.057336383
0.841975093,1.247959733,-0.145452007
-0.335971057,-0.241950452,-0.158841126
0.944191456,-2.06611371,-0.235886287
-0.663170099,-0.706749558,0.7585152
0.184798181,0.629319847,0.241967059
-0.421580762,0.112578884,0.096629953
-0.68447268,0.757866621,0.936582733
-0.64034754,-0.731728315,-0.05239667
0.810912132,2.805374622,-0.059077727
0.714367867,1.17254293,0.084507851
0.316385925,1.276011825,-0.703102379
0.184846088,1.247367859,0.492367538
-1.079978704,-0.212402731,-0.518679931
-7.11E-05,0.616011977,0.560287672
-0.239450037,-0.553859591,0.334222773
-0.639122963,-0.349082768,0.583552553
-0.741567552,1.272616386,0.44726105
-1.374457598,-1.606973529,0.884587589
0.597516179,1.064064264,0.389598556
0.091840878,-0.778445244,0.434158971
0.173277274,-1.179705262,-0.613390253
0.779672623,-0.509284794,-0.936006743
1.50594902,2.515922785,-0.746649555
-0.913890481,-0.458900213,-0.232270056
-2.061754942,-0.018639758,-0.031982345
0.858511508,-0.07572712,-0.573926292
-1.000250459,-1.687268853,-0.07943373
-1.67868638,-1.333294272,0.413554865
-1.782665968,1.452571273,0.985375623
-0.205895215,1.226512194,0.10261187
2.257476091,2.309839725,0.510588273
-2.327435017,0.930670023,-0.984820482
1.471679926,-0.073535055,0.800949282
0.864680886,0.868430257,-0.722448115
-1.007756948,-2.135496855,-0.661107474
-0.62294817,-0.587958336,0.02593501
1.207167983,0.440379202,0.333453178
-1.818403602,-0.59339869,0.322639291
-1.637485981,-0.43084237,0.83413235
-0.824232459,-1.619499803,0.611055374
1.156235456,1.692260385,0.785548429
1.699463129,0.103907958,0.646658192
0.497761428,-0.792105675,-0.769601794
-0.312804222,-1.785038114,0.543761242
-1.121703625,-3.451616287,-0.662460823
3.174127817,-1.191070318,-0.886994897
-0.597576737,-0.754634857,-0.779292839
0.640136659,1.635150671,0.203577612
1.653796673,2.173836231,0.050165004
0.246933907,-1.598203063,0.737013053
-2.869588852,-3.128246307,-0.753796412
0.465262294,-0.0792225,-0.084358001
1.507231951,-0.77731061,-0.375828421
-2.40646553,-1.043108582,0.516928279
1.952015042,2.368929386,0.235286952
1.634198546,0.736280143,-0.772833459
0.617608726,-0.756187439,-0.186532541
-1.775614738,-0.281445652,-0.073567651
0.045874991,-0.425758272,0.937660272
0.165358782,0.454711318,-0.341926602
-1.112384558,-0.074819475,0.829754627
-0.981110156,0.92752856,0.467639787
0.90544492,1.721951246,-0.928112052
-0.071909256,-1.400521278,-0.661434825
-1.922954321,-0.336437225,-0.540711806
-3.413810492,-0.317200124,0.484079126
1.004826784,-0.129389986,0.459285068
-1.016876459,1.640000224,0.837798481
0.158280298,-0.301014274,0.667196158
-0.145604059,0.720045388,-0.559199472
-1.457067132,1.472042084,0.190512114
1.233957291,-1.022604942,-0.391581398
-0.282846689,2.42416811,0.14512052
1.786499977,1.817070723,0.840383794
-0.66392982,-1.815756559,-0.816935795
-2.795387506,-0.330685407,-0.490621384
-1.033386946,-2.169915199,0.882433882
1.13898468,-0.836076498,0.42124278
-3.800147772,0.642532766,0.627190427
0.168472975,1.894743204,0.646300968
1.715210199,1.377032518,0.557998691
0.623037279,1.608100533,-0.120863749
2.155907154,1.245280385,0.768552993
-0.279319137,-1.69898963,0.0074138
0.147285894,1.718509436,0.804107889
1.259659529,0.312991798,-0.176025944
0.313128054,-2.313452005,-0.712245677
0.621794522,2.44234395,-0.799512547
-0.931408584,-1.696497202,0.628632403
1.787114382,-0.393002957,-0.945606907
-0.554997444,-0.448010385,0.576543666
-0.785451233,0.937000692,-0.329982094
0.84675467,0.030763894,-0.974362979
3.253248215,-2.586832285,0.257922983
0.973742783,-2.306967735,-0.12396747
-0.583927035,0.019888677,-0.89145413
1.481414199,-0.078365028,0.837040149
-0.553413868,-1.447538853,-0.752936556
1.637521863,-0.287558943,-0.14285393
0.052485481,-0.87059021,-0.002649651
1.699415922,3.828773499,0.101776025
-0.065238729,-2.635089397,0.953807837
0.451020867,-1.79432869,0.113733873
1.071702719,-0.041164562,0.29018234
-0.511047006,-0.899276733,0.274512255
-0.641342461,0.1343835,0.753897057
-1.778938293,-0.222867161,0.574251484
-2.188195705,-0.279816836,-0.106573828
-1.304254055,1.008185625,0.944511153
1.552226543,1.621607542,0.186281571
1.060197353,0.659153342,-0.331360543
1.443510532,0.343095034,-0.796876809
-0.757710457,-0.718729854,-0.905653965
-1.417865038,-0.369747341,0.71008367
-0.852253914,0.815537393,-0.835101225
0.455705822,-0.369516194,-0.612004347
-0.445530534,-2.850821495,-0.834868376
-1.567419291,-1.841381788,0.866020672
-2.181602478,-0.239073142,-0.090405294
0.196855336,0.033763036,-0.730427118
1.767086267,0.699232161,0.642904995
2.482674599,-0.096124664,-0.611833019
1.055178881,-0.017912492,0.397937097
-0.098486498,0.486787736,-0.12991498
0.465397418,-0.844155133,0.470123445
-0.8640818,-1.904898763,-0.800767562
1.773506403,0.680978119,-0.26531864
-0.333149552,-1.153196812,0.588363473
0.444088161,-0.561190307,0.0114896
-2.409361362,-0.972868562,0.383530623
-0.860247612,-0.650249183,-0.73769304
-0.564110518,-0.376896739,0.461214832
-0.245204553,1.284740925,-0.180860258
1.136426926,0.044998184,0.94553482
-0.04955662,-1.697466612,0.899963924
-0.073500693,-0.068833739,0.363137085
-0.011181049,0.124623582,0.446746294
1.460960627,-0.910168231,-0.068040214
-0.573947668,-0.891147137,-0.288488078
0.39346993,-0.878416717,-0.342020903
0.413847357,0.688324749,-0.608149369
1.516362667,0.15902324,0.413891493
-0.01969393,-1.535705924,0.687188521
-1.592489243,-0.981690526,-0.591054844
-0.595584154,-1.342645526,0.735686588
-3.386967182,-0.465447843,0.122850859
-1.045690775,-1.682549,-0.069919243
0.213407815,-1.228926182,-0.403665648
1.480312824,-0.779013872,-0.454287147
-1.605443954,-0.549080968,-0.134846907
-0.54264456,-0.925187111,0.219181511
0.100738496,0.027892277,-0.903013823
0.195945919,-1.053366899,0.242788221
0.017502293,1.409579277,0.017679506
-0.653050721,-1.041293621,0.454277251
-0.037813477,0.305723369,0.82510193
-1.244725704,1.417775393,-0.517700536
0.084462151,-0.422832042,0.614254596
1.241439342,1.242473483,0.464611299
-1.796736717,0.098024704,-0.526936968
-0.804985702,-0.290187865,0.241347568
0.155289531,2.263710976,0.982461535
0.447637945,0.010709092,-0.761988547
1.404647589,-0.544706464,0.192403507
-0.250191987,0.929005921,0.221363183
0.361391544,0.422688782,0.508571317
0.593820691,-0.261563897,-0.991191363
1.537535191,-1.1285429,0.158937893
0.221862182,0.11580646,0.840309628
1.810820103,0.224037901,0.561313546
-0.816322207,-0.355160892,-0.7050676
-2.06065464,-0.756062686,0.441032331
-0.635186136,-0.527582526,0.550089354
2.267714024,0.431839615,0.834732082
-0.516858816,-1.599143028,-0.956514475
-0.355732977,-0.093023777,0.90465635
-0.326531947,2.164699793,0.7216587
1.527343273,2.378930807,0.411210963
0.769295514,-1.111628652,-0.295958594
-2.370391846,0.428551883,-0.74397451
2.275435925,-0.690717518,0.774695133
2.505788803,0.852802753,0.768642533
1.008810282,0.780497193,-0.704693573
-2.094201565,0.677608848,0.263087145
-0.563381672,-0.501003981,0.455166932
-0.576952219,-0.273944318,-0.037090256
-0.319294393,-1.717827678,0.65958541
-0.58844161,-1.100937605,0.267583541
-1.180893302,-0.575456262,-0.364511463
-1.393191338,-0.850157738,0.303290748
-2.298618317,-0.580237865,0.79989397
-0.159925759,0.863152683,0.839930629
-1.224432349,-0.092305452,-0.673969824
-0.957887352,-0.483294606,0.270296136
-0.783459961,0.151579559,-0.899012753
-0.042347483,0.746417642,-0.210922266
-0.624451458,1.028590679,0.491253528
-2.591412783,-1.521137357,-0.781921708
-1.059705496,-0.353303641,0.515313143
-1.566100597,-2.284141302,0.213007052
0.264019668,0.365526617,0.906166095
1.437201738,0.095113352,-0.728061041
-0.759025991,0.49301362,0.707827639
-0.195704639,0.892964482,-0.899017594
0.823140621,2.013643265,-0.395178665
-0.267861605,-0.182349652,0.267400499
-0.023962848,-0.644789338,-0.379107107
0.577920794,0.370492935,-0.57636287
-0.239693418,-0.373506367,0.490284757
-0.630661726,-1.981953859,0.408153723
0.601971865,0.074987598,-0.145182462
-0.730898559,-1.848780394,-0.552081106
-0.066299379,0.483400613,-0.278129672
-2.63542223,-1.677823901,0.874089595
0.920503259,1.605196953,0.048912996
1.652860403,0.249403208,-0.440838568
-0.752141833,-0.936710179,0.059687879
0.027055576,-0.093237743,-0.315591407
-1.072401047,-1.560485721,0.698355249
-1.075486302,0.473723471,-0.936179476
0.418123186,0.3568483,-0.893283585
-2.845114231,-0.822904825,-0.409369924
1.68592906,-0.542148113,0.603341662
-0.69423759,2.035206795,-0.060546027
-1.29366684,0.752141237,-0.989563249
-1.842302084,-1.076308727,-0.549019855
0.583011568,1.758346558,0.171379442
-2.172418833,0.421995699,-0.500269664
-0.480215728,-0.672516584,0.57116776
0.296205878,-0.64713645,0.617211373
-2.639855862,-1.625824451,0.745203991
-0.869767249,-0.321070313,-0.237867996
3.910235405,2.484061718,0.529627858
-2.479722023,-0.999488652,-0.389139741
-0.858080983,1.10402298,-0.952037088
-0.586213946,1.076689601,0.489051655
0.375779629,-0.213553637,-0.32196824
0.504927099,-1.596969247,-0.315838733
0.47824043,-0.180785835,-0.613291696
-0.448087066,-0.670012653,0.947363832
2.401086807,0.359175593,0.300294414
-0.806932926,-0.467312813,0.74014499
0.094128482,2.384756804,0.209477342
0.598131359,0.372884393,0.05801568
-1.235744596,0.754840136,0.702863499
-0.752309501,1.15196681,-0.713460008
0.995833158,1.569075584,0.850107325
1.726454735,-1.24974215,-0.948316414
-0.373537213,1.057783723,0.179020834
-1.559809089,0.57974869,0.014455766
2.573455095,2.090061665,-0.216879736
-3.475599289,-1.864527941,0.582050677
-0.211702138,-0.686702311,0.650150098
0.851206422,-0.552679062,-0.402711288
0.380940795,1.263458252,-0.698616801
0.747370124,-0.719439507,-0.207318379
-0.904364586,0.450480491,-0.436060338
0.898841679,2.524589539,-0.596848735
1.368715405,-0.590480685,-0.041230806
1.134301186,1.158109188,-0.519834695
-2.941447973,-0.586854398,0.151771385
0.325985461,-0.580886245,-0.067009552
0.799804688,1.538192749,0.792504679
2.185894489,1.349222779,-0.910544486
0.141779274,-1.593646526,0.527430198
2.757664919,0.18766278,0.673625321
-2.030498743,0.194094345,0.30845644
0.534351647,0.081730604,0.630488175
0.087871611,-0.274078459,0.206262227
-0.985295892,-0.633074701,0.733960945
-1.877066612,-1.041690946,0.017494617
-0.638299346,0.464438558,-0.569735067
1.060719013,1.50397718,0.08190672
0.033617213,-0.520008087,-0.544402656
-1.441949129,-2.353804588,0.409459687
1.85065937,-0.10501796,0.614807988
-2.636096478,-1.833256364,-0.654694175
1.481485605,1.211483955,-0.913958688
-0.950125456,0.439960361,-0.011449241
-0.237695828,-0.111823462,-0.847619918
0.59800148,-1.276600122,-0.272174268
-1.79044199,-0.322601616,0.508793433
-0.875242829,-1.173587799,-0.12443544
0.427847564,-0.388913035,0.780994228
-1.069634199,0.138110206,-0.717743537
1.133730888,0.462384343,-0.76667474
-1.705738783,-1.65543735,-0.372103613
-0.710862994,-0.022635132,-0.80598283
-0.123873383,0.258833677,-0.095003021
-1.212480545,-0.484486282,0.174536648
1.790651321,-0.077538729,-0.036969474
-1.065510035,0.247071862,-0.557206254
1.342272997,0.922722936,0.143688476
-1.909457207,0.69151181,0.514319621
-2.315349102,0.329219133,-0.380142681
1.074266911,2.217752457,-0.934182587
-0.104806401,0.483663559,-0.071106366
-0.331979215,-1.41860652,0.647277091
0.855320573,-2.107914209,-0.898995402
-0.940111756,0.704405904,0.329096012
-0.267623186,0.222066805,-0.762400451
-0.324108422,-1.445504904,0.486139359
-0.707787395,0.567857862,-0.234563725
0.936421096,-0.29386431,0.869007239
-0.20412764,-1.268573284,-0.34434138
0.213413149,-0.498012841,-0.899811041
0.289674282,-0.909723043,-0.133932591
-0.32319802,0.349559665,0.299296703
2.310312748,0.711910307,0.68382425
0.737799227,-0.36339426,-0.020434611
-0.085209578,-0.258750468,0.198318474
-0.278926224,0.723391533,-0.742993207
-0.020843344,2.181998968,-0.630215238
-0.339321166,-0.89292419,0.51049231
0.74372077,1.133869052,-0.027305705
0.329805821,0.46033752,0.616500533
1.197160125,1.263608575,0.00666554
1.492981434,-0.244091779,-0.26239365
-0.199205756,-2.506956577,0.372781789
-0.753171921,-1.889295578,0.746313084
1.419659615,-1.050358772,-0.696766572
1.509916663,0.329289675,0.745390981
-0.739735484,-0.538906455,0.989890713
2.324351788,0.057396553,-0.957778354
1.037064791,1.639620304,0.663487678
0.923900843,1.303937912,-0.365914167
-0.173929453,-0.886733651,-0.883247978
-2.147847891,-2.224337101,-0.103285038
-2.42885232,-3.686858654,0.035310589
-0.565167964,-0.053067438,0.26007972
-0.598770738,0.898507059,0.432169902
1.771108389,1.117804527,-0.42924728
2.392003536,0.132889807,0.915654758
1.260480523,-1.930380702,0.205293446
1.155926108,-0.783042669,-0.77266174
-0.265480608,3.554194927,0.269365353
-2.689667702,-1.784296989,-0.105420686
1.092283487,0.779344082,0.783803259
0.94852066,-0.551383853,-0.034121819
0.01947948,-1.09112227,0.676404
2.712356091,0.086193129,0.829563181
0.824894428,0.603742599,0.420003755
-0.044059992,0.37199688,-0.561543185
-0.00105761,0.661928117,-0.984101704
0.746899009,0.075729236,0.627956537
0.410666645,0.32069087,-0.908694508
-0.199291497,2.377164364,-0.101145106
-1.629873991,-2.447337866,0.392545426
1.298064947,-1.181467056,-0.877027948
-1.759490371,-0.262941033,0.637094838
1.931851268,-0.591228724,0.21123545
-0.229847163,-1.586820364,-0.099537947
1.666925311,1.499784946,-0.413916105
0.200773209,-0.129280463,0.647848085
1.847855806,-0.409945756,0.239391761
-1.594749808,-1.956451774,0.911574123
2.058017254,0.171237707,-0.404979621
0.731112599,-0.326657236,-0.667477389
0.762706518,0.978364587,0.153370653
-1.063763857,-0.037311569,0.566631795
0.266396016,1.799866676,0.826139034
-0.715313494,-0.552738965,0.195119292
-1.863704205,-1.299402237,0.894465288
-1.230059028,-2.150735378,-0.12023102
0.536913455,-1.450406909,-0.200728704
0.354465157,2.094214678,0.740838683
1.162592769,-0.61572659,0.414140979
-1.330319405,-0.755722165,-0.674988096
-0.83456254,-1.076702476,0.80591933
-0.284777492,-0.853054881,-0.50985911
1.709914207,-0.298121929,-0.337724928
-0.810423732,-0.420309901,-0.637247263
-0.533530056,0.153379589,-0.796189483
1.162459373,-0.141900733,-0.8457659
-0.089987889,0.414225131,0.521435502
0.019492194,2.243584156,0.041697155
1.009657145,1.432997704,-0.832256544
0.325160325,0.634163797,-0.146945977
-0.309363008,-2.607024193,-0.578923662
0.007520627,1.840171814,0.294806472
-0.167658806,0.259221375,0.097603898
0.913776636,-0.400246441,0.01615138
-0.506172419,-0.464054555,0.990398805
1.276780963,2.000313997,-0.68000033
-0.091980115,1.044935465,0.97788417
0.522135794,0.045819692,0.845953367
1.845764995,1.178948402,0.901483801
-0.908251405,-1.559918165,0.502184207
-1.364971399,-0.95578748,-0.991267511
1.216278791,0.615474224,-0.278669567
0.674453616,0.306981683,-0.168142018
-1.502433896,2.1985569,-0.740376788
0.922003627,2.42782402,-0.120210322
-1.256914377,1.432936668,0.530803924
0.487395436,0.844386876,-0.249974045
-0.057095259,-0.324083626,-0.343630087
3.024039268,0.874211013,-0.955070134
0.911661863,-0.435604215,0.639104521
1.516039014,-0.335032225,-0.841290775
0.765696287,0.848577976,-0.411393554
0.714583516,-1.817751884,-0.865087728
-1.03387928,-1.756932616,-0.516134898
-0.235485017,0.204439059,0.882769019
-2.148962975,-2.324184418,0.690953863
-0.263857871,0.882515848,0.492547663
-1.013132453,1.014986038,-0.384164821
0.841292024,1.14466095,0.373653135
-1.481650233,-0.413035899,-0.415801504
1.059388161,1.918583393,0.469595184
-3.267706394,-1.319819927,0.18819778
-0.773360133,0.190435767,-0.043707547
0.76777637,0.054764125,0.662452331
0.465625346,1.166668653,-0.178467444
-1.050987244,1.928105831,-0.43546656
1.307956696,1.294417739,-0.906172171
0.176776871,-1.359342456,-0.887424517
-1.357871056,-0.581060708,0.028394202
-1.215020895,-1.234272718,-0.138772323
-0.279256046,-0.215922743,-0.868676397
2.021762848,-1.535293341,0.990559069
-0.564111233,-1.110013843,0.270042106
-1.554038525,-2.53360796,-0.837166624
-0.388599038,0.357068092,-0.837757475
-0.313986599,-0.084431812,0.852469577
0.741211891,0.194719717,0.283673583
0.710151017,0.994232178,0.743991607
-0.025762156,4.219297409,-0.141962392
-4.185882568,-1.67150712,-0.959490009
-0.913157284,0.977156997,-0.261419071
1.1269871,0.830539823,0.531083387
1.295503139,1.326399565,0.661696024
0.52568388,0.844086528,-0.648171181
-1.658679008,1.28667438,0.571649513
-1.137911677,-3.959875345,-0.042275226
0.615710855,-0.242047012,-0.980049003
-1.164204836,-0.430364609,0.979598519
-0.342104077,-1.36465919,0.386585269
-0.214092076,-0.830367982,0.804549733
-1.123310804,0.016296618,0.655734225
-0.452414155,-0.131275758,0.386787036
0.194208011,0.706632614,-0.023929347
0.02533327,-0.782771707,0.981729919
2.361629963,-0.584961653,-0.93749305
0.978347957,-1.863333344,0.970098759
0.62046361,1.763997197,-0.790761408
1.624597549,0.879065394,0.177778691
2.424422503,2.050577164,-0.66272077
-2.215779781,-1.991810203,-0.222562287
1.891251087,-1.274558067,-0.550662459
0.927061439,-1.034381151,0.112932565
2.281992912,2.439507008,0.327061335
0.596442223,-0.196858659,0.732452185
0.107020795,-0.129674211,0.797230315
0.093456902,-0.201227084,-0.417318412
-0.287766606,0.61703527,-0.415319261
0.446467549,3.032867908,-0.305264374
-1.88330245,-0.200129002,-0.706486088
-0.203347728,-0.524656951,-0.350753707
1.007097006,0.184073508,0.00160085
-0.412458152,0.766580224,0.505239569
0.065395564,1.395272017,0.109913223
-2.45156908,-0.09330561,-0.657867631
1.348186374,0.336906999,-0.131099072
1.39639008,0.788083851,0.988203155
-0.093507439,0.41365993,0.902672907
0.150924474,-0.377854943,0.356129832
1.450726986,0.489677131,-0.677321758
0.070813425,-1.626864195,0.74118137
1.133714199,2.150146246,0.954060703
0.271349072,0.547330618,0.283129984
-0.135758445,-0.250293642,-0.558261241
-0.772578955,0.687390387,0.807064727
-0.169439569,0.323875993,-0.05686323
-1.768316507,-2.978615522,-0.078384908
1.415016532,0.181306675,0.180223572
0.560558319,0.585683405,0.082652168
-1.445064306,-1.454534531,-0.532120303
-0.753705442,-1.991582155,0.319749179
0.809440911,0.127657354,0.877728395
-0.089441091,-0.579420805,0.884819653
-0.504344344,1.985554576,0.544533083
-1.212125182,0.349183112,0.154318619
1.43102181,2.118374825,-0.20966977
-0.37944752,0.973547459,0.354835608
-1.00673461,-2.074248552,0.875584664
-0.618642092,1.099442005,0.040854556
1.185050249,-0.935762286,-0.005072034
-0.420342922,-0.635331631,-0.847777184
-1.47735548,1.165005207,0.967305978
-0.678287148,-0.999322593,-0.167719009
-3.680653095,-0.735540271,-0.413270194
-0.211186856,-2.113073587,0.132306847
0.97480458,-0.578033805,0.633233267
-3.184912443,-3.137837887,0.448707524
-0.546879947,-1.500103235,0.224264234
0.782889485,-0.154332697,0.481719084
0.939011991,1.255674362,0.080915997
-2.175228357,-0.384179026,-0.982164629
1.476588845,0.836676359,0.771088242
0.065485358,-0.556641042,-0.006226887
0.368863553,0.779487252,0.421114694
1.319724083,2.207448959,0.430338105
-1.16972971,-1.384336829,-0.97809923
1.308304429,-1.126376629,0.080494865
-0.787815094,-1.794236064,0.355590899
0.122591674,0.467801809,-0.252965508
2.496305704,0.945003629,-0.34382209
-0.783491731,-2.100606441,0.369636262
1.712255239,-2.294442415,0.989784753
0.701965928,-0.478409111,0.433068076
0.646173835,0.079033263,-0.817375759
1.595339417,0.882577181,-0.268045189
-0.147420719,-1.098343134,-0.050798478
-0.776040971,-1.830691576,0.189539277
-0.49029392,-0.058610335,-0.783899255
0.117486596,-1.683112383,0.560547156
3.822318077,0.38549602,-0.907870485
0.442470908,1.606891513,0.502099002
-1.425423145,-1.631696701,-0.536005116
-0.409578919,0.793766618,-0.85969822
-0.472582161,-1.282587409,-0.739468676
2.319442272,-1.270166755,0.766991197
-0.625305712,-1.351759791,0.641686727
1.491031289,2.719378471,-0.271332699
-0.901092112,-1.678134084,-0.29913931
-1.144307613,0.51799947,-0.077857559
2.277107,1.084715366,-0.72651971
-0.425908118,0.15029943,0.716081376
1.03248024,2.50628233,-0.597482225
0.599481106,1.578877568,-0.36928905
0.925954342,1.441396236,-0.887842656
1.483939052,0.541591346,0.976783805
1.557767868,0.53598237,-0.052417942
-0.199828133,0.047388241,0.548907962
0.180562854,-0.468461215,-0.013700011
0.891280413,0.352986693,-0.117101651
-1.031176567,-0.797994792,0.843506523
-1.876723766,-2.181657791,-0.606895449
2.220576048,-0.320777297,0.813881832
-0.780956328,0.140938178,-0.547350843
0.070341766,-1.565819025,-0.248697291
-0.532768309,1.92208612,-0.152171373
2.812764883,0.637883425,0.572407645
-1.092775583,-0.794033766,0.52075873
0.309282154,0.504131854,-0.909379528
-0.620777965,-0.328420818,0.841847575
0.14981091,-0.967568278,-0.42282354
-0.479426473,-0.154919595,-0.300173707
1.509084702,1.449422121,0.826485539
-0.100415453,-1.427004695,-0.469830947
1.976331592,1.377194643,-0.170796862
-0.347283512,1.170718193,0.565527206
1.069456339,2.060345888,0.510897294
-1.905614853,-0.158615679,0.915079637
2.185610771,0.549336433,0.424049665
-2.157875061,-0.357005149,0.947724575
-0.779423773,0.031283841,0.866026677
0.965171099,-0.477493018,0.151915647
-0.519883156,0.307800889,0.189154769
0.542487979,-0.057428733,0.866729388
-0.449188054,1.075679064,-0.209921822
0.575707495,1.042367458,0.59816507
-1.037861347,-0.541025281,0.653209209
-0.206177503,1.265202284,0.104297736
-1.197384357,0.311758816,-0.832670447
-0.666694462,1.324012876,0.242649247
0.733888149,-0.144938216,0.063198055
0.265903115,-0.527063727,0.393077138
0.512407064,0.404580504,-0.348683594
-0.206455886,1.144979715,-0.344693188
-0.008940533,2.084134102,0.389309487
-0.876893222,0.661293149,-0.719070447
-0.902264476,1.111881733,-0.885153853
-0.665526927,0.210248113,0.495805932
-1.870378494,-1.043513417,0.739598234
0.295781702,1.79507947,-0.339233747
-2.24029398,-0.130666077,-0.58407785
-0.436186075,0.413819551,-0.177137613
-1.075542927,-0.399129689,-0.09153495
2.873468399,0.15498212,0.550981584
-1.347274542,-0.324154139,-0.65741011
1.715608358,-0.605381548,0.648099529
-0.436754167,-0.332120806,0.018189052
2.541880369,-1.262083411,-0.342580271
1.653773069,-0.58712846,-0.448130061
-1.445305824,0.651085854,0.324111451
0.855596662,2.13272047,0.867665745
-0.224936813,0.224585623,-0.025104515
-3.147638798,-1.591118336,-0.410606404
1.494855642,0.865280628,-0.522252374
-1.488266826,2.616055965,0.981259541
-1.216281414,-1.819966316,0.224071338
-0.076908402,-0.622486889,0.681597384
0.093239196,-0.225192696,0.636661886
-4.211841106,0.63037312,-0.040180612
2.8056705,0.685000002,-0.383397377
-0.616067708,-1.939061642,0.120273121
-0.610521555,1.128149033,0.242963238
-0.367638767,0.909989238,-0.794308323
-1.48465991,0.982095003,0.113323365
1.449692011,2.314726353,-0.823347659
-0.344574213,-2.54430151,0.516555391
-0.119409323,1.071423531,0.474491659
1.792294264,-2.102980614,0.515101289
-1.783130527,-1.097557783,0.296924008
0.53391397,-1.077898502,-0.746385776
-1.639271021,-1.156125665,0.983724672
0.462079763,0.909688234,0.826235594
-1.306600451,-1.716588736,-0.096114058
0.159588233,1.629572988,-0.412204848
1.091622233,0.748982191,0.246454178
0.56323719,-1.234561205,0.11123785
-1.715803504,1.565160871,0.621827093
0.795256197,0.761506319,0.944443157
0.54326582,0.670314312,-0.378749345
0.269678086,-0.358602703,-0.833599194
-0.92287159,-1.160484672,0.389369431
2.080471992,2.321904659,-0.667962909
0.066602916,-0.244719803,0.064998219
-0.478464425,-1.57374835,0.205710512
1.374112129,-0.951515675,0.309087831
-0.260789424,2.587712288,-0.551845565
1.001327991,-0.584977925,-0.602844745
0.747102141,-0.427440196,0.906253915
-0.283437639,-0.168204248,0.495045032
-0.609457254,0.307328701,-0.032395684
3.085541725,0.220762953,0.061818378
0.909191251,0.520950079,0.37831522
-1.20163691,0.905253291,-0.737866409
0.531734228,0.185857311,0.569856653
-0.507017493,-1.14332509,0.802146536
-2.167758226,-0.513510823,-0.273800704
-0.638569653,0.28942138,0.42306464
-2.527027369,-0.881689072,0.039182498
3.036557674,3.095675945,-0.884634235
0.24043408,1.530951262,-0.123804182
1.767912984,3.417083025,-0.229508355
-1.508425832,-1.967381597,0.998463068
0.195214242,1.10401392,0.214601056
-0.836906552,0.088268533,-0.32241998
1.110114813,1.147223353,-0.023763244
-0.14617829,-0.15411219,0.036505995
-1.10098958,1.027063847,-0.755153261
0.845771551,0.542185128,-0.225632105
-1.589780569,0.336913675,0.169631648
-0.15388605,0.082588114,0.605604797
0.825323701,-0.496384025,0.603283633
1.229147434,0.74220252,0.693139734
-0.851079464,3.364481926,-0.467119894
-1.57601428,-2.794018507,0.988842873
-1.646139383,-1.540048122,0.173553141
-1.049309492,0.603752911,-0.486652246
-0.111650474,-1.598144054,0.857923233
-1.309395552,-1.00128293,0.849809997
0.004809342,1.358315229,-0.665564005
-0.126690969,1.962298393,0.044311408
-1.261072159,-0.726666272,-0.990100983
-0.888522506,-2.373470306,-0.934579298
1.73416996,-0.837468982,0.542892864
1.562705874,1.031871557,0.000618543
0.793785691,0.033579409,0.16601836
1.194017053,-0.450831056,-0.550727066
-0.779821873,-0.101179034,0.665506358
1.189295053,0.94654578,0.179230438
-0.395921618,-1.089787722,0.311665002
0.363667697,-2.179273129,-0.962979273
0.200419039,1.177686334,-0.15500368
1.326509237,0.378623903,-0.475925506
0.357895374,-0.283266097,-0.723585943
-4.106060028,-0.068313397,-0.375458728
-2.706316471,-0.812439501,0.909391807
-3.504476547,-2.514750481,0.394157898
-1.791267633,-0.497102797,-0.863400829
0.362423301,-2.732210636,-0.610858383
-0.530084074,1.237324953,-0.637588493
-0.050666153,0.014656894,0.284266336
0.528560102,-0.174827486,-0.488319612
-1.119582415,-0.013573226,-0.213412532
0.275355905,1.810414195,-0.337498478
-1.065548182,-0.359185219,-0.414562707
0.886724353,0.605725586,0.460645441
-2.049375057,-1.952851653,-0.864400743
1.137908459,0.89690125,-0.324053764
0.096268177,-0.112591758,0.35202048
-1.490859032,0.656947136,0.99510931
0.157540187,0.436852634,-0.314106182
0.817808747,0.738738537,-0.503928506
0.795500755,-0.301118433,0.763816299
-2.033355236,-1.102612972,0.325203782
1.80041194,1.755223274,0.009536382
0.406615674,1.968602538,-0.946230245
2.281954765,1.274832249,-0.154445462
0.016331062,-1.134176016,-0.719299628
-1.746886849,0.149743766,0.966705939
-1.803660512,-3.153438568,0.069570075
-1.096360445,-1.677266836,0.945908745
0.782222152,-0.292165637,-0.525665164
0.469638675,1.852342367,0.617945059
-0.059580587,-1.36905098,0.269901504
-0.566208661,0.739260018,0.227615493
1.609568,-0.502081931,-0.296432022
0.650412917,-2.163722038,0.474896306
1.04264617,0.247181907,-0.924797675
-1.216835499,0.971425533,0.423221632
1.492108345,0.47526148,0.782618054
-0.494810045,0.242116541,-0.88458572
1.661906004,0.609617114,0.57065013
-0.230568528,-2.067238569,-0.460382265
-0.655453503,-0.030892916,-0.951141308
0.956360579,0.493212104,0.887945814
-0.98885119,-1.915047407,-0.504192375
-1.256111622,-1.099686861,-0.25041559
1.54494524,1.350914001,-0.326222939
2.200194359,1.17930007,-0.086089954
-1.224549294,0.252903759,-0.828790917
-1.657881856,1.102931738,0.645932589
-0.352727264,1.075456381,0.513598909
0.4749749,-0.581282258,-0.187995768
-2.405613899,-0.235236883,0.593586203
2.430300713,-0.895424724,-0.812308373
-1.109722733,-0.352346063,-0.370407353
-0.107344478,-1.272358656,-0.459493547
-1.773836017,0.146305189,-0.195836459
1.770136833,-0.409669071,-0.801725133
-1.881026745,1.137126923,0.055535844
-1.954705715,-1.435925007,-0.639424148
-2.722480297,-3.83697772,0.989624351
-0.471195579,0.99309051,0.015453244
-0.113255836,-0.052284688,0.156864512
1.239806056,0.609655678,0.161227703
0.59455502,-1.272582293,0.801580062
0.582140684,1.893385887,0.43318758
0.237889707,0.700273514,-0.104500308
-0.380129993,-0.196260825,-0.119078328
-0.005721644,0.725996494,0.592226035
0.428618073,-1.292711496,0.858410371
0.892900348,1.881708026,0.589459565
2.849425554,0.706598163,-0.593032073
0.719072223,-1.182252407,-0.64360677
-0.461094707,-1.166991353,-0.828500547
0.223996609,-2.574372292,-0.337196435
-1.102947354,-0.765185237,-0.922986904
-1.221208692,1.001456499,0.634373093
2.455047131,1.95435226,0.869063693
-0.569706321,1.879243493,0.224634845
1.320876598,3.096565247,0.885851983
-0.52890861,1.431471467,0.347605044
0.30028969,-1.226779461,0.987710339
0.837890744,1.199986219,-0.765223426
0.143319979,0.211112231,-0.278577673
1.653164387,-0.272146583,-0.520770597
-1.002985954,-0.026651263,-0.748683305
0.419708431,0.930255771,-0.066307015
-0.346209526,-1.310866356,0.279718885
1.172281504,0.336041451,0.576365095
-0.80904144,-1.788551807,-0.47776953
-3.149658203,-1.21908617,-0.156197097
1.464771748,1.262536764,0.250779541
-0.907647729,1.678376317,0.788991671
0.544963062,-0.222281218,0.064319595
2.594214439,0.167227998,-0.456761436
1.007656336,0.725783706,0.276564912
0.660565257,0.147948563,-0.44540067
-2.178144932,-1.235511422,-0.711033862
-0.743509233,0.351564646,-0.269878261
-3.66157341,-3.67278409,-0.495531757
-0.565932631,0.668442369,-0.51191517
0.302983433,0.258522362,-0.793355809
0.854096115,0.697913051,0.059398861
-0.291621774,-0.016934156,0.450258851
1.79099679,-1.282316089,-0.916091972
1.836221099,-1.404060841,0.953637568
0.31191951,-1.011080742,-0.852696893
-0.421561301,2.449208736,0.56877702
-0.111054197,-0.851502955,0.948860974
1.195708752,1.241071701,0.629912219
-0.047521137,1.864197969,-0.838194383
2.696255684,0.38697359,-0.493215236
0.214085594,-0.782140791,0.104070346
0.862505674,-0.617557108,0.266031638
-0.769396007,1.085590124,0.417613619
-0.086588398,0.164931893,-0.945807147
-0.992375851,2.5591712,0.012654958
-1.881384492,-1.147717714,0.328009948
-0.724404275,-0.476578295,-0.573952218
2.687659264,1.083028555,-0.169431379
-2.577838421,0.850685894,-0.051863449
1.017586708,-1.725281715,0.677337997
1.854243994,0.035037886,-0.366615236
0.377850711,-2.958072186,0.60064503
-0.446059763,-0.976860762,0.037013018
-1.305525661,-0.477164328,-0.061785286
-0.77395612,-0.964237988,0.112757985
0.790974855,0.98121357,-0.013845402
0.053109508,0.154353887,0.212989317
-0.205438554,-2.26226306,-0.146670472
0.780142188,1.346557498,0.727497401
0.500401378,0.039024442,-0.024889005
-1.477474689,0.334761262,0.681361221
0.156761646,-1.427819967,0.650538895
-1.420224309,-2.231096745,0.287900032
2.309316874,-0.474669158,0.716979528
1.548426867,-0.171719834,-0.357517135
2.549772739,1.683870792,0.141766763
-1.725208282,0.622650445,-0.19771936
-1.021907568,1.030918956,-0.0157988
-0.469809383,-0.926407576,-0.130510007
0.059170783,0.156780362,-0.637885356
-0.881182194,-0.624916255,-0.31393488
-2.20115757,0.981284976,-0.979311323
-0.100018874,-0.157249942,0.495218558
0.935239673,1.809071422,0.348331147
-1.140565157,1.428856611,0.080121022
-1.737450361,1.511335135,0.442683278
1.024702549,1.77703774,0.225217391
1.199016452,-0.3847,0.448886378
0.357153893,-1.265399694,-0.087099873
0.39185822,-0.1637896,0.146752978
0.415929019,0.657392919,0.343083915
0.354684442,0.458706677,0.146735031
-0.957392037,-5.11817503,0.522548551
0.749768555,-1.170693874,0.366002861
1.48590517,0.347260594,-0.287998838
-1.720276356,-1.861750007,-0.552372472
0.905620337,-0.386350721,0.363399607
-0.941419721,2.080847263,0.712916945
-1.665852666,0.908854485,0.123637688
1.746720552,0.685868025,0.796861269
-0.519980431,-1.760993004,0.475751984
0.87304461,-0.42906034,-0.229903653
0.452865601,0.268385202,0.167155607
-0.635002911,-0.055881165,0.342255112
-0.408252895,-1.476054311,-0.640114378
-0.651819944,-0.562547445,-0.388592119
0.65707314,0.624209344,-0.824844359
2.414007425,-2.193780661,-0.339064303
0.207710952,-0.333415359,0.088656467
-0.196790129,0.160917923,0.824875288
1.515143394,-2.421951771,0.479844796
-1.995105982,0.062176663,0.047863365
-1.229159594,-0.022805139,-0.512720085
-0.759539366,-0.234716445,0.755925107
0.799833477,-0.04500252,-0.76498816
-0.666445196,0.559649646,-0.502475454
0.680045843,0.702809453,0.621508397
-2.485023499,0.586946726,-0.197979277
0.118944585,-0.313735485,-0.124761898
-0.151720002,-0.42306602,-0.487334666
-0.862573624,0.269908011,0.258224054
0.060412124,-1.533468008,-0.933319691
-2.575030565,-1.367467642,0.761741796
-1.95991993,-0.469394296,0.132056684
-1.059568882,-0.635473967,-0.977971625
-0.218663543,0.54607892,0.019755029
-2.143297195,1.352485299,-0.343088251
-1.189855576,1.826372981,0.022945172
-1.960409164,-0.47728765,-0.384412297
-0.501112282,-0.274575174,0.467692349
-1.224300146,-1.593282461,-0.765671781
2.563861609,-1.285979748,-0.10265571
-0.658550799,-1.016987324,-0.46963595
-0.949152172,-0.974501133,0.201487223
0.076730296,-0.938320339,0.813156881
0.18024075,0.876964927,-0.935467676
2.891018867,0.555846989,-0.598923128
-0.622900903,-1.270268917,-0.51029027
1.986119866,-0.663579285,0.103840305
-0.153760433,0.766043186,-0.469192416
0.634565234,-0.930802822,-0.974859537
0.582989037,-0.218036726,0.930150321
0.903882802,0.967267275,-0.111240797
1.098516941,2.359502316,-0.381495404
0.834175944,-1.047016025,-0.170973458
-1.265758395,1.39291513,0.227249195
-1.41083014,-2.148816824,-0.752631726
1.349624872,1.174903154,-0.885980379
-1.616776824,-1.804926038,0.469960616
1.032434464,-0.665116549,-0.513104089
0.597946405,1.311518192,-0.996929005
-1.671832681,0.854668617,0.554175642
-0.991363287,1.031280994,0.787876747
-1.210239649,-0.698329151,-0.914888152
1.372274041,1.642494917,-0.96535584
-0.327684373,1.417012215,0.635514919
0.884905279,1.369330168,0.643555463
-0.147203818,-1.629965186,0.127349538
1.207351208,-0.403472573,0.282022729
1.952199697,0.61952889,0.699940546
-0.498143852,0.491700739,0.693251911
-0.180844799,1.433713675,-0.538032051
1.296565056,2.919661999,-0.862858206
-0.898771644,-0.410046339,-0.709762093
-1.255937576,-0.391243666,0.568798585
0.516555488,0.646185577,-0.117500776
2.347065449,2.933013916,0.625057892
0.316522121,-0.996611595,-0.379870292
-0.17077373,-3.107747555,0.888614406
2.167274952,-1.921197414,0.965456598
2.661390066,1.47769618,-0.625450015
-1.356141448,-0.382258385,0.708814366
-2.23524785,-1.990939736,-0.360459271
-1.852952003,-0.95548898,-0.194555888
0.837105393,1.340715408,-0.386281137
-0.371063143,0.812374532,-0.264514063
2.797713995,0.948087573,-0.955792962
-2.558340311,-0.745515227,0.67641488
1.721297979,-0.303007811,-0.617269223
1.703607082,0.096003696,0.2235605
-1.317960739,0.018822744,0.972072945
0.359578133,0.933311462,0.392484809
-0.058127951,0.617795944,0.668482809
0.539089739,0.972228169,-0.884631383
-2.853551388,-0.032999445,-0.483847626
-3.173438787,-1.720878363,0.466266122
0.875960886,-0.201599061,-0.559381932
-1.597921133,-2.500734806,-0.846455592
-2.154457569,0.210557848,-0.153117549
-3.065322399,-1.212458491,-0.693014434
0.052383706,-0.168965757,-0.459630433
0.664330184,0.841031313,-0.040614845
-1.385374069,0.654985785,0.681940986
0.453087777,1.145394802,0.516816032
-0.783498406,-0.362060457,-0.344124181
0.589281917,-1.719086647,-0.811138428
-2.260284424,-0.403381526,-0.693638768
-0.221497059,-0.809241176,0.635544389
1.062435865,0.189308286,0.88462355
-0.096436888,0.039012551,0.866875234
0.94459188,-0.660541236,-0.182035041
-0.053297609,-0.289441347,0.530804732
-3.020986557,-2.089283466,-0.807503779
-1.19193387,2.798697233,-0.39487998
-0.109504424,-0.279150605,-0.812857149
-0.475449502,0.99903363,0.38583547
-0.498147309,0.596047938,-0.914749516
-1.982344389,-1.631087899,0.870874673
-0.382915854,0.301124573,0.022739945
-0.726503849,0.16156894,0.618492462
0.279985666,-0.305156499,-0.642216558
-1.238798738,-1.018296957,0.086200624
0.389649987,0.822114229,0.441272333
-0.899168968,0.71185112,0.866364573
-0.488469422,-0.065780148,-0.769770163
-0.188394397,-0.880695879,-0.314850504
-0.126933485,-0.582662582,0.969032424
0.711268783,1.119180441,0.985962389
1.201899529,-1.36462605,-0.123558656
0.454108596,1.674804807,-0.573726508
0.125470012,-0.266064495,-0.80438229
0.056763649,-0.104351968,-0.186082218
0.578239858,0.911319137,0.714260578
-0.61774832,2.105117559,-0.289427614
-1.277631402,-0.411051542,-0.845367023
0.444707423,0.572821736,-0.361500644
0.099246427,-1.70166266,0.854406675
-0.17261897,-0.720717669,-0.617781852
-0.85220623,-0.466827482,-0.621463632
1.680996418,1.947154284,-0.193142728
0.372176886,0.36734575,-0.479900358
1.729792714,-0.774902523,0.260691201
-0.270200938,0.730182171,-0.241693868
1.585780501,0.237461746,-0.076070497
-0.418313205,-0.00196895,-0.526292502
0.1531367,-0.045150004,0.124063707
0.839341402,1.5398736,0.524430908
0.590708971,-1.059484005,-0.485882217
-0.374972105,0.198460817,0.927278462
0.262787879,0.21353066,-0.290559419
1.860460758,0.512334228,0.417837164
-1.473932028,1.094862461,0.066468281
0.468386412,0.004481465,0.959668129
1.774619341,0.501734376,-0.942827957
0.966148138,-0.076625988,-0.284920704
-0.773665726,0.062478449,-0.052435237
-1.241312861,-1.770192862,0.251706971
-1.072422028,-0.246487513,-0.712397987
-1.894316673,0.524178565,0.834647272
-1.848451138,-1.377800226,0.312107663
-1.353796601,0.354305506,-0.76777189
0.430516481,2.652707577,-0.273758292
-2.093432188,-0.230599433,0.845245205
1.056071997,1.518453598,-0.909471117
1.464996338,0.399825513,-0.71727071
-0.809340239,-0.459907442,0.397097587
-0.739169359,-1.18396306,-0.442420929
-0.473478645,0.850589216,-0.956352727
-2.272944927,0.7130512,-0.480294396
-1.367338419,0.093994588,0.747752588
-0.350661516,0.228884503,-0.488432752
-1.962686181,-0.511194825,0.628321875
-0.165206909,-0.087222114,0.837660176
-0.316286743,-0.271514624,-0.909992741
2.599378586,2.584313393,-0.303094496
2.017579794,0.36598587,-0.402683052
-0.094031394,-0.284992337,-0.328131124
1.020019531,-1.089392185,0.093237748
0.120969936,1.790566683,0.879885755
-0.236367837,-2.295322418,-0.661930768
-0.405331135,0.567437351,-0.325491048
0.472775906,0.639515638,0.023736984
-0.158482969,-1.695249319,0.511295565
2.382769585,0.12661466,-0.89842618
-0.470956951,-1.393396854,-0.519301257
-0.852463365,0.074063912,-0.339196756
0.232676536,-0.194610134,-0.911309895
-0.224896073,0.320079386,0.346235407
-1.627786636,-1.071866751,0.13549249
0.562743306,2.511355877,-0.653669794
-1.08377111,1.896015882,-0.250505739
1.846341848,0.473227978,-0.564540821
2.291134357,-0.668265879,0.621526455
0.357231349,2.049118042,0.273257263
2.743006706,1.577522397,0.746841318
-1.537308812,-3.783343792,-0.587593819
2.271492481,1.485827446,-0.874899675
-1.781940103,0.405306339,0.94376038
-0.653782129,1.031777859,-0.888537199
-1.11446619,-0.534864902,0.859325078
-1.218238354,-0.301584512,-0.566279569
0.022461861,-0.461203784,-0.094748375
-0.763162076,0.13509725,0.233794081
-1.124233723,1.362259746,0.252540577
1.18184948,1.441113114,-0.60190784
-0.423857629,-0.199639961,0.471893526
-0.711602092,-0.083495334,0.95454924
0.213218555,1.111546516,0.372999347
-4.153269768,-0.491952688,-0.281963673
1.160939455,2.113268852,-0.323135814
-0.061246589,1.770170927,0.270835428
0.448452145,3.958417654,-0.584010057
-0.386766911,0.009727411,0.669009545
0.970819831,1.141126752,0.183820116
0.051980749,-2.34637022,-0.80936901
2.024136066,0.02328302,0.741649134
0.922797024,0.039742455,0.243624052
-0.801756084,-0.453753263,0.857499921
-1.742988825,0.514781713,0.638024616
0.479667097,-1.474022388,-0.904325259
-0.656791627,-0.074891269,0.035295003
-0.420131922,0.308897913,-0.361415598
-1.616639614,-0.746522903,-0.249464484
-0.993017077,-2.200308323,0.22197843
-0.498652697,-0.535244048,-0.075760739
-0.674891889,0.798774958,-0.748026444
1.238707304,-0.631403685,-0.483622928
1.968684316,1.508528471,-0.035809418
-0.26031059,-0.128885031,0.744847877
1.965669751,0.393344492,-0.977380886
-1.209443808,-1.975316048,0.935707479
-0.314436853,-1.871150494,0.273758838
0.00019015,1.179710627,-0.734593585
0.494569838,0.044353411,-0.610866859
0.809576631,0.950155914,0.099683229
0.952068567,-0.162695885,-0.117966898
-1.837962151,-0.400702626,0.78904469
-0.334168881,0.418488443,0.507083001
0.730045199,-0.574837685,-0.274704578
0.622487068,0.449121475,-0.49537675
-0.272662938,-0.043207876,-0.013436935
0.660515487,-0.903739452,-0.535611882
4.74741745,2.104726791,-0.131794901
-2.451381683,-1.781527519,-0.98304934
-1.073619485,-1.516944408,0.36350612
0.233009011,0.70402354,-0.834894775
-0.618916988,-0.373025924,-0.231945098
0.215383217,0.080487214,0.513711487
1.867355108,0.445239156,-0.827487235
-0.63397789,-0.027639247,-0.323577017
0.22964853,-1.288400054,-0.079750961
-0.451161116,2.069154024,-0.540110213
-2.170547724,2.648893833,-0.868084588
-1.21421361,-0.350017726,-0.057603779
0.268779755,2.170315027,-0.607070824
0.583531141,-2.088118076,0.80464844
-1.212794185,-0.403711677,0.142161527
-0.675668716,0.092297934,-0.155290284
0.458479702,0.881117582,0.069864303
-2.189342737,1.222276449,-0.457046403
2.731205702,1.241954803,0.896325716
0.180609763,2.052070618,-0.691198137
0.767002642,2.329531193,0.143383086
-0.173911929,0.488701433,-0.405395357
-0.786329865,-1.802480578,0.710227801
-0.238156676,1.02453804,0.173520666
2.177937984,-0.449942112,-0.505629627
1.948051453,-1.517341971,-0.819653172
0.49791944,-0.454984188,0.093523984
-0.131031916,-1.967701793,-0.757094387
1.050960898,0.412617624,-0.30973042
1.315614223,-0.014662042,-0.561421712
-1.065833449,-4.812440395,0.097826301
0.637696385,2.599577904,0.824217428
-0.218155578,-2.076882362,0.120232535
-0.279168665,0.354639709,-0.972632539
-1.191019535,1.813835859,-0.029582544
-2.038988352,0.077501938,0.316342989
1.272127151,-1.173655272,0.979158669
-0.001120898,-0.267722309,0.739558486
0.625126481,0.654453754,0.517077407
-3.147695303,-1.063536406,0.198577051
0.618561149,1.038772345,0.419631098
0.70154196,1.048708916,-0.740367258
0.989747643,0.873645782,0.588048757
-2.54671526,-0.66680634,-0.172911612
-0.370941341,2.141490459,-0.196180794
0.359476119,1.564023852,-0.202352121
0.163559034,-0.844010353,0.075015623
-0.244278342,0.488132656,-0.882033421
1.634946465,-0.598804355,-0.410523011
0.372300327,-1.088795543,0.243996476
0.462729722,-0.085676104,0.086693286
0.188510612,0.144863755,0.421314887
-2.031827927,-0.729518414,0.334402521
1.560489655,-0.284489095,-0.345187097
1.013088465,-0.747766852,-0.715203289
-0.783801794,-0.509774446,0.525049384
2.043569326,1.22239542,0.828429749
-0.946507931,-1.319027901,-0.909252798
1.881610394,2.567893982,0.158053891
-1.470624447,1.348711371,-0.067508581
-0.124311961,-1.355598688,-0.217727112
1.294314384,0.652267873,-0.554618647
0.468530059,1.330454588,0.645188783
-0.258597106,0.574011922,-0.039863558
2.177929401,1.179662704,0.453535387
-0.24764958,-1.146334648,0.32228663
-0.07137496,-1.615473509,-0.769379923
-1.083797693,-1.565371633,-0.578970021
0.332864225,1.037381649,0.28600925
0.881669521,0.949675322,0.859470365
0.886546969,-2.696759939,-0.039364168
1.624361277,2.207104921,0.408472106
0.166013256,-0.349243939,-0.47621363
0.317524433,-1.673277617,0.38242804
1.071099758,-0.558128417,0.726686466
1.208397269,-0.961624146,0.71377613
1.15340662,-1.323584199,0.052775243
0.494170696,-0.199315801,-0.889740612
-1.469276309,-0.912569582,0.873344265
-2.359310627,-1.317505121,0.99198333
1.827298641,3.106837988,-0.556430593
-0.916780949,0.219535038,-0.920841531
0.134599626,0.513910294,0.979101188
0.068881214,-2.166586399,0.449188286
1.197224617,-0.199062824,0.653877348
-0.908757925,-0.459012806,-0.171629396
0.317277074,-0.148052365,-0.01237123
-1.225322843,-0.344822258,0.407319197
-0.023673713,1.99240613,0.972957911
0.18910867,2.605347157,-0.037270451
-1.665389776,-0.724506617,0.430933369
-0.852879226,0.111476123,-0.963716212
-1.459991932,0.948215425,0.504416663
-0.399846613,0.194017619,0.737828128
-2.789003134,-1.83862114,0.388348236
2.859494448,1.597194195,0.181183166
-0.101455845,-0.992982388,0.108826295
0.674701989,-0.279400498,-0.456172806
-0.205603182,-1.209404469,-0.88674964
0.006377194,0.639094651,-0.510932536
-0.529132128,-0.497269869,-0.074212097
0.611270308,1.145153999,0.291170611
0.255028486,0.881418705,-0.189225488
-2.717467546,-1.313613892,-0.228041045
-0.657533407,-0.158735335,-0.537094199
-1.196095228,0.212566987,-0.780565393
-1.392549992,-2.289799213,-0.444240797
-2.296198368,1.025425911,0.094739054
0.481638134,-0.87574321,-0.02826463
-1.06124568,0.718906105,0.907784046
0.573524237,-0.293366998,-0.974501952
-1.384391546,1.221223354,-0.061472261
2.257480621,-0.680995882,0.918481146
-0.135219991,-3.047571659,-0.386646987
0.507796526,0.015615612,-0.184406872
-0.493674636,-1.080071688,-0.472555459
0.220945209,-1.23937881,0.028350185
-1.814031005,-1.336836338,-0.890252468
1.161276579,1.965825081,0.3827988
-0.966531098,-0.189956993,-0.027149038
1.942678571,1.325928688,-0.882979184
2.158464909,0.66403234,-0.946166625
-0.246215284,0.871245384,-0.545071652
0.061858915,-0.870604038,-0.209773198
0.781674385,1.837748289,0.022152472
0.075959191,-2.091114759,-0.634585369
-0.21433194,-1.101352453,0.845509394
-1.132436633,0.196822643,-0.808932256
1.713732362,1.548795819,-0.708441394
-1.081946135,-1.038575768,0.903450991
1.2095263,-0.403441846,0.073263234
-0.786672533,-0.944641352,-0.438574922
-0.256121784,1.672874212,0.4704519
-0.932831168,3.378909349,-0.282431774
-1.782358408,0.636083007,-0.650048259
-1.003125906,1.811252832,0.78599287
2.036100149,-0.05834116,0.430647005
-0.858389556,-0.059465759,-0.950200937
2.410053492,0.044530094,-0.765138309
1.698286891,0.753180802,0.11968934
-0.216513723,1.336349487,-0.826902223
1.791819334,1.053875685,-0.478533596
-0.165874094,-0.271829873,0.221454033
-1.467000961,-0.050543427,-0.779726786
1.337433338,-0.455991894,-0.314102045
-0.445670813,-0.224957049,-0.00508482
-0.383102059,-3.026303291,0.726222036
0.534722805,-1.088033915,-0.782637075
-0.898734927,0.52302593,0.353019139
-1.799669504,-0.69841671,0.476601402
-0.683682382,-0.427282214,0.854937013
0.161958367,1.843255997,-0.064140133
-0.573715746,0.477895498,0.923848913
-1.152924299,-2.73516798,0.143853423
-0.895488262,1.25420785,0.17493054
-1.690392017,0.855125546,-0.820202727
1.727131844,1.776958466,-0.606728163
-1.118551254,0.811780274,0.787425246
-0.192784801,-0.725466609,0.425671803
0.874159575,-0.611893773,0.319854271
-1.137068272,-0.815836787,-0.342598768
0.38238579,3.010854244,-0.558191446
-0.759650052,0.652005553,0.627883648
-0.633855462,-1.910702825,-0.171806852
-0.786860347,-1.075384617,-0.958184237
0.406887531,-0.175791755,-0.185143425
0.549664438,-0.788433015,-0.392623253
1.55721581,3.063955784,0.771748814
-0.033602178,0.064078391,0.604497529
-2.560315132,0.317287982,0.189826798
-0.554255605,1.375473261,0.726947742
1.140761733,0.490449578,0.262813606
0.146173,-2.486250877,0.597640412
1.321867466,2.589587927,-0.360779338
-0.027686194,-0.175444677,-0.951966292
-2.21022296,0.096631721,0.484873147
0.848758221,1.552587152,-0.29272402
-2.175598621,-0.606315017,0.519999428
0.416510671,1.810754657,-0.829287837
-0.420169592,0.717667222,0.715715042
-0.287159294,-0.596484601,0.665909268
0.407898486,-0.832576931,-0.909756918
1.025108576,0.018130966,-0.369499426
-1.217417479,0.509073138,-0.9882803
0.039873384,-2.74390316,0.896877892
-0.355760455,-1.511424065,-0.974045552
0.263576388,0.422293365,-0.430239827
2.453172445,-0.214338079,0.155363257
1.319708705,-0.872471392,0.507595004
1.203031063,1.067354202,-0.841810967
-1.404724479,-2.205317259,0.129052344
-3.365498781,-0.672197521,-0.822560848
-1.788114309,-1.12385726,-0.490285074
0.13168098,1.135406017,-0.420332587
0.881966233,-0.439788461,-0.636724627
-1.524715185,-1.368984461,-0.23009134
-3.169200182,-0.594861627,-0.452967528
-1.42987442,0.727231503,-0.444430081
-0.849132657,0.064851791,-0.568099047
-1.601399422,-0.35547635,-0.652274676
-1.933131218,-0.659002006,-0.318955912
-0.652838826,-0.533023477,-0.653561798
2.103714943,0.32108593,0.935318407
-0.429152966,-1.951554298,0.117101308
-0.356497467,-0.098472349,-0.225517372
1.262099743,2.470835924,-0.633112299
-1.035922527,0.277175963,-0.292923719
2.017760038,0.246911377,-0.594580553
1.617690325,0.647773683,0.066346451
0.324445575,-0.120167382,0.363269366
-1.281191111,-0.738510251,0.038573017
-0.052053884,1.829109669,0.131489688
1.797363043,-1.405387163,-0.122683354
0.449224144,-0.660456657,0.685200264
0.920988202,1.407000303,-0.562566716
-0.415455997,-0.469090879,-0.411045319
0.776443422,0.416278958,-0.489641526
-3.146331549,0.324394077,-0.227192567
-0.012227256,-0.032396927,0.415743372
0.315025479,0.050281323,-0.528916983
-0.51481384,-0.225911349,-0.99197957
0.381324232,1.267448425,0.800204075
-2.543220043,-1.849772215,0.825500861
-1.201481819,-0.75667727,0.679762668
0.441341758,-1.659650087,0.892266919
-0.382694185,2.488068104,-0.91247932
-1.600303411,-0.987019062,0.328177985
-0.678430021,-1.8794806,0.602056959
-1.198254228,0.083999127,-0.721797018
-0.768287063,-1.241668701,0.621682143
0.557366133,0.684692144,-0.424151903
0.473195821,1.452930689,-0.30511513
-0.714957476,0.813132167,-0.964105444
-0.192362562,0.074750841,0.733392149
0.320083499,-0.313248456,0.755941495
-0.418746978,0.474620759,-0.547142577
-0.803280234,-0.322004914,0.53075084
-0.492659509,-1.396579623,0.490667866
0.192462325,-0.69529593,-0.837588748
-0.5378685,-0.076372854,0.337927034
-0.556371987,-0.67731446,-0.629894527
-0.031965271,-0.879355311,-0.551723472
0.047658339,-0.2762146,-0.052163004
-0.76373446,-0.691645145,0.428431298
1.654931307,-0.461081117,-0.26527909
0.750487149,0.753702819,-0.37397742
-1.883481503,0.348376304,0.413499531
-0.645642996,-0.679661036,-0.905527181
1.011082888,0.057335965,0.883243537
0.463319719,2.050869465,-0.500460264
1.095148444,0.503642201,0.27445548
1.707058907,1.555725574,-0.080810765
1.041173697,-2.584476471,-0.375404527
0.555402458,0.013624564,-0.808068699
-0.169013023,-1.942954183,-0.159030225
0.973523855,1.352342129,-0.228214831
1.095329523,-0.575566947,0.253331032
1.595722079,-0.123423368,0.111465318
-1.234407187,-1.22643435,-0.96429828
1.433204651,0.664712548,0.403631316
-1.596280098,0.376090169,0.875936314
1.282761097,-1.210700631,0.425854421
-1.215486288,0.174029052,-0.291461544
0.354914308,0.793863773,-0.410769303
-0.27670598,-0.556055903,-0.537096527
-1.643753529,-0.037781119,-0.656012306
1.111229658,-0.585353494,-0.929222883
0.084663868,0.544270098,-0.376888125
1.762861013,1.16151762,0.978563284
0.216125712,0.780227602,-0.299069632
1.367663622,0.385912418,-0.510468669
0.578179955,-0.938017845,0.160632684
-1.423329353,-3.031755447,-0.386356152
-2.037287712,-1.97756052,-0.004797154
-0.774844229,0.05561363,0.959854953
1.071255326,-0.810229719,-0.638406321
0.688055634,1.466406703,0.650764532
3.209923744,1.190716386,0.451243956
4.224421501,-0.707720637,-0.97813026
0.446929455,0.245914862,-0.61376913
-1.642461777,-0.615590274,-0.036659091
0.241123021,-0.448345184,-0.60643641
-0.747898877,-0.339525223,0.434167091
1.129249454,-0.256068796,0.384098384
-0.763186395,-1.610640407,-0.252201549
0.524457932,-0.462887526,-0.533240476
0.447445363,-0.044396222,0.3358404
0.071179062,0.01403062,-0.863119629
-1.77124095,0.817818761,-0.369717832
-1.333726525,-1.367086649,-0.440950156
2.523858547,-0.121688575,0.522730502
-0.800470352,-3.201292038,-0.695228948
0.721439064,-1.5512079,0.92708401
2.583784103,-1.070845842,-0.760473037
0.763696194,-1.02837801,-0.85707664
-1.577016473,-0.646172166,0.32390818
-0.981471658,0.42414096,-0.770743563
0.220823407,0.46440351,-0.798952632
0.558382034,0.876416564,-0.81957576
-0.284828514,0.03104496,0.451645365
-0.70108664,0.597161531,-0.070803908
-0.333396554,1.107481718,0.367599215
0.944824576,0.308956623,-0.481640006
-1.784741044,-1.721660137,-0.495719744
0.155201972,0.514036536,0.129684902
1.291383624,-0.209733382,0.545288592
-0.186355323,0.590379417,0.900745556
-0.935089648,-2.072140217,-0.748257311
0.468140215,1.856371999,-0.871066027
0.273899049,0.85935843,-0.135357216
-1.114471197,-0.189325243,-0.428274968
-1.942193985,-2.446121693,0.251941351
-0.108542003,1.512267351,0.213704979
1.411902666,-0.106396928,0.799129123
1.252527475,0.591634333,-0.008854787
2.473038912,2.002158165,-0.561498746
1.186605334,0.027782626,0.422859288
-0.831769228,-0.385977328,-0.273195019
-0.204255745,0.135888055,-0.438882089
0.273754597,1.506638288,-0.461762403
-1.265953541,-0.154379219,-0.531162729
0.505876064,-1.03551209,0.612816763
-2.576361656,-0.134147614,0.503067565
-0.568201065,-0.50157392,0.558889903
-1.155110359,1.754252434,-0.073666317
-0.465476274,-0.506073952,0.158295431
2.303278685,-0.588608921,-0.91178585
1.533722043,0.2628811,-0.666546734
1.675786257,3.43613863,0.272843324
-0.082374319,-0.620969415,-0.601321652
-0.099654056,-0.679976583,0.81798061
0.59732604,0.49371779,-0.982883373
1.580800533,1.728397727,0.386818187
0.575674117,-1.056317091,0.743967954
1.153506756,0.562486172,0.205095351
1.399121165,-0.895677149,0.566391882
-1.329637527,-0.049406927,-0.266702796
0.745238781,0.844502926,0.187972001
-0.611962676,-0.585662305,0.839908414
-2.101152658,-1.048278093,-0.947717273
1.002815962,1.286688328,0.73003602
-0.051857285,0.260973155,0.585904173
-2.748856068,-0.813278079,-0.564684467
1.359946728,-0.427648932,0.266730101
-0.714128613,-0.376311839,-0.913599623
-1.025179625,-0.289039791,0.121658122
0.255980372,0.724826217,-0.490000366
-1.227645993,-0.605079174,-0.652255139
0.100374229,-0.701286495,-0.394964178
-1.849902153,-0.454683542,0.870239479
0.435731173,-0.287023604,-0.867087946
1.725030899,3.749904871,-0.788700059
0.878676891,1.319228411,-0.528262677
-0.746229887,0.890362799,0.875936968
-0.577571332,1.406600356,0.32862369
-0.893882871,-0.861981332,-0.46615417
-0.861338496,-1.988337398,-0.699632648
-1.173144102,-0.744123101,-0.540803016
-0.540514767,-0.19026494,0.678332391
-1.112273932,0.957216978,-0.542254714
-0.104543626,0.136519521,-0.223449741
1.694758058,1.310381293,0.515065355
-1.387923717,0.298069835,0.54305598
0.091753662,-0.288133025,0.654948436
-0.576438546,-0.395420432,-0.071209852
2.769440413,1.40481019,0.808924427
-0.624624789,-1.005001783,-0.354656461
0.666669607,2.12046504,0.142821474
-0.078146279,0.597396672,-0.555711168
-2.206055164,0.101840638,0.237379649
-0.705832839,1.100378036,-0.646050619
-0.064235777,-1.34289515,0.573217767
-1.694149494,0.398872435,-0.318317864
1.23820889,-0.652340174,0.085042785
0.052698039,0.245563135,-0.369677101
0.062705986,-0.401476145,-0.98979409
-0.976599693,-0.92423439,0.419775147
0.334635735,0.824600875,-0.105418021
0.370941907,-0.782084584,0.348208796
-0.229198918,1.32991457,-0.484655554
0.778900027,-0.203055918,-0.396992183
-1.993133068,0.613142848,0.893946625
0.719955444,-0.815326035,-0.808350627
-0.321578979,-0.825009584,0.978790903
-2.740800619,-0.954403818,-0.651721658
0.55863142,1.627579451,0.08760499
0.626158118,1.360711932,-0.294518716
-2.344096661,-3.408492565,-0.646335491
0.2887218,-1.039871693,0.776780268
0.626417875,1.322630405,-0.620163883
2.176037788,0.386704683,0.399274411
0.526094317,-1.176620364,-0.625565941
-1.077618003,1.267626047,-0.043071977
0.226660728,1.062749863,0.600641739
0.734931469,0.056239348,-0.995197788
-0.687700272,-0.807121038,0.398338691
-0.807463646,-0.150214434,-0.877900957
1.874217272,2.865373135,-0.865847932
0.981853843,-1.643670917,-0.580845298
-0.093080521,1.158220053,0.918008268
0.194082826,0.760517597,0.838945673
-0.697143376,-2.081017494,0.327783327
0.627918482,0.004267946,-0.062971292
0.429336458,1.034973383,-0.086002289
2.063451767,0.858568013,0.48090096
-1.689911366,-0.499209046,0.782856775
-0.756869078,-1.112252235,-0.445535857
1.692922592,-0.259094328,-0.556695985
1.307868004,-0.962822914,-0.574941435
1.454373002,0.215148941,0.348698296
2.222153664,1.098305345,0.793056787
1.25745976,2.592004299,0.650846003
-0.348073393,0.347668171,0.878686658
-0.874355555,0.058035508,-0.939627442
-0.098210894,0.914604664,0.972058095
1.567905664,1.079055548,0.138569073
-1.498207808,-1.361029744,-0.30775286
0.486372441,0.334022522,-0.132652805
-1.20189178,0.783359766,-0.49745246
2.567245007,0.244410709,-0.978938441
1.074454069,-0.346734643,0.605428766
-0.926245451,-0.188263699,-0.227232431
-2.445029736,-0.917279959,-0.298867166
0.12261948,0.523161948,-0.203196735
0.6470052,0.56707865,-0.482469826
-0.398825437,-0.524114966,-0.363511869
0.728196859,1.423565269,-0.041219288
-1.000484705,1.706197023,-0.631799049
0.721418023,0.966913402,-0.326144727
2.077017307,2.225481749,-0.728729467
0.440353751,-1.657968879,0.027463341
-0.641712785,0.718346,-0.320281351
1.216693521,-1.49835372,0.968327882
-1.731353998,-1.081308603,0.315937056
-1.589861512,-1.718154907,-0.868731195
2.459655046,1.434589744,-0.451529504
1.376786351,0.563341022,0.417010567
1.629355788,-0.046049178,-0.418236708
1.779286742,-2.539164543,0.160112518
-1.345870733,0.541710019,0.966083336
0.536196172,-0.597883105,-0.518180544
-0.395876735,-1.372952223,0.907878293
0.562393248,1.941301703,-0.651466252
-3.959745407,-1.433006048,0.459267608
0.416707039,-2.196972609,0.694651031
-2.39437294,-0.003670719,0.576705307
1.326288939,1.151129961,0.697683465
1.133642197,0.73816371,0.094011334
1.519913554,-1.92147541,0.497682861
-1.166944504,1.865085959,-0.056712475
0.568724036,-0.687017441,0.576349623
-0.352945268,1.507964134,0.622990591
0.348544627,0.581304848,-0.988037385
0.789123416,0.92443347,0.099484522
-2.070488453,0.177143246,-0.238223528
1.264001846,-0.297671974,-0.354083458
-0.225053132,0.250172257,0.142057835
1.635387182,-0.874854267,0.146327098
-0.478075445,-0.502754092,-0.915816921
0.747595727,0.052016728,-0.135815318
-1.992454052,-0.666815042,-0.413238641
-0.406261921,-0.651567698,0.441448358
-1.906669736,0.647847533,-0.609086017
0.043089852,-2.483274937,-0.994110974
0.825948477,-0.214449182,0.097915706
-0.359449804,0.207710147,-0.600302843
0.186557889,0.173615664,0.038534299
-1.50139451,-1.859211683,0.431617966
1.251260042,1.374618649,0.971300494
0.89387393,1.141572475,-0.837594338
-0.172056496,0.492240191,-0.051222722
2.151160717,1.00541234,0.963257691
0.211897925,0.87842983,0.332808781
-0.646261454,-1.525635839,-0.142600442
0.32024467,-2.201799631,0.497318305
-2.447384119,-0.1620363,0.647423607
-0.485932827,0.653682351,-0.467532566
0.352526367,-1.154597998,-0.310918412
0.723938823,-0.508373857,-0.364326664
0.677525699,0.016402466,0.580656363
1.703667402,-0.080136336,0.151456333
1.498788357,0.499201208,0.104965209
0.20625402,-0.060746223,0.412601802
0.066719443,0.281789631,-0.704933765
0.293645471,-1.303983331,0.08855596
0.832894802,-2.231011391,-0.116297066
-1.402887583,-0.967177033,-0.449564439
0.515775561,-0.118738733,-0.071409431
2.312348843,0.306691915,0.709851436
1.327463746,1.021036983,0.941669823
1.550240517,-1.569508672,-0.358355992
0.783726692,0.888458848,-0.000594069
-1.230614781,-1.283138752,0.029320334
-2.773011208,-1.857544541,-0.507647451
-0.665819645,0.250653505,-0.019126226
-0.023974985,-2.34378767,-0.563186859
1.096067429,-0.888512015,0.123490493
-0.953417182,-0.212819338,-0.85200441
-1.174259901,1.373806715,-0.842334521
-3.14447403,-4.812700272,-0.867907174
0.856361508,3.717973232,0.34442567
-1.612551928,0.988641024,0.566380881
-0.087392569,-1.150967121,0.386851977
-0.941764832,-0.091920763,0.911211794
-1.461373925,-0.306125373,0.736079695
-0.796916723,-0.416469514,-0.834643713
-0.12139295,-0.844985008,-0.611756166
1.686733127,2.863044739,0.779174925
-0.252005935,-0.165938735,-0.635699862
-2.422659397,-1.586650848,-0.681940919
0.501284063,1.367065668,0.209894605
0.32976675,0.90412271,0.170303615
-1.081548452,-1.20239687,-0.30331401
0.719770789,1.801296234,-0.306929817
-0.59690094,0.036034703,0.167472293
3.045536518,1.260298491,0.129569277
-0.342496753,-2.230723858,0.145180202
-0.468455434,-1.154118538,0.749018678
0.405638635,0.351166189,-0.252881314
-0.119223669,1.41524899,0.898675143
-1.684350491,0.128965184,0.839542633
0.002874233,1.005704641,-0.595540151
1.34564352,1.203045487,0.900486452
-0.124724016,0.338605911,-0.149737095
-0.166003287,0.928353012,-0.984843881
1.689492106,-1.288552999,-0.950599972
1.070066452,-1.547286391,-0.619576191
-1.541309118,-0.56968385,-0.945213392
0.691051483,-1.633900166,0.414602985
-0.084269136,2.168189764,-0.257289975
1.169910192,0.311668634,-0.819069222
-1.371021509,0.301899195,0.315009801
0.414564371,0.837596416,0.79574956
-1.851023555,0.252395213,0.717617427
1.916006804,1.022048235,-0.7276628
-0.634968162,0.310219049,-0.389103137
0.265351504,-0.281014502,-0.610775692
-0.417120099,0.336238801,-0.194175808
0.053202927,1.075634003,0.003348332
-0.235843137,0.176955566,0.740010265
-0.203836039,0.627384424,0.453238894
-1.137956142,0.402287453,-0.967637948
-0.08803311,-1.653565764,-0.441734762
1.510825872,1.157588243,-0.126977568
-0.007752106,-1.899916649,0.439106051
-0.985517144,0.061517596,-0.16943491
2.744898319,1.425239682,0.616726323
-0.61136359,0.506340623,0.237233163
-0.904235721,1.093227386,-0.740800775
-0.389277816,-1.75188446,0.399105135
0.859562397,-0.595106542,-0.115613416
0.108122781,-0.059893187,-0.803922898
0.14252764,-1.057039261,0.752480571
-0.75691241,0.601576567,-0.91986904
-2.358293295,-0.105739661,0.850223014
-0.075255714,-0.249633491,0.337416896
-0.17331025,-2.118177652,-0.623792378
-0.372818619,-0.148108512,0.411712639
1.117813706,0.254278243,0.220357964
-0.330822468,-0.251681626,0.287511425
-1.491507411,-0.439656794,-0.929766285
0.027817354,-1.593635201,-0.190907665
0.113400139,-0.750976443,-0.955801284
-0.444569737,-0.450889289,-0.683957325
-0.056028269,0.37576589,0.928477676
0.020609319,0.182569712,0.763141536
0.308954477,1.81107235,0.769511657
1.145544767,-0.479465574,0.557742148
0.364628017,-0.565562129,-0.617975597
1.683720112,0.178635269,0.703592485
1.869502306,-1.203935862,-0.656797687
-1.156969905,2.045674562,-0.109082187
-0.399833649,2.330584049,0.871873055
2.169434071,-0.489310682,-0.160576819
0.914538622,-1.632051706,-0.069503336
0.499647915,0.708147585,-0.180496378
-0.879400074,1.420491457,-0.462476056
-0.081612706,0.262437046,0.158810183
-2.037181616,0.850755513,-0.467841405
0.00913772,0.613040209,-0.449437819
-0.872919559,1.031463146,0.773947982
-0.91107589,1.52001977,0.152640157
0.620294571,3.060712814,-0.110941656
2.374873161,1.370975733,-0.382217844
-0.82390368,-1.075265288,0.874829073
-0.663728952,-1.616137743,0.758457703
1.183975101,1.742132664,-0.672816556
-0.142160445,-0.202441752,-0.848789978
-0.554056048,2.287172556,0.223164061
2.038293362,0.996261477,0.858009416
0.1457192,-2.259603977,-0.821830753
0.359095812,-0.987110913,0.558065076
-0.543802559,-0.15886718,0.824740994
2.334406853,1.820952296,0.281364412
1.184743166,1.436060429,-0.849181034
0.830422819,0.328253925,0.145200561
0.497388512,0.50743407,-0.837133068
0.672473192,1.688718081,-0.369471792
4.192108631,0.977284849,0.812840916
0.540431976,1.508951426,-0.800786517
0.746684611,1.041962385,-0.059350879
-1.090313673,-0.71959877,0.599910621
-0.321825951,-1.293112278,0.9000835
-0.233590767,2.001920223,0.057732868
-1.414655328,-1.693783998,-0.626997869
1.614183903,-2.322980404,0.416039115
-0.942510664,-0.32156384,-0.170324827
-2.227462769,-3.011152744,-0.96500638
-0.703405142,-0.15597412,-0.349264347
0.639497876,2.031025648,0.237782907
1.250532866,0.142035991,0.386725216
-0.004604287,-0.442299455,0.471177076
-3.533657551,-0.555778623,-0.064163292
-0.13652505,0.353267759,-0.604979633
0.978997827,-1.448391795,-0.75726169
-0.618763566,-0.916767955,-0.234068556
-1.79934454,-0.607353806,0.000897162
0.446290672,0.887403965,-0.064953453
2.137475491,0.716050029,-0.608821812
-0.936379671,1.728255987,0.684542832
1.170473933,-0.496817052,-0.735962728
-0.606983244,-1.697661161,0.845640096
0.206848532,-1.59294343,0.709677442
0.389833301,0.601446986,-0.588146572
-0.441141844,0.996745884,-0.176430552
-2.741494179,0.07039696,0.185208102
-0.855240583,0.434215724,0.569193459
0.090679355,1.122404575,-0.590451518
0.436961353,0.295475155,0.280144254
2.030757427,0.48538506,-0.836563045
1.121790886,3.336863995,-0.128144595
-0.801976919,-0.063327804,-0.757942399
-0.894998431,0.318875194,-0.115756292
-0.340997338,0.016035764,0.697074568
-0.552626729,1.088974476,0.098820494
0.41806218,-1.625321507,0.409767327
-1.66684103,-0.09499976,0.957233058
-1.518151999,0.742787361,0.191212843
-0.806875765,-1.121701121,-0.608114773
-0.772908807,0.372172654,0.455706112
0.851407766,0.020142376,0.726079007
-1.86809504,-0.512197196,-0.066038403
-1.877497673,-1.002108932,0.079420378
-0.614578843,0.06279061,0.886336377
-0.625304043,-0.294534981,0.600392644
-0.628259778,-1.046939611,-0.982154023
1.415220857,0.596526742,0.630856006
1.70062983,1.020784616,0.847293035
1.930776596,0.404671133,0.629396535
1.203851938,0.761334538,-0.029388146
0.652509868,-0.041617446,0.868015612
0.686637163,-0.592219889,-0.030202665
0.939973891,0.439958453,0.123007154
-1.532662511,-1.432774782,-0.741026886
0.021634577,0.741162002,-0.924917036
2.382442474,-1.744548678,-0.079958595
-1.852064252,0.459898949,-0.450594054
1.171211958,1.056283951,0.48461876
1.035707593,0.222455531,-0.871081539
1.559851408,-1.062607288,0.081972584
1.601794839,0.885494947,0.510700628
1.645103931,1.018576622,0.291976885
-0.742024064,0.040345564,-0.699399945
-0.716474533,-0.034691453,0.458910134
1.697739482,-0.142666906,0.121888776
1.827727318,1.825098157,0.981820778
-0.47546038,-1.301508069,-0.775823411
1.194617867,0.594678223,-0.768343418
-1.682770967,0.653703272,0.788563327
-1.027421594,-0.913905144,-0.093712277
0.278302461,-1.764765263,0.770327515
1.228009701,0.498129725,-0.838087899
0.499198556,1.032051563,-0.089844203
3.130098343,-0.01784591,0.696523851
0.612000644,-0.210457027,-0.367593773
-1.001057029,0.455348283,0.219353651
-0.407913685,0.43684417,-0.004343115
1.036327481,2.880966663,-0.102380665
0.789400935,0.130353436,-0.542227845
-0.196404427,1.740845203,0.895098175
-0.304064214,-0.078391597,-0.852095637
0.000958558,-0.03993167,-0.976306334
-0.877996802,0.473659784,-0.970628657
0.882202387,0.059137978,-0.672204203
-0.073275119,0.224842951,0.790586025
-0.443313301,1.541720748,0.828953576
-0.011321113,1.017188787,-0.02332672
-0.275292754,-0.391615599,0.506422177
0.958598673,0.43244499,0.633927376
-0.513221502,0.385285556,-0.152951251
-1.997890234,-3.972159863,0.434311991
-1.182205915,-0.152250662,0.091609346
-0.711538315,-0.33581233,-0.093655053
-2.947873831,-2.373389721,-0.050598412
-0.032958999,-0.235656098,-0.023172815
0.132101536,3.135652542,0.69693109
0.092133678,1.103409052,-0.976022778
1.244083524,0.07441061,-0.849454327
0.689587116,1.416602969,0.52889937
-2.370695591,-1.678524971,0.96363519
-1.299266696,-0.442935884,-0.371454102
-0.652645469,0.219266236,0.194980918
0.683167636,0.181760892,0.303328754
-1.141101718,-1.023323417,-0.066033573
-1.989066124,0.219030961,-0.814525663
1.394738197,0.494074285,-0.082625912
-1.134005308,1.105212212,-0.095445403
1.625839591,-0.101433858,0.267505777
-1.371932507,0.558637977,0.044836004
1.258379221,1.087574601,0.857518261
-0.151072145,-0.791018724,-0.326029693
-1.07828331,-1.539509416,-0.184738263
0.17998749,0.232883066,-0.046787744
-2.108783722,-1.843474865,0.892602008
-0.995893002,-0.76967299,0.997664751
-1.313567877,-0.605615914,-0.364411088
-0.084320545,0.502313733,-0.667275023
0.43231082,2.376598358,0.363207452
1.769180775,-2.161443233,-0.835761504
-1.753953218,0.490924478,-0.862965693
-0.858571768,0.758287549,-0.206309244
-0.074585952,2.879878521,-0.657993263
1.320798755,0.143811017,-0.594231368
-1.147677779,-2.741093159,-0.709359898
2.27733326,2.539851189,-0.70259534
2.171402216,1.878442287,0.005835534
0.926888108,-0.52273488,0.936332882
-0.327515543,-2.780319691,-0.076438563
-1.691478133,1.920398235,0.149000166
1.614044666,-0.10350889,-0.706489843
1.206538439,1.059474707,-0.185231501
0.269242167,0.599208891,-0.904178478
0.436213374,-0.804850578,-0.770703343
-0.01538258,-0.042249292,-0.211158838
-1.04595089,-1.206717968,-0.745109036
-0.689547062,0.597459793,-0.415210377
-0.042263374,0.445861578,-0.473165821
-2.946470022,-0.065982744,-0.775453272
0.166282311,-1.38280189,0.073807199
-3.036763668,-2.627170086,-0.259699944
0.283103704,-1.317714572,-0.327722791
-0.603920579,1.547334194,0.655484531
0.236623675,-0.85925889,0.006877751
-1.007085323,1.350693822,0.705568722
-0.908354342,-1.523691058,0.58342732
0.412468076,-2.171484947,-0.276563211
0.201739639,0.275015354,-0.674564086
-1.636037588,1.415467978,-0.09356958
-0.579159558,-1.281253576,-0.287745609
1.411391735,1.194831371,-0.803387771
-0.69292438,1.681249022,0.174644641
3.005550385,-0.777026772,-0.568717925
1.584088206,2.34574914,-0.892482428
0.595070243,0.629795492,0.290692441
0.602520823,1.961789966,0.323199111
1.19531095,-0.904853702,0.532032796
1.120152235,0.734248757,-0.219937301
1.090178251,0.792796969,0.937835339
0.025212156,-0.670322001,-0.756559117
1.305918694,-0.00460878,-0.595910132
-0.447368681,0.011089109,-0.343146327
0.997675478,1.673566818,0.653780187
0.697613597,-0.5571087,0.077633253
1.802527189,2.894062996,-0.59328896
-1.117516518,0.080032401,-0.509936412
0.036697581,0.40109539,-0.550316712
1.273105025,0.188755795,-0.199644088
-0.313607991,1.655960798,-0.831578155
-0.697647274,-0.43960768,-0.72634348
-0.61473918,1.753602743,-0.961557493
-0.113032781,-1.798396349,0.188578926
0.146295428,-0.39101249,0.833223697
-1.613923073,-0.084707014,-0.100689223
0.520216346,-0.316362977,-0.645881416
-2.477295399,0.906172395,-0.843241283
0.068782389,-0.265769273,-0.515710302
0.706233263,-0.492524952,-0.196998667
1.21083045,1.127292752,0.838692315
0.987286508,0.03020408,0.407608902
-1.189964414,1.656041861,-0.357130234
-0.773454666,-1.156674147,-0.927911908
0.101872392,0.360194713,0.809511166
-0.039197654,1.14436388,0.663182459
-0.634900212,-1.155163527,0.794270261
-3.797455072,-3.958616972,-0.081282189
-0.78894031,-0.848574042,0.481185334
2.282818794,0.874033809,0.294529596
1.484021902,-0.202637523,0.010502471
-0.406500399,-1.595977545,0.125618391
1.831223011,-0.508422792,0.427366187
-1.606635332,-1.082309484,0.461548154
0.109247744,-0.592882037,-0.211624667
-2.645532131,0.408710897,-0.809936164
0.62195915,-0.894706964,0.690035096
1.541132569,1.287943602,-0.755353962
0.601596117,2.27794528,0.277868194
0.197993949,0.363319516,-0.895397419
1.253959179,0.729644656,0.050618472
-0.16545251,0.601403773,0.475062909
0.432472289,-0.502927721,0.171373632
-0.375826269,-0.364756107,-0.660177787
1.928747892,0.264935702,0.835451038
-0.345136344,-0.267016172,0.944622168
1.526149511,1.084292054,-0.85380725
1.402444363,-0.544648767,0.419487385
-0.537981033,-0.09308733,0.72047625
-0.220922321,-1.585348964,-0.714420943
-0.992485702,-0.504458427,0.164467737
1.637943149,0.936217666,0.27188746
0.260097891,-0.217249021,-0.158580269
-1.482631326,0.317343473,0.85668484
0.682771325,-2.831013203,0.483748465
-0.047968552,0.498632938,0.31190916
0.791019678,-1.861307502,-0.356604032
-3.267139435,-1.694845676,0.35062777
0.495620966,0.283216417,0.491999684
-0.098820627,0.564049065,-0.120402104
0.315971881,-0.033738099,0.588754822
-0.026192695,-1.570823431,-0.655707845
0.512375534,0.519248903,0.140028924
-0.602582633,-0.53090322,0.738808115
-2.36862278,0.566183329,-0.220888855
-1.349865794,0.841731966,-0.195134158
0.121026002,-1.633535624,0.971142173
0.944373429,-0.718727589,0.078773409
0.591982663,1.758726358,0.975976058
-0.069808222,-0.706909001,0.639308134
-0.262584805,-1.094403744,0.356711709
1.479057789,-1.383534551,-0.39484734
-0.570838928,-0.266802073,0.39316596
-0.020438753,0.172848031,-0.239275328
0.358206153,-0.083647698,-0.169162141
-1.913937807,-1.437245846,0.54189714
0.296993434,-1.137216091,0.717145099
1.6245327,-1.014175415,0.19204833
0.49806276,-0.327607006,-0.324467272
1.02362287,-1.148993134,0.455999936
0.087011695,0.368404269,0.005263609
-1.455847502,0.521469355,-0.384915787
-1.146659136,1.168850422,0.918414598
-0.258966506,-1.083636403,0.785844215
0.295027912,0.164250687,-0.981589121
-0.548524857,0.406722963,0.726789682
0.30288589,2.674265862,-0.523127799
-0.135324135,-0.74541074,-0.47886606
0.821601868,-0.09076494,-0.479735501
-1.671569228,-1.214125156,-0.791105443
-0.941348672,0.009756895,-0.877007911
-1.170739651,2.160635233,0.026272694
-0.996039033,-0.377898097,-0.214232429
-0.134291992,0.128110081,-0.111974955
0.471669853,0.007976554,0.565752374
0.289261222,-0.24282445,0.593126309
-0.096272692,1.699121952,-0.423525829
0.285759866,-1.212690234,0.327317296
1.549009681,0.627001405,0.005761567
-0.588199317,-0.796879113,-0.055316158
-1.176618099,-1.29634881,-0.615951875
-0.556225002,0.93195045,0.505751268
-0.340931982,0.209917188,0.644621786
0.984376431,0.294605672,-0.776776585
-0.220272139,0.631055892,0.680165322
1.474134803,-0.182445914,0.654816863
0.917374194,0.62940973,-0.003603847
-1.653054237,-0.686269522,-0.57060592
0.180419549,1.553021312,-0.143600524
0.09033677,-3.63266921,0.45716591
0.152759045,1.929137468,0.530745779
0.146428764,2.570008755,-0.683125731
-0.537360966,1.523848534,-0.333320014
-0.287517488,-0.541819096,0.36713456
1.685183287,0.667011142,0.597254279
0.320181519,0.042046264,-0.550359217
-2.524247885,0.498015374,0.464269039
-0.108491227,-0.113418348,-0.413083523
1.760438085,-0.437842876,-0.607509
0.203995049,0.718539119,-0.502286323
0.525703311,0.477208197,-0.93394938
-0.071775086,0.043130793,-0.906286916
0.943554997,-0.824798107,-0.697089646
0.250397593,-0.412215024,-0.258625864
-0.378783107,-0.498857558,0.327073866
2.77682209,0.482919753,-0.673741597
3.5190382,-0.35296008,-0.434904904
-0.581415832,0.130750552,0.92957773
1.038862944,1.306661487,0.124311484
-2.325176716,-2.87766242,-0.080647336
-0.145409375,-1.410141587,0.927220517
-1.660023212,-0.88296777,-0.120390539
-0.443720937,-1.253545284,0.676047756
0.285675108,-0.503741801,-0.028566274
-0.186930597,0.074418947,0.75928964
-0.802077889,-3.444829702,-0.132007793
-0.574523091,-0.751532912,-0.169655543
0.001291217,-1.205301523,0.362365685
0.006507993,-0.130871415,-0.080773371
1.343380928,2.299555302,-0.27709833
-0.510454774,-2.212132692,-0.821244221
-1.48545742,-0.300787151,-0.257623751
-0.534420013,0.588169694,-0.763662795
-0.949065685,0.255180031,0.57456273
0.252798319,0.023042016,0.742492502
0.74264586,-0.343501747,0.677791952
0.176604912,1.507875919,0.298557492
-0.08051654,-2.350597382,-0.34608378
2.42342639,1.502217293,-0.736235512
0.103838898,-0.983309567,0.701720793
-0.383922875,-0.543644667,0.92776824
2.323040962,3.584136724,-0.860592232
1.353380919,2.590904713,0.520470968
2.472926855,0.570094705,-0.155665456
0.717484713,-1.514842033,-0.869173044
-0.09747529,0.485865742,0.881417125
-0.432200432,1.190003395,0.353473871
0.48121205,1.763892651,-0.488952711
0.446658194,-1.734165907,-0.406500403
0.166566089,0.806196809,-0.63980885
1.134335518,-1.763859034,-0.245304716
1.137656212,0.493022829,0.809045196
0.899236083,0.747821689,0.922515046
-0.194359332,0.546718836,0.495348707
1.375366688,2.429069519,0.095355085
0.648759127,-0.723081768,-0.406579919
0.475894719,-0.652116895,0.613659532
0.44334355,-0.263858438,0.784795556
1.436556458,-0.561176658,-0.519719851
0.237741753,-1.10464859,-0.149822706
1.486017466,-1.44063282,0.626218789
-0.173083544,-2.413900614,-0.41763618
1.367735624,-0.726623952,0.384691799
-1.659745932,1.12684989,-0.451515419
0.450836658,-0.498099446,-0.75999191
-2.38619709,-2.506953955,-0.555073593
-1.318922758,-2.06485033,-0.333358279
0.493947566,-0.158462346,-0.849768293
0.396372169,0.347011894,0.716279189
-0.008403443,-0.088682853,0.690796653
0.280213237,1.54597652,0.827077003
1.007524252,0.111327544,0.246172613
0.942288876,-1.319539309,-0.569889222
0.28809613,-0.012390258,0.452470304
0.633367538,0.73154366,0.519266905
0.165974438,0.547723353,-0.903232624
-0.324132442,-0.053183153,0.317828811
2.555090427,-0.137592852,0.016277201
-0.005425915,-1.808718562,-0.27278979
-0.588899732,-0.954359055,-0.317852071
-0.751654029,-0.191192523,0.614682392
1.705108643,1.778091431,-0.46379044
1.371318102,-2.410118103,0.90699255
0.514092147,1.176819682,-0.250823431
2.485926867,1.351151228,0.007893518
1.513280392,-0.108670637,-0.79661084
0.001164019,3.105112553,-0.960997981
-0.711474895,-0.126230001,0.737603672
0.963117898,0.357434303,0.525795117
0.700907707,-0.82009542,0.843875737
0.761977375,-0.969622076,-0.108795733
0.372941405,0.249507427,-0.981535026
-0.020977188,-1.28845799,-0.317499487
0.190626159,0.038971573,0.904503071
0.027728431,-1.0330832,0.630753105
-0.194861442,-0.273339421,0.027947668
-1.21950388,-1.050917387,-0.550295839
0.232596368,2.800422668,0.994922475
1.860833287,0.114057221,-0.635261734
-0.076150984,-2.091351986,0.849702171
1.814530134,0.426816016,0.574661663
-0.292634994,-1.70288372,-0.512068247
0.367861271,0.590304613,-0.089209556
1.657486796,1.84677124,-0.214595108
-1.605785251,-0.451245904,-0.389017343
1.797069788,-0.899773002,0.903513138
-0.362874329,-1.076480389,0.217492439
-1.09155643,1.013458967,0.700504939
0.319416583,-1.445327997,-0.671753581
-0.887671947,-1.383414268,0.368071068
-0.784257174,-2.724197865,-0.654863726
-0.524292588,0.435459733,-0.368410234
0.757488072,2.882942438,0.987444086
-0.704157531,0.006957218,0.78135173
-0.168682918,1.473269701,0.339325711
-0.62346971,-1.655811667,-0.595170882
-0.028725803,-0.840260208,-0.306915341
0.535009444,-1.770167112,0.208071377
-0.329364538,0.685331166,-0.546113055
-3.548071623,-2.666469097,-0.296081996
-1.477722168,-0.63999027,0.375803947
1.120860457,1.631541848,-0.262404342
0.836371362,-1.531550527,-0.217201574
1.782100201,1.032852411,-0.377561177
1.193520069,3.178350449,0.083251897
0.705368876,0.962365866,-0.13877983
-1.021959662,0.017536815,-0.162989963
-0.913198471,0.032490116,-0.851417703
-1.492357373,-2.050004005,0.244416398
-1.367627263,-1.420640111,0.653458783
0.879928172,0.833561063,-0.124103546
0.375104666,0.14662236,-0.237812393
1.206151962,1.752608418,-0.307372311
0.839827538,-0.899626136,0.5168131
-1.36325264,-0.456134796,-0.544438981
0.587213159,0.500869572,0.919702053
1.253019691,0.511494458,0.014316654
1.068760276,-0.713883877,0.089382692
-0.338909119,-0.162260234,-0.090673571
-2.263136864,-0.875385523,0.326764209
-2.165881395,-1.363013864,0.934364649
1.237614155,1.955723643,-0.58232523
-2.106487751,0.568817854,-0.304106921
0.348237336,-0.084829085,0.221706913
1.37429142,0.556591392,0.7528659
0.24131456,0.694347978,0.835808897
-1.616979837,-1.349198103,-0.256427779
1.751957655,1.077619553,0.872920943
-0.561216354,-0.382176638,-0.479706639
0.475075781,2.584329605,0.198550424
1.087396145,0.081392407,-0.677419767
-1.50686717,-0.744586349,-0.42712662
0.291918606,0.807747304,-0.939754653
0.059103593,-2.211206436,-0.22854408
-1.060278177,0.962946296,-0.725509727
1.084379911,0.46786803,0.11852503
1.257766008,0.89284116,-0.112546025
-0.63626492,-0.653484702,0.260049524
-1.478352666,-1.080222607,0.220089453
0.388703674,-0.023929544,-0.936398679
1.115818739,2.436061859,0.369239305
-0.23906514,-2.300933838,0.78659393
0.916890979,2.45810008,-0.642800451
-1.474873066,1.608171225,0.876981841
-2.358284473,-2.121540785,0.489330739
0.093784645,-0.093556404,-0.971978685
-1.156644821,-0.597597241,-0.203718917
-0.501098633,0.875681639,-0.734733937
-1.203020573,0.642954528,-0.528639715
0.292426646,0.034043014,-0.405141503
-1.459044456,-0.640585244,0.734571614
1.711118221,0.188355714,0.356744925
1.394323111,1.023373961,0.26432712
-1.54072988,-0.382476419,0.129885469
-0.100443363,0.141963348,0.841232455
-0.843188763,-0.443595886,0.917493005
-1.150081754,-2.931856632,0.462983094
-1.072577,-1.069610596,-0.892998808
1.355625272,1.05447197,-0.555857594
0.451634526,-0.503411233,0.516915681
-1.222454906,-0.44053188,0.480194746
0.088677287,-0.71452868,-0.451470068
-1.984709382,-0.104402423,-0.33049904
0.197516114,0.798667669,-0.120685929
-0.62121439,-0.225171745,-0.286250987
-1.113817215,0.225599647,0.440866898
-0.2018518,1.758306146,-0.08720398
-1.01359427,-0.592068553,-0.526855834
-0.610680938,-0.361350715,-0.336929744
0.076094948,-0.484088063,0.805755914
-0.06652382,-1.722233415,0.772235785
0.706024528,1.083446622,-0.645919936
0.048180282,0.715108037,-0.228878981
-1.246427178,-0.346883953,-0.688213704
-0.72033906,0.059575979,0.34928383
0.979926586,1.303043604,0.04537966
0.232601821,0.850285709,-0.566916089
0.327180773,1.063409328,-0.812202394
-0.401569188,-0.695480406,-0.736262828
0.0658167,-0.269765198,0.263117977
-1.214619994,-0.293964088,0.367487049
0.859131038,1.171490788,0.559947509
-0.492752701,0.555164158,-0.294427377
-0.937616825,-0.93982172,-0.718139272
1.439113259,1.646204233,-0.19415114
0.391501278,2.847835302,-0.313299238
0.039148554,-0.798544407,0.860187782
-2.596814632,-0.989611506,-0.426757822
1.861769199,2.565616369,0.326862228
0.687883377,-1.697829247,0.42603013
-0.097501487,0.501220524,-0.096249011
0.620578825,1.535405278,0.928283062
1.123364091,2.496099949,0.52873029
-1.379589558,-1.349072933,-0.273776316
1.827043295,0.642047524,0.54916923
1.108935356,-1.416040182,0.270794856
-2.673137188,0.60541594,-0.405146335
-1.198913455,1.935752153,-0.577046679
-0.678323627,-1.629612803,-0.965154578
1.069132328,-0.668133259,0.071702626
2.683921337,1.65416503,-0.392140274
-1.804299712,-1.47078979,0.636510843
-1.797212124,-0.206919432,-0.188440275
-2.468996525,-2.368469477,0.190296432
-0.681293964,0.476970971,-0.119957164
2.382945061,2.283864975,0.193470611
1.338951588,2.47901845,0.115951008
-1.798977613,2.364337444,-0.437895389
1.317567945,4.183599472,0.203670024
-1.626150012,0.503109992,0.568286025
-2.572106361,-1.683749914,0.676460143
-0.889892995,0.683434308,0.942527304
1.580789089,2.126879692,-0.495194539
-0.89562571,-0.365111172,0.552618591
-0.662325382,-2.078464031,0.623227511
0.958886206,-1.798731565,-0.593319185
-0.435514987,0.317981631,0.649029998
-1.364034653,-1.371190786,-0.195101917
1.149524689,0.586355984,0.437528804
-0.293896765,0.171276972,-0.26432175
1.609172344,-0.378233433,-0.17698891
0.952659547,0.177642658,0.302846305
-0.704995215,1.498949528,-0.487280008
1.806544781,2.46247983,0.498178948
-0.519065738,1.268214464,-0.776992847
-2.023780823,-1.090004206,-0.890444177
1.332080841,-0.620259404,0.469925005
0.375563771,0.575683951,-0.435064188
0.219005361,1.158182144,0.780737202
-1.07212913,-0.372290194,-0.819213763
0.724501312,1.935494661,-0.144060199
1.334532022,-0.379942834,-0.068829716
0.981934667,0.457582116,-0.471928221
2.494176149,0.758837283,-0.338881178
-0.536736369,0.483812928,-0.971267489
0.287828594,-0.82515198,0.896814364
-2.272100449,-2.098506451,-0.627232198
0.379108608,1.400289655,0.827216393
-1.458023787,-1.938152313,-0.035073501
0.361322224,-0.725553691,-0.339759884
-0.095045254,0.059636258,0.922566941
0.192981109,0.630029082,0.297567722
-1.031299233,1.350019574,-0.072493448
-0.649660647,-0.244112611,0.114356504
-0.126965135,-1.326762199,0.752859063
-0.292491496,-0.791231096,0.643550764
1.702587128,0.916119099,-0.046309052
0.013654388,-2.20396328,-0.606600545
-1.185269117,-0.870399415,-0.830279713
0.981254697,0.462542981,-0.582920014
-0.354834378,-1.107359409,0.388936711
-0.313342154,-2.617971182,0.77274436
-1.584354043,-1.17084682,-0.941015006
0.092228562,1.788229227,-0.687339147
-0.521504343,-0.151058957,0.429956991
0.640318394,1.717529535,0.684729594
-1.620718241,-2.153832912,-0.22821433
-0.862250447,0.298735708,0.913893886
-1.880165339,-0.076454073,-0.478841616
-0.536590755,0.040449686,0.653983619
1.208163977,-0.660481691,-0.668892604
0.250454783,0.609533072,0.1096609
1.094017744,0.887330115,-0.917144542
-0.611709893,1.510591388,0.374356644
-2.02196455,-0.966445804,0.375185465
-1.055420518,-0.462390542,-0.589245735
0.289596498,1.081979752,-0.221888381
-0.213797957,0.612072706,0.19567404
-1.127044916,-0.705131054,0.914864561
-1.522144556,-1.620561838,-0.371062679
-0.492226183,-2.171860695,-0.894260313
1.861787081,-0.824607849,-0.898150405
-2.503288507,-0.099398673,-0.816758399
-2.495202065,0.693058193,-0.239821904
-0.490858227,0.697083354,0.439005287
0.248603091,0.911842823,-0.566419951
-2.244633675,-1.957434893,0.835960134
1.935503483,2.95897007,-0.184561039
2.510128975,0.510231197,0.516001713
0.561811805,-0.550272942,-0.475550113
-1.653330088,-1.364735603,-0.22883384
0.496223927,1.306769371,-0.470319511
-0.570090532,-0.054726377,0.517353235
1.017487526,-0.71872592,-0.801095259
0.306831628,-0.816661,0.898464125
1.658843637,-2.4219625,0.586406378
-1.305216789,-0.771765828,-0.518300914
1.306791425,1.91797328,-0.813600663
1.886209846,-0.170570344,0.437400915
-0.922135234,-1.6012609,0.402301599
1.977543831,-0.683098316,0.704852251
-0.610471606,-0.657085955,-0.24822203
0.491650462,0.645215988,-0.847962373
0.514378309,3.474236488,0.862217261
-0.553209424,-0.74176389,0.695166509
-0.316877663,-0.91485548,0.08611253
3.041137218,-2.117974281,0.712401609
0.880884409,1.240811825,-0.793944346
1.703733444,0.928876877,0.846175355
0.209247619,-0.436621428,-0.711561398
-0.119928658,-0.388810664,-0.097735006
-0.271857202,-1.350535154,0.48720528
0.034021277,-0.61674875,-0.707980548
-1.800608873,-0.701503992,-0.697100888
0.536121786,0.064043395,0.342346823
-0.881019831,1.803847313,0.745336475
-0.974735618,0.43845889,0.787927439
1.232586503,1.852773905,0.660325656
1.061149001,-1.548914909,0.107906009
1.088768005,-1.937578917,-0.927011521
-0.762601137,0.638667881,0.977435571
-1.014241695,-2.953482866,-0.52963333
-2.243952274,-1.032408118,0.25055518
-0.312027067,-0.578842521,-0.59417449
0.981259227,1.642766953,0.15573129
-0.075783923,1.666504383,0.864310989
2.364863157,0.641101718,-0.85047452
1.540095329,0.451654643,0.746431201
-0.418580502,-0.68989718,-0.053951969
-0.558122754,0.03541984,0.57513194
1.774214983,1.101960659,0.698129033
0.250659585,-0.159512177,0.56308465
0.851236701,-0.33411634,0.852685549
0.168770164,0.482180715,0.646854242
-1.605117083,-0.841880441,-0.372217398
1.764146447,0.970789552,-0.67196526
-0.229222566,-1.64619875,-0.420885482
1.632543325,-1.60325861,-0.489733667
-0.513881564,0.303891659,-0.219745473
-0.194887072,-1.541632771,-0.624495139
0.572638512,0.952938914,-0.355048455
-0.057700947,0.708176076,-0.646009389
-0.610142231,-0.863007545,-0.604391278
0.158633962,-2.027616501,-0.253832905
1.270689249,-1.796584606,-0.895460969
2.182367086,0.562982321,-0.566150666
-0.665286183,0.86297071,0.825198632
-0.43969512,-1.465407729,0.321903012
-1.368688226,0.149981767,-0.661585815
-0.433076352,-0.459150672,0.341496785
-1.303138494,0.488630593,-0.656508635
0.223333478,-0.205432773,-0.446964835
-0.66788435,1.021862507,-0.028212988
-1.786117554,-1.925117254,-0.393829969
0.051624998,1.30398941,-0.285066059
1.543058991,-0.142444491,0.05799096
-0.103017904,-0.509004653,-0.772737502
-0.490571499,-0.674103141,-0.903974679
-1.32760191,-0.977586269,-0.085802946
1.754970312,-0.059752535,-0.099971887
0.910532475,1.358939171,-0.634903635
0.385546118,-1.817551851,0.886801615
0.290904731,-1.4933182,0.443022561
-0.12655279,1.369923711,0.563978694
-1.168496251,1.593720198,0.441008387
-0.989443481,0.678378105,-0.39834553
-1.293370485,0.908365607,-0.643697997
0.496182054,1.366777658,-0.187699905
3.065818548,1.567064047,-0.559312718
-1.228464842,-0.159144029,-0.823371844
-0.548820019,-1.365372896,-0.572724953
-1.676876307,-1.357471824,0.827149843
2.005702019,1.052957535,0.944680597
-1.482106566,-1.276170731,-0.077520381
-0.560525417,1.903587699,0.269152591
-2.204168081,-1.040003777,0.830481511
-1.156006336,-0.377150595,-0.897965244
1.821107388,0.406422555,0.822765642
0.237031311,-1.343957901,0.785695299
-0.236303091,-1.160120487,-0.955041871
-0.134900033,0.890206575,0.408654992
-1.80813539,1.009586096,0.056615649
0.569656074,0.63144815,-0.740318296
0.468465596,-1.068933487,0.505267483
-1.175148964,-1.458222747,-0.419235566
0.473938018,-0.158734858,-0.366242106
0.370643705,0.519785225,0.214044372
-2.149321079,-1.093178988,0.45860366
0.59613508,2.445185423,-0.141300777
-0.653713107,-0.175736725,0.460380297
-1.934001446,0.015557349,0.84805138
-0.424970984,-1.866289377,0.413178848
0.765318155,0.513138771,0.046676208
0.904319882,-0.186808437,0.636608671
-1.798516512,-0.161913574,-0.249483835
1.990312338,-0.112797439,-0.044734022
0.850833595,-0.404573768,0.79104937
-1.012792349,1.958981395,0.373779799
-1.100484967,2.572549582,0.783057279
-0.964991868,0.069406971,0.742723127
-1.345764995,-0.956042767,0.045992095
1.468333006,0.114697188,0.19227171
1.482191324,-0.043717891,-0.989263154
-2.895601511,1.405925751,0.847701926
0.890606046,-1.247384429,0.549316142
0.575162411,-2.600563049,0.861607411
-0.400539458,0.631044149,-0.909814399
-2.422284603,-0.643562615,0.443251128
-0.481393635,0.82267952,0.911646221
-0.753946066,0.286204606,0.244235948
1.104694843,-0.341257751,0.788900757
-2.275668144,-0.221224651,0.267207779
1.560272336,-0.468903691,0.164828534
0.190105841,0.827773094,0.368331527
1.03978467,-0.418687522,0.905226707
1.405722141,-0.804689407,-0.956520853
0.424872458,1.205922604,0.660400085
-2.926912785,2.768226147,-0.203865441
-2.943644285,0.309160739,-0.248032918
-1.867483139,0.281101614,-0.977664273
0.792095125,-1.756343603,0.392663837
3.468477249,0.442486674,0.744862579
-0.597234964,-0.914054692,0.195521482
0.285509706,1.075572252,0.458835531
-2.30591774,-1.651088953,0.511930437
-0.139362678,-0.27550441,-0.891737967
1.1157341,1.002747416,0.106177095
1.157803535,-0.076759815,0.01468189
1.378560424,2.469145775,-0.641645413
-0.440876305,2.317053795,-0.239757678
0.555718601,-2.009588957,-0.064961336
1.400266171,-1.252979279,0.874885662
-2.171958208,-0.094534054,-0.083020664
-0.477403641,1.043685555,-0.389890437
0.587556243,-0.721337914,0.188127281
-0.248167321,2.25957799,0.615123727
-0.681087792,-0.967639029,0.530452549
0.411293924,1.33624959,0.931827667
-0.497779369,-0.555569291,-0.864415077
-1.587547302,1.655820131,0.904849752
-1.172471523,-0.155927539,0.725423663
1.41296649,0.131327674,0.255224435
0.791735947,-0.612076163,0.054142636
1.844044089,1.827367306,0.732871272
2.882426977,-1.430033207,-0.06329
1.029587746,0.433116853,0.582662649
2.459195375,1.2979846,-0.444993671
0.358376443,1.281841278,0.454194471
-0.557612896,2.300428867,-0.448187248
-0.471902907,0.950508237,0.990841321
0.80266428,0.223005086,-0.450890541
1.423595428,0.839461803,0.403373748
-0.278276324,-0.340525329,0.442829415
1.081686497,0.245901346,0.931020605
2.565618753,1.015440464,-0.324593398
0.073548011,-1.473979831,0.110382819
-1.173300147,1.559586763,-0.184297794
-0.503534973,0.933737576,0.601197708
-1.610677481,-2.285938263,-0.725911288
1.449486852,0.894184947,-0.397937191
-0.767158329,0.123457573,-0.955583616
-1.87294066,-1.076809764,0.54172473
0.033572346,-0.659440517,0.262539556
-1.748373866,0.204116002,0.491369714
-2.781689167,-1.334371328,0.191434388
0.882152975,-0.96852386,-0.146021911
-0.687695861,2.700836897,0.289618954
1.440627575,-0.118656963,0.50182858
1.739936233,0.238492057,0.186548134
1.307075381,2.530492783,-0.042237007
1.305860043,-0.379064947,0.040900358
-0.650354028,0.814207613,0.918746583
-0.245281264,-0.519226491,0.975479165
1.175462723,0.632421792,0.220320832
-1.448826075,0.282588989,-0.197508912
2.153942108,-0.896282196,0.183373062
-1.658424139,1.443031073,0.660869943
0.863654137,1.730572701,0.807112399
1.915883303,2.527574062,0.188263862
0.111370623,0.532535791,-0.050200941
-0.736615181,-1.026695251,-0.010626179
0.357058853,0.103856981,-0.599351932
-0.68281728,-1.50526309,-0.132385592
-1.613434553,0.593582034,-0.881720716
0.48761797,-0.845214963,-0.917232712
-1.868041396,-0.566028893,0.244467094
-0.113893703,-0.341766387,0.334127278
1.22614634,0.972083569,-0.583142432
-1.069184899,-0.401055396,-0.1813216
0.226841435,1.010237217,-0.079067088
1.503387451,0.559100747,0.624415945
1.455369592,1.234854221,-0.449833053
-2.147537231,-1.028464079,-0.097582681
-0.108648002,-1.740629673,0.933078613
0.202048033,-0.761891961,-0.439911787
-1.589686275,1.001982808,0.549972177
0.791993797,-0.835811138,-0.461417039
-0.840218663,0.953113317,-0.511894032
0.520067692,0.701980352,0.068909774
2.48554945,0.876358628,-0.187391367
-0.046232797,0.880255878,0.343396627
1.599470615,0.066038854,0.415700461
0.139042661,-0.806590557,-0.317368222
0.964602172,0.98951304,-0.116644445
0.660362542,-0.143005282,-0.902855284
0.055482853,-1.930168629,-0.51590236
1.642572522,1.608201504,0.363169723
0.207140118,-0.077442624,-0.075019227
1.049068689,0.476776838,-0.29239648
0.492992342,-1.333739042,-0.370526057
0.432555199,1.280008554,0.109693472
-0.554330945,-0.570212007,-0.637444355
-0.002524316,0.303853661,0.791957914
1.793513417,-0.168550342,-0.884352901
0.274233431,-0.122606084,-0.796544705
-1.325647235,-0.159980565,-0.230080248
-1.003266096,0.063795619,0.975566008
0.261900187,0.42505312,0.30667116
0.223002255,1.296048164,-0.992147804
-0.730139494,0.202231169,-0.492757158
-0.470755368,-0.796465576,-0.806711911
2.294569254,1.982968688,-0.510627518
0.678648114,1.660158753,0.411268599
0.218668088,-0.598285735,0.829824692
0.147215068,-0.747422814,0.244563411
2.253223896,1.115306616,0.466613761
0.907571375,-0.650827169,0.379633862
1.291854024,1.551623583,-0.59260581
-1.617375731,-1.011184335,-0.947121742
-0.089519799,1.23974824,0.411001192
-0.044275329,-1.800489187,-0.560430501
0.662343025,-1.329829335,-0.06323556
0.409547329,-1.189871311,-0.657665147
0.391129434,0.233365014,0.115529948
-1.196892142,-1.080979586,0.209060307
-1.52151835,-0.512336254,-0.827202374
0.141072839,-0.804483414,-0.752528717
1.327167749,-0.523794889,-0.951747301
1.675539255,1.155282259,-0.153935874
-0.802404642,-0.723357439,-0.100063898
-1.820231438,1.541861892,-0.292835681
-1.205864429,1.332583666,-0.829804139
1.193194151,-0.265137643,-0.111699177
3.539315462,1.569722414,-0.8615559
2.398527145,2.637811661,-0.512812272
-0.899348736,1.524183154,0.04045165
-0.100123614,-0.76378119,0.623391692
-0.44086194,0.789543629,-0.161639338
-1.687714577,1.56022501,0.69776789
0.102811337,-0.067917734,0.449907373
3.634750843,1.693424225,-0.862624445
1.580538034,-0.66595906,0.348782025
-0.587976098,0.587054074,0.199732904
0.454776257,0.688540101,-0.143415899
0.014260814,0.584743977,-0.477623115
-0.259859443,-2.479170799,0.911431715
-0.606912911,0.122916557,-0.101317389
-0.342089176,-0.531839788,0.064978041
-1.350933433,-1.771290779,-0.071230899
0.150324583,-0.982316673,-0.907588272
-1.438500643,-1.790213108,-0.458539384
-0.422077417,-3.927445412,-0.527131221
-2.449676037,-1.937382579,-0.35228945
-0.18348144,-0.506766081,-0.193594556
-2.859488964,-1.710082889,0.790256292
-0.932768583,0.74211359,-0.445785661
0.071630165,-0.78310585,-0.770818072
-0.122562572,0.312347889,-0.38431085
-0.865959406,-2.002311707,0.230584798
-2.053164959,-0.7154634,-0.915760814
0.527490199,2.24301672,0.621812517
-0.446059525,0.287740171,0.061025832
2.583919048,1.074838042,-0.667574073
-0.917553425,-0.481316566,-0.11576885
-0.422870994,0.55040139,-0.120707716
-0.337912142,-1.529239655,0.308171349
-0.628091395,0.546604335,-0.864115919
-0.371532232,-0.328934401,0.172140354
-0.233841196,-0.282513618,-0.682412239
0.832110286,-1.201653361,0.706957419
-0.713924885,0.295050889,0.108877802
0.679120779,0.057279173,0.50348269
2.676065922,0.594928503,0.214073574
0.825659633,-0.065079637,-0.86408977
1.226220727,1.081250191,-0.477540579
1.360732555,0.529170632,-0.344900095
1.086197138,0.980630994,0.479355919
0.065114342,-0.373426199,0.696360835
-2.87483263,-1.672194004,0.504723538
0.148589715,2.69557929,-0.90541198
-0.839500248,0.633215964,0.99110293
0.531863093,-0.318894446,0.491741701
-0.022535536,-0.09572842,-0.642146091
-0.415774167,2.185313225,0.349703517
0.745234132,0.76363337,-0.735752768
1.888450861,0.786818624,-0.513702744
1.689329863,-0.619695127,0.163988361
0.637613058,0.135922149,-0.996446157
-0.42549023,-0.903849959,-0.844844295
-1.012089133,0.37961328,0.314512803
1.20671463,0.88726896,0.858032069
-0.493900597,0.627735913,0.097667512
-1.608362317,0.158362731,-0.466297218
0.139975518,-1.072993159,0.841430594
-1.723562121,-1.207284212,-0.799188758
-0.855890095,0.485449493,-0.114833284
2.677820206,-0.24766165,-0.555380312
-0.743982315,-0.031867623,-0.652093716
2.752661705,-0.6954934,-0.859914111
-0.975359321,0.173839107,0.63507126
-0.725072861,-0.765107989,0.499936196
-1.799076796,-0.745780587,-0.988622231
0.057772327,-1.397589803,0.519064941
-0.049996279,0.835776627,-0.06840846
0.980539799,1.043750763,-0.76654798
1.210675955,0.875727475,0.516015542
1.820724487,2.346878767,-0.320070635
-1.134453773,-3.327788353,0.756957567
-0.418557376,0.573222756,-0.213145467
0.24961035,-0.857333422,-0.714719488
-0.36587283,0.280331194,-0.192963471
2.081745863,-1.367967248,0.888854568
-2.675562382,-1.370851517,0.834899043
-3.030786037,-4.191641808,-0.239600086
-1.061465263,0.883825421,0.332537176
0.71481216,0.281113863,0.495619231
-1.649755001,1.249843359,0.011895173
1.508400917,1.155659199,-0.493733981
1.511638165,1.413285017,0.55567119
-0.472015589,-0.419868737,0.925225912
1.848307848,-0.510293663,-0.262424355
-0.794082761,1.966819525,0.691487641
-0.642295063,-1.017563939,0.737874167
-0.824688435,-0.095735423,0.56498174
-0.581963897,-0.520767093,-0.496990713
1.849815965,-0.127781808,0.233228218
0.54844141,0.744837463,-0.591691334
1.35402298,-0.318081141,0.645356013
2.808815956,0.989161253,0.81341461
-0.469217539,-0.031849343,-0.114467681
0.031136706,0.275767952,0.06641903
2.143137693,1.052854896,0.523341578
-0.289902717,-0.690179408,-0.135736127
-0.300225079,1.768589973,-0.401321299
-1.951588273,1.886612415,-0.412037205
-0.333689272,0.723219752,-0.386366112
4.235125542,3.291250706,0.457956074
-0.803685665,0.033902958,-0.038658995
1.607925296,0.451910257,0.558892304
0.120863855,-0.124614552,0.656396033
0.961926103,1.056388736,-0.994486899
-0.342211902,0.955057621,-0.553016743
-0.84611094,-0.90172863,-0.894884337
1.123730183,1.441866875,-0.969090192
0.068943992,-1.490409374,0.522918082
-0.150768831,1.443222523,-0.772497357
-0.538664639,-0.425892889,-0.969571503
0.29219389,-3.480046034,0.042011432
0.15155907,0.696764588,0.468790446
-2.04512167,0.259655476,0.886738215
-0.301473856,0.982109666,0.46456898
-0.551124573,-1.363818645,0.749872425
2.015276432,2.694175243,-0.315930409
-0.55040741,-1.395995855,0.785595622
-0.307191342,-1.011276484,0.604726366
0.561746716,2.46573925,0.487834461
-1.738043785,-0.334975839,0.314576343
0.105337359,-1.055702686,0.345957524
0.469772637,0.967768312,0.944927423
-0.959438682,0.36552006,-0.308798051
2.299763441,-0.452341676,-0.790998764
-1.139154673,2.262369394,-0.187920366
1.042275667,0.008796424,0.933868508
-1.38303113,-0.413291186,-0.333249757
0.801321805,0.556334257,0.699755306
-1.122243881,-1.095736146,-0.745964025
-0.199429989,0.558257222,0.825984741
-0.50365901,-1.23644197,0.805967592
-0.818741858,-0.442957878,0.579830087
0.629345298,-1.302382231,-0.123465751
-0.677597046,-0.240829378,-0.26035554
0.231681511,-4.770436287,-0.829171955
0.075418681,2.650172234,-0.280133222
-1.36867547,-0.644549489,0.226301899
0.155007094,-1.553210258,0.356630298
-0.576853633,-1.714297056,-0.553358587
1.31978035,-0.411943465,-0.020910592
0.209557623,-0.51409781,0.353318171
1.003524184,-0.908881664,0.102957086
1.330551147,1.057309151,0.987487229
-0.460127234,-1.606871128,0.734878344
-0.597988665,0.702508509,0.793578646
-0.470853031,-0.275252163,0.420425384
-1.600513339,-0.642597914,-0.505763092
2.076438427,0.803712964,0.737709847
-0.733020127,-1.250484943,-0.765273347
-0.211514667,2.195164204,-0.610083567
-0.570807576,1.735971928,0.71058337
1.788304567,1.220396638,-0.669765534
-0.46559906,-0.830988646,-0.976721063
0.065313049,1.608637691,-0.657770675
0.428731441,0.828582883,-0.010124197
1.851872206,1.483270407,-0.975638586
0.476996303,-0.149593353,0.295646219
1.401529908,1.049812555,0.870787547
0.43141675,-0.980313599,0.816875056
-0.219776347,-0.827710092,-0.695866526
0.609496832,-0.73735863,-0.148478323
0.361822665,1.816377878,0.475074381
0.422857523,0.409763694,0.260405977
-0.559065342,1.280507207,0.234810831
-0.317408711,-0.425766677,0.528584245
0.590745568,-0.18539229,0.55237361
1.253799915,-1.417237401,-0.114718269
-0.009939387,0.847249627,-0.01073884
0.219393149,-1.066105843,0.869218888
-0.199346751,0.413988113,-0.353854241
-0.995703638,-1.496350646,0.44556125
-1.052047729,2.751134634,0.700821132
0.435868531,-0.712897778,-0.356143049
-2.356957436,-0.526656926,-0.500617891
0.911569953,1.111215115,-0.577235512
2.561434269,-1.555277348,0.145287606
1.325169325,0.490775347,0.813747644
-0.953798354,-0.180292651,0.537014854
0.622339904,-0.800515294,-0.258755668
0.533074737,0.278281391,-0.356139266
0.353675663,1.035199761,0.784408024
-0.337559521,0.362309575,-0.983063372
0.77608341,-0.684079349,-0.632069249
0.202271104,1.42326045,-0.297242307
0.504095197,0.518175721,-0.085691507
-0.055207215,-1.03156662,0.981172563
-0.264585078,0.92308265,0.148154661
0.591755152,-0.854079962,-0.285006859
0.985195994,0.650173843,0.622186473
-0.249014407,-1.76885283,0.059145557
1.184123516,0.031647988,-0.805547419
0.886041701,-0.514617324,-0.874305051
0.810009599,3.080893517,0.816425116
0.36117062,1.162144423,-0.031815597
-0.057412844,-0.148985893,0.034726752
1.069554329,1.541897178,-0.429696157
0.706245184,0.313269317,-0.344208935
1.179890156,-0.543646932,-0.862755584
0.684229493,0.203001261,0.823398379
-2.162240505,0.618678451,-0.305527295
-0.895812333,-0.802245498,0.662608581
1.290584803,0.979304135,-0.952828329
0.143643588,0.766634941,0.545747771
1.34924686,2.451342344,-0.327655886
0.966580868,2.122751951,0.762332666
-0.064954504,-0.67594707,-0.897443796
0.232845932,-1.848867059,-0.080240472
-0.168874532,0.98511833,0.649914325
0.393157601,0.324831963,0.697951059
1.919631839,1.212460041,-0.068665211
0.421748817,-0.883936703,0.351835808
-0.623500586,-0.346947432,-0.503839168
0.119863406,-0.124746613,0.157847334
0.97198081,0.269258618,-0.664251329
-0.08573772,2.238106728,-0.455133231
-0.088675171,0.651546836,0.784309928
-1.273861408,-1.007829666,-0.492260465
1.493038654,0.099328563,0.610016139
-1.372269034,-0.671799183,-0.608944216
0.410578489,-0.265451849,-0.229732625
0.299077719,-0.882183552,0.887726414
-0.637310624,-0.806325793,0.816206865
0.635366201,0.630930007,-0.826948069
-0.062641278,2.676664591,-0.387646291
-2.085587978,-2.091496944,0.13612528
-3.709532261,1.468115568,-0.214602287
-1.335630536,0.114635259,-0.223915995
-0.190646663,-0.4102,-0.476420552
2.063196182,-2.315771103,-0.045581599
-0.542722464,0.053593695,-0.245782705
-0.886689663,-0.500079513,-0.154936729
-0.726825655,2.949702024,0.558897985
-0.31684798,1.036590099,-0.642121317
-0.085871935,1.223317862,-0.298763508
-1.526180744,0.029786186,0.579492062
-1.299260974,0.4353365,-0.73337798
-0.839949489,-1.134580374,0.373074988
-0.735550463,1.029247403,0.282573695
1.39340055,2.583968639,-0.949542407
-0.537456095,0.853145838,-0.641556748
1.277353048,-0.692477822,-0.531616689
-1.182627916,0.210133016,0.99160382
-0.041294329,3.337226152,0.655513437
-0.363036215,-0.299910903,0.383263203
-1.268756151,0.050030597,0.421898375
-0.695922256,-0.032353174,0.023762543
0.575497746,2.431483984,0.856501829
-0.816111684,0.131077632,-0.65245321
0.633058727,-0.781674862,-0.637798261
-3.165813684,0.160817236,0.659457166
0.866510034,0.031521525,-0.149984123
-0.627381623,0.814495444,0.823549451
0.994317174,-0.435153991,0.201691659
0.095795952,1.287193418,-0.481069787
-0.319545448,-0.405618489,0.336257958
0.654038429,-0.114858769,-0.198927518
1.932718992,0.188379124,0.920306028
1.671795249,1.728424907,0.817799494
-1.080837369,-1.1357584,0.282559513
-2.472791433,1.281257868,-0.63240898
3.103057861,1.46898663,-0.15188153
-0.745934248,-0.464666665,-0.614919433
-2.244521618,-1.635732889,-0.902384215
-0.844599366,-0.34759292,-0.569876922
-1.012243032,-0.059927598,-0.356093794
0.533808112,0.780954897,-0.371449524
0.825994611,0.763552785,-0.177405159
1.041851282,0.700883389,0.780448891
-2.076450348,-0.851502717,-0.747296435
-0.283671737,-1.5211308,0.05866661
0.045695782,-0.73758781,-0.144658814
-0.944844723,0.067535825,0.747701916
-1.690493822,-0.398914516,-0.891244976
2.530649185,0.384169936,-0.315059479
-0.736397862,-1.833004117,-0.782046429
0.43604213,0.454318702,-0.714399376
0.519622087,2.577615261,-0.870778709
0.908314943,1.338573456,0.113382779
-1.750416756,-0.178853527,-0.116051916
-0.668740332,0.376243293,0.519750698
0.794257939,-1.653406858,-0.966086852
-0.081814796,-0.664538264,-0.289650076
3.308340073,1.713445306,-0.483835455
-0.945562363,0.461310446,0.333818709
-0.492135316,-1.401852846,-0.459658782
-2.146286011,-0.775010169,-0.996504372
-0.03638611,0.543260992,-0.458438375
-0.126537204,-1.749218702,0.03514025
0.590348959,0.843221068,-0.264661794
-1.553152204,-2.906904936,-0.117966824
-1.416321158,-0.011265449,-0.836079218
-0.538025498,1.528333664,-0.867123797
0.210896865,-1.020670891,-0.005802536
-0.504107535,2.581031322,0.095324891
-1.43859911,1.730959773,0.602501737
-0.382769465,0.541480064,0.786711457
1.581221461,1.537955999,0.676451377
-1.314879775,-2.029026985,0.575691341
1.004441977,1.667621255,-0.481815589
0.666155457,0.842142165,-0.696356566
-2.016709566,-0.47927475,0.094853915
1.24467063,0.751794457,-0.52097584
2.146329403,0.160970345,-0.76816544
1.347121239,0.01732217,-0.169182623
0.702283084,0.748920202,-0.070271045
-1.123978257,2.241504908,0.330304065
1.192052364,0.455297172,0.840522204
-0.350624442,-0.915736794,-0.420066333
0.825130343,1.937308788,0.424724848
-0.885930419,-0.375671595,-0.793414086
-1.96205163,-0.376288623,-0.201047662
-0.427600026,-1.327100039,-0.44758953
-0.039817549,1.158197165,0.566538117
-0.822809219,-2.99650836,0.102716163
-1.672611713,-2.280289173,-0.969787871
-2.293814898,-0.832930863,-0.910445588
-0.754614055,-0.885432661,0.387006164
-1.66485095,-1.541500092,0.242389737
0.740679562,0.776855946,0.661884946
1.905368447,0.487178355,0.910955808
-0.469478726,0.33201772,-0.449503323
1.938354611,0.50655365,-0.745246188
-1.145175338,0.093554661,0.549143103
-0.045349322,-0.866254985,-0.004069174
0.703059196,-1.604156971,0.786629594
0.662095428,-0.575010777,0.923728104
-1.252426744,-1.917188644,0.985085003
-1.157694578,0.406521767,-0.91417403
-0.030618839,0.451424539,0.983938134
1.462697983,-0.621718049,0.774221463
0.250456095,-0.513527155,-0.407243255
0.365418613,-2.204923868,-0.891348668
0.245067924,1.437015176,0.923233357
-1.928312302,-1.284963846,0.498431958
-0.027196864,1.540524364,-0.3939411
-1.454158306,1.168394923,0.627155111
2.108730078,0.185459614,0.317767274
1.393266439,-0.938277006,0.498104847
-2.631941795,-0.323785573,-0.234717473
-1.194382668,-0.78484273,0.849918771
1.593887806,2.506217718,0.449495715
2.29863596,-1.584787846,-0.880733881
-1.668978691,-3.123218536,-0.642999214
-0.164061025,1.239080071,-0.046223999
0.025768928,0.859302282,0.639880795
-1.689515829,-0.756342471,-0.084819195
-1.088794112,-2.279922485,-0.938954298
0.93318969,1.07174933,0.823988504
2.0822258,-0.255568743,0.911905638
1.013198733,0.96778506,0.323262406
0.311153889,-0.902015448,-0.339030954
-1.849184394,-1.188153028,-0.052578946
0.555766404,-0.263837576,-0.410113346
-0.925649822,1.468522191,0.942538928
-1.205416441,-1.005715728,-0.805550536
-0.27101633,0.434222072,-0.923202957
1.657935381,2.075815916,-0.182731227
-0.522720337,1.850149155,0.705940528
-1.43394208,-2.217185974,0.768665784
-1.52452445,-0.607376993,0.145505134
0.44269228,-0.591874242,0.936693859
-0.010177895,1.196978807,-0.489994364
0.644065857,-2.433781147,-0.288216587
1.871710896,-1.422697783,-0.384805101
-1.168443918,-0.753293872,0.295307031
0.385052919,-1.054761171,-0.119328951
-2.796977043,-0.97248292,0.811553518
-0.950678766,-1.306381702,0.42138922
0.527826369,-1.825594664,0.742643284
-0.999733806,0.697310925,-0.99709683
-0.218987033,-0.224708453,-0.417341333
0.270757079,0.158225268,-0.450356813
0.209711879,0.470850408,-0.192537355
-1.313910484,-0.766666174,-0.940064619
1.018732071,0.781185389,0.841798564
1.421492815,-1.663570166,0.125380987
-0.554818451,-0.343492061,0.186956517
0.859554291,0.374054432,0.925886449
-0.05046526,1.086125851,-0.791412898
-2.140185356,0.744074225,0.77451213
0.786937416,1.219371438,-0.694592946
-0.053449005,-0.294286311,-0.462648651
0.55848074,-0.322848976,-0.166642677
0.028407291,-0.139995813,0.391317897
-0.341303706,1.569580078,0.953386275
0.622951746,-0.444608569,-0.731379588
0.295795739,0.783580661,-0.386760465
0.85698837,-0.035750732,-0.229740753
0.032710269,-2.064623117,0.549907221
2.261721611,-0.237907484,0.944089754
-0.489323437,1.053153634,-0.900348819
-0.319927603,0.425145149,0.412852548
0.752229154,1.292205334,-0.011823166
2.561739922,1.072535038,0.306883554
-0.749339461,-0.246736839,0.74004373
-0.858915329,1.719130278,0.236626896
2.629925489,0.025879893,0.911952017
0.189639017,-0.969396114,-0.531632159
-1.152134418,-2.581697941,-0.648413749
-0.81375587,0.61537385,-0.675838963
-1.426353097,-2.68827486,-0.497238019
0.569619775,1.684232712,0.675271886
-0.537378609,-0.639831543,-0.454182959
-1.478442192,-0.127767503,0.245425789
0.781705737,-1.434369802,0.835545777
0.989650846,-0.373703927,-0.953581292
-2.252189398,-3.258092642,-0.761398543
-1.717350721,0.300802767,0.393292719
0.296963036,-0.151337713,-0.244220195
1.294769287,1.864854097,-0.773771831
-0.625341117,2.515385151,-0.610712537
0.062373817,-0.53552115,0.052766863
-2.462317467,0.712226629,0.202177547
0.346723884,-0.563428044,0.038166247
2.580811024,1.556285858,0.053304263
0.949291587,-0.229201227,-0.636182458
-1.053144574,-1.220897436,0.447656752
0.594658613,-0.687958002,-0.450592611
-1.046267748,3.256720066,-0.462048856
-0.439700425,1.144567251,0.680349778
-0.634898365,-0.88501662,0.971536466
0.755936742,-0.96939826,-0.771815122
0.947987199,0.112215593,0.168935375
-0.389464915,0.657275319,-0.392716092
0.537689269,1.007066011,0.061368936
0.15888828,0.870381594,0.220110952
-0.55540067,-0.784905553,0.15140053
-1.434868932,1.340990663,0.722426726
-1.29293704,0.55878365,-0.466411598
0.038204297,-0.857521057,-0.064603937
0.698225737,1.279809713,-0.708405798
1.460877419,0.623751223,0.419816985
-1.016005754,-2.336125374,0.920717162
-0.080267757,-0.29887569,0.098411489
-0.562611818,0.689149797,0.554745738
-1.206912518,-1.936638832,0.190099342
0.935193181,-1.284139872,-0.280404438
1.31451571,-1.109400868,0.081679073
0.541756034,1.145727396,0.042648634
-0.461275816,0.478632987,-0.19182531
-1.855445147,-0.140147716,-0.258992935
1.604856968,-1.261043191,0.11929844
1.62719512,1.039733887,-0.567929721
-1.576230764,-1.404353857,-0.520314584
-0.227269709,-0.320418656,0.360168779
-1.01294446,0.844261765,-0.711178411
-0.046620898,1.157326818,-0.512568346
1.179892063,-0.384374499,0.41180216
1.783064127,-0.332550883,0.040429699
1.233926535,-0.227451682,0.417088235
0.901790619,0.133535177,-0.709364651
1.966170788,-0.545084238,0.466332683
1.206356168,-1.043011189,-0.163984347
1.325671077,0.780116618,-0.313412418
-0.34390983,0.375942945,0.803020149
-1.784133792,-0.085423149,-0.090715927
0.688157499,-1.081877947,-0.270804918
-4.257812023,-0.822413027,-0.640630274
0.461561769,0.858878493,-0.829482277
-1.306407809,0.097546741,-0.141597612
-0.87930131,-0.742607772,-0.383312725
-2.145760536,1.30800128,0.135638693
-0.740162015,-1.317445278,-0.903175867
1.760365009,0.356850535,-0.52677397
-1.696088314,-2.303757906,0.959244245
0.553317904,-0.672625899,-0.5821716
1.034409642,1.576030254,-0.012587336
-0.524349928,1.666290641,-0.810868525
2.037508726,1.256347179,-0.243823175
1.72441864,-1.143345356,-0.363517714
1.914933205,0.457163364,0.584103653
-1.622765541,0.624584317,-0.747271992
-1.0721066,-1.353265643,-0.340364921
-1.457879901,-2.379956961,-0.440626259
-0.302929819,-1.962685108,0.674528573
-0.240375251,1.864183664,-0.070117051
0.539976001,1.343230128,0.394814859
-1.269477606,-1.939327955,-0.640011347
0.364759684,0.243181661,-0.607817756
0.008119896,0.784549713,0.729257664
1.100262165,-0.619116187,0.398040056
-0.263477772,-0.172426909,0.755500817
-1.202835441,-2.608501196,-0.785123623
-1.689304829,-0.870035529,-0.033373537
1.541811824,-0.834724784,-0.989947042
1.262328744,-0.816518664,-0.550128717
-1.778658748,-0.742597103,0.952654268
-2.307901382,-0.987153053,0.910300953
-0.354668438,-1.976553082,-0.327413051
0.72871381,1.154785156,-0.512080336
-2.691045761,-1.59822917,0.437722015
0.487089753,0.231407672,-0.986792009
-0.557427764,-1.196788311,-0.499183649
-0.689345241,-0.911075354,-0.869208506
-0.144673213,-0.565783501,-0.844115503
-0.933736086,-0.516752541,-0.15460878
3.567405462,-0.015349708,0.955370542
3.075751305,0.353461713,-0.614732912
0.786156178,0.961822629,-0.426380363
-0.019662447,-1.249857187,-0.6890821
-2.138646603,-0.80952996,-0.413691355
-0.162471637,-1.061269045,-0.415299827
0.311573207,-1.412631154,-0.231615732
-1.7854563,-1.144190907,-0.023649109
1.144141555,2.416600466,0.133163643
0.208086446,-1.165625095,-0.240512241
0.559376657,-0.658798575,0.773305649
-1.211817145,-0.956519663,-0.149967352
-1.658410192,-1.239769936,0.532051464
1.995996714,1.781382561,-0.071567546
0.971704543,1.084641576,-0.545026346
-0.817983687,0.12759304,-0.479831969
1.234880686,0.005640782,-0.787036737
-3.413901567,-1.034049749,-0.095451487
0.093543418,1.017500639,0.010214705
0.830237508,0.41941011,-0.072276482
-1.554978728,-0.05231452,0.135370624
2.085555792,1.071276784,0.39073658
-1.350099325,-0.09206035,0.988266984
-2.757883549,2.526076794,-0.23786724
1.176106334,0.284460366,0.470073888
0.472742438,1.160579205,-0.138815066
0.695918262,0.782130957,0.380412532
-0.365857691,-0.863503098,0.026201201
0.820033312,-0.8942976,0.4104569
2.010508299,0.921667457,-0.456629596
-1.036205649,-0.83971715,0.757544627
0.883064032,1.420313597,0.48137189
0.881005347,1.390440464,-0.891156552
-0.303181738,-0.086273402,-0.414576653
0.029720437,-0.629259109,-0.919631563
1.603398085,-0.122446164,0.840917859
0.231872275,-0.862573743,-0.638189914
0.065721646,-1.894008994,0.68890799
-1.095490575,-1.373821259,0.009075094
2.873955727,-0.250120312,-0.602068516
0.626346171,1.868833065,0.171823896
-1.341871262,0.80633378,-0.226607122
0.303067386,1.080021381,0.780108943
0.570102513,0.851546049,0.502912085
1.003781199,1.757360101,0.533063899
2.032329082,-0.052207291,-0.998327615
-0.891270399,-2.462664127,0.060731301
1.212489605,0.874694109,0.64678345
-1.283717871,0.629850149,0.784465392
0.824430227,-1.173317909,0.000789881
1.058958292,2.13975668,0.951961917
1.05765295,-1.59339726,0.542713929
0.407845616,-0.982277274,0.585325259
-0.695808768,0.398329556,-0.292948369
-1.781255484,1.135314465,-0.005755623
1.541080236,-0.820820928,0.467616721
-0.655673683,-0.760118008,-0.706351917
-0.501170695,-0.436301947,0.474079297
-0.694655836,-0.38201642,0.165085596
-0.320466548,2.37093401,0.88437333
-2.120598316,1.747861505,-0.37689934
-0.923495412,1.270885706,0.77093292
0.083132312,-0.744726777,-0.203003359
2.838464022,0.829214215,-0.184998263
-1.995939016,-0.122619852,0.217950234
-0.003738768,0.29427278,-0.716638661
-2.189013004,-1.265521765,-0.810741572
2.242964745,2.599542379,0.157602658
3.389475822,3.005614996,0.389549435
-0.438760579,-2.218485117,0.380240365
0.415943563,-0.811670303,0.079442656
1.083430529,0.927946329,0.829570954
-0.684443831,2.057662964,-0.671717914
-0.457601726,-0.929073334,-0.648072831
-1.11192894,-0.910749495,-0.681728542
-1.08210206,-2.256381512,-0.587379866
-1.887266397,-0.623934865,-0.465891287
1.105273247,0.364091367,-0.301423894
0.474646509,-1.056414366,-0.232663014
0.291519165,0.442474842,0.989222329
-2.845071554,-0.582728684,-0.88153294
1.12490654,0.319479585,0.053990421
1.550159693,0.511533678,-0.412215669
-0.410979331,-1.742763877,0.170621259
-1.366844654,1.799615264,0.819973436
2.020954847,0.82901597,-0.768658288
-1.754985452,1.237992406,0.181948714
-0.956305504,-0.436563611,0.221030459
-0.981992006,0.600629091,-0.773998924
0.120075904,-0.326717794,0.069195274
0.391630113,-0.148764491,0.519088434
-0.06356293,-0.415297747,0.208219116
-0.235265985,-2.078127861,-0.940602768
2.177811623,1.203089714,-0.665692535
1.257158518,0.143703729,0.209406892
-0.980933309,0.066994064,-0.105526857
0.773836017,1.209229469,0.745427224
-2.129430532,1.260758162,-0.849667236
-1.663494468,-1.296656847,-0.152520381
-0.312604338,0.333008409,0.001612406
-1.107009888,-1.20565629,-0.651227919
-0.948355377,0.299244106,-0.129481789
-0.620763183,-1.085243702,-0.144442079
-0.607910216,-0.3064062,0.788908424
-0.330653846,-1.507475853,0.676978895
-0.838141799,-0.147644505,0.316266532
-0.519868135,-2.488515377,0.704919236
0.666079879,-0.22770451,0.498659563
0.344449997,0.829319,0.86596173
0.535329044,0.323353648,0.888516475
-0.206594124,-0.914125681,-0.636420042
-0.394409776,-0.757287383,-0.588336006
-0.198294416,-2.611377954,0.536477017
1.454806447,0.136836916,0.291234258
-1.298211336,1.453097939,0.708539048
0.791642964,0.360883236,0.956917248
-2.382745981,-2.453610897,-0.128835651
-1.580075145,-0.884892821,-0.567743808
-0.864584267,-1.132121205,0.420044189
0.3021577,-0.399226964,-0.047280179
-0.161258161,-1.807635546,0.318622477
0.712466002,-1.046976089,-0.541890003
0.692399323,-0.19771944,-0.135916754
-0.164004117,2.414608479,0.532706608
2.257735252,1.689712524,-0.488751098
-1.307790756,-1.468019128,-0.046811656
0.043148316,0.709594309,-0.932928472
0.537251711,-1.651953936,-0.479296363
0.15181309,1.836715221,-0.43675856
1.063582182,1.681357861,0.87757262
-1.045826435,1.243538857,-0.343034486
0.387976497,1.442749143,-0.048301359
1.190520525,1.192798853,0.487372368
-0.76588583,-0.706802011,0.197101142
-0.079926454,-0.577563643,-0.000521536
0.893731415,0.818677545,-0.712743259
-1.501125097,-0.970484614,-0.877732943
0.584702253,1.732196808,-0.644582353
1.782455206,0.181194231,-0.53930071
-0.175663054,0.913418174,0.729654096
0.741809607,1.520036221,0.215470139
-0.75050199,-0.760187387,0.365350691
-0.170001015,-1.584292173,0.676487113
-1.029313207,2.170018673,-0.891861866
1.220769644,-0.40739736,-0.256018088
0.337429166,-1.552042961,-0.789541101
-0.54030323,-2.616713762,-0.976693069
-0.918709636,0.754172802,-0.626115918
-1.30079484,0.155506343,0.768128051
2.403933525,-0.300727129,0.86665368
-0.064352065,0.87946403,0.881713174
0.813016772,1.588776827,0.6985733
1.323856831,-3.069877625,0.129174132
-0.54506278,-1.143128514,0.503790438
0.90904367,0.268448055,-0.036459832
-1.324362993,-2.622665405,-0.651883328
-0.968329966,0.832301199,-0.66243147
0.649812102,-1.400327802,0.635216871
1.213756084,-0.79144752,0.791226526
1.398563147,-0.451824129,0.505175032
-1.426255465,-1.421616554,-0.177125683
0.386842012,-1.64983058,-0.688594054
2.764783621,2.487340927,0.505620575
0.673032165,0.444695383,0.049453021
-0.077682383,-0.047295008,0.535544612
1.419057965,-0.525922537,0.79726451
2.67158556,0.905457854,0.431884877
-1.481993675,-0.689745724,0.930510185
1.697282791,-0.467139244,0.668528816
1.96120441,0.049754769,0.340292674
0.327704787,1.894745827,0.509905146
-0.226258159,1.979100704,-0.523455155
-1.332717896,-0.040122993,-0.759874726
-1.301431179,0.701022029,0.619736613
-0.206480533,0.041605465,-0.041658347
-1.61098814,-1.00454843,0.522321082
0.300929248,1.804516435,-0.223554363
0.100231856,0.490340769,-0.208155159
0.237754092,0.394621044,0.130372251
-1.755212188,-0.11062447,0.649224131
0.788023055,1.064938188,0.602078528
-0.405659288,0.279644161,-0.121541196
-1.994178295,0.197899729,-0.946405211
-1.314295769,-0.709935665,0.030064407
-0.338464022,-0.529742002,0.319940163
0.303364635,0.653972387,0.584154777
-1.038214922,-1.688504338,-0.450948495
-2.149176598,-0.356008381,0.205154552
-0.585760891,0.107863173,0.363333886
-0.620293438,-2.364989519,-0.521196147
1.274739504,-0.358520269,-0.359070549
-0.564592481,-1.91759336,-0.871055274
2.553930759,0.492122859,-0.895385012
1.353161693,0.691529334,-0.45933888
1.698448539,0.732525527,0.76922254
0.876428366,-0.871633053,-0.557722418
-0.143721297,0.641335607,-0.848901442
0.244824037,-2.62254715,-0.272278958
-2.847921848,-1.442739129,0.11841698
-1.287752032,-2.995045662,0.176488344
-0.200457737,1.604367733,-0.619944958
1.154608011,1.204093456,-0.992549864
0.053474858,-0.614678979,-0.031627055
0.753530979,-1.345581055,-0.129807174
-0.014209475,2.065083981,0.863718094
0.98758018,-0.745045066,-0.380863544
-0.278910875,1.204225659,0.780330519
0.508811951,1.647897482,0.222303087
-1.626008749,-1.391574979,-0.87097554
-1.051613212,-0.793765903,-0.967981657
-0.057722688,-1.580252528,-0.183577647
-1.896186352,0.086459264,-0.753140935
0.239334658,0.405101329,0.887520683
-1.649587393,-0.78266263,-0.610528385
0.290616989,-0.103255615,-0.807381067
1.099709272,-0.129137382,0.468548649
1.074954987,1.395451546,0.556998944
-0.186291337,-0.397112697,-0.743584323
-1.05681479,-0.418090791,0.983644301
-0.195997775,-1.088511586,0.757093298
1.403273344,1.736123443,-0.636571203
-0.317036033,2.325373173,-0.944297392
3.167953253,1.108005047,0.785928636
1.47474432,1.393714428,0.796810616
0.901908636,1.735865951,-0.352181564
0.806448817,-0.014769629,-0.471563845
-0.249921232,-0.225949526,0.546129218
-1.178007364,-1.526725531,0.458403689
0.609807849,0.756549597,0.962597601
-0.026126714,0.416380972,0.724681802
-0.850076556,0.764806032,0.472954161
2.775405169,-1.013762355,-0.707196387
-0.405623436,1.874030828,0.842464914
0.137515098,0.000116136,-0.399599992
0.103251606,1.041244745,0.771445404
-0.805384815,0.884762764,0.189378167
-0.407198817,-1.661251783,-0.687003639
-0.808494151,-0.610308051,0.488129362
0.170044094,-1.739642978,-0.104176441
0.828966975,-0.930755496,-0.45975702
1.270798087,0.620484948,0.200683606
1.045036793,2.020432949,-0.600340781
-1.464043498,0.352363944,0.956081997
2.274738312,2.435460091,-0.266767961
1.316689134,1.463534117,-0.991974662
1.331013918,0.200810179,0.615156085
-0.414644241,-0.87350893,-0.992453527
0.372036994,-1.318390369,-0.848944116
-0.866046965,-0.178198367,0.723872042
2.122238159,0.033072688,0.766862288
-2.747047424,-1.388424397,-0.847262192
0.203449667,1.79724133,-0.477061366
-1.271672487,-0.965766191,-0.197268889
0.306137353,-1.10557425,0.178202003
-0.039851531,0.699536502,0.712178632
-0.991605341,-2.765962362,-0.819757054
-1.087242126,0.126877069,0.873171182
-0.005686469,-0.056955107,-0.429616434
-1.577917576,-0.261622727,0.487848257
0.936796129,-0.98594749,0.040135348
-0.206762135,-1.747410655,0.266129126
-0.455956161,0.017420374,-0.125210664
1.906329513,0.211986497,-0.38979315
1.798248172,1.328184128,0.409505837
-3.232347965,-1.009291649,-0.462701447
1.142688274,1.56093812,-0.61964402
0.762338996,-0.224306986,0.999346447
1.523210168,-1.343036175,-0.065104542
-0.218860164,1.054828882,0.305857681
1.282322645,-0.667282701,0.439254101
1.094417334,2.355923414,-0.64022858
1.38528955,-0.215581134,-0.726840645
-0.732206643,1.092994928,0.116389647
-0.513322115,1.999692321,-0.799663004
0.216898263,-1.777067065,-0.430442944
0.12841931,-1.466450453,-0.598009373
2.228935003,-0.790610313,0.431886752
-1.127585173,0.350108683,0.793944033
-1.989195228,0.45331949,0.017258866
-0.777500033,1.119914532,0.585564202
-2.066576004,-2.866407871,-0.175604475
-2.143745661,-1.074995518,-0.785726985
-0.329963088,2.954129696,-0.324025423
0.935035288,1.830929518,-0.78686408
0.314011157,-0.866842985,-0.885748096
0.648639679,0.571823239,0.878619818
1.544615507,-1.298607111,0.607454045
-1.95787847,-0.850719213,0.443483669
-0.223067522,-0.579332054,-0.909438252
-0.352221072,1.199067593,-0.543059082
0.395916373,-0.118816748,-0.723093563
-0.700305998,-1.636888504,-0.205766379
1.261063695,1.037784338,-0.787743914
-0.286417335,-1.310203791,-0.293491264
0.227142364,0.910464287,-0.033101372
0.32512176,-1.502096653,0.665981146
0.062009834,0.724493384,0.481795804
0.569045067,-0.938448071,-0.913605039
0.462789357,2.410289764,-0.422417716
2.860726833,1.194607258,0.211427423
0.25852567,-0.940421164,0.839285028
0.49908787,2.675427914,-0.663786027
-0.660429955,-1.056234598,0.494115612
-0.249936059,-2.346043587,-0.031827228
0.528473258,0.128006727,-0.578553768
2.086631536,-0.137900427,-0.214015116
-2.325342417,-2.033361673,-0.112337668
-0.521815121,-0.859243572,0.651396976
0.041139305,0.948452234,0.290336833
1.682309508,1.434618473,-0.957234721
0.808050811,-0.450189352,-0.035492674
0.156852663,0.932460546,-0.345307753
1.101217866,-0.038100887,0.92582558
-0.78055656,0.047829412,0.757202312
-0.810975552,-0.630617499,0.832381621
0.250150442,1.3213377,0.371657633
-1.175207138,0.794167399,0.952535902
0.27961272,1.19832921,-0.488613064
-0.737312853,-2.285048962,0.220534915
1.500142217,2.721605539,0.724864236
-0.166825801,-0.758440495,0.447359192
-0.432174325,0.458998382,-0.804308114
1.617058516,-0.473706394,0.40850827
-1.623717666,0.258117467,0.778020644
-0.729079366,-0.117180459,0.047750676
-2.425493717,0.023079447,-0.027025018
0.028654516,-2.709114075,-0.642083847
-1.447409868,-1.317925215,0.978618475
-0.797042012,1.000289679,0.456048433
-0.679526567,0.901732266,0.154677197
0.601503134,2.036176443,-0.374902128
0.272175431,0.916425347,0.925152034
-2.047430754,0.910906196,0.99785404
1.3249681,-0.007034354,-0.973943402
-0.519372702,-1.355933785,0.163157144
0.781180203,0.23821947,-0.183338054
-1.729242802,1.575970769,-0.22849153
-1.98337543,-0.354078531,0.351585747
0.218108773,0.910815656,0.061270793
0.059197776,-0.678547323,-0.922247853
-0.478241801,-1.614900231,0.567376943
0.382261187,-0.375867665,0.201345321
0.287287802,2.075362682,-0.04130126
-0.322109789,0.547992289,0.942540814
-1.892395616,-0.564629674,-0.139137282
2.172358513,-0.299724311,-0.207309428
0.15517807,-0.986669779,-0.785683892
0.541214943,0.004268251,0.819672813
1.324317694,1.75370729,0.634695291
-0.007333614,0.214636952,0.88895594
2.969983101,0.12919572,-0.311844444
1.774801493,0.767670333,0.816356343
-2.059074879,-1.431598783,-0.101140236
0.086000316,0.138623327,0.483677502
-0.812347233,0.616524875,-0.187113921
-1.627541065,0.290594071,0.71836999
-2.548087597,1.324807644,0.619907851
-0.747463465,-0.580324292,-0.517291168
-1.316192985,-0.269756645,-0.75955628
-0.891075134,-0.3826195,-0.791530336
1.277532458,-0.001984037,-0.081506985
-0.589781642,0.25003764,0.403120619
-1.272735357,-2.245258331,0.938786532
0.765772343,1.107389092,-0.687117422
-0.145369366,-0.532841563,-0.152948539
3.051563978,-0.580201864,0.23042841
0.256536186,0.764488339,-0.141965124
1.089472055,-0.010988258,0.547941509
-0.952223539,-1.354926944,0.59041556
0.227862611,0.044612318,0.957514352
1.983533144,1.970068574,0.97449511
-1.634024858,-1.980600119,0.367678649
0.521992862,0.549465656,-0.7755131
-1.096537948,-2.591570854,0.026149843
-1.343182206,-1.786273837,-0.311497839
3.632586002,2.286329508,0.856617588
1.597977638,1.977060437,0.180891818
-0.368497014,-0.122894421,0.632530396
0.760353446,0.503782332,-0.034809371
-1.926640272,0.880777717,0.379747483
-1.064508677,-0.428155035,0.490525072
1.074092984,0.181610957,-0.152190545
0.21814467,1.173438072,-0.255865089
0.554559946,0.779784739,0.266713611
-2.624112129,-2.44366169,0.756509913
1.065388918,0.037680477,-0.35682997
-1.209021091,-2.613903999,-0.517492228
-1.241267443,0.231580168,0.935226389
-0.742681861,-1.215746403,-0.388192778
1.200958014,-1.409568787,-0.51723426
0.381630331,1.845245481,-0.146878889
0.456072032,-1.068870783,-0.251937623
1.341842055,0.339709938,0.797890828
-2.36391449,0.404329926,0.832990795
-0.955005169,-2.72420907,0.819463677
0.608683228,0.511586905,-0.472868898
0.816746712,1.263269901,0.817468887
1.44310987,1.405751228,0.468750575
2.146748781,-0.588229775,-0.458284944
1.245385647,0.873308778,0.08371548
1.426033258,0.875847638,0.375356668
0.606854141,0.573687792,0.702247376
-0.945891082,-0.766407073,-0.522600023
-0.560664177,-1.226590395,-0.982353334
0.414716661,-0.348865628,-0.042922221
-2.072421074,-2.1399436,0.09655453
-0.21758008,1.346664906,-0.345241721
2.123373032,1.300602317,-0.214757244
0.043950945,-1.030189276,-0.769924883
0.518326938,-1.417571902,-0.306959969
-0.738459826,-1.938156962,0.421339848
1.293061733,1.135380507,0.390922428
0.535468102,0.717309952,-0.039412802
-0.372590214,0.164314136,0.734133808
-0.412227154,-0.339113176,-0.486923988
0.883583307,-0.968185484,0.820040475
-1.560718775,-1.799264193,0.835854807
0.344931245,-1.723923802,-0.155297072
0.839147806,0.220661774,-0.975099749
-1.297652006,-2.333946943,-0.475250289
1.336099267,0.447471082,0.977003423
-1.328624964,-1.823740244,0.381213076
-1.065880179,-0.60559845,0.055961771
0.223204881,-0.539753079,-0.360545992
0.195076779,2.364642859,-0.592703731
0.329014778,-0.142365798,-0.269726019
-0.167489141,0.259229779,-0.593171846
1.19158709,-0.255075276,-0.762607487
2.324975014,-0.019698359,0.216870792
1.919154882,2.3422575,-0.596245321
-1.112659097,-2.401184082,0.905753869
1.948632479,1.748146534,-0.559570917
2.422199011,0.779466152,-0.559496442
0.706667781,0.19439283,0.267289459
-2.622044086,-2.43295908,-0.502986863
1.213799715,1.058324575,0.755951327
-0.634750187,1.3393327,-0.747867546
0.702051878,2.7835567,0.648132056
1.167504787,2.10969162,0.751828358
0.714039266,-2.282368898,-0.296457296
-3.243668556,-0.98830229,0.546706964
-1.427385449,-0.998535037,0.779968493
-1.586028099,-0.399313927,0.641756518
-0.225678116,2.369167328,0.378546457
1.116955996,1.012611747,0.567630422
-0.984209716,0.436709106,0.033237742
1.275670052,2.904379845,0.923765319
-0.200005993,1.081818104,0.248906928
-0.327303171,-1.796660185,-0.868698103
-1.351271868,-1.793534636,-0.630840328
-1.240950584,0.456592888,0.778884414
1.599993348,1.223099947,0.411365873
-0.728773475,-1.283397675,0.91206846
1.065439343,-0.126332,-0.729817843
-0.780767262,0.655560434,-0.909751181
-1.82167387,-1.349697828,-0.699051637
0.703436196,-0.1137629,0.40609222
1.664565325,1.173560381,0.682674702
-0.092670962,-0.640137315,0.045059686
0.349808455,2.409855604,-0.205380124
-0.425008595,0.983062685,-0.453350399
1.965888858,-0.045844071,-0.277079959
-0.944122553,2.061363935,-0.287590777
2.058583975,-0.204546407,0.751590855
0.37079975,3.549906254,-0.314434188
-0.281644106,-0.502395272,0.899073786
-1.601322651,0.522691488,0.170377873
-0.745981812,-0.634313345,0.337638985
-0.46976769,-1.152480245,0.837276528
1.050377607,1.47749579,-0.60340537
0.743990541,-1.223430872,0.311663658
-2.339811325,0.233946308,0.747136076
1.921042919,2.563476324,-0.597458916
1.023817539,0.441639751,0.605331924
-0.668373883,0.934048891,0.643976166
-2.106384277,-1.926141977,-0.565319054
0.9917804,-0.435485423,0.039373406
0.083775349,-1.186451197,0.965491572
2.910806656,1.206685424,-0.29804048
1.166991949,1.016210079,0.035066467
-0.743809998,0.009642482,0.802783038
-2.655914068,0.285839677,0.932479829
0.601777136,1.190291643,-0.788700566
3.435954571,0.130549908,-0.0837383
-0.051395901,0.80355525,0.094732003
0.089601494,1.623377085,0.438171732
0.949200988,0.910557032,0.186640476
2.147409439,-0.113614038,0.747767507
0.313812971,-0.526863217,0.453211335
-1.18555522,-0.663558722,0.169081201
-0.180286899,-1.439974546,0.98956034
2.612589121,0.547277451,0.164247519
1.837075949,-1.626800537,-0.988128179
-0.686575651,-0.423119009,-0.605981973
-1.774760485,-1.47070992,-0.556598787
1.152101278,1.613772511,-0.059960762
0.859448552,-0.071730152,0.83629497
1.116136551,0.312722266,0.565993614
-1.108296037,0.52186054,-0.523274749
0.654155493,0.223921299,0.582829281
1.935284257,1.06979394,-0.451942801
-2.881774426,-0.930847108,0.869117644
1.044414043,1.199635625,-0.527375136
1.921273828,0.820685089,0.60370797
0.040642537,-1.775479794,-0.293786847
0.072591059,0.613693535,0.581173376
0.2246878,-0.046596497,0.580336856
-0.43189612,1.072542906,-0.169226451
-0.054540165,-0.216318309,-0.247752381
0.168813288,0.555458367,-0.737083219
0.738286972,0.477711976,-0.980101895
-0.303455353,0.245278433,-0.904617147
0.855602145,2.897161484,0.524236416
0.579768419,0.778927505,0.727410652
1.244906187,-2.072233677,-0.187596012
-0.018670274,0.4127644,-0.323364716
-0.666287661,0.819743574,0.894650541
-3.178862095,-1.705768228,-0.746263771
0.9304533,-0.949168146,-0.388014599
-1.738334417,-0.411239564,-0.583810336
-1.073145032,0.479314595,-0.335677013
-0.704926252,-1.24201262,0.305762302
2.409237862,-0.496925265,-0.457673924
1.770486355,1.766979456,0.406564152
0.123901315,-1.091061354,0.87902993
-0.568375647,-0.255609065,0.630941236
0.484674096,-0.993450046,-0.962796016
-1.410979986,-0.22649914,-0.505420141
0.092402235,-1.267415285,0.818699391
2.315567017,-2.079919338,-0.344265167
-0.877896309,-1.345518112,-0.486234203
-2.334905624,-1.544517398,-0.217141053
-1.412442088,1.364356756,0.745940161
0.768444836,-1.218126535,-0.531242111
0.893889904,0.368203342,0.622294837
1.694382429,0.738233864,0.535400268
1.313238144,-0.807738423,-0.149261492
-0.446366727,-0.096670285,0.280529393
-0.159184545,-3.497698784,0.259039747
-1.204035759,1.724885106,-0.730802421
0.694939375,-1.384987473,0.228056094
-2.003059626,-1.252503037,0.527517071
0.13630864,-0.460659444,-0.547122202
-1.446220398,-0.29890877,-0.710571977
-2.147142172,-0.984738827,0.533127055
0.174582019,3.430642366,-0.573198105
-0.319694698,0.387782872,-0.249527224
-1.526223421,0.363233447,0.859977852
1.027652383,-0.830648601,0.350026429
-0.831897736,1.051451445,0.614935722
-0.521155357,0.635984778,0.080927596
-0.986098826,-0.212667152,0.904199993
-1.112244725,0.483642846,0.107975486
-0.618337333,0.535460651,0.085081927
-0.847072482,-0.423080415,-0.330572972
-1.181715012,-1.176720262,-0.751405667
0.115663484,0.795237124,0.879943257
1.647791624,-0.467078209,0.660214418
-1.327658415,-2.27691555,0.052583983
0.002292197,-0.868551433,0.982207735
1.472393751,-1.139692307,-0.775840526
1.014494061,-1.130598068,0.09655615
0.934930682,0.452104509,0.261892549
0.111197174,0.561974347,0.46494815
-1.072116375,-0.326430857,-0.722255911
-3.713623285,-5.167104721,0.478136439
-1.776011586,-1.493306041,-0.44699807
-0.361079991,0.757201552,0.764887948
-0.733311236,0.09000963,-0.903454546
1.822057962,0.672906399,0.173001592
-0.773903251,-1.049017191,-0.646564214
0.566543341,-0.463474929,-0.639806645
-0.070139974,-2.448647976,0.16629731
-0.288726687,1.282572269,0.747527369
-0.943747878,-1.256867409,-0.330494133
1.782515168,2.154807568,-0.485547015
1.111625791,-1.147505999,-0.99476848
2.170897961,1.916524649,0.79257589
-3.116678715,-0.548443198,0.310179534
-2.301950932,-1.56938529,-0.679940096
-0.209432766,-2.087079525,-0.713491593
-2.311540842,-1.837772608,-0.503280821
1.29137373,0.512142241,-0.285272155
0.624322474,0.854824781,0.673819771
0.350607336,1.713430882,-0.002639891
-1.063656688,-0.115240857,0.982938932
0.798576713,-0.188173741,0.62219643
-0.003645152,-1.047404051,-0.609285026
-2.353327751,-0.709473968,0.054514537
-0.855921566,-0.566730917,0.441873151
-0.266793102,-0.413875133,-0.847288878
1.450888753,-0.300100982,-0.887864976
-2.329242468,-0.54044807,-0.361881195
0.159072712,0.964707673,0.784673321
1.518642664,0.378750265,0.798862817
1.243995547,-0.628755808,-0.951482184
-1.801527977,-1.337982178,0.162801062
2.091239214,-1.064544916,-0.969147041
-1.507332802,-1.114570379,-0.584446537
-0.664015651,0.959131956,0.421106704
-2.490524292,-1.091901779,-0.32102086
1.124582052,0.245290771,0.803721941
-0.299589664,-0.131453142,-0.268302114
-1.931951404,-0.290225208,0.139001806
1.035577297,0.716243684,0.06917207
-3.723931074,-2.049962044,0.629820846
0.062631115,0.200451702,-0.097007451
-1.52758491,-2.807366848,0.863344133
2.756659269,2.678423405,-0.545894188
-3.00697279,-0.47428304,0.397649075
-0.164479554,1.294077992,0.208462684
0.357083887,-0.713723898,0.565488149
1.026558638,1.022446632,-0.079994847
-0.482698143,0.785847545,0.621397535
-2.503638744,-2.329280853,0.348000564
0.285835564,-2.122745991,-0.63437767
0.065341398,-1.269748688,0.21107162
1.634681821,-0.538870633,-0.355938839
-0.853108108,0.323069662,-0.888039655
-1.3349123,-0.182443753,0.24093632
-0.626035452,-0.568879962,-0.019883798
1.121461868,0.765336692,0.231118546
-0.047247641,-0.623886108,0.579569999
-0.734041452,-0.123363033,0.377738321
-0.11513947,-0.026188277,-0.650269448
1.459588647,1.390019655,-0.973612846
2.148536205,-1.500239372,0.064860005
-1.153790951,-1.818301797,0.329412623
0.787006617,0.469893128,0.024776997
-1.994804978,-2.216356993,0.602187268
0.459437072,1.430754781,-0.555061411
0.523012757,-1.772516251,0.414484479
1.250968933,2.373678684,-0.244908384
1.682043076,-0.677070737,0.020783179
-0.268755347,-0.96667397,0.656944986
-0.540929556,0.746578813,-0.751272565
-1.655493021,0.236780107,-0.570573731
0.892392635,1.990036964,-0.993708328
0.639851213,-1.373553991,0.652393026
-1.231992126,-1.805859804,0.692234516
1.096516132,0.073486015,-0.6507351
2.431120872,1.680734515,0.212910558
0.11528489,-0.520825446,-0.948119784
-0.308698207,-0.697163641,-0.16210606
0.055507824,-1.199438214,-0.037123224
-0.913939893,0.396159261,0.878566203
-0.03247422,0.082087047,-0.495450152
0.334295213,-0.418239653,-0.243265909
-0.907451868,1.365349293,-0.08528917
-0.444267154,0.760241747,-0.321751762
-0.414340377,0.17674078,0.38299117
0.108494982,-2.407965899,0.528738817
0.151530355,-0.905204892,0.631971665
-0.91146934,-0.200180218,-0.263129982
0.610797167,0.771952212,-0.116079363
-0.945417166,-0.5993433,0.903087372
1.017193556,-0.906445503,-0.825906497
-2.319640636,-1.362961173,0.938816032
-0.962925315,-1.534811497,-0.487328231
-1.191587687,-0.474617898,0.332704296
-0.161119819,1.593324423,-0.471940589
0.973925948,0.300441504,-0.049504395
-0.318419635,1.309618592,0.827959959
0.045049515,0.801777124,-0.175142732
0.24106735,0.875130355,0.138157743
-0.62877804,0.603673041,-0.097511958
-0.117882133,-2.605576515,-0.092550069
0.040499765,0.562933326,0.398054175
0.009334736,-2.450963259,-0.949906579
-0.888912678,0.04532633,0.159028473
-2.502444744,-0.527177811,-0.567327606
0.037926629,1.282111526,-0.411274809
0.41206497,0.006969385,-0.340794883
1.636216164,-0.677547455,-0.918237139
0.487778604,0.406093568,0.927269711
2.559758663,-0.038732234,-0.900331781
-1.474628448,-0.250715613,0.479035558
-0.053593054,-0.446452349,0.571734298
-0.674648583,1.225182295,-0.23811222
-1.254805446,1.03049469,-0.221046624
0.593850732,1.336631298,0.889140858
-1.13955307,-1.748238683,0.581367107
-1.120805144,-0.744214594,-0.79774672
-0.244983941,-1.256554246,0.037983426
0.716346264,-0.505311131,-0.010055206
-1.001966238,1.30019474,-0.84910632
1.774175882,-0.243541837,0.922642879
0.257328779,0.036767788,-0.399248085
-2.514871836,-1.54840064,-0.567746828
0.449109584,-0.051442601,-0.99597013
0.23262623,-1.678529024,0.07200417
1.152160645,2.293367386,0.105629026
0.0446935,-1.536830425,-0.654837
5.858128071,0.968778908,-0.923790251
1.014130831,0.293976277,0.576460494
-1.825341463,0.099012882,0.424065203
2.143286228,-0.337046266,0.63851506
-0.233589053,-2.572113037,-0.63788038
-1.055921555,-0.933251023,0.819851499
1.112743378,-0.450530767,-0.15345948
1.256026387,1.983922482,-0.3284071
-0.891505957,-0.063709937,-0.959299854
2.513391733,1.231283903,-0.983867603
-0.580162406,-1.325338006,0.955048327
0.929494917,-0.943960309,0.576953076
-0.178809255,-0.375368297,0.563687037
-1.636229515,-1.238731503,0.992615059
-1.431040168,-0.50674963,0.290732843
0.997518063,0.109577581,-0.58594608
-0.576635301,-1.181375146,-0.794342413
0.149059564,-0.270335257,-0.503285296
-0.688403904,-0.412296593,-0.961253668
-0.38128221,0.386247456,-0.595791797
-1.907371163,-1.168046474,-0.246422684
-0.552719235,-0.36596337,0.62851795
-0.146026567,-0.335459828,-0.387700683
0.995055139,0.999643683,-0.118672739
-1.645303488,-0.183712125,-0.119876002
0.346056044,0.501616657,-0.34198878
-0.31208384,2.80413723,-0.739157462
1.70952189,-0.00640884,-0.747575666
1.101132274,-0.052453198,0.55822207
-1.220826268,-2.144935608,0.493785897
1.628299475,0.739977896,0.823751036
-0.820901453,-0.249455273,0.877092021
0.628217876,-0.327744216,-0.12898717
1.375750661,-0.322232425,0.574353656
1.634397745,-0.386877,0.550845761
-1.415614367,-1.171269894,0.557696513
0.195265263,0.029185671,-0.883943998
0.668376088,0.802051127,-0.342537358
3.237972736,-0.263526082,0.056672628
0.759006262,-1.239448667,-0.749683558
2.444635153,1.194575548,0.86820017
0.170254648,-1.134129524,-0.511046566
0.63994956,2.582309723,-0.584711896
-0.577219725,0.17049773,0.666011324
-0.106306732,0.790864527,0.547187362
1.789032698,-0.673731208,0.186957282
0.661704957,0.747175217,-0.932168661
-1.442881942,0.695075154,0.339330236
0.930576205,-0.00390321,0.084151031
0.694419146,-0.640224099,0.909150002
1.209472418,0.729954481,0.935450149
1.004108429,0.782227516,-0.949552278
0.221736848,1.411978126,-0.529484097
-0.157230258,1.44224143,0.954941328
-1.021231651,-1.281308174,-0.138283696
-0.736261845,-0.939797163,0.390935607
-0.638155341,-1.569485903,-0.626002522
0.619114637,1.755975962,-0.31340874
-1.083260059,-2.59583354,0.062449872
1.65585649,0.888792455,0.953360206
-0.177706495,0.67819494,-0.793110286
1.482559681,-1.084491253,-0.033663453
-0.136816457,-1.302375793,-0.748991256
-1.99629879,-0.321124315,0.548097217
0.606917202,-0.367122233,0.556144663
0.664278448,0.562204719,-0.344094016
0.002661876,1.275328517,-0.859299537
-1.708912134,-0.215329915,-0.260115535
1.262151361,-1.07735455,-0.028641057
-0.515119255,-1.700458646,-0.557948001
-1.19379878,1.800519943,-0.562557435
0.119947344,1.284739017,0.013918544
1.04031992,1.897380233,-0.440486438
-2.772191048,-1.180444479,-0.250006402
-0.370407403,-0.579817772,-0.80469724
1.163593531,1.323095798,0.264297393
-0.065639228,-0.014290974,-0.042866886
-0.73309803,-0.305128515,0.468218277
-0.606034756,0.046851933,0.769744403
0.498191953,0.942121029,0.957695007
-0.28340891,1.298840046,-0.596539552
-0.056071673,0.012464613,0.674189718
-2.180773258,-1.198750973,-0.258844921
1.818614364,0.944409668,0.139621905
1.734125972,1.533526182,-0.701380982
-0.559568107,0.54739958,0.801917688
0.530195832,0.476893574,0.706478898
0.572800934,-0.622457623,-0.304362314
-4.522516251,-1.556479216,-0.705778719
-0.471307427,-0.683182061,0.213007059
-1.633504391,-2.688951969,0.010840377
-0.21001111,0.924745917,0.065642648
-0.285036027,-0.721261501,0.469219183
0.324895918,-0.06828092,-0.08587879
-0.582947373,-1.388339758,0.852386461
-0.290669501,1.03301096,0.435587252
0.765929282,-0.187303156,0.879403272
0.903936505,-0.143519878,0.58698388
1.573729038,2.416523457,0.284905487
-0.357504427,-0.193363518,-0.631356066
-2.272658587,-1.335650086,-0.821089767
-2.371996403,-0.15824154,-0.515106649
-0.076927021,1.845796347,0.598043632
2.02838707,0.874815226,0.996915358
0.521954179,1.224546432,0.182161812
0.10111326,-0.896424949,0.182871831
1.238383055,0.333634347,0.57488633
0.63807857,1.253496051,-0.381897592
0.78674835,-0.523642004,0.637933276
0.604393661,-1.95578146,-0.927187962
-0.386909366,1.342252731,-0.853242721
0.34731704,1.485758066,-0.37846519
-0.253846198,0.166860655,0.644657977
1.315329432,-0.847630203,0.774293654
0.997416019,0.298955023,0.523978878
-0.344455183,-0.305020541,0.046439513
0.590574086,0.044640224,0.156011297
0.688694835,1.041114569,0.209546313
-0.791043818,-1.205608726,-0.650542399
-0.917728901,0.485424906,0.031679505
-0.624069571,0.618156552,0.298789703
-0.016243678,-0.934548438,-0.957122552
0.560462594,0.1945059,0.334514174
-1.482907534,-0.73074019,-0.902008467
1.701902628,2.719709158,-0.741572559
0.14867793,-0.5230003,0.253824444
0.116061628,0.522254109,0.345931202
-0.135320768,0.363165975,0.575769306
1.277001977,-0.286020666,-0.248044154
-0.523520052,-0.630568564,0.288454418
1.268476009,0.967660844,-0.450297628
-1.895308614,0.057008892,0.821774729
-0.799019873,2.200351,-0.501734497
-0.507317901,0.229655415,0.343330552
-1.364258647,1.170386076,0.963632548
0.589271307,2.030280113,0.362638177
0.063744687,1.262226105,-0.086800943
0.610259414,-0.251178086,-0.305250471
-0.119985059,0.633066654,0.219005388
-0.614130259,0.751375079,-0.652678685
1.113779306,0.060944211,0.274399408
-1.665575027,-0.702004611,0.975365063
-1.096420527,-0.566548228,0.494431894
0.508198857,-1.254491806,-0.274502907
-0.313009709,-0.363747895,0.427720705
-0.333132327,-0.336357772,0.510839244
0.327355027,-1.717264652,-0.801752755
-2.907306194,-0.488146871,-0.380957395
1.004520059,-0.2736094,0.287212942
-2.191574097,-1.125316143,-0.257707214
-0.880049109,-0.161742285,0.838419394
0.489576757,-0.078950837,0.185420684
0.291859269,-0.827069521,-0.467514081
0.245525837,2.123887062,0.034584351
-0.853872538,0.30918014,0.607879336
0.626617432,-0.231331542,-0.681481462
-1.49701941,0.591662586,-0.4051183
0.148267165,0.486206532,-0.877060454
1.106722236,0.32842654,-0.876224759
1.72541213,-0.045790911,-0.178695021
1.048392177,1.72312355,0.203086234
2.646403313,0.703611016,-0.191867512
1.470932007,0.529374003,-0.460830311
-0.781612992,0.355436683,0.686176416
0.956091881,-1.609365463,0.552988472
2.242882729,-0.731636763,0.336861146
1.18509984,1.046684265,-0.71168461
0.330684692,0.641518474,-0.705038698
0.231225431,-0.427084625,0.705251735
-2.496006727,-1.368902445,0.509706495
-1.133158684,-1.200461388,-0.531681478
-0.309060156,1.321692586,0.791891638
-0.986618757,-0.711106896,-0.82957636
0.46845293,1.380999207,-0.996614487
-0.411175013,0.283258736,0.563056957
-0.672132969,0.341614306,0.379966936
-0.323277086,-0.512337387,-0.040787106
-0.299919426,-0.741853118,0.982687565
2.254647017,2.295820236,-0.533661108
-0.58488977,-1.018546462,0.023404378
2.993950605,-1.67853713,0.005091277
1.584990263,0.576032639,0.640431214
0.299557567,-0.256775767,-0.746059301
1.645056367,0.502985656,0.266029365
-1.084796906,-0.242657691,-0.485059079
-0.974744439,-1.105269432,0.438666883
2.422178507,2.613798141,0.826241782
-0.15634121,-1.763164639,0.007459788
-0.978679001,1.126369715,0.88540522
2.224164248,3.296913147,0.649293579
0.931668222,-1.297629595,0.339695821
-1.274316192,0.276742697,0.091861849
-1.412755132,-0.157845289,0.019276624
0.496682584,-0.924675584,-0.402746614
0.432649374,0.62889564,-0.34090279
0.065269493,-2.024131775,-0.808159787
-0.379071414,-1.575638533,-0.656145979
-1.367716908,-0.603490114,0.081794451
1.109769583,2.680125713,0.31056239
-0.141650051,0.724820673,0.644712254
-0.602633536,0.223514706,0.316531853
-0.323176682,2.007864952,-0.81699042
-1.41878891,0.948743999,-0.93888984
-0.41886878,1.824667573,0.927503607
-1.399911404,-1.481994271,-0.592326801
-0.06244611,-2.498414516,0.567886502
0.90954262,1.807435036,0.626385937
1.213861585,0.810314298,-0.180448217
-1.4146173,-0.646821022,0.633953251
-0.398682356,-1.020233154,0.235314728
-1.695751429,-0.534115136,-0.350047436
-0.470335543,-0.77600646,0.66652669
0.53009814,-0.915896297,0.718740531
-0.016815595,0.311248958,0.322177749
1.55335772,0.964663684,0.741118262
-1.195943117,1.352768064,-0.515420322
-0.233695626,-0.556351602,-0.626319486
-0.491859555,-1.334541798,-0.476194398
-0.543016732,0.503333092,-0.358637131
0.69258374,1.08821559,0.79309585
-1.557975411,-2.33250618,-0.81427424
0.22904183,1.7808429,-0.488003989
0.820735693,-1.925676584,0.456929999
-0.693373084,0.407154024,-0.786420841
-1.579651237,-1.653198242,0.557458259
-2.288128853,-1.834501266,0.812506422
-0.931312561,-0.846196651,0.729609992
0.587224901,-0.162317753,-0.414784536
1.316526651,-0.05119466,0.736293163
-0.860838056,-0.103209183,0.604242021
-1.98406291,0.174264818,-0.165581421
-1.440721989,-1.864940524,-0.286307395
-1.86205411,-0.875063658,0.238086303
0.441985309,-1.539957047,-0.726541204
0.457354575,1.256527185,0.444276557
0.598235726,2.311514854,0.035245949
-0.529358029,1.037638664,-0.921373264
0.519742489,1.420858264,0.2057507
0.289505959,2.080598354,0.714045822
-2.135241985,0.323648542,-0.62229145
0.123027742,-0.36952287,0.824263533
0.081066504,0.689415455,-0.974788393
1.500890017,2.376480341,0.249964079
-4.030180931,0.959745526,-0.712273464
-1.64597702,0.572954655,0.485990024
-0.170245662,0.30099833,0.512661685
0.31712091,0.863764167,0.111584417
-1.076581955,-0.134800881,0.782007815
0.401023507,0.345154315,-0.614197126
-0.221653253,-0.410350084,0.325095651
-1.11847055,1.605001688,0.151221194
0.412776113,1.370110035,0.650012273
0.434171438,-0.007865891,0.124112693
-1.383709908,-0.988658369,-0.653728076
-0.364788204,0.528345168,-0.562481622
0.798876345,-1.380612493,-0.634574365
-0.987901986,0.518465161,0.157801396
-1.25359714,-0.770665288,0.051114826
-1.147572041,0.834819198,-0.773177641
-0.392427236,-1.625594616,0.835257087
-2.769645929,1.448899746,0.635887314
-0.087077491,0.010008644,-0.275442572
0.461761594,0.482082993,0.863940879
0.030170903,-0.784606934,0.647607931
1.750660896,2.417058229,0.19004696
-0.249684602,-0.314257056,0.337453975
-1.007058382,-1.702722907,-0.882833505
0.929272294,0.193520248,-0.009377355
-2.917473793,0.579573393,-0.368403441
-2.022019863,0.984947324,-0.984365931
-1.143986702,-0.601338148,-0.952101721
0.771398067,0.285494506,-0.152598742
2.065740585,-0.274112046,-0.658809354
2.083068132,-0.178823352,0.21666959
1.687910199,1.213865042,0.047401435
0.600274503,-0.191157386,0.037813321
0.406122863,-0.125681281,-0.996479334
-1.306287766,-1.456190586,-0.267294218
-0.501166999,-2.041883469,-0.628682701
-0.184805349,0.913106084,-0.560522554
0.561224103,2.427875042,0.627678465
-0.297462732,0.097167358,-0.611577227
1.697127938,1.060214639,-0.039853573
-0.893666148,-1.372466683,-0.317898692
-0.763829827,-0.083407439,-0.592010133
-1.668480158,-0.81479311,0.854802647
-1.032762289,0.42602694,-0.768908958
1.580387235,2.116805077,-0.568331908
-0.005503181,-0.161929697,-0.123284612
-0.161873758,0.639860392,-0.821921516
-1.063948154,0.039886683,-0.855743318
-1.219516158,-1.209306717,-0.595461952
-0.669358552,1.442214251,-0.459159341
-0.778952837,0.054276966,-0.310348597
-0.265766799,0.727814436,0.116538973
0.665791214,0.971987307,0.473821956
0.226596326,-0.041184105,0.135882873
0.59670341,-0.004493203,0.367451054
-0.80258894,0.428431541,0.609330394
-0.121931873,-0.747886181,-0.295238209
3.599974632,0.955847204,-0.566635719
-0.462818712,-0.263261527,-0.026508139
-0.425850093,0.032144725,-0.730927819
-1.277443767,-0.097187348,-0.5098489
-0.331700146,2.937509298,-0.556955098
-0.572330296,1.181359291,0.026391116
-0.006261654,0.641597867,0.205319451
0.418898761,0.440869927,-0.057808514
0.140450239,0.299228191,-0.544852642
0.387337118,-0.30036658,-0.686801418
-1.622825146,-2.731780529,-0.148582144
-0.100907944,-1.509882927,0.822610523
1.569829941,-1.774538755,-0.081233211
-1.772165895,0.597464144,0.252530404
1.27526319,-2.315984249,-0.645566093
1.479563951,1.526581287,0.118348072
0.786025286,0.12358316,0.570569102
-0.294057727,0.154873103,0.057480692
1.530435801,0.740064561,-0.404664084
0.123963729,-0.155464754,-0.833875853
-0.336123884,-3.339548588,-0.733838542
-0.737529695,1.317568302,0.874642219
1.429702759,0.917324781,-0.404850202
-0.064781666,1.756421685,0.151000309
-0.556602538,0.85715431,0.91636432
1.880468011,1.514688015,0.174583155
-1.313898325,-0.047466148,0.347425928
-0.276892096,0.853470027,-0.918922603
0.518883228,0.125240549,0.945495416
0.873219252,1.07718873,-0.757177923
1.438034534,-1.713731647,-0.747116699
1.321086645,-0.886652827,-0.631188304
1.881920099,2.630898476,-0.214575454
1.318099499,0.052278847,0.530901022
0.975331664,0.059281997,-0.779768249
1.595104694,3.078585625,-0.684637118
-0.51215589,-1.501049757,-0.338409842
-1.554973841,1.916670799,0.395093566
2.618832588,1.137640834,-0.840032258
0.754169345,-1.348040581,-0.660874474
1.552083731,-0.264286995,0.346827674
2.802199125,-0.678311944,0.267837712
-0.413784951,-0.151863664,-0.937720232
0.18377474,-1.243863702,-0.98612138
0.577082455,2.650186062,0.651107399
0.211842805,-0.247809097,0.357339867
-1.216113448,-0.146277279,0.177890816
1.989648104,1.253971696,0.813783798
-1.532055855,0.954264939,-0.269112518
-0.788015902,0.072819129,-0.112420404
0.441071332,-1.035864472,0.020258844
-1.997254968,-0.664155006,-0.603120923
-0.58988744,-0.338233232,0.159840363
0.585023642,0.769497752,0.065576278
0.015867382,-1.13924098,0.001249377
-1.315848589,-0.123367973,0.582897077
-1.161896348,-2.1639781,-0.323734968
-0.466768026,-1.684401751,-0.069361531
0.401250362,-1.788299918,0.635434622
2.086522579,-0.830835938,0.095805058
-0.530408859,-0.508722901,-0.248399469
0.072118759,0.770521343,-0.435652818
-0.034964636,-1.098465204,-0.767365904
0.098906949,0.083682269,-0.979660504
-2.473553658,-1.251830459,-0.196924966
-0.442854464,1.610287547,0.779244225
-0.281385452,-0.535121083,0.778563233
-0.219012603,0.539398313,0.072824312
1.009109855,0.282281578,0.245458652
0.273143589,-0.593745589,0.965981647
0.864487886,-0.330113083,-0.831545391
-1.353824973,1.177617669,0.821938251
-0.182969868,-0.029087231,0.976164116
-1.229347706,1.065907478,0.73316115
-0.672692835,0.140771061,-0.713395962
-0.221143574,0.48552078,0.249388054
1.129261971,2.454558134,0.268122412
-1.398974299,-2.71742487,-0.031229603
-0.753973961,-0.039423026,0.765342683
-1.177553773,-1.310837269,-0.297599212
-0.246490523,-0.127125323,0.296578586
-0.209977657,-0.194869697,-0.64815782
-0.5453192,1.46628058,0.375100236
0.141051739,0.511355162,0.697893839
-1.919417143,-0.59417516,-0.73823545
-1.020368576,-0.525771022,-0.704297441
0.889731884,2.807754755,0.561578475
-0.719700575,-1.421975613,-0.792681397
2.113609791,1.313396931,-0.930991938
-1.641428709,0.041091926,0.285953347
-0.55610317,0.317343682,0.271373292
0.300181687,-1.247060537,-0.623269849
1.241127372,-0.20388943,-0.86995623
0.876959801,-0.812423468,-0.250665797
-0.90190208,-0.122175828,-0.296662164
-2.397541285,-2.443477392,0.599159824
0.202494726,2.30607748,-0.053241274
-1.437643409,-1.442526817,0.975099701
-0.925998807,-0.546597064,-0.350077483
0.462372005,1.28718996,-0.286537125
-1.931267738,-0.254234016,0.092758471
-1.129859805,-2.630164623,0.52224302
0.836224496,0.601462901,0.842940921
2.635711193,0.76761359,0.587820948
-0.548532724,2.378526926,-0.379331204
1.055497169,1.02631259,0.498788076
-0.039118893,0.727227569,0.539747402
1.043566227,-1.180709124,-0.641781003
-1.131242752,-0.324146837,0.341844525
-0.158657759,1.725381017,-0.154605195
-0.640515625,1.636427641,0.449496571
-2.977241516,0.198018849,0.121051468
0.322191477,-0.008074643,-0.797769961
0.18768616,0.834412336,-0.447862592
-1.104986668,-0.646143496,-0.765258844
2.907211781,1.451498985,-0.924095016
-0.666098833,-0.810135484,0.654169555
0.376977026,0.00011776,0.336066283
-1.875726938,0.460735857,0.460115004
-0.646952748,2.180412292,0.636251484
-0.091789916,-1.114472508,0.583419267
0.115890548,0.028111629,-0.20685513
-1.343101025,-0.518045545,-0.694450935
-1.870032668,-1.903664112,-0.596499172
1.486058235,1.29060936,-0.45127564
1.824271083,0.587013125,0.300435768
1.5549649,0.441419661,0.537682938
-0.202802837,-0.690601647,0.557344795
-1.476683021,-0.695665121,0.286786736
2.199008942,1.080729127,0.686670022
1.05809164,-0.271077991,-0.034516242
0.685065985,-1.245906234,-0.795458057
-0.693753242,-2.976041555,0.921683765
-0.264039516,0.126782238,0.553904541
2.725910664,1.824723363,0.741591976
0.449818015,0.924220383,-0.632601286
2.335502148,1.792218447,-0.862530861
1.645588517,2.446973801,-0.885431109
0.795834243,1.685621977,-0.73664275
0.554558575,-2.166371822,0.137898637
0.287469596,-2.328778505,0.97835919
-0.635124922,-1.195754528,0.308786291
0.693783045,0.620929658,-0.592724122
-0.289028764,0.808373988,-0.114957939
0.979300976,0.464033216,0.101395663
-0.694465876,0.683342695,0.805288986
-1.117726088,0.065530926,-0.493754935
-0.274501443,2.598366261,-0.114252437
-0.85309422,1.358014941,0.02629317
1.4704175,-1.836708188,-0.267529364
0.073323891,0.785625637,-0.301286478
-0.492640913,-0.673872471,0.680531861
-1.410076261,-1.226211071,0.12016928
0.507369637,-1.118756652,-0.358074224
-0.632800758,-0.435638964,0.136913402
-0.176124454,0.276067793,-0.153705107
0.210736394,-0.37462014,0.502320871
0.398884118,0.772446156,-0.844222059
-0.651375055,-1.493698955,-0.56503941
-1.603612185,-1.783351898,-0.037035627
2.083245277,1.30662322,-0.287315288
-3.176421404,-1.329543591,-0.182273499
0.344819069,-1.070146322,0.167776748
-0.022902817,0.8827824,-0.283226313
-0.502844095,-0.797300637,0.17184071
-0.806802273,1.23633039,-0.282786292
-0.316193432,-1.319176674,-0.118375952
-1.292366505,0.431691259,0.703794357
0.432626188,1.848147273,0.447972962
-0.832168043,0.553758979,0.538869707
-1.008555889,0.642738223,0.055173829
-1.735749125,-0.089901358,0.179096934
-0.171431333,-0.481700957,0.065095817
-0.349723041,-0.687576294,-0.700693809
1.286056161,0.790093005,-0.067676591
-0.60731566,-1.228028893,-0.969311609
-1.137210846,-0.623357356,0.776809652
0.817006707,-1.227624893,-0.947498272
-0.641424894,-0.886614323,-0.569469603
0.123412155,0.150414437,-0.076588899
0.223958328,1.237866402,0.679374047
-0.124032922,-0.758247733,0.309173094
-0.363967776,-0.376560956,0.493075819
1.592592955,-1.255658031,0.72298313
-0.169970289,-1.017280698,-0.955230997
-0.586079717,-0.589796901,-0.560962644
-1.650179744,0.689175725,0.16884083
1.676964641,1.043050528,0.117154185
-1.950576782,-2.462783813,0.229052283
-0.787804246,-0.006133884,0.701841267
0.460490227,0.704323649,-0.326578936
-1.796866536,-1.304191113,-0.823458858
-1.469058752,0.018101968,0.24869017
0.442132741,1.393636465,0.439905979
-1.023716569,-0.146693468,0.855051118
-0.294288009,1.564423561,-0.483496119
0.368340641,1.575181723,0.040912051
-0.023035185,2.32943058,0.909018773
0.706405282,0.910831094,-0.903741818
1.894326687,-0.654777408,0.454790786
-0.059292749,0.436249614,-0.346299713
-0.557203293,1.046417594,-0.229316463
1.191226959,2.414113283,-0.948325914
-0.586226285,-2.758926392,0.330230381
1.783252239,1.567776799,-0.175414252
-0.071827099,-0.389212698,0.197346863
0.370720863,-1.33725059,0.181755364
1.245299578,-0.467615485,-0.840468431
-3.144682646,-1.311017275,-0.738616646
0.455113769,0.533479035,0.715212346
0.890526235,1.127796054,-0.649092968
0.649540186,0.808974266,0.377491604
2.174448967,0.995841622,0.041399587
-0.323578447,-0.817310333,-0.839392836
0.391739279,0.402764022,0.65969184
-0.832843781,-0.466777414,-0.142426805
0.291594267,-0.031500235,-0.971209257
0.577368021,0.115050405,-0.169865628
1.615071058,1.145157099,-0.773327868
-0.019888241,-0.516640007,0.815504362
-0.753847599,-0.424229801,-0.902722202
0.38707909,0.564857125,0.45849246
-1.480644345,0.219442189,-0.87975479
0.849422514,0.380258054,-0.362343515
-1.364316583,0.138084054,0.216613642
-0.935020089,1.66139102,0.877180042
-0.439262331,-0.405107617,0.327430903
0.522793174,0.140049502,0.647404105
1.235593915,0.974651992,-0.972840999
0.204939052,-0.4770585,0.740247721
-2.466616154,-2.427317619,-0.695820643
-0.222436056,-0.829338908,0.954266629
-0.571717381,0.435724676,-0.134318141
0.358174741,-0.808478236,-0.692616584
-1.194598675,1.331515908,-0.511271503
0.386503518,-0.823067069,0.608220074
-2.335132599,-2.165316105,-0.600304926
0.882999778,-0.368234396,0.517490548
-1.756329656,-0.988555312,-0.975051316
-0.311473459,0.541414738,0.021558892
1.954104543,1.562082887,-0.717905929
-0.278960586,0.839466572,0.740626458
-1.710068226,0.753400028,0.777541168
1.709725142,0.087279335,-0.862153664
-1.206870556,-0.290160894,-0.175929266
2.386715651,0.550066233,-0.061549473
2.117154598,0.43912223,0.830527529
0.001560856,-0.366496861,-0.688969425
-0.248623669,1.997568607,-0.038925138
-1.231777668,-2.661484957,-0.937066674
0.588234961,1.386660814,0.906566927
0.11521621,-0.651108861,-0.032447645
-0.109213114,-0.943670928,0.607204248
0.300211608,-2.279124975,-0.610626384
-2.070851564,-1.146249294,0.947797741
0.113745488,-0.528597414,-0.516068994
-1.231498837,-0.416374683,-0.203684254
-0.10096015,-2.531777382,-0.321068576
-2.023730278,-1.142022133,-0.832655048
-1.055667281,-0.53707701,-0.670395362
-1.099956989,0.26916188,-0.852364473
0.425498903,1.842149019,-0.837530989
0.64692831,-1.861831665,-0.021616991
0.202645108,1.137183189,-0.970732202
0.751525998,0.636574507,-0.408355779
0.194439992,0.34725523,-0.399766425
-0.382938623,-0.201243326,-0.178688255
0.022608794,-0.183462471,-0.691156142
-2.308364391,-0.861168981,-0.004019261
2.471155882,2.778429508,0.126634688
1.390200853,2.105763435,0.172634296
0.93607223,-0.585413814,-0.503307978
-1.516861081,-0.355996519,0.997593755
-1.224992514,-0.543332994,-0.915569561
-2.181580067,-2.885789394,0.495361612
1.127185583,2.540378809,-0.469331968
-1.254735231,-1.577087641,-0.259096988
-0.883701861,1.450463772,-0.039442721
0.303622067,1.286523104,-0.942612578
0.232017204,0.000378985,-0.503990412
-0.888136268,-0.262893766,-0.926749884
0.247630134,-2.37079525,0.654122098
0.851630628,0.655281544,-0.070452731
-0.459659576,-1.171353579,-0.340019574
-1.370482683,0.606233239,-0.274275459
-0.223917156,0.224186391,-0.209250613
-0.442379355,1.516288757,0.364544168
-0.760231912,-0.696495771,-0.505000465
0.652433157,-0.173254535,-0.890934045
2.138892889,1.171455622,-0.925988664
-1.365263581,-0.287949622,-0.203683405
0.805489302,0.883046627,-0.178657908
-0.073662102,-2.016225338,0.05193392
2.021432877,-1.08812952,0.653105417
-1.139428854,-1.322762012,-0.457555601
0.288013577,-0.548638523,-0.286203062
1.144449949,0.811407804,0.87970792
-0.701392829,-1.004608035,0.491532305
1.634572029,0.731759369,0.906793995
-2.028125763,0.073287815,-0.764968346
0.419193625,-1.164704323,0.767917719
1.630362272,1.593836308,-0.096508155
2.257235765,-0.464052677,-0.074170393
0.587978959,-0.632043183,0.668340092
1.49341619,-1.528174162,0.873637498
0.797517896,-0.602355957,-0.283376738
-0.07561215,1.58436799,-0.601160515
0.745320857,1.094433188,-0.452877044
0.086745344,0.613731682,-0.432403799
-1.306010842,-0.964458227,0.761550061
1.139076948,-0.200004995,-0.112675593
-2.059745789,-2.208598614,0.814566336
-0.273441225,1.598216295,0.766664151
-0.204332292,0.684750617,0.318186139
0.597468436,-1.199223757,-0.993062345
-0.75985539,-1.046603441,-0.65807476
-0.721085608,0.329697788,0.496269384
1.948760033,-0.184460074,0.691884635
0.974379897,0.120892636,-0.207998972
-0.578859985,-1.060205102,0.305513773
-0.77524209,-1.359447479,0.126893478
-0.351724982,-2.145354748,-0.961613846
-0.305227339,2.531260729,0.045838378
0.262707114,0.136840135,0.132783492
0.188992769,0.965451956,0.672517036
0.008944094,1.11152029,-0.531866594
1.91749537,1.311449289,-0.668106891
0.124434017,-1.65364027,-0.570875935
0.996782005,0.313999861,-0.006735689
0.200811118,0.703311145,0.58977765
0.64287895,-0.629083037,0.646708792
-1.723073959,0.865413606,-0.368202935
0.194067329,1.671289682,-0.047954896
1.685618401,0.30061841,0.377487411
0.112397298,1.599498272,0.864810082
-2.091295958,1.723700881,0.748419047
0.61586386,-0.780776024,0.346714679
-0.086401865,0.616200507,-0.325715555
1.102752566,0.553395927,-0.656218904
0.885872722,-0.583445966,-0.970385517
0.591726184,-0.576931238,0.340014123
-0.090314567,-4.358328819,0.851588309
1.172701836,1.772164345,0.930706089
0.29794243,-1.589134216,0.671459319
0.970024049,0.286657125,-0.05626176
-0.417159379,-0.334886849,-0.748790589
0.250279963,0.208688051,-0.953322194
3.009788036,0.856528759,0.641089372
-0.346409023,0.297915667,0.364553665
1.241289854,0.407361597,-0.494107107
0.240423113,2.644126892,-0.70746497
0.449803084,-1.488473177,-0.933210631
-0.165808022,-0.535260677,-0.624616882
0.372704029,-0.407302648,-0.105132875
-0.798466802,-1.206375837,0.795675443
2.688183308,3.169265985,-0.101082612
-0.436541975,-1.290024996,-0.894418274
-0.07547757,0.468310654,-0.567460844
-0.815769374,1.803067446,0.720047439
0.609952211,2.295244217,-0.206179546
-0.091968223,-1.384945512,-0.582903272
1.227885604,-2.283912897,-0.586289143
1.029006362,-0.804236412,-0.082819193
1.841722488,0.704441667,0.337856024
3.526403427,1.342201471,0.950833311
1.132219791,1.177305579,0.700904406
-0.447660804,1.630434275,0.171601811
0.560053706,-0.557962179,-0.253543566
-2.300967216,1.243041515,0.70217586
-0.435432732,0.596145153,-0.942952587
0.960108161,1.431786537,-0.621595048
-0.226509452,-1.735405445,0.581610204
-1.0929811,-0.535416484,-0.333112533
-0.374527454,0.720014155,0.460488016
-0.373632222,-1.440134048,0.041870571
-1.76291883,0.013043828,-0.244962212
-0.924039245,0.301915348,-0.382326571
-0.338177383,-0.199993759,0.197076529
0.737827659,-0.323777407,0.00931492
0.182930931,-1.358335733,-0.10815425
-1.445916295,-3.051038265,0.038181844
-0.346153855,-0.110174939,0.477270426
-0.303534657,0.401491195,-0.165284704
1.637090564,-0.50601548,0.698908314
-1.840245247,-0.619680643,0.529347335
0.568917513,-0.566372275,-0.534248048
0.235796392,1.233820915,-0.397605482
1.174861908,1.932599187,-0.612577231
1.212305069,1.539040089,0.480401138
0.891639352,0.894015431,0.143658039
-0.261752009,-0.67721051,-0.189216814
-3.196022511,-0.51201117,0.028877216
1.223114491,-2.258183241,-0.436460352
-1.235097647,-0.219549417,-0.919414505
-0.614672661,-0.758512616,-0.727088231
-1.364614248,0.063647188,0.691755871
1.046049118,-0.703787446,-0.352959274
-0.240489379,0.895435572,-0.23615314
-0.554831922,0.041330624,-0.368567824
1.025747776,-0.38188532,0.384979238
1.58866477,-0.682632387,-0.010966735
2.729550838,-0.737307668,0.596216179
-0.840281725,0.578141093,-0.627007418
0.071036913,0.511759639,-0.811583529
-0.444805622,2.166537762,-0.207885686
-1.591369748,-0.087163866,-0.091576479
-0.413329184,-1.315324306,-0.763594324
0.202123076,-0.103973456,-0.316639191
0.560458899,0.735716939,-0.303870843
2.210778713,0.830492735,-0.304791549
0.464127302,-1.159985065,0.309347417
0.053362999,0.28702116,0.624653958
-1.569447279,-2.35244894,0.131819064
-1.556705117,0.082379371,-0.238355263
-1.646291852,-0.215152249,0.467087327
2.13188076,0.994488001,0.518830959
0.097227067,-0.030425705,0.388509672
-1.437315702,-1.068566084,0.483314285
-1.236624002,0.276822209,-0.099824654
0.813672781,-0.233206898,-0.949172688
-0.042521901,0.043781996,-0.774197379
-0.12440376,-0.835810006,0.535691143
0.961183071,-0.124492623,-0.456275663
-1.13896215,-0.312990308,0.285075648
0.699280083,0.108635835,-0.948714823
1.857242346,1.650007963,0.382820116
0.363841265,-2.09475255,0.079068883
-0.522401989,-0.560434878,-0.604223814
-2.697724342,-0.806206703,0.334354218
-0.277870834,-0.785890639,-0.543744242
-1.5535568,-1.642029762,-0.519057958
0.185719311,0.433098882,0.028763673
-0.040163033,0.046664696,0.763859462
2.113124609,-0.894096494,0.143481246
0.515794516,0.440650105,-0.454808514
1.186527967,0.243408456,-0.775994683
0.204133585,-1.593365908,0.385930559
-0.32367754,-0.699254811,-0.391194343
0.840170622,0.873847485,-0.437291391
-0.130443364,-0.818862557,-0.062711727
-0.613533556,-0.536093593,-0.907730307
-0.182586819,0.689085126,0.146261761
-1.661482334,-1.001266837,-0.457789024
-1.331887603,-0.501748621,0.599137785
-0.755169034,-0.323284417,-0.004659645
0.057115778,0.330037236,-0.623520471
-0.8598212,2.016610146,0.366335012
0.136126786,-0.213000089,-0.823904726
-1.125228643,-0.69548738,-0.442155217
0.204479024,2.366117477,0.417500222
-0.225857675,-0.182768077,0.422433249
0.899010062,-1.291909456,-0.196726878
-2.904863834,-0.621978045,-0.734000751
-0.711815715,-0.977033973,0.523805861
1.057954192,-0.132379472,0.73931216
-1.219523668,0.723224282,-0.405212369
1.53673315,0.084061973,0.066480692
1.748716474,0.616024017,0.606332005
-0.074559599,-0.480419517,-0.287898747
1.089521408,-0.110289946,-0.062117125
-0.83705461,-0.722442985,0.594821395
-1.925035715,-1.163688183,-0.427741208
0.11081969,-0.308518112,0.060071095
0.091296226,0.261951685,0.032823276
0.096644074,-2.059955359,0.372958118
0.332199097,1.351656437,-0.117788037
1.254084826,-0.049961217,0.838677809
0.260416925,-0.08712282,-0.340317857
0.486037612,0.657250106,-0.457821167
-1.336916685,-2.876029015,-0.606393851
1.595834494,-0.069062099,0.057059088
1.135619164,-0.167062536,-0.072595584
1.225357294,0.332930386,0.871273794
-0.69273901,1.310726285,-0.76379074
-0.898289859,-1.274353027,-0.719902444
-1.322404861,0.572165489,-0.600178725
-1.16121161,-0.509389639,0.4291733
2.066476822,0.118814088,0.127138374
-2.027775288,-0.776775002,-0.117867276
1.048519254,0.523027182,0.577757544
-1.135242224,-0.590328097,0.671549334
-1.505546689,1.731522083,-0.457200189
1.163504601,1.271283031,-0.760418173
-1.95748353,-2.465052605,-0.945754427
0.105804503,-0.344942421,-0.108114735
-1.448006392,1.799347162,0.860487431
0.109058216,1.066176057,0.28503662
1.291853189,1.097582102,-0.926757993
-2.626259327,-2.724399805,0.623876654
1.533595085,1.533824563,-0.067834233
-1.733662486,-0.46201846,0.96594662
0.112940654,-3.088429451,0.683756249
2.226142883,0.129279867,0.15144489
-1.502603054,0.832929671,-0.452777016
1.471826792,-0.118096307,-0.247352452
-0.738253713,-0.000736475,-0.511263283
-1.79621768,-1.070848703,-0.839166725
-2.539117575,0.115482904,-0.462696805
0.291029572,-0.94193542,0.434345141
1.680002928,-1.062370896,-0.384263023
-1.168758154,-0.820449352,0.338120077
-1.969762564,-1.114035368,0.842648698
0.042207602,-0.079546511,0.360663096
0.732585549,0.814750135,-0.443539444
0.670295477,-0.259448111,-0.837525339
0.786002398,0.601836562,0.539878577
-0.037585981,0.125846162,0.367871406
1.180258751,-0.689066291,0.842952221
-0.886525571,-1.169408083,0.319685816
0.807930946,-0.178424805,-0.631055586
-0.120616056,-0.694068432,0.676042451
-2.273851871,0.778292418,0.674383554
-0.174417466,-0.343799174,0.183102459
0.129273728,-2.314317465,0.726206288
0.329647064,1.761548281,-0.150023544
-0.318682075,-0.810399532,-0.317298151
-2.014202118,-1.61127913,0.016965453
0.651555598,0.390825212,0.420585732
-3.080426216,-2.168330669,0.431233261
-0.537514746,-0.208304927,0.459207076
0.080193281,0.068312451,0.240148626
0.347441703,0.791930318,0.202187083
-2.154582024,-0.461328804,0.178820299
-1.891337872,0.995900154,0.844866685
1.02181077,1.092030048,-0.464199346
0.380225956,1.377612829,0.301532541
0.07399679,0.05394727,-0.349418229
1.360254288,-0.699923098,0.305192949
1.157160163,0.44055739,-0.338341263
-3.034550667,-0.683677554,0.401457705
-0.679889143,1.039218664,0.946646873
0.836315036,-0.209461808,0.056466784
2.695559025,1.030636549,0.131649393
0.02525495,1.999604821,0.640436707
0.168537736,0.101961054,0.814304562
-0.714775801,0.387312174,-0.754035671
0.075652093,1.217365623,0.483515249
1.382906437,1.042322397,0.390581937
0.32811287,-1.748847246,0.990750637
-0.927313387,0.382294238,-0.616731683
-1.613033772,0.684135795,0.72721628
1.76931715,0.601127148,-0.89090562
-2.039200306,-0.724253953,-0.139889107
-0.707917392,-0.241549611,-0.483116936
-0.854831994,-0.94360888,0.800160193
-0.79279691,-0.524628699,0.428170699
-1.819417953,-0.634819746,-0.155227243
0.947850525,-0.450708598,0.096901301
1.154689789,1.117239356,0.415779058
-0.449839503,-0.873024106,-0.38217582
3.984960556,-0.258889914,0.543886814
-0.915766418,-0.222824484,0.879980646
1.308584094,0.273369819,-0.057137067
-0.821867168,0.619263053,-0.534393869
1.015628815,-1.465399742,0.215090787
0.441962183,0.467212737,0.568688826
-1.135191441,1.15585494,0.124634206
-0.740182877,3.25285387,0.409563202
1.254729509,-0.645539761,0.13685227
2.935312271,-0.219649643,0.493636421
-0.066055357,3.52022028,0.721990423
0.112238318,-1.339443684,0.529488225
1.16363132,2.100834846,0.403635409
2.467134476,0.03182748,0.433737534
0.256513834,-0.284025908,-0.059338617
-0.286602229,-1.036419868,-0.842305282
0.885463893,0.30487752,-0.819325757
-1.179994226,-1.492091417,-0.349297
1.75020957,0.635832071,-0.457333908
0.938520908,-0.542466164,0.720310742
0.437914193,0.18220976,-0.157646278
-0.098675825,-1.496548176,0.271149735
-0.384875,0.725970149,0.32629684
-0.596728325,-0.671948671,0.063946558
0.952942312,-0.831485152,-0.538590814
-0.446058929,-1.568261147,-0.39687023
-3.453992367,-2.112880468,-0.532851325
-0.854652643,1.533243775,0.170842749
-1.064576387,0.251439422,-0.805174562
-2.641152859,-1.338712692,-0.383073381
-0.828850985,-0.456942052,0.943727715
2.05759573,0.710475802,-0.315398051
0.99651593,2.412590504,-0.740697293
1.781175375,2.832345486,-0.374932495
2.78264904,0.873658299,-0.928085647
-1.988745213,-3.393679142,0.231635858
-1.086628199,-0.856700659,0.845680298
0.121051118,0.000815786,0.468134025
0.861846089,-0.00244458,-0.897878796
0.043959297,-2.097658873,-0.29184617
1.445921063,0.8158499,0.909398203
0.06928958,-0.38790673,-0.930533592
0.572581053,1.683366537,0.062126899
0.90890348,-0.91020751,0.724542615
0.719148159,0.801307678,-0.393889869
1.739195585,2.072315216,0.209545103
0.652480364,0.236544177,-0.395423233
-0.415417731,-0.073366344,0.505454564
0.446707904,0.680693805,-0.637275184
0.330227852,-1.0884974,-0.416099618
-0.095716335,0.412809402,0.036178017
-0.838581443,-0.694100142,0.032319606
-3.206748009,-0.723228216,0.409402345
-1.903967738,-1.344011307,-0.794486541
-1.435471058,-1.715054631,0.181644004
-0.483332723,-0.305244952,0.060479545
0.628748655,0.818611622,-0.267066709
-1.616384506,0.833549976,0.063947178
-1.072649717,-0.014707424,0.235930119
2.046649218,-0.109389737,-0.420979939
1.289029121,0.495154768,0.816400538
-0.580651581,1.184421659,0.399357843
0.873650849,1.093634605,0.869287564
2.455185413,0.748753071,0.734991315
0.379698753,-0.015443798,-0.665485752
-1.388284087,-0.797374964,-0.27726871
0.967179,0.473965287,0.837700167
0.465069413,-1.140437126,0.630471197
-0.966289163,-1.15194881,0.003334658
-1.118450403,0.375320554,0.370900199
1.165000796,-0.596618652,0.412499716
1.993879795,2.55004096,-0.013718139
2.360375881,0.770462155,-0.855101617
1.893271565,-0.089898616,0.684565275
1.792341232,1.117675781,0.951867519
0.093718447,0.399465352,0.888093133
0.630327404,-0.388485968,-0.779717342
-0.658260107,-1.100443125,0.817821625
0.204094887,0.913260639,-0.285442867
0.556264639,1.1989398,0.572390317
-2.356408119,0.484766126,-0.805965756
0.550259471,0.263882607,-0.147012605
-3.271859646,-0.230256215,0.053659887
-3.146164417,-0.038877584,0.779194163
0.111591771,-0.461128116,-0.547770056
-0.80680877,1.327928305,0.84552407
-1.895506144,-1.279830098,-0.232368188
2.07246995,0.707576096,-0.199893354
-1.156046867,-0.642752171,0.160319274
-1.259083509,0.587577164,-0.158490162
0.876418471,0.269055814,-0.78617054
1.476065874,0.760506928,-0.678302884
0.713991106,0.893435121,-0.559810845
-0.411325723,1.332174778,-0.883911921
-1.332257032,1.148528099,-0.358676451
-1.167067766,0.136040539,0.270448739
-1.291263103,1.242474437,0.462499151
0.459944069,-1.819860578,-0.481404816
0.469358534,-0.132148117,0.263755298
2.628457546,-1.806043983,-0.652845046
-2.495474577,-1.66396904,-0.490115433
0.338260293,-0.296242207,-0.302443366
0.700026095,-0.493492782,-0.056345851
0.826130211,-1.578402758,0.945314257
0.015580246,2.008237839,-0.094190724
-0.191886276,0.528800488,-0.472200735
-0.57244581,-0.43193385,-0.79799535
1.972052693,0.938118815,0.754145205
-1.055316448,-2.998816013,-0.983504766
0.72973603,0.442040205,-0.661239835
-0.454459518,0.870606184,-0.98409911
-0.184894904,0.099690586,-0.499143509
0.704206109,3.450749874,-0.403057979
1.42532897,-0.779398739,0.675570537
0.122207046,-0.466858625,0.714731381
-0.726815581,0.340426028,-0.604132093
-0.679262877,0.258426398,0.822054874
0.349805474,0.519504964,-0.741178186
-0.010309868,-1.25739193,0.085214868
0.388997614,1.142392516,0.855605978
0.711563468,0.345128149,-0.535126707
1.362024426,1.767016649,0.668900212
0.754064679,-0.002555087,0.949591177
0.099127814,-0.173739761,0.025139246
0.820775151,-1.004781485,-0.134331082
0.433691651,1.795914054,-0.332073635
1.053212285,2.563993931,-0.120756621
-0.428000391,-1.198563337,-0.679780295
2.316305876,0.616545141,-0.162923368
0.413712084,2.136497498,-0.921365232
-0.441740364,-1.648756742,0.306645172
1.377545834,1.767009497,0.175530456
-0.479544401,0.086836413,0.273340152
0.422759771,0.257354558,0.674579532
0.174317047,0.755859852,0.925539521
-1.672022104,-1.718905926,-0.26176033
0.128907442,-0.068352632,0.30768975
-1.191404939,-2.170698166,-0.119322128
-0.810300827,0.245285317,-0.633103853
-0.190658718,-1.064100742,-0.140451766
1.229614019,0.069615737,-0.490779845
2.600270033,2.198046684,-0.427075273
-0.22638005,0.816518784,-0.690396483
-0.891333759,-1.78786087,-0.970987583
-0.332722336,-0.47413078,-0.083427145
-0.720798612,-1.164454699,0.091748059
1.308818102,-0.168936878,-0.301770926
-0.547010899,-0.410055071,0.891790977
-2.665864468,-1.017615676,0.205401655
-1.798734546,-2.385710239,-0.372198946
-1.255570889,0.342579216,0.679009395
-0.079898089,0.184772238,-0.735762593
1.171238184,0.966979265,0.581434199
2.028501987,0.709643006,-0.59322351
1.009381294,1.456493616,0.778983397
-0.659332275,-2.362493753,0.152945013
-0.450507462,1.347901344,0.161336532
1.844279766,1.96085,-0.870409892
-0.51340884,-0.913950026,-0.539924187
0.435715646,2.050781488,0.630476184
1.165431023,0.4947896,0.551807061
0.941552043,1.052295208,0.163412518
-0.689359009,-0.137358725,-0.83398635
-0.049332671,-0.305628479,-0.108391083
-0.174123228,0.543644667,0.499771134
1.230461359,0.435848773,0.899369427
0.071405195,0.281995773,-0.661572124
0.574831307,1.622130632,0.708341623
-1.182180882,-0.118294626,-0.942532635
0.510707021,0.15880473,0.910298022
1.024654865,-0.576883197,0.021482167
0.31924811,0.106949955,0.768082042
-0.756874204,-0.292994678,0.51384498
-1.567067146,1.156936288,-0.33663509
1.214218616,2.131698132,-0.203115595
0.089109592,0.963146389,0.843140382
-1.298656702,-0.814170361,0.429222369
0.980624139,0.401853919,0.242630031
0.489211142,-0.018883798,-0.426780039
-0.705863476,0.999428868,0.267168858
-0.011373416,0.626475155,0.694210074
-0.293204665,-0.519293785,-0.248109982
0.071714431,0.517718196,-0.569930881
-0.92631954,0.958442688,0.088698571
0.316169441,0.671318889,0.460604347
1.332919836,0.598159432,0.865650436
0.516334891,0.138663247,-0.644804269
0.721012533,0.059386574,-0.326248791
-0.425966054,1.593844414,0.976841579
0.370176911,0.1773711,0.206965059
-1.889436483,-0.554321766,0.02598605
-2.550304651,-0.075688593,-0.075403391
-1.078903913,2.006396532,0.931908208
0.040004544,2.150882244,-0.640463463
-1.520353556,0.58540976,-0.376158736
0.304738343,-0.214856654,-0.014310019
-0.166300073,-2.536057472,0.824374179
-0.226507992,-0.830055475,-0.317974588
-2.086742401,0.146221891,0.219875425
1.903415442,1.381987095,-0.184823735
-0.347369313,-0.132987976,0.364254111
-0.8409127,-0.446525902,0.498537548
0.169944376,-1.425094604,-0.823890341
-0.017361522,-0.12125995,-0.007640527
-1.841210127,0.589196384,0.757252646
1.460941076,0.707706869,-0.267655534
0.098924965,0.670638621,-0.37646607
-0.913550377,1.166054964,-0.239838633
0.224227607,2.862904549,-0.440185301
-0.027145211,1.923346996,0.609386327
-0.612741351,-1.182309508,0.745475015
-2.888516903,-0.35255146,-0.108448609
0.10443037,0.017515836,0.006963329
0.657724261,-0.042161807,0.929050941
0.988139331,-0.50789535,-0.506667521
-0.157740235,-0.954785883,-0.056105029
1.118881702,-1.005871534,-0.024894568
-2.749168873,0.101175308,0.121031402
-1.393211126,1.107647657,-0.594363077
-1.136743546,-1.879918098,0.719307652
1.041991949,0.444025755,-0.130503515
-1.753670454,0.940198898,0.348715909
-1.234638214,-0.227373213,-0.726504486
-0.025458697,0.576857209,-0.268724861
-2.297933817,0.99050653,-0.424948242
-0.714516044,-0.300205082,0.360163746
-0.506236315,-1.242817879,0.531144975
0.348027498,-0.399916172,0.643804253
-2.286169052,-1.569638491,0.818054566
0.141307443,1.695859432,-0.904513323
0.277907342,0.040957235,-0.44240538
-0.472164929,1.540004969,-0.211544896
1.850979686,-0.718019307,0.409280216
-0.007910013,-0.952025533,0.38725817
-1.6799438,0.070462711,-0.482738474
0.30780834,-0.269013077,-0.966480385
0.394384772,-0.450465858,-0.868261321
0.620207191,-0.919921041,-0.852488816
0.086975545,-0.942427754,0.258553554
0.997077227,0.280265957,-0.762948856
-0.087896034,0.087528393,0.425158846
0.503858805,-1.644654751,0.355968972
-1.153067112,1.271226883,-0.71332534
0.795464694,0.162494063,-0.125530789
-2.16311264,0.048818365,0.041493445
1.367711782,-0.353856325,0.603234229
-0.98564136,-2.230160236,-0.536546572
-0.293071836,-0.82853812,0.864262894
1.225124836,0.782275677,-0.871310508
-1.547646284,0.643223584,0.709518134
-0.356244951,-0.886408567,0.524891358
0.130419239,-1.263321638,-0.719447149
0.651362777,-0.748967826,-0.958211534
-0.753044069,0.787537813,-0.638436652
-2.141255856,-0.07544139,0.205980045
0.309649438,-1.026234508,-0.217641495
1.51740098,0.521380484,-0.937510105
1.775011301,-1.735250354,-0.654107697
1.61777246,0.689285755,-0.810661049
-3.240421772,-4.302128792,0.160455334
1.152611613,0.45999375,0.203638431
-0.982346594,0.935065389,-0.048273038
2.541830063,1.581548929,0.841914075
-0.113201395,1.503777266,-0.39065235
1.29590106,-0.022995505,0.746070861
0.165145725,-1.053465486,0.744052556
-0.825627089,-1.790252686,-0.662448264
2.146976471,1.559535742,0.471493014
-0.414026111,-0.849290192,0.45976984
0.324944139,-2.029675722,0.446074576
1.034331083,1.875921488,-0.780876038
0.304647475,0.131773502,0.01799606
-0.02015914,-0.167928755,-0.050010701
0.472093761,-0.651959598,-0.731449615
0.200913787,-0.839200377,0.756595997
0.367911577,-1.389832854,0.08473163
-0.438390791,0.330643713,0.98438112
1.092646003,-1.950208783,-0.230479726
0.459003061,1.316060543,-0.02997745
-1.21342659,-2.766373158,0.129077156
-0.389356852,-0.255542815,-0.522822015
-1.243131399,-1.421271324,0.254552474
1.648783684,0.913176,0.088999741
0.285862267,-2.411388397,-0.082406595
0.546072483,2.714757919,0.491644781
-3.12442112,-1.185002923,0.717652681
0.785487831,0.566070735,-0.956537274
-1.587591052,-1.530321836,0.147235809
-0.431991816,-0.075289257,-0.977531134
1.316264868,1.174615145,-0.063351972
0.28620249,-1.73099947,-0.393794648
0.947244883,1.391111135,-0.116294224
1.206828952,1.010759115,0.06901521
1.481806159,-1.097837925,0.839280979
0.220406607,-0.086764708,-0.793705549
0.5774436,-0.58645761,0.159879162
-0.279211491,-0.467088223,0.158653439
3.048267365,-0.307555169,-0.359666509
1.049551368,-0.267025977,0.278282084
1.077568412,0.289773792,0.826317137
-3.982885599,-1.240576386,0.527385519
0.276881069,-0.704689503,-0.985668025
1.728550076,-1.110646486,0.467452579
0.382349223,1.848776102,0.602288796
-0.722853601,-0.023445614,0.408987089
0.294350207,-0.36757797,-0.167342444
-1.329745412,-0.405942142,-0.245768995
-1.141009688,0.341753155,0.671626158
0.338997722,2.077399492,0.20836053
-0.754555404,0.149315774,-0.115743549
-1.113688946,-0.260081291,-0.39513216
1.889138222,0.996482313,-0.263101028
0.607829988,0.676872492,0.935055851
0.237311542,1.605567694,-0.430989607
-0.842123628,2.274188519,0.954462712
-0.264019281,-2.129355192,-0.758842981
0.155807316,0.245046154,0.433696029
-0.424058437,-0.73448503,-0.649539945
2.552980185,0.678469896,0.521595053
1.716435552,-0.562256157,-0.712153498
-0.013764117,-0.775607109,-0.835990655
0.94835943,0.092639245,-0.974852398
2.312320232,0.383934528,-0.737070321
0.904480934,0.102883354,-0.5054347
0.580538511,-0.619629622,0.276239059
1.178342104,0.734562814,0.45447716
-1.213799477,-0.795928359,0.646527968
0.049922623,0.358326614,0.999309116
-0.501006305,0.630231023,0.554292638
0.561362445,0.042115215,-0.541273218
-0.93078512,-2.448571205,0.752970546
-0.80956161,0.631955385,0.990366772
0.248248458,0.866740227,-0.804215708
1.33171618,0.544183314,-0.671041674
0.09907636,1.437550187,0.863552598
1.196998119,0.953472018,0.489701669
-1.432193756,-0.724200368,0.935176441
0.10039489,0.149644181,0.707552692
0.346927345,0.848660231,-0.120009221
-2.107718945,-3.899798632,-0.032210387
-1.260424614,1.079086423,0.427336315
0.959713936,-1.625189543,-0.307706521
-1.326930165,0.837411404,-0.714316908
0.191230193,1.030440807,-0.908503098
-1.562031388,-0.131406218,0.738239752
-1.187868118,0.078795612,0.888066932
2.661150455,0.483256817,0.839206712
-1.699103117,1.284157038,0.359495977
-1.228141069,0.359858692,-0.360667788
-0.622749984,2.13111186,0.46945845
1.353820324,2.443641186,0.060278335
0.727628052,-0.738837004,0.388327626
0.410867453,1.276959896,-0.064066011
2.515220881,0.817811131,-0.980870566
-0.1753598,0.364287019,0.56535258
-0.331221342,1.271282077,-0.326982077
-0.489629388,-0.957313001,-0.695416889
-0.210527152,1.858495951,0.770471563
-0.074939847,-1.503679037,-0.94691008
-1.061713576,-1.07969141,-0.357372638
2.090255737,0.135239273,-0.813479492
0.865959287,1.499233723,-0.298482865
-1.156521678,0.297068059,-0.966880685
0.196977004,-0.01051899,0.189018613
0.043752044,-0.899649382,0.267419848
-0.611037672,-0.550690174,0.01560512
2.208343029,0.820006192,0.134367805
-0.11724177,0.28942734,0.833128209
2.099377632,0.968500972,-0.446238835
0.428504169,0.951432228,-0.787572526
1.328815103,-0.466533482,0.80098356
-0.176519573,-4.635573387,-0.362350689
-0.307333767,2.124181509,-0.064232119
0.344241112,0.493166834,0.400829683
0.888991714,-0.796525836,0.0921772
-0.148395017,0.187957525,0.111316962
-0.561204553,-3.471932173,-0.017733663
0.81686461,0.250270367,-0.600986612
-0.550927043,-0.534382045,-0.075065651
0.127635956,-2.402466774,-0.077762633
-0.530833006,-0.429479837,0.100903602
1.648250103,-0.739016116,0.094132856
-2.06581974,-0.374877632,-0.837338414
-0.22626695,0.047408,-0.789936061
0.402207166,-1.0220927,0.645275872
2.088355064,1.032593966,-0.86980664
0.588612795,-0.299831003,0.130789192
2.443266392,0.121077389,0.661734791
0.14522098,-1.414253473,-0.271621744
0.822404623,0.911979795,-0.134759521
-1.314334035,-2.001611471,0.946234335
0.616076112,0.839123905,0.074762603
-1.331420302,-0.008499701,0.711404568
1.669502735,-1.318653345,0.135974403
0.462389708,0.282235324,0.642860128
-1.749672771,-1.92609787,-0.907781148
-0.570037484,1.352672935,-0.244821664
2.242032766,1.355608225,-0.544750003
-0.661131442,-0.252334446,0.593989654
1.235810041,0.306747466,-0.241749241
0.511824727,-0.183523253,0.738819177
0.006540366,-1.743103385,-0.123969278
0.843041778,1.830277205,-0.463667784
-1.101086974,-0.234140843,-0.494722251
-0.043134693,1.000824332,0.898567988
0.703528166,1.954829812,-0.268225587
-1.50037837,-0.32735008,0.439425015
0.229445338,1.038850069,0.492542194
-0.894581199,-0.462261021,0.58012481
-2.105659962,-0.580115378,-0.401131991
2.063865662,0.860869646,0.561604612
0.091358617,-1.207796097,0.453408481
0.824854255,0.973286867,0.012106696
-1.312605858,0.411185384,0.636598766
-0.290775061,-1.497300148,0.037850766
0.247005954,2.259248257,0.12162352
-1.792467356,0.069769308,0.016579269
0.905481458,2.711910248,0.653153546
-0.3553783,-3.014074802,-0.386043557
1.945683479,-0.208633959,0.164790083
-0.579933941,-0.49836418,-0.493840118
0.219814628,2.450658798,-0.327516862
0.280026674,-0.039716482,-0.942831251
0.372012556,-1.30172801,-0.256500415
-0.714564443,-0.135504529,-0.714312396
0.939548135,1.448703289,-0.366015371
-1.505058527,-1.830919147,0.056548808
-3.063389063,-0.237661138,0.403731595
-0.095519237,0.240042791,0.169895664
-0.457824022,-1.6177001,0.184003805
-0.550225139,0.632419109,-0.404017708
0.56525135,0.17825219,0.883572721
1.571113706,1.176504374,-0.684381653
-0.850565732,-1.060076237,-0.230138185
3.592456579,2.396867514,-0.291002028
-1.426135302,-0.319924891,0.40014614
0.152150005,1.251741409,0.467429107
0.743170977,0.143049419,-0.488224393
0.225931361,1.651434422,0.257373949
1.984414458,-0.668130577,0.296073431
1.232071519,1.187118173,-0.84148875
1.146377802,-0.196358621,0.79106758
0.102404542,0.817086577,0.206177697
0.999483883,1.127285004,-0.455116603
1.434833646,-0.619673491,-0.622005779
-1.0579741,0.883080244,0.849579533
1.756666422,-0.142054126,-0.38374953
-0.299634665,1.148133874,-0.287246639
2.172301292,0.393213928,-0.61758525
1.947575331,0.813725233,-0.458548204
-1.036587715,-1.397521973,0.784780541
0.594162226,-1.546419859,-0.154174401
1.285334349,-0.263171017,-0.841962177
-1.502082825,1.532667398,-0.770665024
0.293219835,0.411303341,-0.903705382
-0.191693917,-0.150633246,0.476965754
-0.097489744,-3.107040882,-0.050866039
-0.422915399,-1.453376055,-0.771637853
0.72352314,-0.048499271,-0.255743656
0.864656389,-0.658866704,0.501532259
-0.065691173,0.982478976,0.62873397
1.371914983,0.245319366,-0.474775854
0.440067828,0.918938279,-0.908984448
1.145681858,0.581829071,0.330892638
-0.921201527,0.3944754,0.53525838
-2.981416225,-2.795968056,0.363751052
-0.388488412,-0.408294231,-0.338891378
0.268490493,1.129444838,0.449005128
1.178913116,0.248073637,-0.783791037
0.280868709,0.243755922,-0.030525352
-2.692420483,1.302153707,-0.819095386
0.25573051,0.705412388,-0.468936269
-0.507547379,-0.711708665,0.4164905
-0.998385906,-1.540706038,0.411516388
1.04847312,0.984006941,0.588278358
-0.94175601,-1.207529664,0.716419158
-0.652271211,-1.779958248,0.751465951
0.758313775,0.316205531,0.629167963
-0.866831064,0.860447109,0.52592511
-0.33278501,0.587415338,-0.066110289
-0.460191846,-0.707816064,0.588517951
-0.691713154,0.38731575,0.446961045
0.089087546,-0.176793575,0.857670127
2.42891407,1.610290289,0.411406748
-2.579005718,1.267150044,0.758732946
0.583268583,-0.273491979,-0.113402338
0.092794538,-2.186581135,0.725538845
-0.190895587,-1.495781898,0.629951908
-2.021514893,-0.871153951,-0.403434036
1.698268175,-2.241155148,-0.326668513
-0.036894374,-0.994989932,-0.755363994
1.632305384,-0.555294037,0.123723763
0.29567045,-0.186623752,0.089462586
-1.362058163,-1.568885207,0.120655026
0.77935499,1.426650643,-0.891537538
-1.341333389,0.247248113,-0.786356074
-0.683777809,-1.178254604,0.985437041
-0.891258597,0.844389975,0.91819804
1.303908587,-1.205331564,-0.734788409
-1.398481727,0.749748707,-0.545132345
-1.783346772,-0.707334995,0.970111551
-0.694783568,-1.701645494,0.661661518
0.766201973,2.433283567,-0.709555385
-2.894274712,-2.525758505,-0.344668604
2.583986044,1.310411334,0.401394352
1.171107173,-0.415905744,0.375979594
-2.006765842,-0.395367026,0.073384027
0.188391313,1.556809902,-0.739338278
-1.685292006,-0.792682409,-0.688813736
-0.491952121,1.24993825,0.085452362
-1.582108974,-0.322178125,-0.226646596
0.2633605,-0.953497887,0.017645967
-0.638311565,-1.604893923,0.741251084
-1.024660587,-0.373451918,-0.868378373
0.353849649,-0.3926754,0.474937799
-1.198522091,-0.356825173,-0.489735634
1.280599594,1.039542079,0.862978891
-2.728409767,1.040669918,-0.360248044
0.726020634,-0.044117738,0.439148114
0.537597179,-1.038773537,0.962499271
1.378825903,1.394568801,0.781322227
1.42482996,0.27057007,0.537324968
-0.342296511,0.532490373,0.252877841
-2.058289528,-1.739567161,0.673732196
-1.185200691,-0.807141602,0.515382993
-1.080729365,1.38041842,0.218272709
-0.211165607,0.073155537,-0.057145373
-0.102443628,2.841570616,0.274605499
-0.324281812,-0.119965136,0.275292861
1.554903507,1.217901707,0.911760307
-0.52298069,-0.190340087,0.505015224
-1.124326468,0.291197717,0.116447632
0.840137839,1.338935614,0.477054678
2.077946901,1.191351175,-0.883449768
0.493249506,0.605745435,0.112110871
0.629220963,1.788208246,0.510078752
-0.288980335,-1.196764231,-0.206775112
1.280524492,2.064936638,0.610748974
0.171702802,-0.908275187,0.510867979
-0.3897672,0.416633844,0.436258191
0.55915314,-0.699480176,0.803024681
0.226822495,1.548963785,0.126240132
0.92039448,0.851251602,0.210677986
1.735973716,0.886584163,0.715202612
0.022911534,-1.835379481,-0.412636012
0.193394259,0.623773992,-0.810089459
-1.212368488,-0.631472349,-0.756608832
0.939614296,1.160888791,-0.026709225
-1.769455433,-0.360848248,0.574092076
0.499478042,1.22078073,0.729257799
2.097783327,4.1549716,0.136884146
-0.733074069,-0.130084589,-0.42139758
-1.102606058,-0.727940321,-0.922401428
0.796327055,-0.463617712,-0.314143203
-0.708400249,0.163519695,0.633973794
0.876830518,0.128813475,-0.593644169
0.941566706,0.639025152,0.485903942
0.847716451,-0.400909364,-0.988344288
3.581605434,-0.008101352,-0.700301404
1.306872845,0.567945957,-0.476678154
0.163271457,0.918929994,0.041517344
-1.048924208,0.149770632,0.048521464
1.664412498,1.154380322,-0.859035956
1.548386335,1.22762084,0.663601701
-0.836711526,0.090209641,-0.620017806
-0.595625043,-1.206204653,0.245410903
1.4403193,0.844591737,0.255369955
0.593247652,-0.59780705,-0.504114161
-0.015524507,-1.4969908,-0.662454983
-1.883604169,0.555970192,0.119124327
0.107984483,1.129618168,0.69085902
0.988389254,-0.596886873,-0.67816085
1.856118083,1.633849144,0.73319858
-0.17701374,0.942160666,0.732408573
-1.597401381,-1.646236777,-0.255593345
0.155008569,0.904316306,-0.119985894
1.904714346,1.270648599,0.541165034
-0.080669872,0.151112542,-0.506009637
1.584440947,-2.392831802,-0.561534208
0.419577211,1.488735318,0.097465819
-0.45376724,1.258820295,0.12971929
-0.94556129,-0.961741686,0.194265801
-0.294599235,1.427810431,0.204440243
-0.300690174,-0.551223636,-0.928806686
-0.708294988,0.013587872,0.189761664
1.243796706,0.745005786,0.397814388
-0.617511213,-0.025213581,0.890975412
1.522138834,-0.710790157,0.959402463
1.868430138,-0.732921481,-0.478812819
0.22047624,1.305731297,-0.541725745
-0.878102124,-1.407773972,0.599515712
-0.437380999,-0.891720891,0.42435365
-1.528488278,-0.08634761,0.645700799
0.809032559,-0.150046632,0.119954964
-0.441589713,-0.682616532,0.343185246
-1.968278646,-0.702300966,0.160783183
-1.955892444,-0.582841992,-0.886094238
1.126164436,1.203569174,0.45086413
-0.35832721,-0.092396803,0.988669506
0.994233847,-3.47102809,-0.888134113
-0.615003169,-0.419699788,-0.073576751
0.4907462,1.354936123,0.086659543
-0.028055102,0.19165799,-0.928771214
-0.605229259,0.201424256,-0.828111103
-0.636238635,-1.011049032,0.268245955
0.31026721,2.005358219,-0.182232216
0.296885014,0.870507956,0.232530227
0.004771125,0.833482146,-0.800135533
0.588901699,1.464039326,0.319632791
-1.359740019,-0.22025907,-0.205767759
-0.1268792,0.541714072,0.734577314
-0.548052967,-1.107851386,-0.014116323
-1.231993914,0.026983105,0.998293629
-0.697526336,0.543333888,-0.529099016
-0.816657782,-1.505681038,0.352984395
0.451944381,0.586316943,-0.95354832
-0.196987078,-1.494884253,-0.787155602
0.512342691,-1.400421143,0.473054613
1.314006925,-0.121874638,0.928551149
0.104097836,1.908545256,-0.483443089
0.284098178,0.081233412,0.064168145
-2.086312771,-0.70339632,0.954253896
1.230257869,-0.156104565,-0.607231143
-0.906458139,-1.119581461,0.07059001
-1.29662025,-1.308022976,0.920257361
-1.097561836,0.562656462,-0.826068616
-0.421009332,1.817569971,0.001414522
2.603720665,2.440794706,0.651650844
-2.687278271,0.792654276,-0.043898294
1.490952969,0.277452111,0.425936453
0.582462668,1.069018722,0.793507027
-1.113813639,-1.480327606,-0.992548937
-0.408937275,-0.797813654,-0.509383937
0.874064445,0.098802865,0.603262447
-1.840025306,-1.453805923,-0.58630711
-1.871693611,-0.645203054,0.793050407
-1.121561289,-1.26816678,-0.571369417
0.379642963,1.511813164,0.69992655
1.621325135,0.100740269,-0.034837561
0.280134082,-1.093651056,0.671140965
-0.100416139,-1.036498785,0.179426796
-1.185720801,-3.271279812,0.335395045
4.228887558,0.02113992,-0.749720709
-1.55599308,-0.75257206,-0.252672268
0.623728633,2.017968655,-0.029284348
1.746757984,2.216035843,-0.322883707
0.350879043,-0.987160444,-0.499351378
-2.20466733,-2.62639308,0.537853736
0.555216551,-0.340985179,-0.522802425
1.613516092,-0.321675271,-0.039276968
-1.422904253,-0.762943923,-0.411632702
0.948090315,1.559923887,0.424236585
1.49477911,0.011368483,0.821300265
0.280513078,-0.967542529,-0.475833685
-1.550664067,0.214994326,0.231508244
0.689746082,-0.315328538,0.865874152
0.283693343,0.317242861,0.240650246
-0.964702189,-0.661779106,0.358340998
-1.316820145,0.432283223,0.930662419
0.928081393,1.616485,-0.384180037
-0.399614662,-1.573487997,-0.806258227
-2.445923805,-0.79430443,0.805206487
-3.572131634,-0.179726362,-0.81230878
1.286077857,-0.79876554,-0.676505948
-0.437317312,2.237871647,-0.209926299
0.419655055,-0.517260313,0.838922073
0.445462883,1.08343339,0.558779949
-2.225545883,1.247964144,0.422105189
0.923559189,-1.125635743,-0.000747228
0.009434141,1.925159931,0.261512757
0.858474553,2.055686474,0.030088154
-0.936638176,-1.573934436,0.3801821
-2.306111813,0.113673702,-0.081240166
-1.220894098,-2.02473402,0.463212133
0.817569137,-0.297046423,-0.450180841
-3.634079218,0.71768713,-0.26296682
-0.448438108,0.844626367,0.558883982
1.930626869,1.311847448,-0.687946674
0.269661129,1.46305263,-0.770590076
1.278218031,1.283795476,0.094207751
0.133036107,-1.34704113,0.746292185
-0.310830653,1.522061586,-0.263814918
1.204095364,0.066591434,-0.938239664
-0.506550968,-2.196151972,0.213828877
0.743124664,2.107673645,-0.748688367
-0.533393741,-2.13758564,0.28747447
1.531427145,-0.379659474,0.246209862
-0.457051098,-0.428381085,0.236929115
-0.828662038,0.512048721,0.514941347
0.412073106,-0.182766229,0.595838586
2.308786869,-1.917996883,-0.570837357
0.254441977,-2.959574223,-0.772443259
0.097968876,-0.248140991,-0.664753039
1.826815844,0.108158283,0.109090847
-0.383014411,-1.319536686,-0.386956224
1.470534086,-0.319676042,0.406145997
0.643516898,-0.938971996,-0.384343884
1.824591398,3.796861887,-0.71834967
0.196928859,-2.451647758,-0.056841023
0.832779884,-1.48361814,0.608133994
0.969074786,-0.105760254,-0.207286272
-1.099324346,-0.907792032,-0.144522037
-0.75235796,0.434036016,0.737282523
-1.365918756,-0.415462732,-0.846207263
-2.058607817,-0.713137746,0.746961498
-1.32121253,1.266096354,-0.756931469
0.908619523,1.874920964,0.603300935
0.65353775,1.086013794,-0.81645265
1.412195206,-0.506890893,0.487083619
-0.800230265,-1.382921576,-0.443107177
-1.573249102,-0.849977732,-0.869319069
-0.009290695,1.619927645,0.862951408
-0.328189671,-0.20464775,0.518543875
-0.666180134,-1.856408715,0.610404143
-1.445994139,-1.45476985,-0.159197962
-1.438200235,-0.301050067,-0.925854298
0.469715059,0.793887079,0.513811601
1.99643147,0.419726431,-0.866667733
2.403919697,-0.100712776,0.849698521
1.448382139,0.850536525,-0.753881009
-0.127597913,-0.127007514,-0.026030186
0.521753788,-0.543458939,-0.332729724
-0.778217196,-0.957616866,0.352412462
1.131394982,-0.025667518,0.814510734
0.070493609,-1.101709604,0.004506533
0.716982365,-0.418929338,0.674748886
-1.784513235,-0.412710905,-0.403780426
-1.277628541,-0.400479555,-0.133777484
-0.530957103,-0.663132191,0.58356981
-0.427972078,1.549956083,0.235871552
0.891767621,0.269242167,0.907927595
0.529135883,-1.579433203,-0.22366795
0.187853321,0.296561509,0.287954286
0.139693826,-0.149687588,0.237901622
0.681385756,-1.173805237,-0.292672609
-0.256997466,-0.138964325,0.962802998
0.092361391,-0.226720095,0.251643276
0.168812841,0.920436323,0.644966642
1.474850655,0.204263225,0.212757911
0.937021255,-1.059546232,0.568495108
-1.36289978,-1.183669806,-0.706305249
-0.450558394,-0.868659854,-0.864804262
-3.226015091,0.048803404,-0.019719792
-0.330890775,-1.905841589,-0.451972316
0.498378873,-1.22874999,0.983480864
1.307882547,0.341550946,-0.153823829
-1.73563242,-0.157732099,0.0024013
-0.573331058,-1.173270226,-0.514042256
0.740891039,0.633648098,0.270646174
0.684000194,-0.998632908,-0.044865577
1.006469727,1.378079891,0.069609486
-0.47734493,-0.856143951,0.153849415
-0.192917734,0.531465292,-0.765985031
-1.088829279,1.200038195,-0.376506027
0.165578559,-0.392971873,0.661118058
0.546307862,1.164854765,-0.428365025
-1.900630474,-0.027653724,0.54529607
0.555907547,0.160648346,-0.11340778
-0.53905797,1.759059191,0.912306245
-0.10333547,-0.136842757,0.169446953
1.630159616,-0.08947216,-0.539851664
-0.066892356,1.084270716,0.672675104
0.386168182,0.185265884,-0.629580472
0.23451896,-0.564296126,0.924937091
1.097500086,-0.992747188,-0.560694083
-0.06048983,0.373025656,-0.944218045
1.991391897,0.360099971,0.402871378
-0.421747595,0.008429497,0.990690273
-2.082430124,-0.851001978,-0.756654636
-0.176769078,0.003703944,0.541278902
2.924647093,0.983888447,0.151125455
-0.680832624,-1.277992368,0.330047084
-0.561276436,-0.595600009,-0.783661399
-0.441905767,2.354479313,-0.099218215
2.340370178,2.889809132,-0.457846549
0.828930199,-0.994833708,0.937700153
-2.389859676,0.156520247,0.137944258
2.369412899,-0.611566901,-0.381351035
2.215747356,0.600004971,0.141459578
0.469796628,0.28426224,-0.543567347
-1.442816496,0.631173134,-0.882916282
-0.950395346,-1.018079996,0.167598138
-0.949772656,-0.201975614,0.020007868
0.846615553,-0.943780065,0.726732285
-0.07303194,-0.767249584,-0.543234
-1.936120272,-0.682560682,-0.976997838
-1.091053128,-0.296450853,0.039561625
-2.133794785,-1.205591679,-0.052724923
0.391268253,0.871153355,-0.455213838
-0.992246628,0.179886222,-0.023932854
-0.900321364,-0.353761733,-0.556698435
-1.110263348,0.08037623,0.168302883
0.132237226,1.515530109,-0.062949913
-1.180532098,0.421577901,-0.443834767
-2.88461256,-1.456323624,-0.906086511
-0.866305649,-0.484310806,0.916148521
-1.883225918,-1.760549426,-0.273840698
0.69021076,0.538362682,-0.259986391
0.87791872,-0.111380443,-0.35066582
-1.288870573,1.164972305,-0.75112438
0.362539321,0.845577955,-0.715344788
0.171271026,1.425691485,0.202164338
-0.362953305,-0.809079826,0.081273518
-0.041014999,-0.573593378,-0.325445884
0.71925348,0.09239807,0.224157268
0.135686398,0.21795617,-0.421902803
-0.573187053,-1.531578064,0.839559731
0.461888731,0.27161178,-0.220551417
-1.094030023,-1.78018856,0.38228042
0.311758369,0.851037502,0.144257942
-2.561584473,-0.927296042,0.792247898
1.223874092,1.973187685,-0.339072103
1.781131387,1.054706454,-0.454329905
-0.754880071,-1.212960958,-0.196065651
-0.766612172,-0.279306084,0.684407294
-1.127000093,-2.008291245,-0.291440664
-1.2442801,0.652235985,-0.790984113
0.526719928,-0.393259853,-0.310728379
-2.426758528,-0.944351852,0.056123606
1.797466755,-0.168389708,-0.768988375
-0.616864026,2.167242527,0.122644821
-0.37212956,0.638238192,-0.840811016
-1.309495449,-1.384088993,-0.538122666
0.285243928,1.340021133,-0.674079301
-2.05050993,0.235248089,0.186943375
0.042926453,-0.536400974,0.244065488
-0.38934505,-0.390727043,-0.14099891
-1.692579627,-1.003530502,0.690192325
-0.586692631,-0.215096265,-0.001793852
3.259574413,1.48788619,0.632433649
-3.036180496,-1.215460062,-0.938748423
-0.968492031,1.303934813,-0.777351752
-1.387824535,1.152925968,0.830891723
0.31945765,-0.343830824,-0.81602638
0.82598269,-1.455784321,-0.256356816
0.51708746,-0.627892375,-0.43376994
-0.197817326,-0.013079636,0.140564746
1.930652499,0.163609028,-0.809831707
-0.803794622,-0.066396065,0.829950757
0.11932411,2.601483822,-0.762668254
0.479311466,0.430798411,-0.216710102
-1.303323507,0.784027755,-0.442498158
-0.143190518,1.499553919,0.441618404
1.133146048,2.040575981,-0.864168288
2.041250467,-0.934417427,0.3969904
-0.093106478,0.894523323,-0.268668234
-1.07061708,0.835445762,0.012310381
2.094518185,1.32166028,-0.064431159
-3.21210289,-1.702495456,0.145660209
-0.540242076,-1.064288855,0.655726567
0.706250668,-0.832161307,-0.768519825
0.33653909,0.737405598,-0.831593375
1.666340947,-0.490734607,-0.344296945
-1.090287209,0.601959646,-0.112878642
0.993073642,2.461596012,-0.88068972
0.907890975,-0.489779592,0.494450512
1.030703545,1.337937832,0.271830035
-2.610304832,-0.14202106,0.303987569
0.004334975,-0.587980747,-0.741084756
0.816584468,1.245440006,-0.828395639
1.539944172,1.13201952,-0.150536834
0.150313765,-1.432697296,0.320542524
2.845873833,0.076485395,-0.305037802
-1.882882714,0.44941926,-0.588557739
0.780991912,0.556356907,0.684695745
0.240921319,0.074131362,0.911806091
-1.337606907,-0.834212124,0.122032385
-1.857576847,-1.602232933,0.932502287
-0.511818767,0.042088699,-0.645836617
0.725378275,1.729744792,0.700073218
-0.069865495,-0.704223156,-0.115079304
-1.485111475,-2.33087492,-0.31529993
2.382001162,-0.054338448,-0.674201717
-2.530686855,-1.828559399,-0.24673014
1.362090349,0.82631886,0.045192279
-0.604241729,0.451151013,-0.118047977
-0.308407128,-0.439155698,-0.812864605
0.870757401,-1.149677515,-0.435426919
-2.116141319,-0.747764647,-0.313215251
-0.256329894,-1.072748661,-0.441671741
0.861219049,-0.697674036,0.803876253
-0.789092541,0.043061133,0.003938612
1.299448013,0.320483029,-0.527235873
-1.22495532,-1.57329154,0.03537596
-0.41226697,-0.097033784,0.936115436
0.012683012,-0.185161173,0.96243148
0.092248112,-0.615072846,0.649081402
1.134425044,-0.413921952,-0.759234397
-1.143956065,0.167808294,0.094343583
0.861311316,0.639241517,0.027255224
-1.750975728,1.316699743,-0.831155716
-1.943312645,0.354060054,0.103121628
0.145996183,1.859416842,0.991367378
0.010639805,0.773636699,0.306033608
-0.189746276,-0.934014142,0.786360026
-0.330402911,-2.010429382,-0.627972676
-0.597184658,-0.338273883,0.259245492
0.29726705,-0.205662757,0.207607998
0.340201765,-0.839982629,0.537084561
-1.146499872,0.376238585,-0.896229054
1.216202378,-0.21778509,-0.096091522
-0.223133579,-1.322222114,-0.793528491
0.270674199,-0.744202614,-0.790117763
0.216121435,-0.77452749,-0.311900586
-0.416534454,0.223083854,-0.862435231
3.120609283,1.272815943,0.710295273
0.26368016,-0.303644001,-0.703263107
-0.614391327,-0.377309769,0.534096828
-0.537241638,0.176035702,0.0392481
0.037147108,1.79473877,0.213081157
-0.983923793,-0.341956973,0.585016365
1.22608304,1.150988102,-0.307976172
-0.14072749,0.79628247,-0.652916446
0.02603662,0.697748661,-0.877621216
1.415758848,-0.879235566,0.024210483
0.731936991,-2.007683754,-0.828398332
-0.239264607,-1.975963235,0.159551923
2.082284451,-1.250828981,0.678978212
0.553585052,-0.510575116,-0.965816827
-0.345544577,-0.717349231,-0.466531119
2.123590708,-0.785073638,-0.660613095
0.960846305,1.401137829,0.217944425
0.642994404,1.273355007,0.350956006
0.214895457,-0.391606539,-0.256172601
-2.377949953,-2.828307867,-0.417961317
-2.602462769,-3.548207998,0.425668851
-0.642076015,-0.00577179,-0.688678284
-0.724093318,0.66239816,-0.219016034
2.313555241,1.588662267,-0.896917262
2.29288888,0.398800045,0.950864924
1.194030643,-1.191567183,-0.231572207
0.705252409,-0.418793499,0.170817947
-0.172566131,3.264532328,0.819771833
-2.952595711,-1.337228775,-0.460254986
0.389726698,1.283436775,-0.54692598
0.986100316,-0.190013438,-0.358882494
-0.359140992,-1.23558867,-0.519730419
1.62439847,-0.320785791,0.049473967
0.304118872,0.821066022,-0.54252969
-0.282781065,0.880146682,0.263501637
0.827479482,1.117360234,-0.607216621
0.701554656,0.562123418,0.285251314
0.389624298,0.230157286,-0.232087224
-0.732886016,2.382231474,0.690145807
-1.440616488,-2.475139618,0.662575408
1.017635226,-1.070885658,-0.669229676
-2.290318966,-0.237659395,-0.326964567
1.282528639,-0.618586123,0.575659272
0.313708365,-1.402132392,0.003075823
0.550900519,2.02679348,-0.885714642
-0.083421648,-0.271891534,-0.114848216
1.544983745,-0.506320477,-0.936464928
-1.082426429,-1.597738743,0.348208288
1.863010883,0.785787463,-0.722969631
-0.119937077,-0.233534634,0.40938299
0.814573526,0.778125286,0.960802457
-1.523322582,-0.2714746,0.5165955
0.67473495,1.773380995,0.812534777
-0.01830139,-0.380249918,-0.574847249
-2.023177147,-1.254899979,0.94397203
-0.764627576,-2.660395622,-0.767434829
0.604807377,-1.48644948,0.002645355
0.310213506,2.100439072,0.617550215
1.051095366,-0.715331912,0.992710434
-1.306217194,-0.614588022,0.691986019
-0.20683533,-1.168037057,-0.541986109
-0.59377265,-0.807315946,0.468522705
1.898258924,0.044099241,0.377104499
-1.335139036,-0.997868538,0.661071644
-0.658890843,0.453512281,-0.409242676
1.153570771,-0.418791085,0.140220593
-0.06985455,0.524380386,0.584411685
0.122717395,2.103852272,0.508208105
1.190526843,2.060232162,-0.493413818
-0.248531744,-0.234142929,-0.100912192
-0.403600276,-3.161623478,0.105134687
-0.290543497,1.539959669,-0.811972678
0.074948385,0.533840537,-0.783071384
0.554151535,-0.45077768,-0.268824776
-0.627227783,-0.183385074,-0.744006433
1.485030413,1.959135532,-0.603803005
0.270549208,1.287798524,-0.071815466
0.110455856,-0.732774377,0.192698269
1.090278387,1.295933843,0.531657101
-1.128408551,-0.530196548,0.740522773
-2.189627171,-0.502499223,0.667086211
1.219420791,0.756766319,-0.968851842
0.216991186,0.49611941,-0.507653533
-1.332161307,2.144299984,-0.970671388
1.003950357,1.759053707,0.528491384
-1.097951412,1.160701632,-0.437906129
0.184235394,0.952253401,-0.439475378
-0.794888377,-0.838622808,0.709818277
2.035533667,0.426122755,-0.651715195
0.921081841,-0.669750929,-0.790290905
2.087567329,0.521476686,0.658807742
0.827981353,1.111657858,0.197180809
0.647677302,-1.308003187,-0.136649002
-0.175033078,-1.345273256,-0.517534724
-0.768846273,0.634219229,0.201561988
-1.737360716,-1.193970799,0.713158794
0.03033489,0.580373526,-0.712662444
-1.271712542,1.183696628,-0.487798786
1.054021597,1.844222903,0.650109242
-1.332156539,0.057845481,0.882793421
1.19567883,2.212453365,-0.807475155
-3.361894608,-1.233696699,0.01570539
-0.820425808,0.192807704,-0.301557811
0.286685526,-0.101818927,-0.376707134
0.198891953,0.979526639,-0.040559193
-1.304948926,1.045764446,0.163199748
0.968845487,0.546757698,-0.55541971
-0.177773982,-1.224662304,0.902883477
-1.613863707,-0.901036859,-0.69223138
-1.261538506,-0.816832364,-0.338221912
-0.163864344,0.019134834,0.373147281
2.217688799,-0.488248885,-0.960904708
-1.052317977,-1.084812641,-0.818245264
-1.620744944,-2.966166735,0.708968009
-0.559646547,0.17992188,0.500185958
-0.057559166,-0.045364052,0.319654606
0.585212409,0.01627475,-0.72938875
0.680012226,0.64736867,0.858530748
0.016922817,4.435231209,-0.615891815
-3.784093142,-1.738900304,0.263027817
-0.652258992,1.384540558,0.197177621
0.903660834,0.833869755,0.847290787
1.475560665,1.281665921,0.45570057
0.461526811,0.569986761,-0.268529984
-1.648705244,1.662117243,0.459948821
-0.691865683,-3.32227993,0.693637741
0.366028458,0.510164618,0.779633281
-0.96222645,-0.854869068,-0.403926767
0.112739414,-0.752062857,0.144551067
0.179798275,-0.303946108,-0.200113352
-0.54933691,0.252497524,-0.764868045
-0.310048759,0.331437349,0.70943073
0.254282475,0.253964752,-0.788992502
0.491994172,-0.532215238,0.281160762
2.225345135,-0.523390472,-0.925085142
0.341981411,-1.100897193,0.659263658
0.043701392,1.893606782,-0.887721632
1.978040695,1.46708262,0.650614518
2.911130428,1.658273935,0.801002208
-1.275612354,-1.441830635,-0.53581524
1.659817338,-1.459190726,-0.884826269
0.601871729,-0.773364186,-0.980007566
2.500068903,2.111255646,-0.284061823
0.412591517,0.571466327,0.997388036
-0.515528381,-0.761386633,-0.487548778
-0.132046729,-0.011448428,0.379017455
-0.526731849,0.868949831,0.328762132
0.448567569,2.439105034,-0.939395615
-1.428730845,-0.715598345,0.212751204
-0.275074929,-0.505563796,0.867815174
1.25241065,0.165114895,-0.004590185
-0.262241781,1.326482773,0.836484843
0.544024646,1.397963524,-0.344229006
-2.242704868,0.181074604,0.458164233
1.618741989,0.155514598,0.211713304
1.779649496,0.396276355,0.799075784
0.966121912,0.442634583,-0.784668238
0.572072506,-0.111198455,0.442667574
1.019056916,0.119159661,0.41422972
-0.693325758,-1.683607459,0.688132529
1.327106714,2.003249645,0.948416307
0.61271739,0.36904487,-0.602671392
0.588294744,0.275355041,0.874166679
-0.491546273,0.169706106,0.301506606
-0.010425607,-0.292974353,0.406519815
-1.567681432,-1.966774821,-0.651436954
1.761247993,0.517864227,-0.967896769
0.479876906,0.354207367,-0.596158539
-1.111875176,-1.358014107,-0.227884824
-0.477950335,-1.905937672,0.319411846
1.486911535,-0.333854437,-0.472079819
0.042772479,-0.685722351,-0.117177828
0.258821219,1.349302053,0.429538652
-0.992405474,-0.119743794,-0.299069957
1.661238909,2.252086878,-0.960752349
-1.110475898,0.379098296,-0.580407496
-0.817754745,-1.358640671,-0.000884418
-0.856150985,0.542343855,-0.304187598
0.641053975,-0.624737501,-0.547019471
0.127576649,-0.319328785,0.675893655
-1.296296835,1.062809825,0.428609003
-0.706243396,-1.292129278,0.020270907
-3.058006525,-0.695288241,0.753700719
-0.457061976,-1.890303612,-0.070633961
1.037169933,-0.320392489,-0.982491308
-3.064502239,-2.634019852,-0.509685575
-0.271296412,-1.251928091,-0.03820595
0.692059636,-0.239131257,0.386186812
0.836152136,1.244434357,-0.17436241
-1.631434917,-0.578322768,-0.492580175
1.339306355,1.09108305,0.447192701
-0.365897447,-0.075748198,-0.045739071
0.355747104,-0.007966721,-0.1570752
1.882517576,2.468356371,0.720418016
-1.036357045,-0.770408928,-0.978857045
1.655704737,-0.956498265,-0.172892832
-0.740775645,-1.632817864,-0.011632444
0.160514787,0.038926564,0.827437448
2.306565285,1.45042026,0.533920665
-1.072149158,-2.091059685,0.202770243
2.039204836,-2.103986263,0.346210578
0.706182003,-0.958081722,-0.357153619
0.335831136,0.517543077,0.093955074
1.794565678,1.299179196,0.771982035
-0.340626091,-1.337206602,-0.083703965
-0.913461089,-1.701697469,-0.862427313
-0.723041892,0.125065669,0.61150239
0.370256782,-1.816302538,-0.355158394
3.767076492,-0.5543046,-0.260426262
-1.084333062,-1.819904566,0.434921412
-1.369122028,-1.484348297,0.917498666
0.465612948,0.163062036,-0.134164521
-0.170134977,-0.788440526,-0.387756517
1.927770853,-0.757416844,0.894155858
-0.836558342,-1.099742174,0.195273405
1.699925184,2.686715126,-0.365133515
-0.584794283,-1.474010468,0.602176721
-0.396710455,0.741909146,0.090822374
2.076056957,1.020321965,-0.901780238
-1.051941156,-0.328861594,0.348476189
1.150588393,2.666789055,-0.456855045
0.291597605,0.470085531,-0.228577379
0.588508487,0.905168176,-0.203104507
2.082434654,0.192952618,-0.668509346
1.24567914,0.734140158,0.456997272
-0.224071696,-0.222460598,0.642591764
0.254327416,-0.560914397,-0.250901546
0.749965966,0.531181455,0.658687162
-0.491305113,-0.886190414,-0.134670867
-1.598338723,-2.118193626,0.737539044
1.362897158,-0.164870217,-0.625537087
0.121288635,0.27213189,0.381836519
0.375277638,-0.831336677,-0.915788705
0.331127942,2.216981411,-0.910751597
1.945116043,1.114590645,-0.957361705
-1.044894814,-1.037293434,0.271483465
1.189383268,0.76277715,0.88818295
0.238028407,-0.517833292,0.564430385
0.6154778,-0.478130549,0.295546909
-0.349607229,-0.203824043,0.748671237
1.352489948,1.516117334,0.7714962
0.84839952,-0.739266396,-0.375645121
1.747011423,1.122949123,0.926094841
-0.367186487,1.083570004,-0.933836567
0.408383459,1.847006559,0.664230168
-1.687795997,-0.062989809,-0.569021026
1.85938704,0.670547068,-0.111715865
-1.727175355,0.035513721,-0.716307696
-1.247082233,0.052023366,-0.692178655
0.896034539,-0.544184625,0.516035266
-0.734724104,-0.064600468,-0.930161678
0.373142242,-0.042932533,-0.423648314
-0.647068143,0.755535722,-0.900362531
0.185475111,0.736590207,-0.637522439
-1.956846952,-0.973779619,-0.518254898
-0.708260715,0.654470801,0.618121674
-0.923273623,-0.00584119,0.890284645
-0.344339073,1.22718358,-0.997755022
1.298337579,-0.126591444,-0.584524489
-0.369353563,-0.652997911,0.827274507
0.240222156,-0.129318014,0.223623222
-0.502767205,1.366663218,-0.751548478
0.190236226,2.164112329,-0.169227954
-0.964811921,0.133699492,0.841991832
-0.44641611,1.697780609,-0.865612956
-0.463856876,-0.210185617,-0.502534976
-1.168827295,-1.439775586,-0.618521002
-0.093980804,1.700090408,0.234985021
-1.637241006,-0.106565401,-0.100043393
-0.262465537,0.104273781,0.248841794
-1.336824417,-0.094745025,0.837095234
2.843753099,0.318833619,0.417287108
-0.854791403,-0.73371613,-0.414444309
1.742146611,-0.422242314,0.942016437
-0.598357081,-0.567202687,-0.103101466
2.587582111,-1.117646813,0.613862813
1.944420695,-0.718282342,0.601824597
-1.396835804,0.456753314,-0.331481163
0.670033813,2.441269875,-0.863388747
0.079987891,0.237192467,-0.023923132
-2.855812073,-1.49122107,-0.306129834
1.221993089,0.700727582,0.578856478
-0.754488468,2.488546371,-0.45141207
-1.572253466,-2.110498905,0.850982802
0.542042255,-1.093231916,-0.221612517
-0.409995109,-0.5793311,-0.296172467
-3.488171101,-0.175319433,-0.129530587
2.031263351,-0.107609876,-0.769147239
-0.687503397,-2.616577387,-0.117623208
-1.139550686,1.362273455,-0.545530551
-0.802718997,0.420827448,-0.703739008
-1.085799575,0.894560575,-0.300092419
1.263811588,2.313566446,0.679885884
-0.762871325,-2.647244215,0.471932392
0.126532823,0.605414033,-0.849939775
1.899178982,-1.516313076,0.867033799
-1.786759734,-0.928344965,0.892275342
0.58604753,-1.435039401,0.727968693
-1.180892467,-0.483325839,0.42344318
0.226639688,1.198849916,0.400826452
-0.944611192,-1.203438759,0.142526668
0.18327266,1.039974809,0.47159064
0.937368035,0.842219591,-0.941457575
1.320067406,-0.931598902,-0.209336296
-1.773773193,1.785450697,0.836107656
1.23023653,0.798103213,-0.991039854
-0.374694765,0.430511981,0.006049973
0.430929512,-0.020322204,0.140408825
-0.857540369,-1.491660357,0.067361011
1.716585875,1.752475023,0.820975527
-0.231690601,-0.867162943,-0.978904042
-0.338840842,-1.374593854,-0.319455955
0.877896786,-0.29673782,0.278351293
-0.037141543,2.243638992,-0.165131881
1.135381937,-0.642087102,0.678283122
0.223305508,-0.26981765,-0.48400358
-0.21288085,0.207041025,0.914758725
-0.649212897,-0.032863565,-0.222663
2.807053089,0.691998482,0.56292054
0.628127694,0.479399115,0.436596939
-0.978273511,0.364230454,-0.535301471
1.372454405,0.435310423,-0.832738547
-0.928839207,-1.761466265,0.883067635
-1.623679399,-0.380696207,-0.882162023
-0.263601094,0.012160785,-0.693616024
-2.252755404,-1.210592866,0.461611509
2.770942688,3.092316628,-0.412826231
0.033667203,1.544181824,-0.202153931
1.477320194,3.541996479,0.636936292
-0.907726943,-2.040164948,0.419384403
0.071729586,0.642414808,0.275931228
-0.465579391,0.00320188,0.794088096
1.03801775,1.063558221,0.959959728
-1.178900957,-1.231750846,0.348324501
-1.408663511,0.185296953,-0.674487908
0.782065272,0.398258865,-0.947917985
-1.699927568,-0.227736384,-0.387339946
-0.074517652,0.043827862,-0.92370429
1.416770935,0.183665901,0.545551417
0.358768851,-0.263170063,-0.651895906
-0.873163939,3.030029774,-0.06632712
-0.955762923,-2.674192905,-0.802085525
0.872751117,0.600033641,-0.152254513
-0.975479841,1.295895219,-0.027555202
-0.475065678,-1.563708067,0.369060752
-0.989715517,-1.08574307,-0.408241395
-0.422329038,1.697315574,0.467075235
-0.364706308,1.742897272,-0.455890638
-0.031387895,-0.013423219,-0.730239051
-0.286423236,-2.542435169,-0.153735061
1.745470166,-0.387370616,0.575419972
1.158945799,1.266216397,-0.760275353
1.090519667,-0.056007147,0.590301227
0.880418658,-0.493035644,0.557106833
-0.674320161,-0.515353143,-0.812605433
1.323194146,0.882819653,0.327681028
-0.270754069,-0.84949702,0.375433251
0.271340489,-2.445850611,-0.744456626
0.679334641,1.837519288,-0.691544396
0.868202865,0.385565728,0.304048492
-0.429348111,0.009985546,0.844107349
-3.227943897,0.434206992,0.653824602
-2.305065393,-0.596217453,0.905102172
-3.138468742,-2.391260624,-0.108060038
-1.580616355,-0.778997064,-0.203702463
0.259722918,-2.053689957,-0.96961604
0.016611192,1.054279685,0.416928235
0.151576981,0.900180578,0.64163468
0.094045252,-0.043969963,0.289152885
-2.32984972,-0.131894439,0.695055019
-0.192213088,1.698380232,0.85750419
-1.172565937,0.115489483,0.593227263
1.064524889,0.445795,0.938495667
-1.825562477,-2.436428785,0.719771634
0.983792305,0.693100691,-0.602525502
-0.107576162,-0.428317249,0.23735302
-1.236352444,0.250140935,-0.255271387
0.343025506,0.48128131,-0.510246039
1.056990147,0.443336666,-0.601039246
0.221501127,-0.292732,0.961907848
-1.692221403,-1.06958437,0.632805213
1.206040144,2.111593723,-0.984462458
-0.37882328,2.021176815,0.627381461
2.252513409,1.002170086,0.499834076
-0.166758478,-1.465865135,-0.923515749
-2.43599391,1.082359433,0.399118383
-1.023629546,-2.872070789,0.997436476
-0.666962624,-1.591074705,0.260097831
0.794702113,0.330533862,0.482600234
0.261825681,2.018304825,0.567050699
0.173668861,-0.929658175,-0.81921364
0.319186926,0.511549056,-0.257752909
0.602240324,-0.820940614,-0.307707923
0.457440972,-1.901301622,0.237874576
0.970198214,0.046449244,0.154498595
-1.320778251,1.353688955,0.497805956
1.277815104,0.817192495,-0.34976406
0.012448728,0.400503457,0.797259465
2.099304676,0.447527796,-0.493068934
-0.15644674,-1.745494843,0.416771969
-0.467664123,-0.123226419,0.092091095
1.153731346,0.696927369,-0.989998408
-0.617666483,-1.825365305,0.667069361
-1.820957065,-0.999457717,-0.770448016
1.439103603,1.783995271,0.64872645
1.412716031,1.392582893,0.690639469
-1.115939617,0.05849855,-0.20437269
-1.006676793,1.234409809,-0.641078435
-0.19276011,1.029143572,-0.805055877
0.611542344,-0.426796079,0.4572215
-1.92427516,-0.224115252,-0.885992683
1.734052539,-1.080865383,0.795023175
-0.481002271,-0.347582698,0.524894597
0.801266193,-0.799018383,-0.880488989
-2.000627518,-0.704988658,-0.794454379
1.772117376,-0.194167972,-0.02857631
-1.433098078,1.254125118,0.283245779
-1.017456651,-0.832136512,0.418422704
-3.060877323,-4.146739006,0.913330683
-0.386722386,0.79752481,0.994444315
0.15749988,0.324368715,-0.202769432
1.857741594,0.914095283,-0.167429915
0.702584982,-0.914466321,-0.192778144
0.254450321,1.835663676,-0.168099937
0.267774165,0.86907655,0.706349885
-0.97995466,-0.338038325,-0.534094705
-0.037173755,1.119841456,-0.051110564
0.547641397,-0.380090564,-0.358497165
0.164262652,1.530997515,-0.694422342
2.659528017,0.865936697,0.725414476
0.882692218,-0.25584057,-0.537764304
-0.004925815,-0.937755048,0.484824231
-0.075783536,-2.794132471,0.424018927
-0.893868566,-0.862826347,-0.891012717
-0.641709983,0.885337174,0.425042359
2.454974174,2.473457336,-0.441896575
-1.306873798,1.828756213,0.495779751
1.966269851,3.113091946,-0.073036507
-0.920690179,1.819182754,0.627314263
0.089300707,-1.293486834,0.622544217
0.746294141,1.610381365,-0.708519758
0.446093023,-0.829559267,0.068270394
1.534334421,-0.205655009,-0.491378524
-1.023643374,-0.266601801,0.201609608
0.176296115,0.71317476,-0.490625336
0.195033163,-0.671687722,0.463690175
1.320949435,0.463548392,-0.620705207
-1.52465117,-1.760410786,0.18321458
-3.061402082,-1.501717091,-0.123398512
0.908452928,0.886082649,-0.622823617
-0.905451536,1.23684454,-0.160221893
0.263403863,-0.344227374,-0.634546376
2.958511353,1.228675485,0.121550636
1.503928781,0.598473787,0.115248678
0.726823807,0.507554173,-0.48276048
-2.028038025,-1.137823343,0.566699747
-0.934524655,-0.037320822,0.390498822
-3.26650095,-3.413550615,0.204161565
-0.861696661,0.77481848,-0.89913475
-0.032262236,0.287631214,0.100403514
0.577333987,0.545939922,0.1519584
-0.274316013,-0.09601602,0.922267576
1.673552275,-1.586794019,-0.119950686
1.395169735,-1.427229285,-0.347919554
0.252258211,-0.943459511,-0.652934633
-0.80985409,2.547501564,-0.483907516
-0.503642142,-0.635304093,-0.599244994
1.183272719,0.789414465,0.897089035
0.461678922,1.335340977,0.37055733
1.747919202,0.462631017,-0.388168583
0.431610763,-0.984403849,0.332768448
1.307884216,-0.84169656,-0.888841857
-1.055905342,0.987986147,-0.786929177
-0.501646161,0.273033053,0.338672197
-0.84421736,2.241208076,0.927401851
-0.890989184,-0.801072598,-0.398060207
-0.806996465,-0.925132573,-0.898773176
2.986076355,0.504039228,0.830219405
-2.850748062,1.010206819,0.929768618
0.658854008,-2.024940491,-0.976232698
1.467123389,1.084484339,0.021365805
-0.01486145,-3.335092068,-0.787559301
-0.616249382,-1.361948252,0.408743817
-1.806407213,-0.31864658,0.787254285
-0.730327725,-1.088222504,0.646518636
0.460311443,0.205238223,-0.177134884
0.168158039,0.186185986,0.955643432
0.785247445,-1.499099374,-0.062109206
0.730939984,1.109232664,-0.373263015
0.540132403,0.279619485,-0.434076879
-0.898759365,0.758097529,-0.245013161
0.610372722,-1.110754848,0.152445448
-1.069236398,-2.318625927,-0.69111542
1.620279789,-0.747263432,0.497186555
1.415367603,-0.286700517,0.586420881
2.937665939,1.958692074,0.814757565
-1.211182594,0.662960768,0.265184952
-1.628544331,0.408900052,-0.663280406
-0.193791598,-1.195837975,0.973583557
-0.117595963,0.039455973,-0.664332793
-0.686610162,-0.624123096,-0.07027202
-2.388639927,0.700650454,-0.218355584
0.159500659,-0.239269599,-0.076652251
1.32502079,1.786616206,-0.983434003
-0.870254874,2.11682272,-0.13663814
-0.458589852,2.105734348,0.103173649
0.58747077,1.688268542,-0.399518686
1.25213623,0.51230073,0.343187875
0.366467923,-1.3907094,-0.986738219
0.447215497,-0.598319292,0.831326678
0.69965297,1.039494157,-0.268274495
0.126412079,0.117669426,-0.629737774
-0.284698218,-4.376796722,-0.120601998
0.466066986,-1.225323439,0.32513015
1.414839983,0.495468944,0.326571182
-1.679162621,-1.955522776,-0.813725198
0.821971714,0.094355658,0.021767218
-0.864626229,1.682427645,0.736100989
-1.588326097,0.825115144,-0.852178532
1.54756546,0.832165599,0.513658982
-0.515125513,-1.898324728,-0.542233114
0.507667899,-0.364082158,-0.603079922
0.171247929,-0.966818929,0.55884416
-0.798469901,-0.100142643,0.934440462
-0.105498232,-1.219681501,-0.961588562
-1.003002405,-1.100220203,0.90858518
0.779486656,-0.004374027,0.352621185
2.639773369,-1.921547294,0.385371852
0.120710075,-0.920563757,-0.942459473
0.740261555,1.135512114,-0.19298954
1.015763521,-2.34734416,-0.470369795
-1.105369091,0.018780971,-0.992987877
-1.689952016,-0.004651502,0.857319822
-0.091961727,0.016372144,-0.623589069
0.407480061,-0.183572054,-0.693191675
-0.61487937,0.643675923,-0.330389395
0.721672535,0.356167555,0.900621608
-1.875358343,0.3132236,0.869266505
0.103854075,-0.580033302,-0.208025472
0.262612522,-0.256286025,0.52468128
-1.261404276,-0.13265568,-0.068536624
-0.631086349,-1.625797868,0.751296726
-1.81727612,-1.378030658,-0.425236942
-1.933587193,-0.377513587,-0.875026282
-0.400530815,-0.911899984,-0.828480689
-0.487737805,0.001421601,-0.726274416
-2.562700748,1.927801013,0.631226743
-1.338220358,1.668633223,-0.452093318
-1.498658657,-0.341534615,0.017498474
-1.614384651,-0.563699365,-0.985011071
-0.402518451,-1.374419451,0.889983804
1.778591871,-1.213622212,-0.055748608
-0.910410941,-1.349429131,0.164381389
-0.586985767,-0.848675847,0.295765202
-0.236545563,-1.157754898,-0.315196778
0.379507005,0.775492847,0.207050286
2.192307711,-0.316466838,0.844348291
-0.406816959,-1.594803929,-0.295090224
1.740086079,-0.878785253,-0.20335798
-1.302853823,0.680912614,0.608938626
0.637044489,-0.810943723,-0.290771986
0.994241476,-0.311201096,-0.36434852
0.467955887,0.784169674,0.451463189
2.123679161,1.984014034,-0.286276407
1.088860989,-0.711605072,0.853917686
-0.923738778,1.196244717,0.338181139
-1.655402899,-2.359440327,0.502281897
0.950421453,0.567656338,0.498598263
-1.668601036,-1.863695502,-0.514138997
1.016874552,-1.283111095,-0.063372837
-0.117932662,0.964256287,-0.826408252
-1.643824697,0.222857594,0.013860912
-1.139546037,0.489113808,0.83729368
-1.15533042,-0.904471457,-0.151687187
1.202422976,1.168035507,0.903227492
-0.312558413,1.555750608,0.409182353
1.363503814,1.335109711,-0.706409825
0.293020755,-0.734307647,0.97747558
0.725269496,0.023297546,0.287311354
1.628246546,1.154152393,-0.827224324
-1.191562533,1.220204115,0.031020739
-0.292328179,0.955673337,-0.5783994
1.115725279,2.13389349,0.93150244
-1.180675745,0.060456447,0.939433475
-0.70017302,-0.496478498,-0.363323841
0.255013138,0.005038828,-0.235165275
1.741917253,2.483800888,0.938522124
-0.141721696,-0.27493751,0.927341361
-0.224562764,-2.941051483,-0.072975093
1.764877796,-1.521679163,-0.325581387
2.951006174,1.259503245,0.366139198
-0.581296444,-0.910302281,-0.067707409
-2.414950848,-2.280800104,-0.653616144
-1.793282628,-1.413767934,-0.178452851
0.843988717,1.574943423,0.292077744
0.247774258,0.521522045,-0.957562494
2.854766369,0.88878715,-0.149317647
-2.665973663,-0.957754731,-0.992052791
1.987092495,0.177644759,0.505495091
1.227014899,0.692026973,-0.258107264
-1.111753941,0.372519255,0.927431724
0.381936342,0.47415784,-0.241734339
-0.38567704,0.240832001,-0.252499518
0.560977101,0.574081004,-0.954758331
-2.908950567,0.058271006,-0.724363962
-2.752192497,-1.752862334,0.539788147
1.118271708,-0.39282763,-0.676389862
-1.843530416,-2.383317471,0.245120565
-1.712505937,-0.055349104,-0.318152234
-2.58668375,-0.820107758,0.100303198
1.367819071,0.455198914,-0.390181178
0.625461817,1.189782023,0.385542499
-1.485436797,0.37744379,-0.138128357
0.51551199,0.722178221,-0.644637703
-0.881708562,-0.887116373,0.746016626
0.277188838,-2.04132843,0.216569108
-1.97585535,-0.247998506,-0.012527684
0.171290904,-0.442617565,-0.700751119
0.430404305,0.509236515,0.300999282
0.025876805,0.036222115,0.958590641
0.847263694,-0.301373065,0.852354871
-0.093261749,-0.505766869,-0.959437897
-2.248291969,-1.810783982,0.326049726
-1.318034291,2.423228264,0.152942987
0.091683939,-0.087687545,0.747860412
0.011381149,1.482774496,0.443639742
-0.332560539,0.711146951,-0.495215803
-1.480196476,-1.850210786,-0.338043849
-0.881222725,0.644856274,0.467532877
0.062103827,-0.103997767,0.392601316
-0.385525793,-0.127368212,0.264044139
-1.249581575,-1.206149101,0.422075363
0.53968668,0.84518683,-0.954053926
0.058799796,0.50784409,0.404815162
-0.866783261,-0.257584155,0.413561375
0.346623302,-1.057343841,-0.908838648
0.084731579,-0.29153192,0.51880932
1.281761408,1.230004311,0.775707934
1.051892281,-1.65863061,0.707700087
0.678512216,1.231297255,0.441640041
0.874652088,-0.333651513,0.762282699
0.202220425,-0.273385853,0.942466671
0.352546692,0.914802253,-0.646128933
0.246984839,1.957938552,0.505136536
-1.073656797,-0.085360929,-0.112582177
-0.189075038,0.818977535,-0.36815488
0.420891225,-0.990677178,-0.84701932
0.410224974,-0.547610104,-0.154011547
-1.014248848,-0.670701802,0.374226365
0.62929213,1.042569518,-0.858539739
0.559769034,-0.020334862,0.560308661
1.59810102,0.123394266,-0.158914781
-0.972176731,0.583742142,0.893299981
1.387797713,-0.123490438,-0.862480704
-0.720884144,-0.113504998,-0.306713638
0.774568558,-0.227461606,0.768923899
0.17240268,1.162968755,0.409586561
-0.117278054,-1.46167016,-0.621382214
-0.451981217,0.195700258,0.314878894
0.421183109,0.41168502,-0.373053819
1.404139519,1.006134748,0.193991346
-0.951679409,0.970534265,0.444069069
0.397532701,-0.261977136,-0.574318094
1.19642818,0.364138484,0.03831618
1.352591157,0.36673671,0.998525162
-0.939575195,0.40259853,0.906332234
-1.730765581,-1.786448717,-0.101628374
-0.910183966,-0.215254903,-0.305200818
-1.980288744,0.545236349,0.84988202
-1.990542769,-1.671218395,-0.704010387
-0.491882473,0.479640603,0.99313937
-0.234776393,2.240189075,0.409635054
-1.155683756,-0.131036267,0.355126787
0.755901039,2.116848469,0.223420526
1.272375345,0.494238555,-0.443355439
-1.021331072,-0.606784046,0.752987597
-1.020960093,-1.334873199,-0.866751394
0.474093318,0.577594936,0.935323363
-2.190786362,1.09889853,-0.708570464
-1.579254866,0.210557699,0.369406304
-1.063320756,0.400526762,-0.583977724
-1.349402189,-0.898500085,0.124409694
-0.219143704,-0.442116529,0.475192285
0.458254218,0.049977519,0.364030131
2.117591381,2.36636138,-0.604535972
1.278135896,0.300177187,-0.045809875
0.059892509,-0.100744314,0.732659755
1.465040922,-0.998720109,0.624742737
-0.222235352,1.689454317,-0.998029904
-0.731786191,-2.191508293,-0.818216084
-0.86755687,-0.047820739,-0.551668093
0.785831451,0.156670302,0.421390613
-0.348807752,-1.994980931,0.939561324
2.38064003,0.809419394,0.380222523
-0.352185309,-0.778245986,-0.322453939
-0.96446538,0.482244521,0.483963078
0.211854085,-0.136119261,0.674572982
-0.170896739,0.131697923,0.51857968
-0.68876338,-0.638658702,0.926002474
0.296016246,1.931843281,-0.922903907
-1.215934753,1.623102427,0.787434799
1.959969044,0.142378628,-0.839643758
2.896595001,-0.309819281,0.364111921
0.228767574,2.034573317,-0.543665011
2.52684927,1.377995372,0.744793948
-1.28093195,-3.304637671,0.719621918
2.103374958,1.375007033,0.521940395
-1.907064199,0.591563284,-0.426236018
-0.723483205,0.631905735,-0.757500244
0.107290402,0.053265758,0.095443146
-0.943660855,-0.029798225,0.617481865
0.093461692,-0.738837898,-0.203583926
0.076369613,0.88146919,-0.798747324
-0.848879755,1.995932221,-0.430773264
0.494483411,1.796962976,-0.444150302
-1.129025578,0.105375066,0.17449033
-0.522515535,0.354098231,-0.764822081
0.544744432,1.380221486,-0.087180406
-4.102325439,-0.51408726,0.159424544
0.855883241,2.209434986,0.513433364
0.139245257,2.085513115,0.913807051
0.401866496,3.621672153,-0.263666601
-0.382822782,-0.587873578,0.328756402
1.004320264,1.151499033,-0.461465113
0.162981868,-2.091552019,0.765322044
1.665910602,-0.183778599,-0.21152754
-0.159856439,-0.380128175,0.478547956
-0.068006702,0.945969343,-0.4749504
-2.016932964,-0.119491354,-0.951442255
0.903270781,-0.75967294,0.926272786
-0.956529021,-0.10831219,-0.872776559
-0.700330496,0.592208683,-0.822702703
-0.737603784,-0.541115105,-0.302621053
-0.848400593,-2.602015734,0.78923212
-1.242507458,-0.296125591,-0.538687355
-0.71471417,0.914955795,-0.891303048
1.371082544,-0.210002363,0.544837662
1.207508206,1.737121344,-0.995163216
0.074590608,-0.418799341,-0.62573325
2.606687069,0.27072829,0.558311169
-1.642473221,-1.725800753,0.530151827
-0.167171046,-1.510669589,0.097827965
-0.518439829,0.712754548,0.009102346
0.495697439,-0.131683648,0.957599665
1.112738371,1.145021915,-0.12940111
0.798227549,0.100853473,-0.016893871
-1.32956028,-1.458132625,0.076552268
-0.761111736,0.879999936,-0.255543702
0.501872361,-0.581160426,0.608956418
0.74322933,0.089550652,0.393616586
-0.835820913,-0.659133852,0.927844904
0.687439561,-1.454442501,-0.861719361
2.975302935,-2.390513897,-0.579601778
-1.249959707,-0.924504519,-0.330632337
-1.920351505,-1.732219219,0.685032657
0.684097052,0.437437057,0.530953322
-0.656789541,-0.395783573,-0.33470388
-0.668176234,-0.595357835,-0.370385378
1.397225142,0.654682517,0.779661927
-0.073749006,0.254755676,-0.176188202
-0.269962281,-1.285056591,-0.16172194
-0.201751068,1.645923615,0.30064778
-2.280099869,2.957478285,0.669917055
-0.625695705,0.149642691,-0.141980398
-0.218821257,1.970575809,0.136857085
0.71441859,-1.735157609,0.157179215
-0.814216495,-0.082033813,-0.328698021
-1.186911941,-0.183496326,0.776720355
0.433349639,1.140229702,-0.480728113
-2.556145668,0.285648286,0.67311947
2.231719255,1.591996074,0.29298498
0.118987739,2.044980526,-0.275518937
-0.086933792,1.4842875,0.32439104
-1.114174604,0.570860147,-0.377234533
-0.945471406,-1.408711672,0.05172291
0.257748306,1.435889721,-0.904547365
2.667259216,-0.49307707,0.636549171
1.882904053,-1.288476706,0.670588953
0.272554934,0.020556591,-0.216470202
-0.073073104,-1.712096691,-0.715003674
0.207692429,-0.401649654,0.09705841
1.33956039,0.366308421,-0.277484295
-0.64817524,-4.075529099,0.472247277
0.133843407,1.454815149,-0.836437631
0.086479567,-1.702537298,0.727404218
-0.273261517,0.163361728,-0.704096313
-2.177324772,1.471034646,-0.492130007
-2.12319994,-0.229949325,0.435898436
0.907521963,-1.158237219,0.424734052
0.119362704,-0.061201882,0.523728511
0.710381031,1.255192757,0.580310033
-2.560434818,-0.868276477,-0.007545671
0.878718376,0.85824424,-0.774553307
0.622408509,0.699155271,0.968414841
0.868872583,1.69550848,0.060077005
-1.833976865,-1.153112769,-0.348840947
-0.136434391,1.985177755,0.926057383
0.260532975,1.10132432,-0.0723889
0.035363331,-0.927335858,-0.441899327
-0.380968332,0.114049494,0.599601391
1.10420084,-0.757577896,0.435286081
0.534126639,-0.255044371,-0.121538505
0.855356991,0.227135241,0.725120518
-0.556520462,-0.325774431,0.040114793
-1.477835774,-1.551547408,-0.654797853
1.21551013,0.165866047,-0.292325022
1.213929176,-0.415764838,-0.738849709
0.106621854,-0.149479598,-0.312249233
1.612547398,0.694343269,0.627630001
-0.769160032,-0.445159525,-0.715668572
1.556906819,2.567289829,-0.993270075
-0.845867991,1.30194211,0.205254456
0.50281316,-1.406365037,0.894674743
0.750793457,0.200667545,-0.537972991
0.330607831,1.355564117,-0.603167148
-0.120454207,0.118540764,-0.141987484
1.899714589,1.030792713,0.777457738
-0.683315337,-1.149740458,-0.568016764
0.261418283,-1.321624875,-0.828912304
-0.65852952,-0.961966991,-0.778159104
0.252024055,0.874610186,0.089827336
1.49386096,0.434354603,-0.794208115
1.144682288,-2.410157681,0.738903081
1.853549004,1.779886365,0.365624598
-0.059827887,-0.554508805,0.707145674
0.438208342,-1.507619858,-0.029405359
1.061347723,-0.696968913,0.964257345
1.066158891,-1.034279585,0.661024777
0.879728675,-1.156790018,-0.140270809
0.50441134,-0.308029115,0.886104019
-1.588418126,-1.480573654,-0.610388472
-1.82795155,-1.54061389,-0.04856129
2.337222576,3.099706173,-0.278911375
-1.120098472,0.686875582,-0.709386732
0.187683955,0.397236913,-0.160856224
0.521912277,-2.466485023,0.718319208
0.797257066,-0.364069104,-0.278325086
-1.170382977,-0.528581619,-0.725946003
0.388304293,-0.240068555,-0.393926666
-1.903524637,-0.360743374,0.654683323
-0.657856941,0.931165814,-0.423308488
-0.095249623,2.145227909,-0.791476657
-1.704354286,-0.901410699,0.892705345
-0.788709402,0.441591203,-0.103028278
-1.947220087,0.67534256,0.701396547
-0.371682107,0.304215103,0.395987895
-2.645962715,-1.224565506,-0.193282845
2.477659702,1.421988249,0.877100013
-0.501339734,-1.576639533,0.25806974
0.65519011,-0.619290829,-0.255821771
-0.118042305,-1.224404573,-0.19627498
-0.377370983,0.101001553,-0.006230445
-0.555784762,-0.429390252,0.959089742
0.25857684,1.028230429,-0.988568462
0.580333292,0.501041234,-0.831428159
-2.365489006,-1.663626194,-0.217485301
-0.304193407,0.451436132,-0.404272275
-0.338260859,0.16539216,-0.456474322
-0.635435998,-1.835515738,0.051374826
-2.164066076,0.804473519,-0.412867524
0.691874981,-0.23091054,-0.19351294
-0.991141558,-0.095466092,-0.090688155
0.224944174,-0.758403242,0.758090942
-1.547970057,1.050390124,-0.781574196
2.079131603,-0.302303821,-0.899468685
-0.321620047,-2.429364204,-0.367433364
0.414560497,0.28976053,-0.363730007
-0.223214909,-1.187124014,-0.567339121
0.442957968,-0.473547578,-0.500824659
-1.961914063,-0.771158814,-0.049211905
1.043566465,1.927586436,0.384157523
0.094499499,0.063565299,-0.97069953
1.526604176,1.311735034,-0.780987116
1.630248547,-0.083894342,0.719835714
-0.647079349,0.297170162,-0.310284351
0.343486845,-0.467467964,-0.612905585
0.688128114,1.808139682,0.497740541
0.681308746,-1.5407933,0.949596874
-0.593270481,-0.547744453,-0.875966057
-0.880667686,0.551045477,-0.602746494
1.06451726,1.71908927,-0.545398966
-0.595399559,-0.245211095,0.719308416
0.746162713,-0.342092752,-0.98379549
-1.183291912,-1.634482384,-0.248066526
-0.357948899,1.362397075,0.801039819
-0.6158126,3.460857391,-0.357767848
-1.835584879,0.189272791,-0.354108977
-1.3937006,1.637950659,0.716708651
1.788612604,0.282249719,-0.133848921
-1.17515564,-0.107042238,-0.736191246
1.895855904,-0.265661061,0.237005546
1.082531571,0.690919161,0.181614988
-0.564592719,1.1327703,0.534552443
2.005237818,1.302794814,0.014825939
0.162524357,-0.386489421,-0.50641693
-1.125938892,-0.244179755,-0.727118717
1.654755831,0.27141434,-0.122148021
-0.428446054,0.398174942,0.483271413
-0.009584896,-2.036013126,0.588527052
0.55297935,-1.036617041,-0.348773492
-0.71795857,-0.651473284,0.526733877
-1.473579526,-1.096287966,0.764468997
-0.885814905,-0.882099152,-0.098747005
-0.103360683,1.824369192,0.305003678
-0.600023866,0.332772404,-0.567628861
-0.483067334,-2.090923309,0.494317763
-0.603113651,1.453187227,-0.958140232
-1.687632084,0.729811668,-0.671411265
1.366538644,1.714730501,-0.354227775
-0.480338156,0.814058781,-0.139631848
-0.342443883,-0.996429563,0.254419659
0.166561618,-0.752468407,-0.51371031
-0.219143003,-0.580942214,0.210132126
0.202410534,2.733896732,0.803904578
-0.579997778,0.958175302,0.655028845
-0.436321378,-2.033830643,-0.507784192
-0.312634319,-0.924002528,-0.704960389
0.489730179,-0.278684318,-0.469859156
0.351757973,-0.957614303,0.360564563
0.979617536,2.614170074,-0.355677462
-0.699398637,-0.488655329,0.059877208
-1.979291201,0.358235925,0.15461019
-1.164967775,0.919898152,-0.440527644
1.123050451,0.455737054,-0.836309845
-0.379481941,-1.895535827,0.69361776
1.143419981,2.508895397,0.234815081
0.345323443,-0.428606361,0.445898375
-2.015610218,-0.204589188,-0.185959898
0.186761886,1.421390772,0.618544439
-2.13572669,-0.407410562,0.257284658
0.296168268,1.801970959,-0.326111898
-0.536567748,0.665624142,0.519707083
0.008762062,0.037665877,0.364394948
0.240069211,-0.998839378,-0.505347143
1.394423962,0.268043905,0.820383622
-1.236735106,0.852816463,-0.78338087
0.700914025,-2.75777173,-0.912853575
0.236243397,-1.930514932,0.066599541
0.031502988,0.411863506,0.154824615
2.277118683,0.375202596,0.867681878
1.028677464,-0.752832294,-0.817517285
0.882251024,1.320082784,-0.53065301
-1.416862965,-2.004912376,-0.674193291
-3.449701071,-1.126636505,-0.913775984
-1.741753101,-1.296149373,-0.042473903
0.464549363,0.710022807,0.875384352
0.89368093,-0.580251336,-0.620477206
-1.108756542,-1.649580479,-0.294093761
-2.674028873,0.022582147,0.839239125
-1.236788273,0.551761508,-0.416818605
-1.145791054,0.212599874,-0.883820478
-1.462558985,-0.445083022,0.100248812
-1.872975349,-1.375830889,0.90834139
-1.439756036,-1.081016302,0.987624863
0.794368565,-0.222793818,0.165997681
0.114146933,-1.942960978,0.770130473
-0.237717628,-0.153871566,-0.036536273
1.347215176,2.220631599,-0.622898052
-1.081562161,0.417308748,0.895698038
1.27904439,-0.064874783,-0.462346297
1.178726077,0.58333987,-0.479712516
0.536886334,-0.366985202,0.019935371
-1.31567359,-0.94370836,-0.737347587
-0.471425354,1.817102551,0.677393996
1.503901839,-1.309686661,0.315079184
-0.151740879,-0.520982623,0.682158463
0.934162974,1.378635049,-0.768046499
0.106128648,-0.664423466,-0.240272944
0.580140948,0.567320228,-0.667386004
-2.203709602,-0.091950439,-0.462410225
-0.519658208,0.253594875,0.746103863
0.626494646,-0.083084531,0.539010649
-0.170287177,-0.148251861,-0.653584666
-0.045096509,0.977990866,-0.954210728
-1.970178843,-1.767962456,0.225807038
-1.178232193,-0.651625395,0.714522302
1.138671756,-1.524816871,-0.762876394
-0.312098742,2.949619293,0.234109441
-2.073309422,-0.809077978,-0.842343749
-0.866477847,-1.776007891,0.125300088
-1.088481307,0.142415583,-0.79617183
-1.192909241,-1.419993758,0.518334455
-0.169433162,0.630235791,-0.705652724
0.476135969,1.908366442,-0.040065349
-0.120453119,-0.002458408,0.243238671
-0.355785161,-0.409321547,-0.136427736
0.35386616,0.35716933,0.344668263
-0.52389133,0.740701735,-0.626377739
-1.119150996,-0.52804631,0.967691077
-1.192076206,-1.092211008,-0.690765387
0.80213654,-0.67775774,-0.940782063
-0.449741721,-0.583942294,0.115790226
0.333198458,-0.142306939,0.907026756
0.467740834,-0.369319677,0.382842683
0.173100412,-0.201123968,0.169451559
-0.80278188,-0.420298815,0.4676182
0.859192014,-0.473398089,-0.730299434
1.528625607,1.190709352,0.786188917
-2.31648159,0.074525028,0.896808969
-0.691486597,-1.074941397,-0.448439578
0.488623619,-0.637485623,-0.08996095
0.533337593,2.137037277,0.631303788
1.280381083,0.168632865,0.489319347
1.274859905,1.822292566,0.909136172
1.730384111,-1.976122618,0.626323473
0.357409328,-0.167665407,-0.53195718
0.089501977,-1.292104483,0.645746644
0.81217587,1.467310786,-0.379992874
0.428151429,-0.794210911,0.389527374
1.362070322,-0.295047462,-0.881302439
-1.255216479,-0.439104557,0.701740963
1.471525431,0.138441652,-0.654411237
-1.60247612,0.040896665,0.380178646
1.510926962,-1.204815269,0.059936229
-0.759214461,0.61704731,-0.57752294
0.247975171,0.362367928,-0.834789401
-0.40830946,-0.449415565,0.771281031
-1.865000129,-0.866646707,-0.27350712
0.400115699,-0.61111629,-0.90500816
0.194208533,0.087325394,0.405864637
1.789908886,1.023707867,0.402003832
0.317025185,0.030063003,-0.123480774
1.217158079,-0.407851636,-0.600588307
0.822272778,-1.36644268,-0.512692402
-0.763546944,-2.130021095,0.376683158
-1.522636533,-1.984808207,0.847716602
-0.815892577,-0.244686261,-0.198300693
1.398076296,-0.631786764,0.539521159
0.290039599,0.812298715,-0.413373087
2.69686532,0.561167896,0.614998199
3.372708082,-0.249473199,-0.381606958
0.631296456,0.157643199,0.069488844
-1.254768133,-0.498657554,-0.955721885
0.27120018,-0.486307263,-0.029231427
-1.071104765,-0.066018142,-0.707434781
1.139659405,0.362150848,-0.635685135
-0.364030004,-1.627377868,-0.741185128
0.974318147,-0.359187335,0.857135723
0.04344416,-0.223043069,-0.098699095
-0.214413285,-0.156158864,-0.745040306
-1.396342397,0.709611297,0.997328441
-0.948064566,-1.084432602,-0.621179698
2.408363104,-0.297797024,0.740517486
-0.878986061,-3.361765623,-0.407818764
0.684073985,-1.557869911,0.521297717
2.525341272,-1.395403624,-0.813679488
0.722290754,-0.97661376,0.503092942
-1.496719122,-0.909389079,0.109468605
-0.518818021,0.567817688,0.779366999
0.178937688,0.446241617,0.186637583
0.214894161,0.788897872,-0.242886476
0.250048071,0.080144227,0.235910552
-0.585230768,0.354917645,0.899415602
-0.429011703,0.782010853,0.107329696
0.723492265,0.272675335,0.388353199
-1.613859177,-1.938215494,0.212975926
0.096535683,0.301087737,0.154117045
1.377312779,0.157947421,-0.238604376
-0.512483835,0.555617452,0.763198075
-0.609936535,-1.817647934,-0.352551954
0.273667037,1.652852535,-0.83325377
0.412440151,0.654873967,0.772101182
-1.102123499,-0.012404704,-0.45443476
-1.405467272,-2.554884434,-0.835490015
-0.363041222,1.609621048,0.865468379
1.396916986,-0.349007428,-0.132140495
1.000253081,0.442123175,0.638176602
2.096175194,1.662417889,-0.576319246
1.010006189,0.318945199,-0.179691944
-0.767479956,-0.440851569,0.939725704
-0.225384623,0.399786651,-0.004327892
0.896413207,1.713521481,0.462010431
-1.151251197,-0.100200035,0.020581206
0.596989274,-1.333609581,-0.155328184
-2.175827742,-0.421656132,-0.179589022
-0.804151297,-0.410835654,0.876067949
-1.380306005,1.646091223,-0.415339707
-0.285479397,-0.813273609,-0.555426143
2.028887749,-0.80319649,0.841845339
1.244175315,0.170683041,0.622924136
1.312520027,3.520450354,-0.983037247
0.230496109,-1.03773272,0.582680771
0.031918727,-0.268638968,0.498508054
0.424428761,0.482620716,-0.701538244
0.886383891,1.417391181,-0.444855121
0.492643476,-1.190816641,-0.070814266
0.951203048,0.78935349,0.921569425
1.183797598,-1.126194239,-0.39914867
-1.149091482,0.114319734,-0.098992456
1.003248334,1.023945451,0.581596121
-0.686299503,-0.780192316,0.834335475
-2.193527222,-1.095478177,0.393675364
0.745996237,1.094061375,-0.865730356
-0.012325827,0.469213188,-0.24290772
-2.119971275,-0.358628988,-0.529490247
1.239152431,-0.287165463,-0.865299276
-0.530491233,-0.545575023,0.016387334
-0.694809079,-0.270141542,0.482009573
0.314090639,0.732970238,-0.932997978
-1.096974134,-0.645104527,-0.531540849
0.370601237,-0.610063255,0.239911649
-1.874008417,-0.308084786,-0.884898115
0.805723786,-0.251186758,-0.553221234
1.80930531,3.782080412,-0.091983236
1.183659911,1.427002549,0.587490237
-0.584586561,1.091713905,-0.006313068
-0.85698998,0.863208055,0.487424256
-0.546502054,-0.800096035,0.324322887
-0.753241301,-1.884019613,-0.227645813
-1.049838066,-0.59580636,-0.943608212
-0.127680928,0.263781667,-0.13230819
-1.48821044,0.938246608,0.935718138
-0.309886158,0.161529735,0.39769153
1.591079354,1.493034959,-0.683348389
-1.093678951,0.368015558,-0.716966914
-0.031234378,-0.333233982,0.342800082
-0.629358172,-0.595829606,-0.613997277
3.038938046,1.473332882,-0.230793618
-0.589094639,-0.881284475,0.508738252
0.921275496,1.850322008,-0.851794525
0.16273807,0.359710336,0.115045775
-1.339652538,0.122362725,0.391837783
-0.558084488,1.260475516,0.071651765
-0.111057356,-0.937267423,-0.625667732
-1.676650643,0.283901155,-0.955326363
1.103023291,-0.719920278,-0.126248964
-0.128274962,0.1015912,-0.528107499
0.127402991,-0.280348212,0.441107821
-1.207326889,-0.907026947,-0.506893068
0.321528971,0.695892453,0.658699553
0.521417499,-0.501628399,-0.586160599
-0.397524297,1.450238109,-0.848902154
0.833652496,-0.529740572,0.854997834
-2.048727989,0.851900578,0.431964328
0.990525067,-0.894595683,0.384686296
-0.412089586,-0.900715053,0.093752408
-2.193228483,-0.640071929,0.747758201
0.677347481,1.691641688,-0.637937229
0.86413306,1.464415789,0.144635157
-1.837708712,-3.294011593,0.972909782
0.80479002,-1.216933727,-0.414284066
0.403358191,1.326571226,-0.29671406
1.926620841,0.105815746,-0.311495511
0.311956078,-0.853644729,-0.252635639
-1.133823514,1.29004693,0.834423383
-0.436842859,0.707191348,0.181562683
0.900132,0.412531316,-0.413733379
-0.519203067,-1.143926024,0.842955697
-1.040736198,-0.02356969,0.117437163
2.032474518,2.720629454,-0.112271286
0.793581963,-1.869720459,-0.033031669
0.711273968,1.609216809,-0.610728338
0.220833495,0.731726527,0.399468462
-0.565871179,-1.857459784,0.638429202
0.212403029,0.017975941,-0.609807384
0.034610484,1.104974747,0.40650931
1.502732515,0.65765202,-0.703019289
-2.105481625,-0.448449224,-0.962134698
-0.649257421,-1.030923843,0.321225083
1.405056477,0.154967338,-0.725930081
0.835373938,-0.83716172,-0.805389249
1.128687382,0.30712226,0.696976249
2.475811243,0.986798882,0.563651674
0.700005889,2.37732029,-0.286286039
0.044791747,0.60772562,0.582739464
-0.696719348,-0.017116556,-0.482105946
-0.502417803,0.777961135,-0.129189213
1.554879665,1.056686521,0.556544757
-1.027779579,-1.480776548,0.637710472
0.146037892,0.083489686,-0.483537695
-1.125663638,0.617219448,-0.930980076
2.306199074,0.467073023,0.924316587
1.269860148,-0.602362871,0.040797828
-0.584078908,0.14496012,-0.141058061
-1.953477502,-0.915184975,-0.255394476
0.618844569,0.294160038,0.67879244
0.266536534,0.65169698,0.439810721
-0.180250973,-0.240071893,0.333411022
0.696530581,1.000846624,0.526171092
-0.574324071,1.6738379,0.692023528
0.365318835,0.645108461,-0.013862319
2.44407177,2.365656376,-0.969808928
0.07088016,-1.749364734,-0.234277535
-0.583926082,0.579825401,-0.973024316
0.846223652,-1.652183771,0.327085668
-1.522319317,-1.31262064,-0.340728206
-1.308674455,-1.388257504,-0.611246748
1.850512743,1.203279734,-0.268691721
1.115468502,0.625766814,-0.367051995
1.562266588,0.217317075,0.875328285
1.768801689,-2.472754955,-0.219693182
-1.208782434,0.545082211,0.005514809
0.357567728,-0.570034742,-0.113725835
0.02775472,-1.406020045,0.198606935
-0.018174661,1.793673277,0.875855077
-3.450821877,-1.412505984,0.308165281
0.675832987,-1.644073963,-0.883084685
-2.191091061,0.193755433,0.310115399
1.048484087,1.218021274,-0.661672698
0.772675276,0.849469662,-0.270861197
1.045690536,-2.223849297,-0.652937815
-0.781147957,1.78199172,0.409852513
0.525675297,-0.493489325,0.587701531
-0.178302795,1.44685936,-0.735647739
0.329999775,0.509033084,0.40401136
0.708167315,0.944316566,0.066322458
-1.652559519,0.221575201,0.749275217
1.162868857,-0.105848908,-0.123884251
0.11292088,0.278774559,-0.71806998
1.780098915,-0.408893019,0.025915878
-0.143042654,-0.548362374,-0.363953985
0.472612858,0.126036704,0.000125745
-1.915370584,-0.456276983,0.015183788
-0.170365885,-0.496534348,0.282655143
-1.450549245,0.566427052,0.077260514
0.265404642,-2.429222107,-0.477079617
0.763020515,-0.36885196,-0.171422399
-0.289225757,0.049855698,0.175272345
-0.075858951,0.343512654,0.625428321
-1.409407139,-1.797480583,0.639460338
0.688220441,1.290976048,0.222943993
0.81485182,1.184675455,0.302449296
-0.327863485,0.457906485,-0.612230458
2.116640091,0.694967151,-0.172143149
0.525244176,0.540906668,0.901909198
-0.904923677,-1.591970205,0.900201448
0.217686802,-1.94803822,-0.160854892
-2.458467484,-0.012582526,0.320692926
-0.681760728,0.451767176,-0.988074582
0.494053394,-1.476521015,-0.89218171
1.121497989,-0.391707689,-0.830233767
0.64684099,0.12701568,-0.244590568
0.975573599,-0.117261291,-0.773375275
0.673281014,0.396886587,0.406169162
-0.248779744,-0.220549792,-0.694163649
0.485257149,0.474009663,-0.403356265
0.117186517,-1.29249239,-0.900363202
0.468716502,-2.078361273,0.117228795
-1.193973541,-1.173468828,-0.937331696
0.309262544,-0.347159237,-0.889960317
1.873848915,0.462799966,0.591498244
0.971934676,1.054554462,0.841534522
1.014577627,-1.555048823,0.35211329
0.742385626,0.638546109,0.212774106
-0.892240047,-1.218757153,-0.407850137
-2.225631714,-1.737267256,0.682903424
-1.103700876,0.10844554,-0.381546381
0.031879492,-2.132947683,-0.708367936
0.666665077,-0.900791168,-0.123194957
-1.159550428,-0.651433825,-0.717642022
-1.154512286,1.458153486,-0.507891528
-3.146516085,-4.728201866,0.553052641
0.684157372,3.302578688,0.806807693
-1.52526021,1.36788106,0.056965505
0.020529732,-0.995270967,0.372302108
-1.002766609,-0.100104377,0.185236337
-1.375131369,-0.0633047,-0.819900095
-0.826066494,-0.595766544,-0.979707087
-0.298003703,-0.961151242,0.780888681
1.655683279,2.772406101,0.438503625
0.170255527,-0.330869466,-0.340417591
-1.949178576,-1.602415681,-0.071734098
0.160645157,1.155243158,0.959742348
0.510032535,0.835932136,-0.531898135
-1.373484612,-1.173117638,0.755936859
0.872178316,2.078278065,-0.879362544
-0.184034929,0.066145666,0.271321779
2.649849415,1.565041542,-0.482661662
-0.129593447,-1.9605937,0.071834287
-0.305093288,-1.322101831,0.590085597
0.819727361,0.142841697,-0.663687384
-0.463465512,1.262185454,-0.073447472
-1.130877018,0.337471306,0.81109239
-0.384791255,0.836541414,0.354339707
1.532278061,1.383518457,-0.217415883
-0.222208023,0.449404746,-0.573806977
0.069601759,0.838586748,0.788345408
1.411090374,-1.113568425,-0.216718588
1.19396162,-1.640801072,0.990153604
-1.383443117,-0.059669171,0.51515069
0.823302388,-1.282648683,-0.208276379
0.095626526,2.310525417,-0.519592308
0.845137119,0.273846686,0.352124789
-1.174983859,0.4551678,0.421563555
-0.001683872,0.734482765,0.624705116
-1.609551311,0.399715662,0.747253632
2.026548386,0.933543503,-0.543289783
-0.707448006,0.483670622,-0.954008529
0.224900305,-0.14759773,-0.646178395
0.351626992,0.887922645,0.784087541
0.136846483,1.069789529,-0.922084064
-0.84622705,0.162808016,0.945335034
-0.01922182,0.307035178,-0.878806165
-1.341043591,0.432074845,-0.67070617
-0.138706163,-1.288061857,-0.006067923
1.619246006,1.026910186,-0.067367473
-0.331813991,-2.000386477,0.845578169
-1.12576282,0.236743599,-0.021819957
2.309916496,1.521176696,0.053024902
-0.191459835,0.774145007,0.196778263
-0.754733682,0.918372273,0.503512542
-0.544674277,-1.894177675,0.270363202
0.951595783,-0.70971787,0.556731665
0.275093198,-0.274037302,-0.447510791
0.33995837,-1.18014276,0.149787578
-0.499067426,0.653260946,0.089315574
-2.175896168,-0.030636694,-0.087498212
-0.028895786,-0.456169218,-0.192419537
0.247116089,-1.989732504,0.618155628
-0.175045669,-0.202189237,-0.681560497
0.999565601,-0.179176226,-0.919692783
0.251942843,-0.059197016,0.274184289
-1.517519951,-0.374419898,-0.562680027
-0.126695558,-1.680981755,-0.746246305
0.442691982,-0.587879539,-0.851140465
-0.377814233,-0.452198833,0.499514673
-0.026689673,0.675649583,0.350811067
0.267999232,-0.011338722,0.898375005
0.03910308,1.553061604,-0.567023046
1.07944572,-0.247285366,-0.342357332
0.150935993,-0.145064712,-0.687709313
1.37839222,-0.233158663,-0.922146876
1.714773417,-1.541699171,-0.723847266
-1.521156549,1.944328666,-0.310755207
-0.174974546,2.274178505,0.794236987
2.088506222,-0.875984192,-0.057891689
1.185479879,-1.553587198,-0.95713846
0.274052054,0.597644746,-0.304604455
-0.779403329,1.6992172,0.827856867
0.176510379,0.170692801,-0.887247276
-1.910733104,0.826554298,-0.203575505
0.086441137,0.637446046,-0.518520934
-0.458134174,1.421628594,0.23370468
-1.025879622,1.721571207,-0.352395919
0.130720064,2.646816254,0.763425351
2.519597769,1.374432802,0.566472067
-0.867946267,-1.326788425,0.235471437
-0.936089635,-1.478994966,-0.61233036
1.576760173,1.615471601,0.735694728
-0.165343314,-0.173164308,0.290698756
-0.719953895,2.215890884,-0.546745604
2.060213327,0.925325871,-0.925214191
0.497233272,-2.299059391,-0.193765531
0.645504475,-0.776137114,0.647662576
-0.621214032,-0.129720956,0.062780785
2.36268425,1.809199572,-0.364380047
1.038553476,1.327893972,0.759643906
0.93944627,0.441461027,0.444002502
0.070654914,0.39539656,0.304114925
0.718729973,1.966887355,-0.454879118
3.380126715,1.130155444,-0.945639145
0.697084188,1.296851635,-0.589409101
0.90026772,1.57437253,-0.530240826
-1.198383808,-0.426361948,-0.240523116
-0.228783518,-1.199567199,0.264478728
-0.154710919,1.834124088,-0.26536717
-1.206894159,-1.980323792,-0.153924818
1.534698129,-2.484580517,0.723717716
-0.488423824,-0.461489379,-0.420032941
-2.001541853,-2.900291443,-0.752555596
-0.630963385,-0.549072146,-0.830228812
0.356865406,2.081063509,0.279493964
0.698027253,-0.012058772,0.708793436
-0.127035975,-0.319504857,-0.578527943
-3.469789505,-0.382944912,0.854005648
-0.029910669,0.398394674,0.880281463
0.860559702,-1.418194652,0.802563512
-0.416814923,-0.881623805,-0.395304094
-1.540450215,-0.63939625,0.152204789
0.233226448,0.79393065,0.276820345
1.60493803,0.527357638,0.747643107
-0.429923505,1.68269062,0.437429763
1.148711443,-0.225997478,-0.128405845
-0.743737102,-1.775109291,0.982897405
0.5792979,-1.366612673,0.427133873
0.203990728,0.509529114,0.292296649
-0.345144868,1.034993052,0.783092806
-2.283652306,0.201207608,-0.061934196
-1.104848027,0.814673543,-0.084313615
-0.186685801,1.162922263,-0.715780833
0.610483825,0.556448042,-0.273358772
1.880762339,0.981851637,0.90200669
0.933411479,3.114787102,0.327788797
-0.778127253,-0.004274251,-0.683267884
-0.78960824,0.334256291,-0.197524251
-0.15597637,-0.083694443,0.965461274
-0.490211308,1.265430927,0.275199853
0.33537674,-1.239622951,0.031361385
-2.04125452,-0.180684581,-0.827673157
-1.391653776,0.813973665,0.105880813
-0.247065231,-1.084133387,0.141269718
-0.636931419,0.453803152,0.741154878
0.589628756,-0.37414825,-0.506261481
-1.434113026,-0.546675503,0.354862332
-1.593197346,-0.633295655,0.362507107
-0.750043452,0.23216413,0.175086373
-0.87868464,-0.281397372,-0.423881244
-0.649556279,-0.745238245,-0.388910979
1.193903923,0.818408608,0.20182023
1.374041319,0.912321985,0.518321933
1.839400649,0.348261565,0.672574118
0.842460811,0.776056588,-0.949198252
0.660277724,0.096415073,-0.172306031
1.126209736,-0.710595131,-0.716763595
1.116930127,0.462975234,-0.521426919
-1.697520494,-1.866495848,-0.188817692
0.131663859,0.668513358,-0.087569204
2.518222809,-1.328332424,0.152337094
-1.810367703,0.515247464,-0.587612214
1.45035553,1.163431287,0.037256242
1.027418613,0.388707548,0.027746699
1.244406581,-0.926508188,0.912870881
1.177140951,0.933282018,0.305747703
1.489464283,0.910461187,0.063184421
-0.924975276,0.485630482,0.029920473
-0.663110256,-0.143998086,0.477009436
1.223025084,-0.25626111,0.179506293
1.211901665,1.422774315,0.310481799
0.058839358,-1.080477238,-0.843775943
1.107192278,0.567803383,0.151682725
-1.732610583,0.612087369,-0.498277387
-1.323684931,-1.207486391,0.408391309
-0.254899055,-1.945649505,0.432283714
1.262935877,0.417779982,-0.332507919
0.339995831,1.08272016,-0.203655141
3.042602301,0.249655426,0.164899898
0.515638411,-0.3259359,-0.426913419
-0.638333023,0.229488015,-0.974775283
0.093354002,0.660230458,-0.262563774
0.542813063,2.715887547,-0.919535631
0.50021106,0.172423393,0.051745091
-0.535669506,1.477883577,-0.990484073
-0.150505915,-0.052425072,-0.997062235
-0.153004214,0.132648453,-0.648475706
-1.070101738,0.604850054,-0.20319792
0.867329359,0.063859895,0.149121854
-0.398364455,0.191439509,0.617412628
-0.523719907,1.521017075,-0.335311188
-0.064055204,0.934867144,-0.530397228
-0.185571373,-0.081948586,0.726472603
0.44882223,0.585509062,0.639595326
-0.169135302,0.70547539,-0.681576293
-1.626445532,-3.796293736,0.311968565
-1.229900599,-0.06750185,0.730243246
-0.803816497,-0.216143653,-0.007891557
-2.594798565,-2.625666618,0.38650212
0.105026096,-0.110465579,-0.369032689
0.199342653,2.905565739,0.58356977
0.302154839,1.322051525,0.789827323
0.801978469,-0.063431844,0.146191802
0.339026988,1.381529212,0.305425689
-2.072060585,-1.56905365,-0.879179828
-1.077073455,-0.749433935,-0.74540883
-0.859890401,0.163342074,0.846571556
0.526836991,0.245536953,-0.652239196
-0.738520026,-1.124311686,0.654151502
-1.90626514,0.496156603,0.000142122
1.047528744,0.433979481,-0.157076432
-0.881322026,1.31886816,0.692660454
1.825105071,-0.045001559,0.481821217
-1.136487126,0.473670125,0.873950515
1.287391901,1.184551239,-0.687459994
-0.307849228,-0.803274691,0.056676484
-0.698076665,-1.539549112,0.932376661
0.315282851,0.102131531,-0.01618382
-1.759582877,-1.654599428,0.944124183
-0.825667143,-0.582888961,-0.860128195
-0.824928641,-0.573033333,0.60235496
0.071429923,0.324776888,0.982948625
0.185988396,2.188742161,-0.71370098
1.763225079,-1.973598123,-0.536877471
-1.791457653,-0.095096365,-0.655152134
-0.662571669,0.706136942,0.74164425
-0.343088269,2.963530779,-0.94527807
1.070792198,0.258547843,-0.194990609
-1.428865314,-2.673145294,0.776692552
1.988322735,2.534654379,-0.795612267
2.041498423,2.218919754,-0.098513002
1.239832401,-0.101563215,-0.691293579
-0.290755242,-2.796473742,-0.005801822
-1.503577352,1.988461733,0.884927378
1.477786899,-0.212949276,-0.36775505
0.960411549,0.785088062,0.043456933
0.253788352,0.822628021,-0.107356514
0.313285857,-0.939718664,-0.860115569
-0.088554002,-0.151968941,0.249756503
-0.77211237,-1.532381535,0.886926982
-0.411992341,0.801418126,-0.947353159
0.224923879,0.322738647,-0.16454218
-2.873683691,0.254584819,0.007011155
0.067983426,-1.428391457,0.364851926
-2.627540827,-2.730467081,-0.42984077
0.595450878,-1.518545747,0.873757133
-0.27663213,1.533482671,-0.276150145
0.217762351,-0.939460397,-0.474452146
-1.158013105,0.967935383,-0.798988805
-0.396122634,-1.512943625,-0.601820353
0.493847191,-2.054176807,0.697077046
0.302301615,0.077674225,-0.317865101
-1.970471859,1.474156618,0.738489759
-0.633019388,-1.274012327,-0.139781136
0.793630838,1.224163055,-0.159664356
-0.332471192,1.397961617,0.203851477
2.616816759,-0.684317708,-0.384719434
1.72053206,2.319004536,-0.168649356
0.474901438,0.763184309,0.579801839
0.396404713,1.877412081,0.296822135
1.373956084,-0.577891231,0.606221056
0.69474858,0.584876299,-0.758965713
1.332965851,0.663966417,0.152130592
0.42658031,-0.510525703,-0.203427081
1.21612978,0.258316875,-0.137838911
-0.914966702,-0.056114376,-0.787374081
1.167377234,1.584346294,-0.049671635
0.967573404,-0.267055333,-0.653328076
1.794522762,2.919634342,0.041033358
-1.129484415,0.14198485,0.441280612
0.567986667,0.550477624,-0.439182051
1.070813417,0.256426901,0.129778616
-0.000318967,1.372444153,0.594319897
-0.254620105,-0.207189307,-0.021224905
-0.20486109,1.914371371,-0.849601069
0.069774382,-1.549023032,-0.934069173
0.208478227,-0.637170196,-0.273717498
-1.267353535,0.291860998,0.953807352
1.021642685,-0.397728354,0.304333212
-2.034280539,1.028236628,-0.394500913
-0.463650227,-0.184837699,-0.832439936
0.619831502,-0.737473667,-0.630651518
0.748904228,1.290835142,0.009626273
0.986360788,0.035393193,-0.880234081
-1.198966265,1.791041374,0.610195237
-1.410063386,-1.179808855,-0.195428796
0.229015857,0.50571382,-0.585709517
0.009517446,0.637475193,-0.377373886
-0.311191022,-1.341977835,0.851882663
-3.456833839,-3.811760426,0.785155518
-0.385567576,-1.086068273,0.303524965
1.465689182,0.743429303,-0.525857547
1.301260591,-0.033016585,0.102302547
-0.216622233,-1.305704832,0.998721932
2.101502895,-0.431596816,0.950418933
-1.63035965,-1.134760857,0.434020002
-0.100882582,-0.412207842,-0.828657107
-2.159961224,0.472444057,-0.817019184
0.441009521,-1.036309838,-0.143923761
1.198572159,1.561899662,-0.625465814
0.390314937,2.289959431,0.125990359
-0.218676984,0.457243145,-0.020115924
1.134429932,0.674292088,0.770626945
-0.082971804,0.520188868,-0.161611259
0.253144652,-0.528621078,0.875852771
-0.375944078,-0.092117637,-0.242550924
1.655354738,0.079066828,-0.120118456
-0.310848236,0.104108155,-0.953829816
1.976138234,1.345394135,-0.965369597
1.312878251,-0.335451305,0.995442014
-0.119140126,-0.150798887,-0.654514752
0.109379262,-1.54570365,0.738259034
-1.063140035,-0.509234548,-0.23887529
1.199403763,0.620617747,0.988248553
0.341170371,-0.337684035,0.370760237
-1.249490023,0.630981982,0.924466015
0.887923956,-2.838467598,0.785884857
-0.074733034,0.653551698,-0.801437502
0.6515522,-1.873767376,0.2977332
-2.894540787,-1.638788223,0.594713783
0.672245622,0.655601799,-0.396519325
-0.290165842,0.357265413,0.5219596
0.153520942,0.300700963,-0.673061312
0.304831833,-1.766978621,-0.511067469
0.172341019,0.269625336,0.747169828
-0.287434727,-0.553869367,-0.603220699
-2.237163305,0.459766626,0.543749017
-1.740990996,0.867165446,0.355026404
0.225022465,-1.515808105,0.459944555
0.954424262,-0.694787264,0.492859503
0.259302765,1.700083733,0.933686669
-0.262912393,-0.961764216,-0.39744856
-0.558702528,-1.025013685,0.612353251
1.065155864,-1.497301936,0.898400941
-0.500095546,-0.220348239,0.5195751
-0.218761399,0.230216369,-0.257920286
0.290121615,-0.630999327,-0.066753834
-2.030234337,-1.016284704,-0.879501723
0.324695826,-1.310466051,-0.677006867
1.828883886,-1.045095086,-0.507862431
0.648920894,-0.189573437,0.299331007
0.602450609,-0.831718683,0.764900308
0.058927536,0.304912031,0.09088642
-1.2170825,0.609623194,0.865501301
-1.087315679,1.080519199,-0.035862341
0.055217315,-0.627936602,0.851581412
0.318087846,0.203138053,-0.557538908
-0.628288627,0.362687975,-0.158113259
0.455295116,2.774452686,0.438340065
-0.255906165,-1.084536076,-0.362947221
0.894367993,0.201198965,0.483263276
-1.264858127,-0.958598018,0.462377538
-0.583970547,-0.013499646,0.542567258
-1.265520453,1.998762965,-0.362124984
-0.871438026,-0.596487522,0.835444569
-0.198625758,-0.141153425,0.145075519
0.451055586,0.23419933,-0.618302968
-0.103862025,-0.450446606,-0.886379085
0.180593431,1.592643738,0.243511161
-0.120426945,-1.686977029,-0.069063224
1.311433315,0.688455343,0.597646682
-0.849835277,-0.769262791,0.438489443
-0.856607795,-0.97021246,0.385368996
-0.429411024,0.631181777,-0.53259433
-0.336632639,0.325456023,-0.910157954
1.060432792,0.296332419,-0.951634039
-0.017415425,0.302636385,0.314772957
1.531180143,-0.15330866,0.161210097
0.678137422,0.502607584,0.38986427
-1.406397939,-0.801233172,0.464854394
-0.228649154,1.321593046,0.579540704
0.105688721,-3.576626778,0.514988585
0.187690899,1.828906417,0.96363905
0.123090513,2.553453445,-0.637938006
-0.435428441,1.353842497,0.841979927
-0.17604968,-0.703320265,0.987520035
0.970766544,0.42648375,0.411187222
0.249293149,0.235370204,0.728522667
-2.4785285,0.568966389,0.010767164
-0.266314417,0.395289928,-0.985064014
1.520999193,-0.627926469,0.774453544
0.047768727,0.510687232,-0.88382084
0.707623124,0.821628451,-0.199825677
0.057945952,-0.044125129,0.371054588
0.792532921,-0.853496194,-0.581283759
0.352474093,-0.509584427,-0.70039239
-0.359058768,-0.510829628,0.061854756
2.25381732,0.630791485,0.989352225
2.85291481,-0.457095861,0.213818954
-0.384814441,-0.219524488,-0.910603157
0.711193681,1.524836302,0.219444258
-1.482386827,-2.261158466,-0.6257896
-0.413181245,-1.273512006,0.402981804
-1.198789477,-1.11422646,-0.222313359
-0.370668203,-1.258155823,-0.527346509
-0.047632381,-0.761600554,-0.488968917
-0.172007293,0.23250863,-0.136603043
-0.629831433,-3.47437644,-0.341160011
-0.245168954,-0.869042933,-0.117264831
0.12271677,-1.0527668,-0.550378645
0.024358556,-0.214908853,0.711730191
1.1297822,1.997351646,-0.754959342
-0.462280452,-2.216045141,0.20157498
-1.06302774,-0.335383892,-0.524533693
-0.205816448,0.601351023,-0.291355255
-1.090855479,0.385716289,-0.579339367
0.323639512,0.1695081,-0.532575884
0.439660043,-0.3187114,0.477333588
0.28156966,1.505675793,0.64804694
0.301742464,-1.674045324,-0.30920637
1.967347503,1.523866415,0.009503037
0.16134946,-0.834803402,0.43617753
-0.216454744,-0.482094824,-0.394947237
1.456305623,3.300276279,-0.324627893
1.275172234,2.296865225,-0.015066991
2.24270153,0.521171808,-0.213169708
0.456534922,-1.7483778,-0.559193245
-0.439732969,0.533526659,-0.185822819
-0.911621392,0.913638949,-0.506867785
0.67546165,1.569383621,-0.570227352
0.855135083,-1.420345783,-0.441361805
-0.004237115,0.765591383,0.967660509
0.94122678,-1.697528124,-0.482092004
0.694228113,0.530298173,-0.921720815
0.786324322,0.867613196,0.01742497
-0.384192795,0.393333316,-0.570810622
1.807599664,1.79120636,-0.506452054
0.383718371,-0.85056603,-0.239243075
0.497952163,-0.664502501,-0.431206961
0.616286159,-5.92E-05,-0.80160165
1.021612644,-0.542455792,0.273168814
0.252718121,-0.621162713,0.831724508
1.470806599,-1.224470735,0.058993939
0.235836342,-2.500011444,0.931822429
1.230463505,-0.801563025,0.981215191
-1.398549914,0.892875493,0.195740164
0.768881798,-0.502726912,0.196815164
-2.066214561,-2.317884922,0.640539021
-1.287890673,-2.526903629,-0.053620417
0.442785889,-0.267932475,0.289427421
0.329565883,0.596256018,0.322503227
0.219385177,-0.087209061,-0.509776456
0.638180912,1.317977428,0.87653171
0.7372576,-0.123479694,-0.908130171
0.90188241,-1.22464776,0.913597038
0.262433797,-0.054250408,-0.23201008
0.76822269,1.005521297,0.738792297
0.243260458,0.669001698,-0.412290743
-0.310482621,-0.200481415,0.714384853
3.004475355,-0.30044961,0.358846342
0.277677864,-1.516328216,0.591240307
-0.654935837,-0.708034217,-0.91105938
-0.589007914,-0.282357186,0.838670584
1.528292418,1.841822863,0.169977074
1.233107209,-2.138909817,-0.558861199
0.629201591,1.236142635,-0.47611853
2.077782393,1.159721136,-0.704647525
1.618171453,-0.48754549,0.814515982
-0.385489553,2.934457541,0.452647153
-0.298489064,-0.20382838,0.898491502
0.846831441,0.417269498,-0.798851147
0.842601299,-0.760748029,0.079222416
0.574625671,-0.953918815,0.657827037
0.595796704,0.48335579,0.182873807
-0.201395005,-1.065488815,0.311931266
0.518514574,0.074169666,-0.749212333
0.15894945,-0.711907148,0.956282534
-0.319334209,-0.526381969,-0.914497345
-0.902452946,-1.062986374,0.037132901
-0.198344976,2.877163172,0.234870136
1.724973559,-0.076004997,0.41484952
0.431119859,-2.109452248,-0.679648986
1.760493755,0.571899414,0.134933144
-0.241383016,-1.744397521,-0.20302399
0.025337435,0.250410557,-0.151442311
1.484743237,1.842782736,-0.787536389
-1.441586733,-0.595068455,0.888695806
1.529504538,-1.135950685,-0.540389038
-0.865262747,-1.102737904,0.071089728
-0.633715093,1.300160527,-0.429621602
0.391376078,-1.194640398,0.885355674
-1.218538284,-1.191001654,-0.018261106
-0.681226254,-2.43465519,0.527690494
-0.782043159,0.278464079,0.814796807
1.469222546,4.176324844,0.438028964
-0.498478174,0.159650058,0.880288581
-0.090489313,1.217041492,-0.136864661
-0.418354332,-1.627512693,-0.247407321
0.279165536,-0.822936177,-0.464956306
0.330470473,-2.011731148,-0.435447956
-0.13268128,0.399476647,0.136170411
-3.238714218,-2.686421633,0.403260554
-1.588626862,-0.539517403,0.912257805
0.969345748,1.568055272,0.081541537
1.199297428,-1.399396658,-0.80086341
1.910564065,0.805451393,-0.734239586
1.357177496,3.186924219,0.576931515
0.318009883,0.826575637,0.790098413
-0.669353545,-0.027255658,0.802467613
-0.581458807,0.057862554,-0.682319964
-1.177139878,-2.535377741,-0.01853632
-1.717798948,-1.489845037,-0.73276173
0.326010942,0.405343533,-0.733596034
0.028353341,0.022787573,0.188307845
0.863293111,1.880299807,-0.546183318
1.08595717,-0.789815187,0.595632438
-1.085377812,-0.410638064,0.982940879
0.59058857,0.314743042,0.425484145
1.252115726,0.333973259,-0.578227038
1.016469479,-0.639982641,-0.799466925
-0.395949841,-0.362520486,0.523339017
-2.050286293,-0.733891606,-0.278426978
-1.845144033,-1.146474719,-0.158611204
1.121873736,1.951633096,-0.123726997
-2.03989625,0.886581898,-0.827090974
0.227968469,-0.287206441,0.057541093
0.928812444,0.638014376,-0.924741379
0.092848979,0.746711969,0.378433591
-1.741272807,-1.130360365,0.003606135
1.558695912,0.804192066,-0.321502425
-0.380495697,-0.400142908,-0.713487439
0.739843071,2.534095049,-0.484267313
1.214879751,-0.171346605,0.555843345
-1.662858367,-0.689665079,0.732807408
0.006673306,0.467456698,0.900528425
0.357524484,-2.045263052,0.847501214
-1.180292964,0.672207117,0.513992853
1.112141728,0.632555962,0.201799605
1.188786268,1.195456266,0.993275255
-0.619457424,-0.493040353,0.384134241
-1.29169488,-0.739947438,0.359774482
0.355653107,-0.133679688,0.872125903
1.009848833,2.649380445,0.476345476
-0.596774995,-2.398540974,0.871033807
0.854323447,2.668965816,-0.31740663
-1.659680367,1.955487847,-0.619249778
-2.032209396,-1.861166477,-0.581985067
0.048808925,-0.162671089,0.226322762
-1.196584225,-1.00176084,-0.47096966
-0.303268582,0.926322699,-0.516087491
-1.33274281,0.518933535,0.15922509
0.145441741,-0.1593045,0.178168419
-1.079798698,-0.570022762,-0.41604235
1.512949467,-0.004427455,0.768150174
1.481158257,1.290926695,-0.89908749
-1.203568935,0.223833591,0.416016022
-0.008423492,-0.268762559,-0.831232079
-1.028162241,-0.472826958,0.976382492
-1.021723628,-2.853401661,0.692488849
-1.028074741,-0.884643912,-0.218625363
0.914084435,0.835518122,0.589245365
0.541972876,-0.245672792,-0.296708204
-1.249718785,-0.171088874,-0.923762986
0.449265391,-0.715105414,-0.014998405
-1.577452779,0.01220126,-0.180148996
0.266109824,0.973786592,-0.901255763
-0.651162386,-0.03130649,0.335641015
-0.807338715,0.117093503,0.57135801
-0.527917922,1.534382224,-0.774695157
-0.962944508,-0.298587084,-0.850110752
-0.778141797,-0.283454359,-0.85214989
-0.043570116,-0.280890405,-0.016960358
-0.192981213,-1.562432289,0.684631146
0.821950197,0.800699055,-0.930203944
-0.019190051,0.670440316,0.406306728
-0.978372931,-0.348769307,0.018316042
-0.619962096,0.184892595,0.16357264
1.044618607,1.05947876,0.954960819
-0.030300789,1.107342124,-0.147862884
-0.196565196,0.764746964,0.389636007
-0.506090701,-0.735460997,-0.275344483
-0.120253794,0.036999807,0.222382992
-1.073415518,-0.179497004,0.150364261
1.174935102,1.0513165,0.152837342
-0.765965402,0.547763586,0.039070456
-1.14153266,-0.84901309,-0.10263793
1.191768885,1.795150042,-0.336869461
0.118870527,2.461193085,0.780825879
0.172461689,-0.878981531,-0.753224302
-2.16852951,-0.620515883,-0.976780289
1.933346629,2.545814514,0.962419767
0.743938804,-1.864235044,-0.549428019
-0.164205089,0.601911902,-0.972762536
0.728939354,1.350263476,0.070079869
1.3337605,2.641103029,0.70245791
-1.280065656,-0.9954561,-0.881107033
2.044057131,0.392842352,-0.214862497
0.633053899,-1.234219074,-0.607555539
-2.556806564,0.386546314,0.711015169
-1.276823521,2.254071236,-0.246600978
-0.474262625,-1.667542577,0.78086941
1.275637746,-0.675920367,0.518313928
2.461464405,1.24934721,0.052180971
-1.678856254,-1.464966655,-0.170947023
-1.657601595,-0.056432687,0.267408369
-2.005231857,-2.392790318,0.451491642
-0.629705667,0.527183294,-0.715530193
1.927395582,2.354542732,0.49819743
1.567280293,2.675640106,-0.029249918
-1.879389524,2.125587225,0.153795801
0.738105297,3.981240511,0.311888443
-1.413266301,0.280066073,0.953488188
-2.427938461,-1.575380683,0.682172737
-0.470467836,0.709087253,0.248684308
1.625819683,2.053423643,0.2991982
-0.975700676,-0.354230762,0.820581762
-0.893710852,-1.98500514,-0.145952043
0.91260314,-1.658710241,-0.474541435
-0.939983249,0.30373773,0.518783996
-0.940087557,-1.220061779,-0.11137416
0.980752945,0.103636645,-0.43998141
-0.024195805,0.161397547,0.844802508
1.484938264,-0.7442801,0.577486535
1.004373789,0.172693074,0.358243011
-0.878374457,1.385424256,0.432787764
1.523800969,2.74870348,-0.804137786
-0.590004444,1.311922669,0.553398845
-1.991320848,-0.455510855,0.146716422
0.965992212,-0.467018068,0.846128084
0.661314785,0.598506272,-0.325081092
0.431365013,1.117492795,-0.953028628
-1.52124846,-0.328966975,-0.325436372
0.810500383,2.470152378,-0.897361187
1.056257606,-0.260967255,0.863855597
1.216682673,0.684331238,-0.717187027
1.856069326,0.562122285,0.492813143
-0.653417349,0.334521174,0.78020576
0.213853031,-0.524144411,-0.576351772
-1.727841139,-2.359045029,0.601129431
-0.095858939,1.185165524,-0.425287131
-2.461198092,-2.004681587,0.983695925
0.066889592,-0.820662498,-0.713803905
-0.417021573,-0.051626563,-0.268565969
0.205692708,0.644692481,-0.355329705
-1.333107114,1.222763419,0.892624676
-0.690188527,0.061101709,-0.828326623
-0.441628069,-1.161355376,0.498944229
0.017625442,-0.983227432,0.965636063
1.651223898,0.557597637,-0.206838492
-0.003426284,-2.027392626,-0.490995271
-1.683538795,-1.225758791,0.339445408
1.007755995,0.441001207,-0.873431183
-0.169815972,-0.88593322,-0.71274889
-0.221274406,-2.524764538,-0.07913106
-1.309513569,-0.937297761,-0.683916008
0.038696442,1.903501511,-0.640407291
0.169732481,0.277216852,0.38955472
0.091602683,1.49011457,-0.983136299
-1.435665607,-2.248421431,-0.906424373
-0.699588537,0.349690199,-0.042448764
-1.779791832,-0.281917483,-0.454038566
-0.120491534,0.206172645,-0.763481235
0.749053121,-1.151570916,-0.284273277
0.181895524,0.637507796,0.260699526
0.79242152,1.00187993,0.158763572
-1.101670742,1.569045544,-0.96367441
-1.523482323,-0.875120044,-0.084832059
-1.357162595,-0.15158534,-0.655585771
0.055945858,1.091124535,0.244275446
0.253621101,0.522198796,-0.454076357
-1.556841493,-0.674948692,-0.174815389
-0.972449362,-1.499238133,0.43004031
-0.86540848,-2.337732077,0.684015026
1.618648291,-0.825641274,0.514511766
-2.243175983,0.223073736,0.581956081
-2.138709784,0.932814121,-0.163287255
-0.497999847,0.472290218,0.721883859
-0.055255737,0.892551005,0.533203521
-1.813857198,-1.87916708,-0.190317647
1.699844956,2.690441608,-0.840191036
2.474578381,0.13776584,0.186691699
0.436432779,-0.777979851,0.660413741
-1.739350677,-1.255452633,-0.861900438
0.737616479,1.207317829,-0.414256519
-0.593227208,-0.075680822,0.566774446
1.047742128,-0.963254571,0.085951694
0.170712456,-0.619720459,0.92598744
1.726850629,-1.895475388,0.846776693
-0.896502376,-0.745242953,-0.704397811
0.838842452,1.758565187,0.384363911
1.548641086,-0.253385782,-0.644443984
-1.16432929,-1.659007192,0.792085186
2.050087929,-0.942883134,-0.946954424
-0.166353792,-0.540094793,-0.93520849
0.267866254,0.256338418,0.35479886
0.168336004,3.32427597,-0.479492765
-0.709244668,-0.941349506,0.184671733
-0.473843098,-0.730069458,0.323039801
3.004999638,-2.324416637,-0.136086656
0.568433046,1.071588516,-0.994051211
1.745351076,0.571322441,-0.132238763
-0.179241627,-0.569525719,0.370993626
-0.5341326,-0.547251463,0.938983574
-0.347528815,-1.232246161,-0.057240391
-0.217251152,-0.801608562,0.301347088
-2.124318838,-0.257030845,0.687413221
0.757373452,-0.041996781,0.571194933
-0.801010489,1.844943643,-0.509226879
-0.731812596,0.1056045,-0.316053881
1.124327421,2.219615936,-0.46806599
1.600623369,-1.240979671,0.672150889
1.018054247,-2.090182781,-0.056039987
-0.942877889,0.73394978,0.367913351
-0.842085004,-3.321376324,0.430612728
-2.080082178,-1.075812817,-0.455383814
-0.256657064,-0.963036835,0.134764486
0.567524135,1.525589466,-0.960096223
0.078640282,1.474473953,-0.426210538
2.113414526,0.764825761,-0.011655636
1.447728395,0.420392156,-0.538101126
-0.481845915,-0.918985605,0.481266637
-1.02030158,-0.024236185,0.931886543
1.667702794,1.090857387,-0.373000463
0.087892652,0.235498726,-0.068968356
0.907025635,0.105765186,0.86939736
0.152034879,0.675189972,-0.1994396
-1.303233624,-0.79747963,0.301152648
1.623437405,0.610036492,-0.777461231
-0.180637002,-1.158378839,-0.415912969
1.722154856,-1.758347988,0.770863348
-0.688039839,0.274298429,0.185368955
-0.17167595,-1.711831212,-0.723612182
0.666780233,1.049710512,0.208643456
-0.109491996,0.492914259,0.938051892
-0.802618504,-1.090941548,-0.84917599
-0.274263203,-1.678694844,-0.778679243
1.378040552,-1.550254703,-0.193770975
1.882321596,0.34362179,-0.348722348
-0.597962737,0.679648161,-0.06114995
-0.366657615,-1.13635993,-0.703011155
-1.38650322,0.240919515,-0.934111342
-0.436562657,-0.499601603,0.550326901
-1.216158628,0.423507482,0.235801551
-0.011160925,-0.204494879,0.61969089
0.033310324,1.020632982,-0.536359067
-1.75334096,-1.806734204,0.493893377
0.17833595,1.271772504,-0.641861187
1.428621173,-0.194022208,0.557091104
-0.228993744,-0.29531917,0.106028727
-0.357937038,-0.697361469,-0.872909519
-1.247972012,-1.387666345,0.161449293
1.409594536,-0.050311916,0.40554988
1.11411047,1.519267201,0.758970041
1.08524096,-1.816649437,-0.910200355
0.385709018,-1.269282103,-0.472850184
-0.143642664,1.431562543,-0.800704042
-0.944672346,1.562799096,0.679342621
-0.961225986,0.563124657,0.080552849
-1.420997977,1.019435883,-0.056448084
0.825894952,1.288719893,-0.692550947
2.057108402,1.139630198,-0.732563552
-1.330343962,-0.261956722,0.360596125
-0.834564686,-1.890837789,-0.897963944
-1.451211691,-1.407033563,-0.666733964
1.956649899,1.352605343,-0.446684666
-1.291777134,-1.205122828,-0.729939852
-0.705602944,2.269699097,0.385441483
-2.497548819,-1.266921043,-0.552945844
-1.435853601,-0.55784297,0.578041774
1.425403833,0.153546348,0.150137104
-0.24678421,-1.42354238,-0.479790503
-0.322600186,-1.390825152,0.978705524
-0.292766005,0.754836142,-0.82033383
-1.689658761,1.22958374,0.32561121
0.334378421,0.73556459,0.376511781
0.189527065,-0.931527376,-0.523530687
-1.131616592,-1.549995422,0.459869654
0.550121188,0.048466429,-0.258361814
0.387476921,0.716601729,-0.513985418
-2.390424967,-1.409699917,-0.274847395
0.83939147,2.442316532,0.862379495
-0.608461738,-0.120588437,-0.086432013
-1.643415928,0.205201611,-0.968649817
-0.380106151,-1.823339343,0.015272974
0.564739108,0.364680618,0.582758535
0.708858371,-0.348614991,-0.095583535
-1.691923618,-0.531290531,0.826291228
1.769373655,-0.088663936,0.540674011
0.78981179,-0.625119507,0.323343413
-0.799656987,1.68231988,0.14480238
-1.134708524,2.817878962,-0.397675799
-0.578698039,0.113550767,0.492208015
-1.14421773,-0.951017797,-0.556686261
0.681198418,0.407228678,0.815598924
1.559921026,0.238865808,-0.040455899
-2.466732979,1.383915901,-0.214440387
0.947407603,-1.038508058,0.799081334
0.389609188,-2.571747303,-0.001233389
-0.025608607,0.85049814,0.830795577
-2.209611893,-0.539133072,-0.123170548
-0.414747834,1.028734446,0.034817676
-0.719164252,0.27890712,0.031776011
1.18572855,-0.425275713,0.64633561
-1.864246607,0.110546887,-0.417396299
1.214020014,-0.568495512,-0.564111662
0.377293408,0.860421896,0.870134836
1.121020675,-0.484516829,-0.517176195
0.931280911,-0.489670098,-0.960139803
0.143723458,1.195795774,-0.049027402
-2.94004488,2.669549465,0.593802749
-2.865371704,0.415479809,0.070790712
-1.388071537,0.474784851,-0.468996368
0.82298404,-1.776754022,-0.941363534
3.242679596,0.610141993,-0.834420963
-0.610569239,-0.770180702,0.002988301
0.021872522,1.429801941,0.904135993
-1.79143703,-1.418097973,0.028551184
0.060222492,-0.15205358,0.288568752
0.796799004,1.134528399,-0.697687146
1.311947823,0.280459285,-0.490610923
0.996265888,2.42769146,0.79969876
-0.701307297,2.035178661,-0.949574917
0.798308074,-2.020006418,-0.122156069
1.098134518,-0.934068561,-0.320991924
-1.985574007,-0.066352934,0.869922988
-0.340314955,1.15755868,0.620177316
0.764736533,-0.478561819,0.137726158
-0.516678751,1.992673874,-0.309756325
-0.311453998,-1.195072412,-0.532707994
0.923370361,1.625816822,0.002341313
-0.117270485,-0.517248273,-0.814557515
-1.692594528,1.694056988,0.481064866
-1.119344234,-0.457416892,-0.136347467
1.418654203,0.217509836,-0.066557284
0.781046152,-0.496607602,-0.617319838
1.146930695,1.681022167,0.969439009
2.686986208,-1.217746019,-0.898448539
0.947651029,0.469873667,-0.434531551
2.047528744,1.351502895,0.835840654
0.286803603,1.16742897,0.95819728
-0.720435917,2.184195042,0.468335155
-0.329794347,0.559980154,-0.319687431
0.349689007,-0.053047225,-0.173505141
1.189440012,0.680576801,-0.03466712
0.122419208,-0.269770294,-0.575170234
1.012522578,0.086064845,0.402994383
1.830211878,0.795500517,-0.526410969
-0.108850434,-1.237894297,0.009777259
-1.096554041,1.299951911,0.883109372
-0.379992247,1.425976038,0.693069645
-1.77980268,-2.096197128,-0.421624999
1.030871391,1.084217787,-0.509612287
-0.622885287,-0.1326603,0.940086086
-1.723260164,-0.989921689,-0.043348431
0.051026523,-0.745629549,0.947010823
-1.849579573,-0.028480574,0.753564854
-2.202097416,-1.421172261,0.403601031
0.677600861,-0.716994822,-0.718126727
-0.581252456,2.941297054,-0.113930104
1.570483923,0.213805705,-0.386483287
1.1486485,0.201695397,0.150704095
1.007290125,2.358501673,-0.285296047
1.639960051,-0.615436912,0.594108676
-0.755939364,0.411586583,0.557798014
0.413878918,-0.228145063,0.337385809
0.846350074,0.134497508,0.008985018
-1.07420826,0.442150652,0.308043884
1.446163297,-0.961751342,-0.552868495
-1.381304383,1.584542394,0.997801018
0.546103716,1.695377588,0.296002605
1.930454731,2.342792749,0.071620621
-0.196176082,0.433947861,-0.699582065
-0.681051612,-0.998978496,-0.890377482
0.638399124,-0.282765955,0.307141191
-0.826671064,-1.680027008,0.483743995
-1.916495919,0.446784139,-0.336226304
0.934969902,-0.699243784,0.251401827
-2.024758816,-0.214016497,-0.483666069
0.416069657,0.03749866,0.549165856
0.800576329,0.714202166,-0.901663156
-0.827377975,-0.307435811,-0.520337562
-0.319084376,0.947425663,-0.161415487
1.541908503,0.750010133,-0.184014188
1.363341093,1.075258851,-0.093570789
-1.971243143,-1.165900826,0.546762711
-0.107180059,-1.89400208,-0.8383568
0.570197701,-0.544052899,0.668120453
-1.629575491,1.303966999,-0.827472155
0.924033403,-0.708154142,0.721509877
-0.244967073,1.374061346,0.319081298
0.543384433,0.634185791,0.315008726
2.530337095,0.784653187,0.459484828
-0.275285512,0.70909965,0.862369864
1.994724751,0.127564877,0.941814734
0.29790315,-1.043536425,-0.033000703
0.781269491,0.865405142,0.808262538
0.868375182,-0.227007046,-0.531632244
-0.242240384,-1.883747339,0.253223338
1.520699978,1.665551066,0.848659584
-0.053937912,-0.261357129,0.849404413
0.736657739,0.642080188,-0.78959001
0.884739518,-1.260603666,0.911173925
0.951501369,1.306769848,-0.540999964
-0.301585495,-0.375347733,0.553347652
0.000944562,0.496312141,-0.875256949
0.933714271,-0.35423857,0.047525497
-0.119755536,-0.039445505,0.696668839
-1.779892802,-0.089996181,0.285434712
-0.9417696,0.197992161,-0.135464901
0.204687297,0.613216877,0.522209399
0.449367225,1.483641624,0.638707508
-0.462400109,0.461611807,0.319413942
-0.627607346,-0.977931499,-0.460565562
2.259586811,1.714005232,0.829928572
0.530063987,1.814271092,0.88011894
0.206277639,-0.203724951,-0.260903206
0.358606666,-0.910602093,0.04251077
2.061615229,0.856593728,0.515226496
0.602451205,-0.768105507,0.806556664
1.437678218,1.706093788,0.848776974
-1.615156889,-1.060238004,0.181512089
-0.375693977,1.301990509,0.487502634
-0.000797279,-1.559405804,-0.812021684
0.352718949,-1.444126368,0.570168127
0.221224844,-1.206155181,0.788926559
0.160858169,0.302649021,-0.538396013
-0.942439914,-1.444930792,0.962165136
-1.604755759,-0.393993914,-0.478817858
0.017336112,-0.520505369,-0.079065229
0.967370152,-0.578530788,-0.447677016
0.706581831,0.712335825,-0.529549606
-1.005443335,-0.88678658,0.372567238
-2.414070368,1.622407675,-0.028746704
-1.169635773,1.285867453,-0.028090013
1.103643894,0.053095166,-0.742185916
3.124236107,1.549856424,-0.768010962
2.057383299,2.623291969,-0.936881235
-0.562183142,1.704631329,-0.284699909
-0.055445619,-0.730189264,-0.495233191
-0.59693104,0.810665607,-0.544314351
-1.704288483,1.729321241,0.936697345
0.502126098,-0.060980581,0.308937594
3.196315527,1.357456684,0.588329399
1.015635371,-0.993377686,0.466790876
-0.521348476,0.681334853,0.783117745
0.317108989,0.996765256,-0.706163434
0.267164052,0.797356844,0.454163981
-0.207725465,-1.910782218,-0.491980816
-0.957609713,-0.045089666,-0.821347568
-0.020416513,-0.518324733,0.568330119
-1.476666451,-1.751516104,-0.351952864
0.492945313,-0.76134932,-0.142954003
-1.229403019,-1.832495928,-0.958859763
-0.331996024,-3.809429407,-0.012986208
-2.101644516,-1.808233738,0.674118991
-0.192256674,-0.513502896,-0.354454012
-2.09656477,-1.51394701,0.931961362
-0.62239027,1.055523396,-0.76837244
-0.040854327,-0.982068181,0.368337893
0.01998435,0.552019835,0.698493441
-0.621165633,-1.995670795,0.673162125
-1.626277685,-0.680468798,0.067064182
0.572977364,2.251967907,0.148500758
-0.205956653,0.424478769,-0.056296276
2.622531414,1.001838446,0.685111026
-1.164416075,-0.559743881,-0.306052002
-0.626586199,0.7439937,0.775728808
-0.583257794,-1.664886475,-0.730318589
-0.902321637,0.464961588,-0.498506294
-0.686385036,-0.487040877,-0.710190787
0.102949865,-0.104064837,-0.558837761
0.57597518,-1.226662755,-0.609987719
-0.906030476,0.234778762,0.109454751
0.558821201,0.176305383,-0.678681721
2.711093903,0.454317093,0.620940335
1.120046735,0.029749164,-0.931469404
1.04851675,1.177842736,0.186581063
1.484630108,0.663939476,0.229753861
0.943260312,1.114667654,0.011866364
-0.100180544,-0.416529179,-0.451117031
-2.469844103,-1.668457747,0.41857133
0.455511928,2.371953487,0.011170429
-1.105115414,0.572133183,0.812747811
0.320357978,-0.120126873,0.360720271
0.066955626,-0.082606941,-0.722996887
-0.382062316,2.043201447,0.372192176
0.529205263,0.464336336,0.533584826
1.67578733,0.974025249,0.93033641
2.032087088,-0.258388847,-0.327340812
0.276671618,0.121603206,0.191754624
-0.810979605,-0.914904237,0.747224155
-0.850426137,0.469975263,-0.875359086
1.147256374,0.666990161,-0.21943803
-0.419114828,0.8040874,0.9297068
-1.141022921,-0.088547252,-0.632542142
-0.085877277,-0.842134595,-0.48743289
-1.65989387,-1.395662427,-0.70157187
-0.677674115,0.396226794,-0.735166167
2.307532787,-0.353232026,-0.736132969
-1.146817684,-0.181237027,-0.122998515
2.371825695,-0.462277889,-0.972651948
-0.91937542,0.232187301,-0.760722042
-0.370479107,-0.438583672,0.185158682
-1.949568391,-0.813159823,0.472741855
-0.003849,-1.81790638,0.903215223
-0.545473278,1.139382124,0.602102189
1.320560455,1.236510277,0.397863918
0.980107784,1.002323747,-0.065531211
1.460993767,2.151943922,-0.286100575
-1.298054695,-2.94277668,-0.174371823
-0.114259012,0.380416036,-0.313443569
0.193918198,-0.693547249,-0.316502578
-0.329083383,-0.035686325,-0.277668432
1.4639045,-1.606409907,0.994221973
-2.399004221,-1.163515568,0.107614641
-2.651914835,-3.908466578,-0.018545428
-1.031631708,0.605607152,0.502860249
0.814188361,0.219815165,-0.137901731
-1.722116947,1.50582099,-0.453468769
1.582197428,1.184924603,-0.237578862
1.116591334,1.540597558,0.023765185
-0.855234265,-0.77062583,0.010188619
1.533889294,-0.862560153,-0.45559379
-0.960418582,2.043551922,0.276232251
-0.686194301,-1.134474277,0.707353864
-0.541235566,0.009438116,0.533203499
-0.437661201,-0.677227437,-0.256155878
1.747211933,-0.331947565,0.573164919
0.693012953,1.043733835,-0.932125718
1.534604073,-0.342898965,0.334166047
2.226092339,0.593354464,0.705297086
-0.411104023,0.05325732,0.065908848
-0.016697079,0.085409872,0.594465825
1.919897318,0.868166089,0.321243074
0.052828372,-0.501256347,-0.403429414
-0.050961666,1.662026405,0.297519471
-1.923734188,2.107391834,-0.17022137
-0.195556611,0.597399354,0.662783578
4.647501945,3.886446714,-0.982724296
-1.45467937,-0.138838828,-0.546302793
1.816049695,0.617285967,-0.579565796
0.006569466,-0.485653102,0.173348537
0.682971239,0.76916945,-0.405142191
-0.543644309,0.93510294,0.299947282
-1.057125807,-0.837588429,0.368863897
0.865390003,1.692742109,0.030800836
0.367078483,-1.361294508,-0.783663701
-0.148112595,1.431726694,0.080585896
-0.477424234,-0.247265786,0.597613156
0.746301472,-3.3107059,0.393558877
0.288659155,0.602762222,0.642221985
-1.814100981,0.227327585,0.622369286
-0.100469299,1.237618208,-0.778920764
-0.597582936,-1.717732906,-0.757366929
1.80711472,2.703740358,-0.890680138
0.034164235,-1.122332811,0.631560908
0.106032044,-1.125858665,-0.782680038
0.424562901,2.43540144,0.339219992
-1.548572659,-0.39035368,-0.039187558
0.365939319,-0.840929985,0.119649494
0.539481699,0.461612999,-0.38233938
-0.713081598,0.411898077,0.119783647
2.334154606,-0.774422646,0.511224252
-1.005636811,2.138175964,-0.664663489
1.246721029,0.100983873,0.347583822
-1.524470806,-0.519669414,-0.501437245
0.793391705,0.552671134,0.086460796
-0.483673513,-0.895780325,0.284959045
-0.709632099,0.610456944,0.633010704
-0.874199629,-1.515491962,-0.632266796
-0.904378176,-0.672422528,0.2366512
0.608616948,-1.31528914,-0.249960818
-0.453540385,-0.117873803,-0.779477554
-0.167891487,-4.853743076,-0.057168745
-0.161173344,2.652463436,-0.423926831
-1.178214788,-0.671610951,0.395823342
0.79806596,-1.762969971,0.451493589
-0.485921085,-1.529523849,0.361940414
1.167187929,-0.834560692,-0.882133566
0.272457957,-0.459208399,-0.843960662
0.965927899,-0.456683785,0.045774037
1.086204529,1.002624035,-0.113246768
-0.209745556,-1.534998536,-0.932027882
-0.728622019,0.522370934,-0.234382033
-0.522952855,-0.415549427,0.924134358
-1.692861795,-0.492629886,0.048162587
1.961456299,0.462729871,0.708944888
-0.709199548,-0.87535435,0.362219242
-0.203866214,2.180459738,-0.962882479
-0.503576279,2.052264214,0.951950283
1.92334938,1.074348211,0.938026498
-0.084395356,-0.937565565,0.858285963
-0.010480746,1.349218607,-0.868163422
0.556400657,0.749996424,0.533737342
1.367717505,1.42968905,0.536845849
0.69094348,-0.027913682,-0.561436872
1.691660881,0.758350492,-0.960000354
0.558561623,-1.301238298,-0.72944089
-0.306467593,-0.609869361,0.674174782
0.653450251,-0.750511885,-0.445366734
0.878318846,1.805150628,-0.718625908
0.449071795,0.328416407,0.758758198
-0.781846225,0.876286566,-0.010816904
-0.374402404,-0.823734522,-0.883966537
0.470415235,-0.306419432,0.078329537
0.997384906,-1.695360184,-0.868838536
0.267775446,0.914214134,0.107443479
0.695640206,-0.993133307,-0.282254613
0.117543645,0.560033917,-0.089952121
-1.290197134,-1.655083537,-0.009905105
-1.122848511,2.599551678,-0.121386364
0.298410416,-0.658183813,-0.615142396
-2.14876318,-0.533253789,-0.34923149
0.507130027,1.116797805,0.879361424
1.969684601,-1.733510017,0.480165385
1.271931171,0.668933809,0.498560273
-1.03105092,-0.171147168,-0.053755799
0.089020245,-0.878490806,-0.166275106
0.573925912,0.191640213,-0.11383474
0.094412945,0.739897907,-0.102098479
-0.37845403,0.416216761,-0.841170995
0.97214371,-0.715488255,-0.843836908
0.167752832,1.397807121,0.486695121
0.850142717,0.551596284,-0.318313972
0.213918358,-0.907113433,0.764423112
-0.368627667,1.098663688,-0.082581699
0.153998882,-1.173433423,-0.954110849
0.822220802,0.744629145,0.938004684
-0.195216209,-1.704092026,-0.423214375
1.058012724,0.177492559,0.836623214
1.152949929,-0.525736809,-0.794932974
0.717072725,2.821405172,0.888511103
-0.127082169,0.609619498,-0.077086735
0.122161075,0.005913362,0.892251676
0.51294142,1.764752865,0.248152274
1.137296677,0.288833916,0.705130606
1.027229309,-0.64333576,0.649929865
1.07297039,0.044174258,-0.212266436
-2.165695429,0.676778316,-0.399395638
-0.96653074,-0.75758189,0.447920206
0.853070617,0.808318317,0.184096528
0.085525088,0.81477952,-0.965221663
1.246101141,2.496488333,0.254965067
1.146231294,2.0538764,-0.325791896
-0.320453256,-0.419995368,0.561000937
-0.188908517,-1.346839666,0.020754696
0.076686904,1.170082569,0.110507642
0.553474188,0.66762507,0.094936025
1.868515491,0.740847945,0.7818415
0.262502789,-0.52417326,-0.130756131
-0.695366681,-0.432088017,0.139185445
-0.15676555,0.06171722,0.918747863
1.158961535,0.37986201,-0.465508796
0.095514491,2.247060537,0.875598449
-0.091548316,0.675767899,-0.674848117
-1.113291025,-0.92040503,0.632488338
1.750683308,0.053224236,-0.063925093
-0.994034052,-0.30941838,0.754174678
0.485077202,-0.11692813,-0.219165748
0.353583336,-0.646587491,-0.009739459
-0.60869801,-0.584500074,0.79610965
0.431702912,0.69798249,-0.076506904
-0.013917923,2.559893131,0.199140879
-1.6750319,-1.660498738,-0.688433736
-3.356600761,1.323779106,-0.80268926
-1.053423285,0.08163175,0.616800591
0.054404616,-0.411169231,0.773370642
2.046438694,-2.620048523,0.021869403
-0.437516898,-0.118750885,0.92856708
-0.492110223,-0.276076287,0.886537354
-1.315370798,3.053612232,0.656565275
-0.24522841,1.125121832,-0.399985001
0.183617964,1.261662483,0.875287314
-1.310177565,0.150812119,-0.81963086
-1.097751141,0.309084594,0.349267141
-0.617927432,-1.256152868,0.518842386
-0.889414489,0.715080678,0.690187494
0.94974649,2.21925211,0.625074062
-0.766921818,0.784977496,-0.142564708
1.270326138,-0.809279203,0.549168211
-0.879100323,0.259823501,0.822033064
-0.153589815,3.062946796,0.758939855
-0.219160676,-0.695724607,-0.993128659
-1.50765717,0.156104907,0.505917681
-0.276475072,-0.035071336,0.561336351
0.470062375,2.521154165,0.986598682
-0.491717726,0.126517579,-0.455046657
0.492950618,-0.812640846,0.240811176
-2.936673164,0.36633426,0.310734638
0.535451949,-0.336428761,-0.059082985
-0.188555077,1.027540445,-0.359283796
0.857843995,-0.586787105,-0.68019386
-0.24912481,1.191427231,-0.92594749
-0.269539058,-0.422637045,-0.945776264
0.415422916,-0.335611373,-0.121263621
1.876762509,0.420277625,0.200896624
1.144316554,1.43311584,-0.531578435
-1.21531105,-0.972936749,-0.492761145
-2.842559814,1.203302026,0.913184272
3.384766102,1.708706379,-0.825019035
-0.289759398,-0.573978305,0.738748909
-2.146715164,-1.323217154,-0.947050966
-1.23670578,-0.397225767,0.422472154
-1.140591621,-0.05617686,0.860965674
0.409866333,0.939958394,-0.85865495
0.519838393,0.817290425,-0.850428144
0.930290461,0.58847785,0.466645987
-1.77404964,-0.831324697,0.559676374
-0.454909801,-1.440193653,0.625368342
0.350355029,-0.443941176,-0.195283422
-0.983144999,-0.000931544,0.123261153
-1.296942234,-0.157610431,0.512507352
2.767200708,0.226218328,-0.07027737
-0.746470571,-1.867111921,0.537152545
-0.302964091,0.252663523,0.203356207
0.481088966,2.358249903,0.82944276
0.460686773,1.303433657,0.962447858
-1.390451074,-0.402807444,0.738167176
-0.735873044,0.093243577,-0.510156285
0.940039814,-1.722170472,-0.364026608
-0.591332018,-0.702559233,0.290964751
2.858799696,1.564957976,-0.171839132
-0.434559762,0.37622875,-0.213427389
-0.528632283,-1.324481249,0.214883473
-1.918608189,-0.667336583,0.078954129
-0.006721452,0.280448914,0.268017692
0.322172344,-1.303279042,0.241562045
0.358709812,0.709439516,-0.185584181
-1.393076897,-2.899950743,-0.069046626
-1.055809498,0.059667684,-0.932077304
-0.107124597,1.920824885,-0.602572142
0.007549345,-1.167971373,0.682526619
-0.516841352,2.761516094,0.440401833
-1.468878269,1.59843564,0.160122569
-0.093088672,0.451882869,-0.846326295
1.606789351,1.749474049,-0.79345811
-1.471539259,-2.265650272,-0.112519766
0.721151114,1.440625191,0.2960808
0.518187106,0.833799362,-0.312026359
-1.477073669,-0.392169744,0.604641258
1.459996223,0.894579351,0.781125769
1.884730339,0.398017704,0.642413
0.897362709,-0.275411427,0.93072415
0.544657052,0.789599299,0.51089161
-1.347757578,2.496601105,-0.757057346
0.654515862,0.548517346,-0.308063475
-0.497109771,-0.773492277,0.176224142
0.555149078,1.705999255,0.429128711
-0.49266538,-0.253019005,-0.301586865
-2.015006542,-0.104689144,0.730374523
0.043429732,-1.301301599,0.337078509
0.103621215,1.140798688,0.107152341
-0.986029506,-2.771268606,-0.270812619
-2.184161186,-2.582992554,-0.779473821
-2.062633038,-0.743360758,-0.80605151
-0.567461967,-0.907601118,0.818534525
-1.317157984,-1.585036159,0.334626085
0.468886256,0.547794223,-0.021025139
1.731096148,0.39648056,-0.367755171
-0.328754216,0.404013783,0.72005064
1.849292636,0.385181546,0.783607842
-1.075341821,0.077900961,-0.40133835
-0.129816473,-0.578597426,-0.554068125
0.635708928,-1.603282213,0.975331272
0.39994505,-0.489083171,-0.676257196
-1.268414497,-1.953149557,-0.277416796
-0.790307045,0.437277824,0.537439177
-0.138848975,0.464817405,-0.844331898
1.214728117,-0.733808756,-0.19825791
0.095988303,-0.473911881,0.411326133
0.429215312,-2.196784019,-0.502440806
0.218396783,1.432721615,-0.26500091
-1.970402002,-1.2750175,0.37134561
0.418826699,1.287380099,-0.328079894
-1.487175226,1.331999779,0.124221704
1.668029547,0.131970704,-0.67498057
1.954942584,-0.879725337,-0.009369253
-2.396758556,-0.631208897,-0.966042331
-0.929302633,-1.107783318,0.955280883
1.556361198,2.367531776,-0.827620736
1.948238611,-1.498739004,-0.730742834
-1.007378936,-3.274291277,-0.409707879
-0.339664251,1.500014901,-0.956988416
-0.226948768,1.096437812,0.777636597
-1.618864536,-0.640466928,0.66021753
-1.550631642,-2.1344769,0.457566808
0.820114255,1.190286636,-0.622965206
1.934016943,-0.097070433,0.786466281
0.54664129,0.739306688,-0.770855493
0.00248449,-0.838670015,-0.018231649
-1.554212809,-1.357826114,-0.047343504
0.253596425,-0.256979078,0.711357541
-1.171582341,1.254668117,0.472658935
-1.215729475,-0.928723574,0.967773406
0.07632415,0.817959726,-0.136490956
1.704043269,1.691793442,0.620793341
-0.556559741,1.76396513,0.376863215
-1.350442648,-2.203324556,0.809416937
-2.054405689,-0.945496678,0.586479444
0.672115862,-0.60362637,0.590615877
-0.33139801,1.257310152,-0.939795585
0.833014131,-1.98358202,0.697691577
1.687862635,-1.098656774,0.199329147
-0.597813964,-0.768916607,-0.954930722
0.247091517,-1.028949022,-0.433565362
-2.785684824,-0.753864825,-0.809796171
-0.478023142,-0.641465604,0.817813479
0.34176743,-1.59878087,-0.971769676
-1.10274744,0.783314228,0.926334218
-0.082505256,-0.094055116,0.688130503
0.543223739,0.244503379,0.435619877
0.245361686,0.414231896,-0.20128541
-1.319250464,-0.647788048,0.431058992
1.179857492,0.551002443,-0.914202702
1.36956358,-2.093668222,0.281315429
-0.759780526,-0.350594997,0.220431454
0.780058086,0.249256119,-0.096274946
-0.072989807,1.08684361,0.909314687
-2.358489513,0.540770531,-0.02578864
0.88989234,1.209184408,0.966496448
0.128535062,-0.135655791,-0.188818768
0.360682607,-0.47104007,-0.356584053
0.056395248,-0.235945165,-0.005633951
-0.210602671,1.619117498,-0.953931324
0.977304697,-0.385498941,0.400824465
0.556607127,0.642608762,-0.104563853
0.781749666,-0.27415362,0.045315055
0.159585774,-2.458740234,-0.637549399
1.961375713,-0.025542744,0.144206321
-0.389818788,0.920566142,0.612749886
-0.112654977,0.308432579,-0.733317792
0.840790272,0.838408232,0.877710025
2.1040411,1.166018248,-0.956395292
-0.909516811,-0.40339607,-0.082634793
-0.749109924,1.802131176,0.04115607
2.794176102,0.129803479,0.908412022
0.3210347,-1.057743788,0.805017809
-1.105888128,-2.498211861,-0.97029335
-0.892221808,0.274153918,-0.394865233
-1.265218616,-2.624727249,-0.633468392
0.828627825,1.523239732,0.882234926
-0.723153055,-0.445274711,-0.972451536
-1.455136538,-0.4251481,-0.377166242
0.777616858,-1.164203048,0.304626483
0.641438901,-0.890193343,0.092984113
-2.213014126,-3.318612814,0.777511357
-1.576347113,0.484819233,0.494248183
0.338359952,-0.078209877,-0.655416599
1.440445662,2.073877335,0.45806192
-0.614188552,2.511237144,0.321157009
-0.396922797,-0.677716196,-0.702442308
-2.322975874,0.666325629,-0.233722974
0.453554809,-0.636332393,0.522241951
2.346837997,1.42521739,-0.313680094
0.871140778,-0.043864623,0.775793517
-0.85985589,-1.287890196,0.375067118
0.406455308,-0.887432814,-0.390783581
-1.072962761,3.216500759,-0.22506353
-0.353715152,1.147328854,0.440329445
-0.705061316,-0.914555371,-0.059678881
0.664195716,-1.023641229,-0.997764188
0.972381353,0.276627302,0.032279542
-0.265429348,0.775488853,-0.591225666
-0.050244685,0.46213457,-0.917500615
0.68399173,1.049768806,-0.762270136
-0.766549766,-0.584971428,-0.969263408
-1.16862452,1.417325735,-0.682202184
-1.347667933,0.26404947,-0.378517475
0.066540129,-0.866842806,-0.705943587
0.398932397,1.191791296,0.609617023
1.589420557,0.614417732,-0.892649156
-0.561573565,-2.483653784,0.023227638
-0.115144208,-0.104085758,-0.370709816
0.074726842,0.986710429,-0.214472132
-0.939449906,-2.050690174,0.070261253
0.957295835,-1.115988493,-0.642383696
1.374222994,-0.96010673,0.112214457
0.335073501,1.1985991,0.318058571
-0.288133234,0.659175694,0.067869222
-2.056402922,-0.467567027,-0.716209671
1.449816227,-0.681755662,0.127946209
1.47604084,1.126180649,0.362698139
-1.751252651,-1.387997031,-0.7744047
-0.229232401,-0.155306488,0.567843192
-0.999470294,0.90008992,0.375816743
0.794854283,1.110155344,-0.247337144
1.21615696,-0.286617309,0.120400269
1.483651996,-0.260967404,0.799592183
1.462187052,-0.355767131,0.670175289
0.600221515,-0.075239882,-0.29854628
1.584383249,-0.356968254,-0.584995687
1.330793381,-0.963075638,0.074161508
1.012515187,0.834187388,0.829309608
0.040452808,0.402749479,-0.801988398
-1.711285472,-0.026182802,0.666447297
0.952735543,-1.04389143,-0.968383109
-3.821434021,-0.89431262,-0.188686291
0.270040244,0.644433022,-0.789138922
-0.768887639,0.596600235,0.044087856
-0.754496455,-0.565740764,-0.012924683
-1.754627228,1.405812979,0.287416891
-0.995862842,-1.454449177,-0.645712418
2.05198431,0.403473258,-0.274773189
-1.548538208,-2.069176435,-0.739176243
0.19222331,-0.743327677,-0.333967551
0.337522805,1.38400209,0.088754446
0.010481007,2.099735022,-0.894672196
2.080680132,1.181756496,-0.903270704
1.434693813,-0.860628664,-0.753261767
1.696073771,0.149235144,-0.490157703
-1.922821403,0.863681078,-0.840662861
-1.225613117,-1.450161695,-0.894266514
-1.188073635,-2.095693111,-0.490393216
-0.007208418,-2.0608325,-0.109906042
0.274771363,1.581234932,-0.872470082
0.715382636,1.366607904,-0.672167888
-0.677487612,-1.960383415,-0.024486309
0.756851554,0.276952356,-0.598567764
0.451019257,0.511778116,0.99395126
0.582039416,-0.492666841,0.774886004
-0.191288963,-0.158987224,0.409931605
-0.789795339,-2.411847115,0.216214793
-1.749055624,-0.916942716,-0.391966597
1.203226328,-0.854372859,-0.188903355
1.20340991,-1.239244103,0.536363582
-1.721632242,-0.473077774,-0.528593529
-1.693276882,-0.567480862,-0.798652242
-0.798315048,-1.981611729,0.651093412
0.27278617,0.941708088,-0.242371649
-2.625793934,-1.632896185,-0.802703768
0.33085233,0.347084761,-0.897695212
-0.540279388,-0.929083943,-0.186655046
-0.789898515,-0.708803177,0.331379431
-0.244855195,-0.64068675,0.245835113
-0.942798853,-0.475353569,0.138210457
3.488101721,-0.074376434,0.49825614
2.830200672,0.439893037,-0.36303854
0.794258833,0.827021837,-0.135570267
-0.039506514,-1.070308208,0.524083316
-2.049245834,-0.54103744,0.039634376
-0.514377594,-1.29650259,0.358370462
0.184938639,-1.267261982,0.322970888
-1.459663272,-1.090521336,0.118039514
0.926274121,2.290070057,0.297628173
-0.395262301,-1.376014471,-0.001010085
1.045861721,-0.398266017,-0.382726415
-0.900118709,-1.124616861,0.012290435
-2.260778189,-0.981711388,0.505094632
1.671929598,1.874259233,-0.388839156
0.866227746,1.236084461,-0.455117281
-0.849250317,0.189376622,0.359864443
1.391820908,0.009599984,0.186710142
-3.743511677,-1.340347528,0.597415779
-0.187854439,0.773719549,0.628630804
1.079665542,0.394997001,0.928041409
-1.234961152,0.055377565,-0.167397361
2.221803665,1.076889277,-0.32046536
-1.968643665,-0.330423325,-0.978149579
-2.524268627,2.41363287,0.829702866
0.869140863,0.31886813,-0.834335602
0.599565506,0.902066708,-0.660008305
0.333681941,0.783339441,0.380145725
0.300258726,-0.632096171,0.050840048
0.783138275,-1.007301927,-0.794726071
2.028790474,1.025498152,-0.926303508
-1.067598343,-1.081278205,-0.469441656
0.643683136,1.751184464,0.665547568
0.461117744,1.548004866,-0.433740521
-0.346947908,-0.164138168,0.901265031
-0.285491943,-0.829972088,-0.72858388
1.236731052,-0.216635361,-0.568617875
-0.021652225,-0.805413604,0.604064933
0.026981605,-1.639779329,-0.855253965
-1.378505707,-1.575510502,0.886390905
2.301810265,-0.502510309,-0.646891004
0.670586824,1.671927571,-0.262213724
-1.418597341,0.999988079,-0.983434077
0.249754593,0.817216754,-0.971049256
0.282448918,0.910565495,0.571010496
0.540229201,1.270673037,-0.030380237
1.96756649,-0.374860466,0.36626142
-0.430711985,-2.433298588,-0.837930988
0.643844485,0.730358124,-0.308995221
-1.449514151,0.503767908,0.445126987
0.842671514,-1.0454427,-0.47631814
0.64377743,1.865924597,-0.184491565
1.216282845,-1.868355513,0.918343029
0.448481739,-0.777010977,0.736179287
-0.666252613,-0.001847655,-0.574751595
-1.740361691,1.218830109,0.728700035
1.511787176,-0.569494188,-0.366575998
-0.301264256,-0.725088656,-0.831036545
-0.910922647,-0.443356156,0.768988135
-0.472862065,-0.41760236,0.634072717
-0.128437594,2.428048849,-0.53126833
-2.107777357,1.820810556,-0.212843941
-1.342531919,1.312708497,-0.671734418
0.374408752,-0.300445646,-0.142360923
2.741714478,0.769956172,-0.147418634
-1.813957095,-0.29691726,0.542513522
-0.368019372,0.394716501,-0.876097996
-2.686738491,-1.218106985,-0.191364946
2.120729685,2.467772961,0.310658793
2.82857728,2.905697823,0.32785253
-0.588172555,-1.957965255,-0.90030614
0.166348785,-0.916556478,-0.055854519
0.868023872,0.9463799,-0.295659695
-0.386116415,2.336213112,0.648226983
-1.190300226,-1.122787237,-0.8167758
-0.834756136,-1.531085253,0.348472723
-1.392555356,-2.276628733,0.727889786
-1.653910875,-0.301885545,0.889780833
0.922466159,0.268786281,0.555689495
0.120326616,-0.979203463,-0.55296587
0.036817614,0.575601041,0.471531085
-2.341938734,-0.676971614,0.77736909
1.174676299,0.478052735,-0.917795491
1.643577933,0.771482825,-0.478781121
-0.20977132,-1.657953501,0.137731396
-1.266587615,1.428810239,0.131661472
2.289851189,0.892265618,-0.983860638
-1.504811049,1.283453941,0.274482821
-0.7545017,-0.571719825,-0.020234743
-1.017314076,0.531396627,0.194681114
-0.099131837,-0.309450805,-0.611848231
0.348831087,-0.110155165,0.245161465
-0.039634917,-0.481112242,0.649942881
0.194388807,-1.963992357,-0.685006844
2.383528709,1.066652536,0.187808199
1.30039072,0.241443753,0.935068855
-0.841425657,-0.117027514,-0.823126703
0.118925512,1.251127005,0.522431428
-2.957832575,0.96698463,-0.798269259
-1.465428114,-1.215200663,0.412530659
-0.069128759,0.108985424,0.438842888
-1.071992636,-1.292779326,0.003192718
-0.71525383,0.318114102,0.97567064
-0.3895742,-0.96303004,0.698441018
-0.540956855,-0.023212055,0.704332855
-0.211638197,-1.542907596,-0.281822812
-0.622067094,-0.13800317,0.507848509
-0.661621928,-2.552665234,-0.921410749
0.900209665,0.035847895,-0.11791801
0.675634325,0.9062047,0.373456307
0.988995731,0.518620968,0.41836052
-0.24684903,-0.548054576,0.812181067
-0.582557917,-0.992322803,-0.789716767
-0.448087573,-2.89311552,-0.183942651
1.158576131,-0.07670816,-0.18394497
-1.419563532,1.541498303,0.849885763
0.569471478,0.096087128,-0.368577043
-1.804152727,-1.972292781,0.980279995
-1.366030097,-0.820612311,0.054802387
-1.224761248,-1.204564691,0.710341719
-0.014034852,-0.352879733,-0.487810351
-0.188290998,-1.919294357,0.480388407
1.055722475,-1.039648414,-0.927384789
0.495785981,-0.312356591,-0.049841164
-0.205708787,1.921739101,0.621676138
2.234599352,1.538402677,-0.189873383
-1.007301807,-1.395473719,-0.085223507
-0.259740591,0.411116302,0.791449693
1.096777916,-1.517545581,0.177319837
-0.523223281,1.746423244,-0.229196127
1.004137754,1.76072526,-0.259137611
-0.758079767,1.018733025,0.611704464
0.233326927,1.137652636,0.042434526
1.204405308,1.408609152,0.243310695
-0.893789411,-0.991117716,0.846671708
0.053114574,-0.260471404,-0.490811879
0.731160939,0.708053827,-0.108558845
-1.297969341,-0.830538332,0.005033298
0.69810617,1.679740429,0.46565256
1.542455554,0.251450688,0.940987508
-0.192107558,0.569262266,-0.742284483
0.803710818,1.462181807,0.352257675
-0.781857848,-0.49381429,0.910808407
-0.381387919,-1.703234792,0.126173567
-0.581668496,2.3676548,-0.584006269
0.723209083,-0.868207812,0.406432123
0.041363068,-1.433605433,0.357499895
-0.11143057,-2.37721014,-0.796340656
-1.635906219,0.775482774,0.20850518
-0.861503065,0.178619578,0.561531189
2.300041676,-0.72638607,-0.958845368
0.098490208,1.072737098,0.209401127
1.108083963,1.498283029,0.186241899
1.723639727,-2.524097681,0.69198194
-0.967207551,-0.873757362,0.498550642
0.6990031,-0.11807844,0.340280192
-1.477639914,-2.687495708,-0.887096941
-0.235722885,1.073930383,0.177477212
0.552316427,-1.313954473,-0.509548096
1.253200531,-0.650232553,-0.368594128
1.19871676,-0.486023694,-0.532739046
-1.057752132,-1.509157896,0.443700613
0.627024233,-1.520132542,-0.164409755
2.472544909,2.185987234,0.524028426
0.557998776,0.466009438,0.003761771
0.144938961,0.04120063,-0.107040624
1.690252066,-0.236343041,-0.831835585
2.339297056,0.994408071,-0.413649048
-1.551061153,-0.790713012,-0.955825446
2.105685711,-0.528455257,-0.736239537
1.550645351,-0.063283905,0.135430013
0.624436378,2.019864082,-0.988965216
-0.053208932,1.697400331,0.232279224
-1.257415056,-0.216411993,0.17860109
-1.680424571,0.56938684,0.051182246
-0.374444008,-0.128030524,-0.136444783
-1.274493933,-0.768864989,-0.310113557
0.613448143,1.954792619,-0.771949422
0.256474286,0.500660896,-0.281421726
-0.073902875,0.640204549,-0.69478443
-1.606000066,0.215738371,-0.317003871
0.448193401,1.032740116,0.871829509
-0.031560585,0.439938396,-0.252951414
-1.623707533,0.237563938,0.763747308
-1.32931006,-0.675833762,-0.853456086
0.040303111,-0.593317151,0.90996709
0.199596152,0.685816526,-0.751860037
-1.162658811,-1.512768507,-0.681569213
-2.164329767,-0.23777765,-0.555276527
-0.340385884,0.382562399,-0.116223842
-0.474034667,-2.53071785,0.722934375
1.543805361,0.079689845,0.48366216
-0.620004773,-1.317498446,-0.097572799
2.11353159,0.456460297,-0.614228604
1.305319309,0.499795139,0.475552714
1.670579672,0.453450054,-0.025586858
0.736826122,-0.692373753,0.010972145
0.549484015,0.684566736,-0.440046258
0.119577594,-2.340529442,0.142614282
-2.726424932,-1.262283087,0.264013669
-0.837167263,-2.716060638,-0.41860537
-0.491264105,1.643111706,0.950998717
1.635348797,1.459665775,0.046364293
0.011035498,-0.207594872,-0.099650218
0.792772889,-0.809290171,-0.323155902
0.019578665,1.787173867,-0.256701297
0.32369566,-0.647317052,-0.754074031
-0.266096711,0.989251494,-0.01095298
0.713830233,1.492481232,0.67446707
-1.387910008,-1.589204192,-0.523851561
-0.745127439,-0.811479688,-0.728483646
-0.715917587,-1.625055671,0.149246913
-1.734555244,-0.247890472,-0.885566996
-0.034698486,0.576050878,0.297306438
-1.811388493,-0.918923616,-0.291314914
0.369892001,-0.21400243,0.634817603
0.937687159,-0.228163227,0.847606605
0.869282782,1.200146794,0.66059218
-0.363627344,-0.474181414,-0.920869735
-1.132767439,-0.482160389,-0.362244041
-0.267056406,-1.266567707,-0.075404136
1.321856022,1.67229867,-0.269054797
-0.026784612,2.073417902,-0.682666382
3.108505964,1.387946129,0.442313066
1.006597638,1.211807132,0.191194752
0.890876234,1.449796319,0.419630099
0.578556299,-0.287939817,0.251651275
-0.245694071,-0.100619406,-0.575809597
-1.198954105,-1.242703557,0.471457518
0.589604497,0.6194399,-0.560218448
-0.941506982,-0.038579226,-0.694115121
-0.566256642,0.885444403,0.229253592
2.293401957,-1.182231903,0.026741771
-0.51847887,1.891598463,0.213273418
0.218852609,-0.256369621,0.757759722
0.028061427,1.329602003,0.61388041
-0.408559412,0.92923367,-0.928036323
-0.140490338,-1.750625134,-0.368858439
-0.939585328,-0.984834909,0.458391662
-0.020465124,-1.752059698,0.470752763
0.712208092,-0.848057985,-0.992298584
1.290445447,0.379884422,-0.857666397
1.498605728,2.280490875,-0.24066219
-1.49072051,0.797125816,-0.688131656
1.82593286,2.125207663,-0.862194474
0.916279554,1.341633439,0.741204014
1.501507401,0.588153362,-0.504169655
-0.48466599,-1.146025181,0.137723704
0.365542233,-1.390367508,-0.730116907
-0.905953526,-0.282533228,0.35971784
2.092670918,-0.158244014,0.357682262
-3.125863075,-1.427683115,0.232365857
-0.101521298,1.354341745,-0.810908939
-1.171691179,-0.920050502,-0.434966669
0.208211288,-1.051384449,-0.000468025
-0.505213439,0.617735326,-0.381819312
-1.211762786,-2.865014791,-0.531867852
-0.505357027,0.508918643,0.271003292
-0.149290189,0.104159996,-0.111382891
-1.169416428,-0.015890006,-0.508573647
0.323646188,-0.834503591,0.04460787
0.027815763,-1.567020178,0.414657029
-0.282504618,0.145070493,0.348289361
1.892249227,0.509125888,0.07221799
1.664701581,1.443714857,0.387672555
-2.364516735,-0.693107963,0.369401097
0.941579759,1.657678962,0.830849028
0.748705924,-0.247358501,-0.473019997
1.296072245,-1.132937312,-0.619856895
-0.946346879,1.186050177,-0.885592147
0.465430111,-0.49250558,0.768090166
0.767865717,2.656643867,-0.939801266
1.193039298,-0.158345133,0.471928364
-0.617559195,1.207716227,-0.546103687
-0.382815212,1.960448503,0.41107094
0.518811584,-1.82255733,0.802358806
0.011968933,-1.517969608,0.079004603
2.260951042,-0.760181427,0.046040429
-1.022841215,0.422593564,0.801542325
-1.527316093,0.548997641,0.023551582
-0.635971308,1.534893394,-0.723165547
-2.070270538,-2.44806242,-0.370839708
-1.826015592,-0.897248805,-0.335132196
-0.37522769,2.853602171,-0.136425056
1.266184211,1.568628907,0.239087145
0.581492245,-0.950101793,0.650057952
0.419705063,0.410223842,-0.795821933
1.150214076,-1.113401413,0.195874766
-1.558318496,-0.887053072,-0.209054241
-0.171444282,-0.18784669,-0.673329751
-0.238877326,1.160913706,0.677868403
0.704273641,-0.049526397,0.812015511
-0.641795635,-1.410086155,-0.865761059
0.918072462,0.956199527,-0.00517265
0.20245707,-1.5722332,-0.306557766
0.437888622,1.240369797,-0.027240295
0.092851982,-1.770148277,0.373596049
0.200044811,0.674259901,0.587787941
0.411609888,-1.321393251,-0.388573806
0.387919307,2.312764645,-0.311354826
2.18164587,0.782739162,0.169131733
-0.325077087,-0.955864191,0.135372209
0.478386581,2.482744217,0.292876893
-0.577759147,-1.458201766,-0.240112857
-0.242022991,-2.377176046,0.237492584
0.787528217,0.094168693,0.681191406
2.11163187,-0.440640956,-0.490098373
-1.726697683,-1.832463741,-0.582606525
-0.477982312,-0.449775517,0.309016461
0.634885788,0.643220782,-0.843487322
1.363022804,1.565882206,0.683058993
0.846994996,-0.395362973,-0.999318652
0.46224311,0.80040884,-0.515428499
1.395273447,-0.265711188,0.046088803
-0.660610199,0.329048932,0.144564827
-1.059734464,-0.73301667,-0.377860427
0.186903641,1.219361901,-0.672222831
-1.026699305,0.893661022,-0.155575581
0.200275347,1.250277638,0.179367416
-0.437889695,-2.377784252,0.8407649
1.091656089,2.596920967,0.367843515
0.149225235,-0.945707977,0.313066636
-0.138128728,0.573926806,0.394882316
1.486198425,-0.049232617,0.249434674
-1.223209739,-0.036094159,-0.041830299
-0.952323675,-0.205438972,-0.850968506
-2.163412571,0.175299227,-0.633397523
-0.039342046,-2.854612589,0.826255899
-1.312106133,-1.329973102,0.260389043
-0.918304861,0.686298072,-0.229328134
-0.150203615,0.861979127,-0.737707246
0.176171809,2.143796921,0.650631121
0.215225309,1.035793066,0.387969069
-2.016814947,0.730997741,-0.769467189
0.97739017,-0.406410486,0.081392782
0.10290511,-1.339078665,0.794492821
0.596703172,0.044904176,-0.225116493
-1.768108249,1.314980268,0.024107831
-1.390577555,-0.365558803,0.076142911
0.165260941,1.021894336,-0.830738073
-0.036745414,-0.631475449,0.530235311
-0.109536365,-1.201411247,-0.339687848
0.126095101,-0.478059024,-0.313477522
0.662922978,1.789892673,0.512336778
0.130664602,0.563945353,-0.314037894
-1.623297215,-0.534522116,-0.401630567
2.062264204,-0.294572741,0.236006523
0.405697137,-1.028269291,0.145452067
0.34318307,-0.277035713,-0.222322251
1.039316416,1.983389854,0.685917616
0.130317807,0.255700648,0.427099994
2.891449451,-0.072973169,0.890368791
1.572937965,0.686421037,-0.94781065
-1.195478082,-1.329321623,-0.23848471
-0.1057285,0.110256106,0.49860891
-0.500329733,0.634946823,0.362014568
-1.616386771,0.206617206,0.13624283
-2.547873974,1.409188747,-0.968007693
-0.972416162,-0.487700582,0.649739113
-1.070757151,0.100003123,-0.14955227
-0.909954429,-0.424821913,0.589887914
1.174132943,-0.257012933,0.157237258
-0.511969328,0.188406974,0.688355193
-1.455286741,-2.400426865,-0.594742071
0.60410434,0.781205654,0.9723031
-0.558175325,-0.48194769,-0.631980041
3.205741405,-0.728168011,-0.278329438
0.417865515,0.707542658,-0.636902612
1.111553669,-0.217636347,0.514424736
-0.827973604,-1.378672838,0.260830733
0.7994802,0.629546523,-0.352772443
1.657262325,1.743732214,0.870888491
-1.416219473,-1.550167918,0.297317157
0.572277784,0.620944917,0.621133041
-0.958133399,-2.568437099,0.89475384
-1.227772236,-1.884534121,-0.769371649
3.25642848,2.090403795,0.068286563
1.119782567,1.805840492,-0.36619789
-0.345874041,-0.086334601,-0.292877828
1.117699862,0.431570381,0.311474303
-2.045581341,0.650447786,0.918214644
-0.954151511,-0.312914789,0.700138527
1.102233171,0.009865679,0.332732019
0.124811329,1.215708613,0.927577352
0.489760369,1.113397837,-0.372786835
-3.078482866,-2.712526321,0.504064609
1.192955494,0.105959892,0.277160333
-0.455609828,-2.319890499,0.909273993
-1.587306499,0.11812491,0.533308048
-0.563754797,-1.383954644,-0.8191675
1.261491776,-1.373482466,0.402493535
0.345300257,1.813207626,0.841970682
0.196355134,-1.24373889,0.755201383
1.219808102,0.103259161,-0.266210856
-2.060861349,0.582999229,-0.759976248
-0.797051191,-2.731773615,0.517227962
0.69402945,0.523010015,-0.670788209
0.855943799,1.124690294,0.207666833
1.483267069,1.325414658,-0.503691454
2.343466282,-0.491657913,-0.540664546
1.304003954,0.648075104,0.859748644
1.593134046,0.818792939,-0.758007597
0.880221367,0.405751467,0.565283991
-1.508393168,-1.143242598,0.464160324
-0.891148984,-0.838260531,0.433907616
0.394792646,-0.624511003,0.487323715
-1.827447057,-1.961597681,-0.920438024
-0.192879111,1.672777891,-0.299112288
1.850677252,1.187902451,-0.318783739
0.28075859,-0.78112042,-0.972409142
0.294298351,-1.331687927,-0.9453446
-0.418831944,-1.829561234,-0.950303676
0.84317863,0.946878433,0.583598841
0.933818698,0.980164111,0.460182122
-0.375488549,0.585088849,0.743514629
-0.684212565,-0.253735721,-0.621085329
0.800247669,-0.924817562,0.79871998
-1.157375932,-1.715424776,-0.759368646
0.892533183,-1.599329948,-0.457852326
0.610550761,0.447505414,-0.091479686
-0.851762414,-2.329078674,-0.382113175
1.501798868,0.10047666,-0.070341437
-0.963758349,-1.396131277,0.49374624
-0.889756501,-0.566045642,-0.686269155
0.243203431,-0.5268085,-0.550864115
0.672370732,2.169360399,0.136133883
0.800701916,-0.027823316,-0.060672678
-0.304542065,-0.101625353,0.253467347
1.272297263,-0.149118125,0.53541272
2.085717678,-0.093048505,0.557487834
1.864553452,2.457294941,0.722809388
-0.871037722,-2.244139671,0.528381815
1.717083335,1.400502205,0.988638882
2.438092232,0.822915673,-0.307739408
0.844225645,0.091392711,0.752284749
-2.56251502,-2.393991947,0.20874662
1.226063848,0.830316782,-0.134518641
-0.826171637,1.292009354,0.809299046
0.388988078,2.546313286,-0.101545103
1.330818415,2.569115162,-0.400257673
0.42353341,-1.927454591,0.60645711
-2.913201809,-1.244572759,-0.942493311
-1.593258142,-1.291324854,-0.911144651
-1.720042467,-0.129034311,0.476952327
-0.114139825,2.10943675,-0.424955151
0.974030495,1.217398643,-0.426176324
-0.941723466,0.411899269,-0.119908307
0.563890755,2.725251675,-0.739990313
-0.557605147,1.13873148,-0.035497727
-0.202140898,-1.959554553,-0.831669542
-1.254845142,-1.935185671,-0.422723118
-1.453597903,0.494971454,-0.753299988
2.021502018,1.627164483,-0.470073906
-0.587586641,-1.324578762,-0.321535734
1.110993147,-0.213604867,-0.384003341
-0.950646639,0.449225217,0.64634025
-1.494709015,-1.582468271,-0.958902336
0.192057639,-0.151570693,0.971879074
1.481682539,1.055219412,0.648542895
-0.27032873,-1.027815342,-0.436526475
0.547609806,2.727331161,-0.472308242
-0.599705517,0.710195243,-0.383318316
2.502362013,0.045349512,0.091415108
-0.65047437,2.214021683,-0.101700982
1.861423016,-0.618371964,0.140532958
-0.132087946,3.461946726,-0.181753525
-0.766600251,-0.959652603,0.811653062
-1.313517213,0.677182913,0.092295255
-0.537597418,-0.430265486,-0.654868124
-0.33560884,-1.240989804,0.691326555
1.27811861,1.627772331,-0.257399434
0.67618084,-1.074518681,0.247691458
-2.284163952,0.51934278,0.344142511
1.707370996,2.307953835,0.161657016
0.841531038,0.150373966,0.629719276
-0.591528773,0.494435489,-0.342878969
-1.51599288,-1.279295325,0.676830996
0.79253757,-0.545909405,-0.474991485
0.162077263,-1.15298152,-0.130558365
2.427672386,1.076087713,-0.655887939
0.983962893,0.889550149,-0.761729355
-0.71582824,0.196692824,-0.399734808
-2.204158068,0.538242698,0.62612026
0.667015314,1.191100597,-0.861732742
3.101857185,0.37947005,0.996592119
-0.477819473,0.590978026,-0.619752271
-0.188102856,1.594902635,0.723351556
1.20928967,0.692176819,0.100511268
2.333904743,-0.265044123,-0.345744207
0.108265251,-0.389527798,-0.64803195
-1.0267241,-0.236765891,-0.201747365
-0.016247123,-1.553026676,0.28702064
2.905375242,0.457730353,0.622398005
1.753334284,-1.685687065,-0.832481422
-0.683092177,-0.429007351,0.022082415
-1.201950788,-1.172228813,0.302942318
1.266031742,1.501267433,-0.686888811
0.486671746,-0.054230072,0.306274307
1.197968364,0.027763303,-0.560205503
-0.844517708,0.348393202,-0.532408651
0.718959808,0.253125966,0.551171309
1.592018604,0.916035056,0.601778073
-2.249027729,-0.879237294,-0.112298202
1.137577057,1.189553261,-0.08573227
1.596841812,0.713219881,-0.761907418
0.1645087,-1.436616182,-0.830850765
0.10146112,0.676326156,-0.606918292
-0.177681237,-0.075740144,0.318266278
-0.498557746,1.261066198,0.931599773
-0.126853928,-0.649319649,-0.049931434
0.23576735,0.608787477,-0.495317651
0.992694616,0.563167572,-0.948702716
-0.553673267,-0.051769156,-0.903036058
0.414973289,2.479502678,0.109645752
0.883239627,0.90019393,-0.474797843
0.898791432,-1.918476939,0.403141533
-0.229547083,0.489287078,-0.634603563
-0.658198059,0.871105671,0.879279084
-2.661952019,-1.518659711,-0.11288564
1.074025869,-0.783793926,0.612909079
-1.622930169,-0.100350976,-0.962923637
-1.03891921,0.549805045,0.640117263
-0.083226524,-1.225833178,-0.091670076
2.323091984,-0.176931113,0.653375153
1.584436655,1.864849567,-0.673118079
0.216783747,-1.14929533,0.256231539
-0.53871274,-0.072537273,-0.397614477
0.426101387,-1.239916682,0.017536666
-1.525261402,-0.193634152,-0.003393138
0.015939847,-1.192958593,-0.150835802
1.603432894,-2.350594997,-0.545757074
-0.74962157,-1.440263271,-0.123677826
-2.736578226,-1.557873011,-0.586566453
-1.144637823,1.290215373,0.370014933
1.00080204,-1.317499518,0.474979332
1.077895999,0.400777638,-0.716040066
1.682769418,0.580753446,-0.693246737
1.183959246,-0.784714103,0.003620457
-0.785818696,-0.198852122,-0.304833005
-0.180445328,-3.343408823,0.093078003
-1.429486275,1.76126945,0.112583782
0.737719774,-1.259604692,0.530681174
-1.994401336,-0.671879768,-0.597510464
0.379225731,-0.343918413,-0.369035937
-1.352440357,-0.565032303,-0.46030513
-2.747870922,-0.986218691,-0.264656923
-0.388920993,3.27089262,0.058261738
-0.424504429,0.6311813,0.804318415
-1.548239708,0.11811959,0.728095037
0.703189611,-0.864108741,-0.200431433
-0.524386883,1.112974048,-0.725689461
-0.820896149,0.460798204,-0.763113814
-0.754024684,-0.282142282,0.379930171
-1.204073906,0.459628552,0.112746371
-0.629814386,0.526742995,0.165414301
-0.29720363,-0.324509919,0.570202213
-1.139488816,-1.305409193,0.740016092
0.616626561,0.702331185,0.279597656
1.646689534,-0.623402119,-0.416987218
-1.340975285,-2.674973488,0.734072814
0.113173455,-1.091102719,-0.493736058
1.735454798,-0.941519022,-0.443687953
0.597647786,-0.946951389,-0.35913607
1.271631837,0.251748592,0.499065121
0.276805043,0.738258839,-0.880053249
-1.508739233,-0.614070535,0.153355534
-3.015056849,-4.504649162,-0.077740612
-1.555175066,-1.305608511,-0.316654729
0.090818062,0.816593528,-0.973261006
-0.547102988,0.378654778,0.850599983
1.60503149,0.733478844,-0.696691985
-0.376980126,-1.027576327,0.549747919
0.263029873,-0.303731471,-0.040771497
-0.076312035,-2.522212267,0.388411651
-0.426470578,1.108941555,0.453344697
-0.855014086,-0.918957949,-0.689690135
1.560567737,1.992936373,0.507261747
0.549079776,-1.389957666,0.420374083
2.012909889,2.025472641,0.151365262
-2.854284048,-0.749869227,0.954599725
-2.339960098,-1.608580589,-0.193389758
-0.406854302,-1.962144732,0.629052496
-1.973915935,-2.101676464,-0.64902127
1.614754558,0.427281797,-0.137659101
0.592662692,0.795308053,0.730716955
0.057075843,1.574232101,0.096235891
-0.905316472,-0.103692457,-0.747994623
0.938508749,-0.29501003,-0.058404907
0.119301319,-0.750850439,0.571397272
-1.55979085,-0.530280888,-0.173540334
-0.333370507,-0.548725367,-0.030803105
-0.119351625,-0.619340777,-0.472887492
1.425717831,-0.30765599,-0.314963905
-2.111484051,-0.200325847,0.854325294
-0.112362482,0.855807245,0.5692584
0.900108874,0.050138596,0.634746809
1.638231993,-0.147823647,-0.439710683
-2.137248993,-1.459139347,0.854372682
1.918398619,-1.013448119,0.8913356
-0.930624366,-1.258582115,0.052362579
-0.91237843,0.743527353,0.570990426
-2.15785408,-0.825774491,-0.756352076
1.527141809,0.465361059,-0.503490256
-0.0757204,-0.175114363,-0.278519881
-2.11073184,-0.72460866,-0.935901883
0.783410072,0.522257328,-0.809247833
-3.087417126,-1.719710469,0.388646466
0.31780085,0.430184126,-0.376959563
-1.75871551,-2.713550091,-0.285265367
2.2487216,2.364201546,-0.018122169
-2.723692894,-0.718978405,-0.39938135
0.092592701,1.014753342,0.45448764
0.143321514,-0.681569278,-0.571514428
0.871870875,0.878968,-0.671503967
-0.154542983,0.787577033,-0.114185249
-2.415436745,-2.352193832,0.067532242
0.499338806,-1.980669498,0.719684494
-0.256464899,-1.487223744,-0.217462554
1.051786423,-0.549099803,0.743983099
-0.593470693,0.386544377,0.694692057
-1.537074089,-0.23127915,0.650451941
-0.658952355,-0.505680919,-0.257576829
1.438635111,0.774739623,0.423554434
-0.399226427,-0.753144383,-0.957689571
-0.327238411,-0.573283613,-0.06811755
-0.570249557,-0.18518053,0.914868139
1.204861879,1.415778637,0.414939586
1.716022968,-1.450238228,0.716574988
-0.740265667,-1.847568274,0.01491294
1.073566914,0.496815592,-0.870811987
-1.885673285,-1.855062366,-0.195092313
0.271767735,1.707425952,0.042471296
0.067146957,-1.906897545,-0.177407218
1.058624744,1.701942205,-0.024952659
1.859864712,-0.703104734,0.115078583
-0.173801482,-0.986363053,0.299590946
-0.303804874,0.801128566,0.8149004
-1.240634322,0.324264467,-0.957051579
1.394421339,2.048103809,-0.379950006
0.953055799,-1.142145157,-0.937727882
-1.14022541,-1.525037169,-0.456583647
0.677952409,-0.122789003,0.518662733
2.154453754,1.223078728,0.277382464
0.475861609,-0.836444259,-0.673483573
-0.108538598,-1.004137874,0.760993121
0.239712626,-1.234644175,0.576361872
-0.776081324,0.370355546,0.24907538
0.012628181,0.56108129,-0.007838438
0.462277293,-0.451315671,-0.442985485
-0.721048892,1.51716876,0.892791751
-0.529594898,0.7778126,0.597568457
-0.107614554,0.281547368,0.909290978
0.022862572,-2.604051828,0.214746126
0.193084836,-0.92806673,0.40087225
-1.067181349,-0.396757603,0.944889524
0.284065008,0.74950546,-0.504838343
-0.921796203,-0.472264707,-0.546672518
0.608576477,-1.190383911,-0.427541342
-1.764033198,-1.095061064,0.429879984
-1.002864003,-1.447780132,0.595967697
-1.12089777,-0.625543356,-0.582433899
0.045916848,1.358745337,0.663343472
0.425149649,0.480108738,0.106717371
-0.303618789,1.25387001,-0.2419937
-0.20549196,0.709348917,-0.419142793
0.598484755,0.906374574,0.206031082
-0.261629432,0.482181609,-0.06367609
0.203555241,-2.559978008,-0.093243258
-0.106236503,0.692276597,0.346756962
-0.038927153,-2.137739658,0.657154364
-0.838119805,0.309284806,0.813394996
-2.007650852,-0.384887218,-0.314935923
-0.336760879,1.034767866,0.20814113
0.12829721,-0.04671108,0.47880642
1.693672895,-0.705159068,-0.966083834
0.007949878,0.468957245,-0.54343762
2.438968182,-0.02582531,0.336970405
-1.416749477,-0.081383556,-0.076531029
0.017993473,-0.344051957,0.672526173
-1.01713562,0.880831361,0.705527136
-1.944969893,0.897397757,-0.846528915
0.478282005,1.296317816,0.67002253
-0.688297391,-1.561189771,0.8922774
-0.93544668,-1.252120972,0.335152299
0.325900137,-1.118408322,-0.588292693
1.017222881,-0.485225141,0.559667066
-0.808217406,1.564566731,0.244332315
1.990929127,-0.033424094,0.697855332
0.397475302,0.180807441,0.39127222
-2.119395256,-1.466973305,0.315506891
0.441472977,0.08015506,0.368640971
-0.06792675,-1.56373167,-0.278810629
1.18526566,2.27156353,0.87265485
0.237975344,-1.5666852,-0.048025219
5.040961266,0.713490009,0.655899625
0.993276477,0.374270499,-0.862603952
-1.86703074,0.133043215,0.038255341
1.577987909,0.206561655,-0.524519425
-0.630194902,-2.351186514,0.722530029
-1.33657217,-1.117845058,0.206071745
1.323428869,-0.279174447,-0.01253209
0.712412536,1.763862371,0.340717426
-0.970118701,-0.124664575,-0.72416096
2.151395321,1.315775156,-0.861344038
-0.272403181,-0.879755855,0.260939163
0.863071442,-1.119203091,0.681025339
-0.38483578,-0.221370965,0.952067467
-1.893237591,-1.182950139,0.508787993
-1.301719427,-0.358584881,-0.689183921
1.250035763,0.500595689,-0.336136832
-0.762409866,-1.160322666,-0.361112536
0.152981728,0.134839132,0.130804888
-0.504230738,-0.512971878,0.916772901
-0.407824963,0.068034351,-0.678474649
-0.845122099,-1.374412537,0.996665806
-0.62177211,-0.061779525,-0.687448655
-0.012224287,-0.28197825,0.570012793
1.182308674,1.083393574,0.440323213
-1.641874671,-0.226329744,0.570892589
0.362669408,0.368190527,-0.586550552
0.304540813,2.789955139,-0.202656813
1.684396505,-0.208560333,-0.318701179
0.714858413,-0.287212253,-0.373827845
-1.003054619,-2.046023369,0.872611476
1.26126194,0.388296723,-0.870309758
-0.547278583,-0.220085829,-0.887974013
0.578274786,-0.30316329,-0.372212734
1.062074423,-0.235269874,0.698375169
1.357293367,-0.649021566,0.330293902
-1.255059361,-0.890338719,0.665008502
0.236595899,-0.004620202,-0.433273269
0.808350205,0.851742506,-0.045898387
2.032445192,-0.560492635,-0.14141818
0.644505441,-0.979281425,-0.35715094
2.533628702,0.993998468,0.825637119
0.329730541,-1.179138184,0.080100159
0.490382493,2.447689056,0.051356517
-0.181360424,0.298365593,-0.276623121
0.052443847,0.916174412,0.738017712
1.722967267,-0.873901129,0.431646128
0.045486033,0.460037231,0.530947842
-1.474558592,0.886830091,0.13334602
0.502019882,0.197968125,0.751628891
0.93544203,-0.393996358,0.198306487
0.961627007,0.480440408,0.461644814
0.880524337,0.722230673,0.272674263
0.041871071,1.098897219,-0.410534221
-0.063640743,1.741329432,-0.852973312
-0.963019073,-1.303058386,0.812576818
-0.836186111,-1.022003174,-0.928632848
-0.26996699,-1.622030735,0.220850589
0.413896382,1.847925067,0.029716608
-1.163679361,-2.080152273,0.09320268
1.898157597,0.999695897,0.528527387
-0.705408216,0.314434469,-0.865766064
1.466845632,-0.689898252,0.920314829
-0.611409783,-1.712973595,0.394439429
-1.754798293,-0.11336492,-0.910606568
0.398907632,-0.258548081,0.937422521
1.134693861,0.62300241,-0.596522378
-0.084321029,1.174649239,-0.499443874
-1.613725662,-0.169731572,0.093162996
0.935944676,-1.152529478,0.652542509
-0.284456372,-1.594866514,-0.063832747
-1.265759706,1.90569222,0.49247033
-0.089367032,0.574730814,0.332603576
0.712248325,1.577706099,-0.985039453
-2.213864326,-1.189506531,-0.916006391
0.489560068,-0.265682012,0.985878672
1.102688551,1.057358742,0.663438089
0.155575424,-0.034374945,0.413542643
-0.130922437,-0.374848902,0.576536345
-0.341487557,0.240164965,-0.018706972
0.106792055,0.847208858,-0.674864886
0.110573888,1.211713791,-0.85076476
-0.053406753,-0.221734107,0.905347749
-1.872493505,-0.916742682,-0.614207553
1.715580463,0.733276546,0.402812495
1.497335434,1.431271076,0.814625337
-0.694972813,0.654679656,0.479824283
0.415421903,0.277623922,-0.933727368
0.592394829,-0.657628417,-0.289220784
-4.185070038,-1.626111507,0.339285728
-0.630556703,-0.743762732,-0.204633237
-1.38917315,-2.783830881,-0.807572368
-0.04183539,1.133962274,0.681950323
-0.08114396,-0.771958709,0.647716675
1.024188161,0.23479268,-0.397437362
-0.450846165,-1.55992198,-0.457017579
-0.620046139,0.877019107,0.347204729
0.752887666,0.31768471,-0.355786651
0.679975927,-0.224105895,-0.98925376
0.874795079,1.919455767,-0.383305086
-0.4970662,-0.469544947,-0.264825493
-2.165853977,-1.411947131,-0.794743771
-1.976229191,-0.234449014,0.714183945
0.05542776,1.623179197,-0.440495546
1.704184294,0.951280951,0.229109757
0.281710505,1.341625452,-0.623480711
0.134215146,-0.83925736,0.061358017
1.028075695,0.31311202,0.316524467
0.60231787,0.961610079,0.584221424
0.9650774,-0.401524097,0.670229314
1.043601751,-2.150626898,-0.430604648
-0.119389534,1.325756073,0.457889817
0.051082619,1.503628492,-0.596427769
-0.16089353,0.043717425,0.144530986
1.36854887,-0.874481082,0.519381496
1.03006041,0.464927912,0.418662016
-0.275610417,-0.393179685,0.145498779
0.505782306,-0.160155356,0.525049198
0.512258887,1.061944723,-0.089586395
-1.150778055,-1.88415885,0.924522576
-0.884117007,0.532810569,-0.930856816
-0.865290225,0.494237244,0.266489484
0.262223542,-0.930969,0.89799228
0.468093961,0.178723842,0.096082473
-1.373312712,-0.914391994,-0.88154434
1.475568533,2.378945827,0.405078438
0.24171184,-0.541226506,0.997173912
0.209670201,0.582761049,-0.030840438
-0.259476006,0.529469371,0.884167603
1.162812471,-0.385977924,0.100084643
-0.013071887,-0.635517001,0.596442833
1.218322158,0.84791863,-0.680803129
-1.510034084,0.107020654,0.935235314
-1.082001209,2.173247814,-0.764456946
-0.356054246,0.634961188,-0.470560279
-1.018187046,1.011636734,0.578974113
0.230710968,1.664913654,-0.161051386
0.149208456,1.167698383,-0.925436621
1.095188379,-0.333034247,-0.522708977
0.073799953,0.919631064,-0.973074818
-0.514696002,0.66380012,0.58207296
0.594967008,-0.209509671,0.643639521
-1.611166954,-0.567560792,0.360561534
-0.891786933,-0.553804159,0.288142897
0.491886377,-1.165698767,0.625488076
-0.113377377,-0.374856293,-0.326842012
0.219392553,0.238352135,-0.765882539
0.192186564,-1.452263117,0.226694903
-2.495391607,-0.569951773,0.425352105
0.843111575,-0.425562024,0.919491493
-1.972483158,-0.887428343,-0.455923479
-0.464066446,0.140852422,-0.022455768
0.514587641,0.184210107,0.428397209
0.278006732,-0.777634919,-0.388135084
0.212881953,2.248184443,-0.100698922
-0.926598191,0.264897615,0.151664547
0.207148284,-0.225091279,0.528271336
-1.260288954,0.786892712,-0.898397052
0.258633971,0.399083316,0.356078939
1.187333584,0.293360829,0.413224363
1.508678198,0.031620666,0.247832274
1.104888916,1.702796102,-0.06972571
2.42796874,0.585764885,0.117432054
1.254386187,0.544247329,-0.265851417
-0.756261766,0.609017551,-0.227392808
0.834654212,-1.721986532,-0.69225442
2.301854134,-0.555137217,0.31305277
1.060759544,0.814564228,0.039583635
0.220450178,0.491634905,0.475421346
0.418006063,-0.214599222,0.039555435
-2.39190793,-1.718073249,0.080509502
-0.738249242,-0.974088371,-0.194708924
-0.072587565,1.098176956,-0.773792475
-1.206108451,-0.489513218,0.778417094
0.39299053,1.596324682,0.060310833
-0.202499285,0.299023271,0.864739881
-0.759773612,0.012767069,0.86683424
-0.331344962,-0.416221917,0.921082165
-0.417283237,-1.046772361,0.61061697
1.752984285,1.968454361,0.987583846
-0.603809953,-1.012830377,0.049461188
2.662138939,-1.743501186,-0.763311684
1.754055977,0.684448361,-0.585467575
0.262280822,-0.4936198,-0.650270089
1.588091373,0.336695313,-0.668455069
-1.480528831,-0.286551774,0.231806797
-0.675762713,-0.998777628,0.95903084
2.454386234,2.506157398,0.142055665
-0.065107726,-1.813172221,0.120882412
-0.863607168,0.971965551,-0.777645127
1.855240464,3.192110777,0.595577361
0.765888691,-1.259375811,-0.80809373
-1.571317434,0.175156146,-0.404970188
-0.999400735,0.285719514,-0.784983284
0.579526961,-0.802121043,-0.271657125
0.770362377,0.643963814,0.904540489
-0.018475093,-2.081095934,0.507148244
-0.714592576,-1.696362853,0.073245209
-0.862605155,-0.556678474,0.985559865
1.283545256,2.68554759,-0.292674971
-0.064361677,0.571492493,-0.329973811
-0.490791023,0.247161657,-0.922373984
-0.389208764,1.887101412,0.552222467
-1.218597889,1.101136923,0.926152124
0.179919153,1.786596894,0.607126963
-1.637817025,-1.429211378,-0.762748958
-0.156691194,-2.691740036,0.674563892
0.588882923,1.633764267,0.638811182
1.303688765,1.047647595,0.513378461
-0.868003368,-0.485569179,0.206116997
-0.301955581,-1.181391001,-0.471340258
-1.159153938,-0.291073203,-0.954357641
-0.140793085,-0.549334049,0.581075599
0.167873859,-1.161782265,-0.249563363
0.200389519,0.232976735,0.425103548
1.677758336,1.05491209,-0.205848455
-1.25698781,1.378166676,0.381059387
0.275757492,-0.238015473,-0.401227968
-0.562899709,-1.496446848,-0.559751377
-0.49104777,0.244038969,0.596463855
0.169014171,1.247387409,-0.140335508
-1.877855539,-2.293422222,-0.585595228
0.258356154,1.573580384,0.062374381
1.071465731,-1.716248989,-0.885142726
-0.500269353,0.294045299,-0.757984602
-1.533338547,-1.31084621,0.674718857
-2.25427103,-2.0760355,0.098970059
-1.221826673,-0.841588974,-0.175810655
0.635239124,-0.385505289,-0.21840281
1.612166524,-0.187532932,0.97567662
-0.523873031,-0.018409591,-0.747639201
-2.080225468,0.185945064,-0.759832923
-1.655585527,-1.728857279,-0.359585821
-1.688476324,-1.028455138,-0.883036781
0.217648923,-1.569594383,-0.254056195
0.286680579,1.06413126,0.974093535
0.795918941,2.616289139,-0.30874193
-0.396573603,0.89818418,0.378706019
0.242461264,1.646637678,0.712621185
0.044250868,2.181340694,-0.362473077
-2.128407478,0.115582809,0.524783779
0.216902897,-0.549378455,0.128180582
-0.080461137,0.53243649,-0.395375439
1.547361016,1.985310674,-0.71768172
-3.866871357,0.865509689,0.960941869
-1.786252499,0.717440784,-0.314151018
-0.363291413,0.510103047,-0.13375036
-0.120880678,0.459173352,0.168223801
-1.020196676,0.27107957,0.598231919
0.338381112,0.25404945,-0.497334439
0.056148257,0.311401069,0.068129348
-0.802445352,1.936387181,-0.45572464
0.687474012,1.208630204,-0.348950024
0.501413941,0.215285465,0.352523328
-1.099138021,-0.882158518,-0.328876636
-0.701271296,0.444843352,-0.0752487
0.752092302,-1.472911596,-0.189529305
-0.55807656,0.559022367,-0.284980012
-1.419810057,-0.709771752,-0.374791402
-1.132034063,1.012703657,-0.644388476
-0.750336707,-1.71301198,0.457557571
-2.460819721,1.47765851,-0.024810563
0.442364722,-0.09706828,-0.327829198
0.440254509,0.577415645,-0.55731667
0.04257118,-1.053640604,-0.55531309
2.03551054,2.414867878,-0.868564392
-0.898522139,-0.213643819,0.920619259
-0.773846149,-1.588154078,-0.558136173
0.66752243,0.381455749,0.874910396
-3.04361248,0.286050677,-0.685935185
-1.593842983,0.913400888,0.566698926
-1.388312936,-0.440141827,0.016164281
0.469237715,0.252118468,0.800456593
2.346001863,-0.299301922,-0.935990184
2.367473364,0.232911766,0.76351918
0.898489237,1.246488929,-0.894255634
0.690107584,-0.034643285,0.282152824
0.468860924,0.044873565,0.117955173
-0.81663537,-1.292120457,0.009024108
-0.83876884,-1.926906347,-0.814241306
-0.026266538,1.291755676,0.485819721
0.578480959,2.453133106,0.887408987
-0.369935721,-0.130617738,0.66971283
1.691554546,1.066655278,0.12735677
-0.691984951,-1.197062016,-0.024860388
-0.901701868,0.152821124,0.362672484
-1.505885363,-0.754117668,0.580527769
-1.305197477,0.264954209,0.462237395
1.342787027,1.981874347,-0.457296064
0.001272004,-0.169405252,-0.993462823
-0.470976591,0.382010937,0.567874188
-0.796237171,0.188701972,-0.009209307
-1.140029907,-0.985733449,-0.031263798
-0.782475829,1.173092127,-0.247607935
-0.732316256,0.419553638,0.516397968
-0.370724142,0.584679365,-0.783261838
0.793706656,0.848858714,-0.694516767
0.272871971,-0.538437724,-0.912973437
0.478853583,0.026370868,0.268539888
-0.765685797,0.314631879,-0.987412329
0.695282221,-0.420055985,-0.342680799
3.033463478,0.850507259,0.157711563
-0.716740966,-0.648685455,-0.952721629
-0.352118373,0.044781532,0.581098489
-1.248373508,-0.105538711,0.860354746
-0.437910378,2.944286346,-0.202412105
-0.716053247,1.439376473,-0.51474505
0.077300318,0.977344513,-0.608481773
0.411953241,-0.024817638,-0.485633636
0.21023944,0.615328312,-0.437683906
0.362805367,-0.388999224,-0.737427168
-1.653008819,-2.673260212,0.418691506
0.35000065,-1.504200697,0.955361341
1.403944731,-1.780317783,-0.683324259
-1.850413084,0.244597882,0.256188378
1.537703514,-2.233683586,0.103088211
1.56642735,1.712652564,-0.343660239
0.78906095,-0.177540213,-0.149049527
-0.041750107,-0.240204141,0.123386341
1.659109473,0.810634255,0.017969206
-0.014571905,-0.260129571,-0.265460084
0.055459179,-3.341116905,0.284803906
-0.589763403,1.28146565,0.161587362
1.158617616,0.771342754,-0.789615231
-0.293873876,2.177657604,-0.464997216
-0.169931114,0.963464379,0.829720217
1.873924255,1.454158187,0.379151951
-1.161602378,-0.131863981,-0.966078905
-0.090301067,0.902690053,-0.256507865
0.032699659,-0.081639126,0.665308703
1.008843899,1.010917425,-0.678189969
1.348195791,-1.928991079,0.812017756
1.202402472,-1.144681454,0.767698078
1.642155051,2.401499748,0.512759469
1.604286194,0.112964951,0.761784474
1.059185982,0.166412771,-0.448784802
1.658588409,3.111078739,-0.428433881
-0.557227015,-1.747209072,0.588992615
-1.37198019,2.071794271,-0.484303223
2.088280678,0.829500794,0.349057413
1.06853807,-1.13051033,-0.834853378
1.640821099,-0.441339791,0.290528413
2.824409246,-0.286547542,0.892656666
-0.140770435,0.052891329,0.254515727
0.218931168,-1.018527508,-0.874837284
0.295961082,2.580900192,0.674346566
0.078246802,-0.063620463,0.062891424
-1.370514154,-0.043289661,0.218308831
1.458069086,1.022389054,-0.872198476
-1.526111484,0.820863128,0.559460823
-0.550098062,-0.193021446,-0.222637459
0.634227633,-1.003956318,-0.833056618
-2.091571808,-0.791124701,0.524048828
-0.608768284,-0.637028098,-0.779831605
0.22103408,0.914034367,-0.517182974
-0.082961738,-1.192659616,0.733572121
-1.360406995,0.030048657,0.333554823
-1.505714178,-2.023760557,-0.696327519
-0.289401233,-1.429866433,-0.944689592
0.40627563,-1.776856184,-0.284143662
1.857782841,-0.915763557,0.000885344
-0.813332915,-0.545886755,-0.602901391
0.022873547,0.884852707,0.460558814
0.065570399,-0.854501247,-0.400426546
-0.255791038,0.184859976,-0.368594493
-2.268632412,-0.911114097,0.065502817
-0.193984851,1.472640514,-0.562399936
-0.324396491,-0.281293184,0.756403601
0.348266095,0.696952164,0.076413961
0.956555247,0.109804198,-0.135347562
-0.207342803,-1.030995369,0.02515026
0.589475036,-0.726029277,0.048507999
-1.533858538,0.995095968,0.830031533
-0.254308522,-0.195367455,0.349650821
-1.11196959,1.199271679,0.005170489
-0.620655775,0.092905909,-0.261940824
-0.412111819,0.571180582,0.97562121
1.418965578,2.345326424,-0.390470213
-1.343205452,-2.478709698,0.153995954
-0.59685725,-0.344074786,-0.236264179
-1.11566937,-1.255721807,0.873499001
-0.354150116,-0.567762673,-0.660396235
-0.19992879,0.119530819,-0.459758225
-0.39006719,1.492596388,-0.631376791
0.230762959,0.334125429,0.233737496
-1.751275539,-0.519982219,0.940135446
-1.357420921,-0.29338342,0.424173816
0.592010736,2.834675789,0.534916931
-0.497154891,-1.285088062,0.564077814
1.765615582,0.736872077,-0.441636006
-1.609190941,0.042666346,-0.115621023
-0.76725322,0.647157073,-0.210582856
-0.193555325,-1.11961031,0.997162119
1.273441792,-0.556348681,0.014030486
0.548277736,-0.637929916,-0.770310065
-0.634388447,-0.225368977,0.181978471
-1.601994276,-2.325426817,0.706987584
0.126124606,2.086956501,0.282115553
-1.51322794,-1.237228155,-0.679985588
-1.18563652,-0.388061166,0.987155694
0.389491528,0.960296869,0.849451906
-1.721852779,-0.024997979,0.575212449
-1.037239909,-2.775032282,0.196669645
0.732357025,0.747504354,-0.964876779
2.263856649,0.762872219,0.604245387
-0.676521659,2.35904932,0.316235873
1.117479682,0.881286204,0.664564442
-0.266780436,0.818721175,-0.575859122
1.027916312,-1.253509879,0.896858151
-1.513936996,-0.49511683,-0.738328746
0.208975032,1.669336319,0.173901063
-0.511826038,1.818378687,0.277312909
-2.609523296,0.627060413,0.094934323
0.344599992,0.059572551,0.682695584
0.114047222,1.042986274,0.295701005
-0.692053854,-0.716268182,0.510098881
2.920387745,1.095964432,0.398426632
-0.704676867,-1.035979271,0.370417894
0.246765763,-0.341829211,-0.746729625
-1.395073771,0.462566823,0.362756074
-0.685106039,1.949888706,0.94797036
0.257818222,-1.11444664,-0.438649998
0.825218141,0.33358252,0.847071525
-1.04845345,-0.600398004,-0.008115785
-1.75000453,-1.601734161,-0.694535259
1.196501255,1.783322573,0.591014366
1.714211583,0.328939646,0.969092592
1.56514883,0.613069952,0.223130992
-0.425472528,-0.479356855,0.270440935
-1.390458941,-0.7741611,0.906699495
2.194811344,1.126741171,-0.444122717
1.202707291,-0.590747774,0.601820813
0.822060347,-0.933822393,0.655719764
-0.508995533,-2.973818302,0.36843731
-0.224164292,-0.069220647,0.157401016
2.690569401,1.725515246,-0.246227047
0.347942352,0.968796194,-0.966841214
2.249593735,1.598402381,0.742412754
1.024205446,1.852698445,0.587410376
1.043271303,1.797330141,-0.00730651
0.333660424,-2.2463274,0.795409742
-0.021272367,-2.293738127,0.193726562
-0.772889972,-1.432804346,0.811910438
0.983717084,0.801162243,-0.571156762
-0.134011745,0.898449779,0.960603625
0.621720195,0.226913661,-0.065811696
-0.806097746,0.591626227,-0.107208235
-1.171673536,-0.078368597,-0.354753331
-0.079306997,2.713419914,0.645951067
-0.404100507,1.379057407,-0.053763485
1.617569447,-1.734737158,-0.129656485
0.515929699,1.086219668,0.756017357
-0.565079808,-0.531452715,0.480749448
-1.492192507,-1.231149673,-0.659776343
0.373160481,-1.033194065,0.77322315
-0.917792261,-0.615300119,0.247189556
0.408749133,-0.129526258,0.972101282
0.539901853,-0.262697279,-0.580716729
0.089962542,0.752803445,0.360630524
-0.886555791,-1.291491032,-0.834866781
-1.59793973,-1.665773153,0.882097012
1.745904207,0.973713517,-0.324052524
-2.740245104,-0.958277583,-0.693791524
0.416124582,-0.951755166,-0.843623208
-0.368098915,1.118511677,0.267838545
-0.703674436,-0.883900881,0.725551697
-0.692510247,1.321309447,-0.964695333
0.141527474,-1.241223097,0.825942744
-0.940320849,0.209986448,0.734349726
0.094553694,1.776419401,-0.007490626
-0.760240078,0.248221725,0.683073472
-0.961609185,1.063254237,0.78960482
-1.284007788,-0.019348964,-0.2177383
-0.406403571,-0.591906428,0.097171181
-0.649340153,-0.600112796,-0.621554976
1.099140644,0.848948359,-0.831304901
-0.836890936,-1.302541971,0.355744037
-0.959329844,-0.453362882,-0.852362787
0.494862974,-1.264908552,-0.418659864
-0.361027688,-1.013225794,0.284804899
0.579809308,0.193633139,0.49052341
-0.035780519,1.288553715,-0.436973517
-0.169864088,-0.966867089,-0.09123164
0.222611308,-0.354360342,-0.236652718
1.708398819,-1.154358625,0.950291639
-0.146760374,-1.033527732,-0.554257485
-0.716682553,-0.855288148,0.048243594
-1.306324959,0.612632334,-0.032321814
1.367037654,1.036046267,0.957770506
-2.076552868,-2.638455153,0.819687221
-0.84262085,-0.153166831,0.444852048
0.721885562,1.055484891,-0.136774692
-1.839073777,-1.426562071,-0.237683902
-1.457675457,-0.271389067,0.866256992
0.701454997,1.040619254,0.8029201
-1.105543137,-0.049406908,0.812474316
-0.391056061,1.523549557,0.673483788
0.662281632,1.420461178,-0.112210699
0.151493445,2.362822771,0.675729901
0.626694977,0.847182095,0.918921351
1.731418371,-0.714720726,-0.377979965
-0.070697293,0.730924606,0.357562399
-0.183808923,1.258969545,-0.816198925
0.899559379,2.497886181,-0.336188142
-0.94846344,-2.653728247,-0.660947985
1.586006284,1.737556219,-0.46087531
0.276835859,-0.197002724,-0.725820245
0.674355567,-1.0113976,-0.772808832
1.669720292,-0.386442959,-0.444345633
-2.498023748,-0.820372343,0.854505115
0.496684372,0.484168857,0.282481803
0.497174263,1.145230651,0.738819073
0.960610986,0.985651612,0.881134236
1.496562123,0.420928061,0.829883812
-0.064630702,-0.73701942,0.71178841
0.361853898,0.678160489,-0.129500707
-0.611908197,-0.23044008,0.099588452
0.324874938,-0.178440452,-0.814226629
0.122063033,0.173338801,-0.26191709
1.531583786,1.02861762,-0.690634809
0.100744948,-0.458445013,0.919342864
-0.606039405,-0.06960281,0.20403503
0.718864083,0.78893429,0.47895487
-1.717542529,0.135663033,0.975260819
1.055197597,0.552575827,0.684683184
-1.102514744,0.266910225,0.893305376
-1.085392237,1.499343753,-0.905271657
-0.554773331,-0.468479574,0.845260451
0.581303596,0.060588256,-0.444229344
1.208201766,0.901241541,0.051565317
0.477511853,-0.447798282,-0.299582435
-1.675693393,-2.144319773,-0.156450426
0.430152565,-0.4425053,-0.006323201
-0.270858377,0.33152473,0.200024051
0.253233075,-0.967735648,-0.692689326
-1.00661397,1.270748973,-0.026758344
0.140249848,-0.862043619,-0.884891215
-2.345371723,-2.041962385,0.494638488
0.750912666,-0.728874683,-0.442689483
-1.53694284,-0.754139304,-0.359242271
-0.509499669,1.081147075,0.03262801
1.777875185,1.949700594,0.53394385
-0.192679286,0.670594811,-0.086261903
-1.699739218,0.635729134,-0.575016399
1.499394178,0.008765329,-0.601137222
-1.163208604,-0.102066778,-0.696435408
2.528326511,0.486569703,-0.94103029
2.097468853,0.612441421,-0.847966728
0.423390716,-0.413767517,0.848507129
-0.005260334,2.20668292,0.761103837
-1.219843388,-2.749113798,0.882083417
0.081862047,1.318183422,-0.194935492
0.294500768,-0.729014933,-0.390347722
-0.046472557,-1.305317283,0.919079619
-0.325470209,-2.495557785,0.095322602
-1.607139826,-1.036322594,-0.245341039
0.546530545,-0.128589138,0.266555154
-1.146295309,-0.230192065,0.101468337
-0.322188139,-2.713889599,0.114531614
-1.199791908,-0.602425337,0.494676838
-0.461255401,0.013142169,0.411238602
-0.749148965,0.348809838,0.955961655
0.530762792,1.980437517,0.954359289
0.291995287,-1.688724518,0.697859188
0.086111307,0.845520616,-0.88020044
1.289631009,0.658490181,0.435055275
0.116139889,0.661523104,-0.722088592
-0.22123529,0.026401859,-0.094076745
0.438545138,0.05892273,0.339254852
-2.192526817,-0.97055763,0.474039474
2.162521601,2.950718403,-0.318760794
1.884216785,2.114338398,-0.500871157
0.346792251,-0.419442058,-0.733263422
-1.71815753,-0.262176812,-0.718899393
-1.011424541,-0.612347484,-0.880609881
-0.951004744,-2.711426497,0.802557932
0.781282425,3.052522659,-0.225352746
-1.090313196,-1.530454993,-0.082923748
-0.907794952,1.216299772,-0.531337664
0.234677568,1.203992605,-0.049505848
0.483213425,-0.100727201,-0.582242714
-1.32030499,-0.216652289,-0.442012975
0.298514307,-2.115642071,0.063066609
0.801107764,0.34511137,0.01209869
-0.57371366,-1.080490828,0.864849598
-1.146256685,0.609734893,0.083056325
-0.87240082,0.055698775,-0.036179037
-1.170725346,1.254214287,0.424754716
-1.156052232,-0.938122272,-0.493839179
0.913749814,-0.207777292,0.451692035
2.108837605,0.957259297,-0.948452776
-1.410096645,-0.423917919,0.051220057
0.940029621,0.712054014,0.523646345
0.075293772,-1.728340149,0.044787896
2.121841431,-1.154345036,0.640301839
-0.928614676,-1.643321753,0.513860299
0.029812872,-0.822951317,-0.898809387
0.790083706,0.624455094,0.739367142
-0.500952661,-0.8972224,-0.057765607
1.373102188,0.725146294,0.847220536
-1.564828634,0.226473078,-0.332850557
0.153762117,-1.343613029,0.297037325
1.373713255,1.355932474,0.514781863
2.248832464,-0.799061418,0.99340315
0.786884427,-0.77528435,0.27941148
1.463781118,-1.498986483,-0.542246655
0.538980782,-0.75036633,-0.675819521
-0.025211267,1.401051998,0.549035774
0.953609884,0.823695958,-0.262286486
-0.408511817,0.370334744,-0.942823276
-1.169287682,-0.809538543,-0.819732684
0.613272071,-0.144700915,0.540722477
-2.029366493,-1.806594253,-0.446192671
-0.497696042,1.373817682,0.281095972
0.204830751,0.716760874,-0.821393918
1.001571417,-0.891923308,0.333596942
-0.309032619,-0.703839481,0.598923857
-0.74985528,0.168798745,-0.936353388
1.776592255,0.157075763,-0.527253696
0.781257868,0.308784902,0.664273739
-0.689652801,-1.199991107,-0.591938278
-0.2313876,-1.081193924,0.0854747
-0.597878933,-2.438788414,-0.043551352
-0.838513911,2.291374207,0.510804522
0.353305757,0.408366293,-0.599144195
0.449103266,0.732758939,-0.040813764
-0.115974523,1.01605916,0.304115784
1.50922513,0.889713109,0.686530799
-0.054354019,-1.762522697,-0.279428288
0.28039977,0.141956598,0.441274525
-0.104537994,0.759753942,0.798126556
0.65028429,-0.101925567,-0.14971912
-1.633274555,0.913964868,0.651917761
0.055311397,1.661187649,-0.212360834
1.968449473,0.558452964,0.785605318
0.142227858,1.606932998,0.857134112
-2.552501917,1.822913051,-0.384963278
0.876270652,-1.073713899,-0.847318814
0.278315425,0.60994339,-0.174752677
0.833267927,0.355803013,0.503657966
0.09022636,-1.007877827,0.887057016
0.33087182,-0.609492421,-0.405957683
0.204078481,-4.024650097,0.216604838
0.772615194,1.647377849,0.562118159
0.251426578,-1.551837683,-0.576601564
1.081460714,0.497989178,-0.891111196
-0.488726079,-0.223291546,-0.224098215
0.418164074,0.089517452,-0.507557249
2.476041794,0.600016832,0.491843864
-0.131122038,0.246572271,-0.111796427
1.505876541,0.490380943,0.239647471
0.395637393,2.324892998,0.599588008
0.214275777,-1.421284437,-0.755841251
-0.457553029,-0.544027209,0.034410182
0.919794261,-0.364904642,0.788805904
-1.199053645,-1.057209253,-0.616011025
2.473392963,3.209905863,-0.302930745
-0.415822864,-1.031824708,-0.655977504
-0.050240878,0.433359802,0.865009583
-0.638890147,1.724516988,-0.737187184
0.274164438,1.969949245,0.307222393
-0.0282804,-1.304676056,-0.481994043
0.840207517,-2.219508648,-0.979010341
1.476908445,-0.795130968,-0.866164993
1.482378483,0.51376915,-0.814986758
2.98573637,1.442897916,0.697504627
0.97135067,1.014091134,0.434783485
-0.50153625,1.637068987,-0.393071733
0.579413414,-0.501038134,0.237858075
-1.920485854,1.219223976,-0.991838167
-0.594761968,0.550774693,0.01093854
0.811528146,1.577347279,-0.257220781
0.011013567,-1.369577765,-0.389874245
-0.870105326,-0.629190445,-0.732409675
-0.432909131,0.880017817,0.531590052
-0.445485204,-1.252179623,-0.783789378
-1.91443038,0.045608856,-0.53369129
-1.055475116,0.356783837,-0.677688661
0.031531896,-0.210390106,0.85503483
0.652025938,-0.16895768,-0.972747042
0.286696792,-1.609101057,-0.837161043
-1.549893379,-3.174415827,0.695798936
0.036622517,0.051723979,0.092954306
0.037963443,0.445452273,-0.791157018
1.374177933,-0.632636309,0.623337978
-1.437708139,-0.521072865,0.520539447
0.590031087,-0.648002028,-0.236603204
0.050230697,1.157330513,-0.907477567
1.372727633,1.690668702,0.342631053
0.987799346,1.383148193,0.861175668
0.58141607,0.663369,-0.607330825
-0.185771585,-0.882829249,0.976128589
-2.692033768,-0.053091969,0.693225315
0.888224006,-2.427365303,-0.96116252
-1.345095396,-0.205912381,-0.595460455
-0.14877753,-0.968366086,-0.651478209
-1.272660017,-0.076280922,-0.527259916
1.323688269,-0.572015643,-0.103080083
-0.665242672,1.082206488,0.326800947
-0.471958548,0.221835911,0.420479037
0.772767782,-0.161849961,0.314474762
1.175323248,-0.994314492,0.858548904
2.55099988,-1.016382933,-0.649230514
-0.626761913,0.744419336,-0.977455146
-0.145414978,0.635266542,-0.704087159
-0.647091866,2.460309744,0.352661797
-1.340597391,-0.283789605,-0.663581072
0.513279498,-1.381552458,-0.927746163
-0.207932353,0.017781461,0.520272158
0.325853437,0.646578312,0.1269959
1.713541746,0.616094708,0.844013582
0.175495103,-1.354280949,0.84832989
0.138115749,0.353645444,-0.19977757
-1.764014482,-2.458113194,-0.242730961
-1.658738136,0.127407789,-0.768849605
-1.87586081,-0.236708194,-0.855773084
1.448870182,1.130734324,-0.954210747
0.197714388,-0.169401556,-0.194437161
-1.07137692,-1.120351315,0.461168284
-1.029579043,0.26550281,0.148061001
0.927672803,-0.025114872,0.619738033
-0.004758779,0.059045397,0.464232834
-0.546667516,-0.908298135,0.522759801
0.994874477,-0.400395066,-0.522504158
-1.040276885,-0.477622926,-0.758689599
0.479280621,0.233126909,-0.770721492
1.791764975,1.667817116,0.842065068
0.106618017,-1.973379135,-0.657627767
-0.519259691,-0.471898079,-0.650110464
-2.162520885,-1.055011153,0.507348541
-0.54681772,-0.862935185,-0.647048336
-1.159184456,-1.35271287,-0.802282344
0.08619722,0.882485271,0.071743152
0.130338058,0.222624645,-0.903467045
1.895557284,-0.904923797,-0.113460234
0.348634362,0.063559733,-0.506629672
0.660675168,0.130326286,0.07701768
0.543366373,-1.55214572,-0.834385852
-0.172729373,-0.5106498,-0.287124844
0.70589751,0.754415512,0.063772485
0.064176321,-0.679296315,-0.276628798
-0.934991419,-0.640690386,-0.903802239
-0.059345856,0.613294125,-0.710627883
-0.954023838,-0.723019481,0.58246056
-1.34599781,-0.940096855,0.582123761
-0.720148027,-0.198515415,-0.848232799
-0.084827565,0.135441259,0.86810026
-0.827375531,1.785400629,-0.707667888
-0.089504011,-0.385364175,0.75257842
-1.350806713,-0.705739856,0.617313729
0.086935811,2.32864213,0.970099333
0.030547097,-0.020069603,-0.578000145
0.53458178,-0.897303343,-0.409672264
-2.535066605,-0.491549999,0.35287027
-0.660525918,-0.904227316,0.2544669
1.308987379,0.091422774,-0.898027878
-1.452591658,0.7209512,0.918586224
1.757297277,0.208767623,-0.580921291
1.267918825,0.247208625,-0.428240635
-0.240271643,-0.38415122,0.446274949
0.633750677,0.156108513,0.202619836
-1.037713528,-0.77829206,0.316008255
-1.918550253,-1.662463188,0.405255076
-0.091693953,-0.353810251,0.382971964
-0.219100952,-0.291776866,-0.550054829
0.517920256,-1.882637262,0.848411013
0.223762676,1.392259836,0.92731821
0.928839445,-0.082117006,0.044058182
0.255760014,0.010176655,-0.981110889
-0.041169032,0.312301844,-0.057981672
-0.794086814,-2.775019169,0.573642556
0.626773655,-0.621394157,0.784275744
0.96924901,-0.017496403,-0.948828187
1.070012808,0.079744846,-0.614982201
-0.578600526,1.055409193,0.957051814
-0.86562109,-1.023550034,-0.043682774
-0.977106452,0.39068234,-0.291928429
-0.823698282,-0.816003442,0.982574676
1.612733841,0.092466593,0.206275217
-1.918519258,-0.646954119,0.401787596
1.20074296,0.518893182,0.424171973
-0.744254351,-1.030319214,0.220734761
-1.601334095,1.699308515,-0.967241654
1.035861731,0.991145611,0.588353093
-1.524151087,-2.342008114,0.473142935
0.218760282,-0.157830715,-0.844985732
-1.190984249,1.530492306,-0.953251712
-0.491201222,1.398428082,0.418467325
1.039356112,0.8650738,0.628176035
-2.639422178,-2.630749941,0.27034007
1.168196201,1.251015902,0.284713279
-1.744933248,-0.695157409,0.210738357
-0.082260922,-3.115979671,0.218630489
1.811181426,-0.024384901,0.499882377
-1.011573315,0.942184925,-0.819385654
1.297941089,-0.430893451,0.615956939
-0.62434417,0.044392988,0.439423527
-1.735034943,-0.954454899,-0.827140893
-2.345555305,0.156099811,0.702512029
0.218779191,-0.816221237,-0.674465284
1.678947926,-0.9989115,0.150626649
-0.954185486,-0.56990087,-0.768826779
-1.288854122,-1.052620411,-0.940923061
0.382346094,-0.214269876,0.90268123
0.795716822,0.668292284,-0.941702423
0.573485434,-0.467897594,0.331179451
1.163525462,0.337305605,-0.951064662
0.1656349,-0.120585606,0.390140596
0.841749191,-0.605634034,-0.84847806
-0.332649708,-0.955768466,-0.691909721
0.477670312,-0.300899804,0.427013422
-0.575239539,-0.819926739,0.28674342
-2.389994621,0.673125386,0.993376498
-0.161106139,-0.202132493,0.316025995
-0.013490964,-2.59638238,-0.286989194
0.419935048,1.406867743,-0.063186904
-0.163731635,-0.895961046,-0.291299117
-1.855551958,-1.483889222,0.468471559
0.9024266,0.585877895,0.411258124
-2.56438303,-2.119756222,0.556391655
-0.665920973,-0.333130509,0.193710601
0.205062911,-0.023938671,-0.171223132
0.504460573,1.112464786,0.797303775
-1.571288943,-0.628374338,0.388273306
-1.98257637,1.038574457,0.792838306
0.651205182,1.019765139,0.50499022
0.387296975,1.25161159,0.138048788
-0.280778736,0.352490991,0.866760162
1.286621571,-0.519801617,-0.060066217
0.495590508,0.431384176,-0.962675516
-2.847252131,-0.407847643,0.64199654
-0.771505237,1.154202938,0.174622057
0.645006537,-0.264504343,-0.836443373
2.465378523,0.774714708,0.069496358
-0.08099474,1.991514683,-0.342113047
-0.364361465,0.173563778,-0.066765106
-0.630465269,0.416192204,-0.974571046
0.14144361,1.224769115,0.235230046
1.116474628,0.779774845,-0.983467194
0.671897709,-1.179315805,0.617497894
-0.980280042,0.328935057,-0.645013699
-1.397377014,1.06712985,-0.615608403
1.685145617,0.495506704,0.794902681
-1.881916285,-0.616389155,-0.564101546
-0.456403583,-0.515534878,0.534045747
-0.914793432,-0.966874361,0.20929587
-0.733265281,-0.421453774,0.005038519
-1.575025558,-0.456568152,-0.400357891
0.701065004,-0.579477191,-0.601020731
1.185966134,0.969702601,-0.460495179
-0.460341364,-0.82766366,0.06621551
3.932915211,-0.127915725,0.75003623
-1.093685508,-0.449118525,-0.026510611
1.512486339,0.057255816,0.29998404
-0.431809962,0.521638751,-0.941494154
1.073024273,-1.405553579,0.865188758
0.147143498,0.546319067,0.303657705
-1.382737637,1.017990589,0.713676998
-1.072059155,3.091195822,0.805936033
1.146091461,-0.482824564,-0.59504621
2.497705936,-0.468051165,0.807533421
-0.244712502,3.248155117,-0.961482263
-0.351058066,-1.169259548,0.172404494
1.393639922,2.004603863,-0.944744161
2.323709965,-0.045455232,-0.134667749
0.452899218,-0.406383693,-0.247378869
-0.102869779,-0.728670657,-0.707383624
0.690684795,0.379746258,-0.631905204
-0.73326087,-1.367644787,0.815244411
1.575786829,0.532939076,0.157655903
0.534692883,-0.470760405,-0.522967621
0.147922456,0.116546951,0.586728994
0.138338864,-1.673470736,-0.972801595
-0.554313898,0.509283304,-0.924532926
-0.820515037,-0.718920946,-0.309996544
1.077817798,-1.098907948,0.98987844
-0.099215716,-1.53271246,0.758607659
-2.892587423,-2.236628532,0.801887345
-0.967440069,1.63094008,0.360795125
-0.88156426,0.254550576,-0.820458839
-2.622479916,-1.543801308,-0.710066847
-0.446735591,-0.200286746,-0.202312684
2.163809299,0.86228919,0.884075133
0.87316978,2.717919111,-0.68968074
1.747444272,2.806889534,0.359329608
2.470911503,0.867664576,0.219457382
-1.376798391,-3.355014324,-0.838084435
-1.314082861,-0.654630542,0.39596887
0.340105534,0.340842873,0.026955974
1.005069613,0.103865325,0.060955762
0.101954818,-2.135509968,0.043963653
1.450535774,0.866757751,-0.990978443
-0.120290712,0.168680906,-0.441940267
0.119469777,1.810194373,-0.053162192
1.069313288,-1.085045218,-0.067207053
0.149142206,0.830906868,-0.51110348
1.895018101,1.737898588,-0.635674466
0.260329157,0.145983279,-0.731646022
-0.486691594,-0.330272496,-0.882023588
0.643773019,0.500536501,-0.855115155
0.190242261,-1.149171114,-0.572072109
0.126333535,0.140365198,0.654478845
-0.266027868,-0.46865204,-0.200193536
-2.795933723,-0.818980932,0.508147016
-1.768746138,-1.462515116,0.74872206
-0.735897779,-1.312644362,-0.75414397
-0.223915085,-0.451162189,-0.441900768
0.157705069,0.842278481,0.426781626
-1.547847509,0.842333138,-0.407062465
-0.832958102,-0.048839863,-0.408067529
1.961209059,-0.080383338,0.840974756
1.39274931,0.621161222,-0.587312622
-0.641122699,1.236173868,0.510143463
0.687891245,1.111006856,-0.499482871
2.057831287,0.853343546,-0.261094188
0.00276955,-0.103603885,0.494334789
-1.273588896,-0.605259359,-0.705648387
1.050586462,0.320686936,0.039631271
0.692727029,-1.2701087,0.001438535
-1.81336832,-1.008909225,-0.28189297
-1.173855662,0.54286617,-0.76228779
1.023663759,-0.805605292,0.864919385
2.138251305,2.576189756,0.658091979
1.868914843,0.47474432,-0.007844098
1.49599719,-0.190382093,-0.761472784
1.828972936,1.15208137,0.165555664
-0.163475603,0.190469742,0.841530124
0.813426673,-0.18817699,0.513237206
-0.154771701,-1.358790398,0.410432547
0.487962425,0.826787114,-0.812359216
0.76169759,1.281297922,0.878594294
-2.542172909,0.144370779,0.492965116
0.393155813,0.301730394,0.68447109
-2.423508644,-0.213571906,0.528370156
-2.364310741,0.365874797,0.868028841
0.153677508,-0.736678481,0.556551712
-0.511311412,1.332548499,0.972971865
-1.938390374,-1.137906313,-0.118245362
1.931643009,0.807579756,-0.975948445
-1.369093418,-0.929569125,-0.260872212
-1.326010942,0.630795121,0.023115322
0.61835587,0.026323568,-0.751281771
1.368633509,0.523450494,0.736094676
0.841969013,1.17178607,0.629781027
-0.505145609,1.414508343,-0.379116272
-1.956978202,0.495055914,0.582736351
-0.897453845,-0.082748964,0.551962946
-1.301384211,1.195927858,-0.323531411
-0.020641994,-2.155925274,-0.642017036
0.373061925,0.108336382,0.900095127
1.993890285,-2.170250416,0.490264152
-2.163973331,-1.924911261,0.291408338
0.17587392,-0.244562298,0.491666825
0.360138416,-0.449808627,-0.130675005
0.679993868,-1.61627686,0.743445108
0.3732844,2.245501518,0.976901719
-0.249311239,0.307040483,0.691265086
-0.300307989,-0.447310925,0.469124166
1.462314844,0.906223357,0.837895972
-0.773121595,-2.965224504,-0.872947651
0.58729434,0.192364842,0.701886215
-0.93121165,0.627134025,0.679464776
0.193762809,0.495294631,-0.41194719
0.929691553,3.340924263,-0.517799597
1.166285872,-0.86122489,0.969600003
0.47889629,-0.603197455,-0.264955608
-0.768276095,0.493672609,-0.60561244
-0.627451718,-0.231593251,-0.424406897
0.167170644,0.495799839,0.794880899
0.301626414,-1.341695786,0.35879198
0.414528906,0.906285048,-0.036526085
0.994085193,0.219146207,-0.866525641
1.213755012,1.878222704,0.467615116
0.668432117,0.009804651,0.57497336
-0.022944286,0.047513902,0.85945228
0.301976204,-1.104753971,0.614331646
0.710926235,1.659608841,0.785566499
0.414800584,2.310614586,-0.705918791
-0.198583066,-1.155079365,-0.674671306
2.138650894,0.655101717,0.300824054
0.268673569,2.055140972,0.518567637
-0.057502504,-1.379980326,0.918032431
1.425466061,1.640736818,-0.898491131
-0.504099488,-0.04487101,-0.384795936
0.561981559,0.399563819,-0.152882594
0.269964218,0.989802063,0.309667538
-1.126147509,-1.797735214,0.788895739
-0.013292305,0.065725692,-0.545029323
-1.092843771,-1.743534088,-0.713396782
-1.068724871,0.169646159,-0.497146699
-0.074283451,-0.942193508,0.773880364
1.006628752,0.229045749,0.216948724
2.1930902,2.327340126,-0.314212788
-0.1443685,0.804204047,0.766445286
-0.96012634,-2.05603981,0.360966227
-0.591972053,-0.845474958,-0.893566255
-0.353503406,-1.133416176,-0.263395465
1.287873983,-0.245089442,0.864991268
-0.524836063,-0.793656826,-0.234846428
-2.739209652,-1.081656933,-0.938036999
-1.706859589,-2.253754616,-0.341403637
-1.33866024,0.223762125,0.447436934
0.482418805,0.406993717,-0.88414762
0.60153985,1.185960531,0.571875524
2.122270107,0.564587116,-0.999280123
1.196691275,1.322072625,0.125617751
-0.734688401,-2.597738743,0.347645469
-0.153012574,1.476883888,0.110165828
1.645319462,1.727608442,0.987148235
-0.62464124,-0.681831121,0.366784243
0.474021852,1.844759703,0.65811563
1.02711308,0.631961524,0.749298129
1.013445377,1.114159465,-0.473466289
-0.714478135,-0.014247961,0.917742437
0.222703665,-0.101204157,-0.281767192
0.011087988,0.354705393,-0.908991358
1.286618471,0.429897487,0.919082948
0.431893647,0.02089311,0.02032924
0.516401947,1.383752108,-0.203646683
-0.920457125,0.098074988,0.731094161
0.773172557,0.284470052,-0.77801579
0.829845071,-0.417757154,-0.320828295
-0.026304323,-0.041181706,0.801647083
-1.115697861,-0.4774459,-0.59874909
-2.067585468,0.81286788,0.724066589
1.189419031,2.20271039,0.878682898
-0.023814246,1.114575982,0.187287845
-0.932859838,-0.496354818,-0.820235473
1.283872366,0.249471202,-0.899634011
0.810947299,-0.055943113,0.331261756
-0.869147897,0.987167895,0.305978134
-0.122657962,0.659231901,0.801039352
-0.335472584,-0.234607637,-0.381092757
0.487817705,0.377364904,-0.213578684
-1.061020374,0.746100664,0.400029329
-0.064513773,0.672732174,-0.039635975
1.384554148,0.340951622,-0.530110865
0.517027259,0.002981612,0.447445903
0.901193202,0.1038789,-0.501209302
-0.304230809,1.602083325,0.971151084
0.194787696,-0.015744969,0.553255358
-1.866222858,-0.391092181,0.743663784
-2.256014347,0.378278315,0.45710093
-1.100482821,2.008190155,0.94388107
-0.025171939,2.058621883,0.506964004
-1.776830554,0.565767884,0.938984447
0.237345502,-0.248386756,-0.915097369
0.068075225,-2.387839556,0.074465907
-0.285990387,-0.808925986,-0.352022869
-1.97875464,0.102231763,-0.191022656
1.775593877,1.475841284,0.156960892
-0.514497161,-0.177624375,0.224504356
-0.494755596,-0.328292102,-0.936092064
0.098785818,-1.567946672,0.381672298
0.002194421,-0.091140717,-0.119077996
-1.55606389,0.922009587,-0.637651417
1.213464499,0.185431749,0.458676224
-0.19101344,0.536235929,-0.920201889
-1.113654971,0.834833145,0.359118623
0.110508025,2.991637468,0.992835796
-0.092296876,1.977014661,-0.811423239
-0.756590545,-1.250521064,-0.450516635
-2.277555466,-0.105699599,0.94686481
0.424154282,0.254794538,0.561123806
0.400335848,-0.079604857,-0.597219691
0.779649794,-0.212720245,0.918091194
0.009311646,-0.826907992,-0.684299946
1.08573854,-0.711779594,-0.809667034
-3.196698904,-0.08493945,0.986256538
-1.023371339,1.304304719,-0.154709065
-1.036372423,-1.965759754,-0.866183695
0.978848457,0.476980358,0.722355899
-1.570461869,1.1856215,-0.247450105
-1.093602061,-0.012244754,0.034217795
-0.116055541,0.572766185,0.709919832
-1.998330116,0.875631094,0.599422893
-0.488756418,0.10701488,0.601064491
-0.843328059,-1.14056313,-0.006586552
0.453221381,-0.730749488,-0.253223659
-1.753831863,-1.414465785,-0.051383077
0.462464511,1.667237401,-0.081209837
0.072931372,-0.225977212,0.897610396
-0.071868405,1.548214912,0.360426692
1.758364916,-0.455009371,-0.413296175
-0.448094547,-1.212581396,-0.451501703
-1.257071972,0.38201952,0.718558964
0.454934329,-0.506660879,-0.200619769
0.277409971,-0.533043981,-0.777780959
0.725677371,-0.723307848,0.510952085
0.077055335,-0.754416466,0.185503142
0.883187532,0.168116778,-0.484236037
-0.497338712,0.062094733,0.444648176
0.67755729,-1.745715618,0.110273957
-1.203664064,0.704057932,0.773607183
0.684317231,0.183524176,-0.568917821
-1.788451195,-0.414760053,-0.481730878
1.429190397,-0.50040555,-0.077854217
-0.373540699,-2.197542906,0.071129775
-0.266015381,-0.314303488,0.921370221
1.21341157,0.669526935,0.531385243
-1.316479564,0.750252426,-0.995932745
-0.845289469,-1.016602397,0.793500631
0.162124008,-1.339213371,0.134798136
0.728336275,-0.601580143,-0.910814175
-0.548196495,0.650103509,-0.700921384
-1.790653348,-0.071832612,0.001116951
0.053637445,-0.717588127,0.152809907
1.859756708,0.381677181,-0.894253967
1.557847977,-1.949085236,-0.753849426
1.648215175,0.517091095,0.808626614
-4.348348618,-3.759433031,0.802751966
1.267720461,0.459194183,-0.658634482
-0.723181844,0.848630786,0.915396852
2.398110628,1.835953951,0.717757645
0.109691992,1.413625598,0.335650827
0.970956683,0.013598567,-0.56297217
0.387740254,-1.316567659,0.649314023
-0.792985439,-1.747182131,0.148163221
2.008004904,1.531089902,-0.326421267
-0.645750165,-1.240574002,-0.713806503
0.384010851,-1.968614697,-0.214752504
0.633835673,1.717926979,-0.887446863
0.334372252,0.132265389,0.59649205
0.111243814,-0.370439112,-0.911544713
0.566590786,-0.543086767,-0.69524625
0.175035089,-0.746019304,0.092976827
0.414871544,-1.33959198,0.928384726
-0.210280657,0.512533963,0.197738011
1.208554983,-1.974358559,0.278912564
0.299341798,1.010624886,0.628481181
-0.563094616,-2.934472322,0.149143803
-0.405461878,-0.217196271,-0.539713453
-0.821678638,-1.274675727,0.25985841
1.170897484,0.834672391,-0.267124221
0.132681474,-2.245018959,0.484587708
0.365638107,2.468158245,-0.016270282
-3.184851885,-1.088156939,-0.485735629
0.649206281,0.551459968,-0.927745631
-1.61014843,-2.023483276,-0.744242665
-0.911957502,-0.256117731,-0.5829878
1.031553626,1.240798831,-0.799636333
1.15467751,-1.676039457,-0.420028555
0.546851695,1.540875435,-0.056630029
0.808547199,1.032551765,-0.09775664
1.082344294,-1.274611354,-0.982163716
0.261054039,-0.226806417,-0.021204926
0.060158674,-0.727959633,-0.631207218
-0.878320038,-0.654289544,-0.720667021
2.608172417,-0.548401594,0.274971401
1.161988735,-0.256626368,-0.18654844
0.897233248,0.332902014,-0.909330388
-3.803179741,-1.118165255,-0.296213745
0.271322727,-0.407742083,0.961686121
1.109497666,-1.022755742,-0.769358803
0.437445223,1.888736725,0.565920342
-0.937453985,-0.063359231,0.991166537
0.424958169,-0.404596895,-0.030189035
-1.2401402,-0.445655495,0.774849158
-0.666919827,0.161946267,-0.73331924
0.204102054,2.128387451,-0.654643425
-0.415835351,0.111342527,-0.213198564
-0.812195897,-0.116483554,-0.957708346
1.778723478,1.316738605,0.852339689
0.426345468,0.77716887,-0.692214269
-0.217717275,1.388098955,-0.353275278
-0.966844678,2.205628395,0.316772016
-0.37045899,-2.279690504,0.304713285
-0.382954836,0.268670827,0.426464603
-0.478491902,-0.743750453,-0.788003114
2.357504129,0.574483812,0.241258535
1.49570179,-0.263080835,-0.325203781
0.304499149,-0.657199144,-0.403101096
0.826726675,-0.007065834,0.71524669
1.69058454,0.158276007,0.121861436
0.738860607,0.10870368,-0.700526209
1.265353918,0.450292647,0.449664051
0.920038342,0.431719214,0.427871272
-0.974651098,-0.67338264,-0.609779866
-0.092409775,0.164549157,0.515115047
-0.527930498,0.724643946,0.970018062
0.568713725,0.015598368,-0.160024909
-1.186446428,-2.607800245,0.104716804
-0.778192639,0.707262874,0.959939932
0.140999705,0.808069706,0.394155218
0.628198206,0.360982955,0.911545252
0.380647063,1.415590167,0.016078819
0.928266346,1.055265427,0.410909158
-1.325792551,-0.714199424,-0.148886879
0.125175685,0.015427765,-0.896268453
0.455895543,0.762450695,0.805851439
-2.094368458,-3.730311871,-0.902040143
-1.432281494,1.002207756,-0.325225793
1.065038681,-1.654289484,0.804239759
-1.251570582,0.902664721,0.081113364
0.005418785,1.113610148,0.166060025
-1.79339385,-0.032160401,0.322244763
-0.964640975,0.008555509,-0.631665526
2.671579599,0.35441798,0.937845221
-1.432964206,1.362272143,0.245713087
-1.414819002,0.607171059,-0.757170237
-0.518076658,2.191100121,-0.388013254
1.161860466,2.542151451,-0.670334222
0.435314059,-0.769782007,-0.890829454
0.293370843,1.157392979,0.458896721
2.390494347,0.897359848,0.610796812
0.13196288,0.355478287,-0.448123473
-0.277389199,0.887101591,-0.387002745
-0.573193789,-0.91025269,-0.492153589
-0.67004168,1.718221426,0.150413918
-0.020893868,-1.604536772,0.922848623
-0.788956225,-0.823580205,-0.748099546
2.203978539,0.130511805,-0.030592188
1.004295826,1.19864738,-0.055789514
-1.03239727,0.224625304,-0.657297348
0.081165396,-0.097423784,0.902746395
-0.102762073,-0.627251506,0.088826585
-0.406238914,-0.700287402,-0.560582509
1.42132926,0.795650423,-0.581080067
-0.496478349,0.299198061,0.491468451
1.392996311,0.847217739,0.683617256
0.171213463,0.687802494,-0.95498133
1.130388379,-0.740267217,-0.105442211
-0.314899564,-4.623156548,-0.328448987
-0.305505544,1.625336885,-0.065810837
0.464595735,0.592353344,-0.023455047
0.868068099,-0.737963378,-0.792751219
-0.29416734,0.173178524,0.71941836
-0.455048889,-3.191887856,-0.140493142
0.814997375,0.131310374,-0.727732586
-0.300443053,-0.964270592,-0.033881682
0.375996262,-2.480873823,0.474044049
-0.293991745,-0.312161982,-0.26204744
1.316267252,-0.602498531,0.087624135
-1.844131231,-0.383913755,0.08028417
-0.426101148,0.19180727,-0.790615352
0.008944914,-1.01159358,0.238550365
1.939545393,0.838772833,0.775802857
0.25289163,-0.383180529,-0.681618292
1.924027324,0.275436968,-0.467369011
0.595398903,-1.293530703,0.95456821
0.200653747,0.995244026,-0.896222326
-1.227726221,-1.784337282,0.094062116
0.81918788,0.979645789,0.489990216
-1.304588079,-0.023333661,-0.29120968
1.448171139,-1.16723156,0.339972623
0.76153934,0.102649443,0.055287021
-1.278803349,-1.568544865,0.373468219
-0.571127892,1.174339056,-0.996635695
2.338956118,1.382563233,0.834371256
-0.348873883,-0.243194595,0.428906683
1.499347925,0.476652801,0.105925748
0.230426222,-0.154858589,-0.630337254
-0.205351204,-1.813695669,-0.043084482
1.486471772,1.795958281,0.407606308
-0.961300015,-0.204205155,0.984012984
0.249450281,1.129734278,0.082979811
0.530768394,1.864089966,-0.421751071
-0.902216077,-0.238235891,-0.63392827
0.497057587,1.074683189,-0.004836851
-0.891174197,-0.68029058,-0.105690287
-2.177660704,-0.604641676,0.628003203
2.147523165,1.035325289,0.127302356
-0.017016146,-1.092807889,-0.941636793
0.805611253,0.734505534,0.601417863
-1.438546538,0.339932978,0.103430543
-0.191473186,-1.219964147,-0.584569221
-0.071910769,2.206441879,0.145923021
-1.535088539,0.397055805,0.485779519
0.988708496,2.684528351,0.276535594
-0.240120232,-3.346002817,-0.632849994
2.030067682,-0.529843926,-0.404242118
-0.328202665,-0.571182013,-0.114883544
0.284528553,2.064074039,-0.391519173
-0.544891477,0.113036223,0.244944318
-0.106099918,-1.327785134,0.335817159
-0.452578127,0.053585581,0.129505574
0.970791757,1.062153101,0.625262569
-1.479505301,-1.60996294,-0.399941232
-2.597660065,0.190957993,-0.159289246
-0.31007278,0.389654756,-0.360625293
-0.412782013,-1.514676809,-0.68928905
-0.33697775,0.743329287,0.01497276
0.537219107,-0.055885777,0.774263816
1.434382677,0.89581573,0.563259175
-1.163991213,-1.295266628,-0.088864933
2.80091095,2.295850277,-0.212347254
-1.427552104,-0.602866113,0.215227035
0.001759853,1.241136312,-0.395015797
0.346526474,0.15373604,-0.184099755
0.277220011,2.054303646,0.598715205
1.908123255,-0.582093298,0.28455769
1.115699649,1.327450752,-0.053958255
0.676384389,-0.266997039,0.556318432
0.365565002,0.993675053,0.506424836
1.072326899,0.966603875,0.359746045
1.354406357,-0.284226,0.554074027
-0.74075979,1.051975369,-0.962133876
1.517098904,0.047281172,0.932291079
-0.1874578,1.229660988,-0.986735221
1.570201874,0.350869536,-0.350721669
2.023251772,0.753471553,0.196784661
-1.111521721,-1.195536971,-0.957887172
0.520679116,-1.509888649,-0.516825587
1.199632764,-0.27107048,-0.850942937
-1.170148969,1.765650272,0.278798465
0.118426166,0.213113755,-0.341448235
-0.301712871,-0.150515974,-0.415640334
-0.057561252,-2.790271997,-0.817534144
-0.539506316,-1.216797113,-0.901555412
1.058718801,-0.514412403,0.57067736
0.944713354,-0.518132687,-0.870609608
0.401134372,0.847267985,0.241268671
1.612811804,0.513341308,-0.926264029
0.00072952,1.03190279,-0.233741357
0.946283937,0.611565053,-0.289497212
-0.278502345,0.26644361,0.780901472
-2.538520575,-2.825742722,-0.920932573
-0.903952658,-0.793398619,0.615176304
0.181808278,0.941442966,-0.431230012
1.49890852,-0.087030724,0.449441352
0.272468269,0.069954701,0.223301389
-2.540607214,1.391578913,0.35583646
0.560029328,0.527701616,-0.439148039
-0.619723439,-0.564893126,-0.624315745
-0.639588952,-1.146019936,0.325175235
0.780949593,1.002716064,-0.876171798
-0.496599317,-1.097112179,-0.614569067
-0.270063102,-1.626172781,0.639265641
0.514715075,0.241920084,0.183265493
-1.532621026,1.030848145,-0.712420906
-0.369461596,0.223048568,-0.957885625
-0.505000412,-0.736679435,-0.569921852
-0.709131241,0.401384324,0.988915028
0.200301692,-0.634755611,-0.35845727
1.567129135,1.158287048,-0.382552198
-2.490027428,1.04942894,0.71731314
0.287955195,-0.275874972,0.412242317
0.182683364,-1.913021326,-0.69115452
-0.327487826,-1.532356024,-0.015677407
-2.13897109,-0.868985891,0.726598328
1.603193164,-2.394647598,0.260824995
-0.067494214,-0.826452076,0.08179605
1.813902378,-0.502781987,-0.94856047
0.345858961,0.061075609,0.767396089
-1.003698468,-1.558381557,-0.360803057
0.040723413,1.538142443,-0.394932475
-1.200800896,0.317643702,0.286678056
-0.369120479,-1.303116679,0.383707651
-1.035965204,0.976189494,0.265440005
0.699486732,-1.219895601,0.887037506
-0.804191589,0.574508786,-0.055244341
-1.419372439,-0.759115934,0.35861515
-0.951541185,-1.717095256,0.316174141
0.294703066,2.59884429,0.694881352
-3.095076561,-2.349143982,-0.845160521
2.499138832,1.391595483,0.588856669
1.239118099,-0.663233519,0.533078151
-2.148309708,-0.34438467,-0.542967112
0.015938174,1.557242155,0.862644721
-1.602618933,-0.504713178,0.727673073
-0.39581877,1.068655372,0.785804013
-1.454993725,-0.419167161,0.51609379
0.248889923,-1.156108499,-0.611047345
-0.337649643,-1.470628738,0.743904441
-0.804661036,-0.357815444,0.812204936
0.322449535,-0.191618159,0.611733474
-1.444474578,-0.252350181,-0.779583494
0.985614002,0.99403125,0.088674661
-2.250636339,1.150239825,-0.402464261
0.846363306,0.123275377,0.024101503
0.315364152,-1.070522785,-0.22837564
1.42480588,1.295240521,-0.123323378
1.113472104,0.204116255,-0.475817867
-0.420503199,0.7553038,-0.332994632
-2.444548845,-1.778948188,0.702522298
-1.254532576,-0.769778192,0.764311979
-1.575725675,1.705126047,0.803058731
-0.052386969,-0.182426453,-0.895807576
-0.10552834,2.681653261,0.682826481
0.022062935,-0.356900543,-0.43426606
1.153595686,1.013343692,-0.541875509
-0.301749676,-0.158177853,0.355967412
-0.580586016,0.287693024,-0.211700007
0.452173501,1.675052285,0.426610928
1.697977424,1.332692266,-0.084962325
0.483185887,0.72578907,-0.383530211
0.338237166,2.010611057,-0.362556331
-0.196934879,-0.806782305,-0.278249961
1.631189108,2.001230955,-0.328269507
0.312296003,-0.778346121,0.00640564
-0.258056164,0.54769522,-0.01333625
0.713500619,-0.728930116,-0.382085814
0.130085751,1.123829246,-0.526459339
0.745120287,0.859260798,-0.200571459
2.149624825,1.049096465,0.403242166
0.5597682,-1.732563972,0.176280316
0.1210545,0.326247722,-0.922438802
-1.073869467,-0.743608773,0.511551041
0.893299699,1.407023668,-0.461908966
-1.343564987,-0.575314045,0.487454175
0.623166084,0.829394221,-0.721914336
4.118902206,5.394334316,0.240135917
-0.666604638,-0.234305933,-0.969228078
-1.179643273,-0.753849506,-0.260318717
0.200189158,-0.736591101,-0.453688388
-0.662905574,0.422616243,0.83263065
0.698398113,-0.278136969,0.439733727
0.575223029,0.631105065,-0.999090718
0.803163767,-0.54790771,0.228551261
3.274416924,0.084848426,-0.877405206
1.263859868,0.708458006,-0.554315058
-0.188709289,0.927486122,-0.165442689
-0.994361877,0.139089286,-0.974633467
1.631750822,1.254789829,-0.804377168
1.054746628,0.998785555,-0.775667905
-0.475219399,0.205502942,-0.043806414
-0.834219098,-1.239673376,0.857917704
1.411877036,1.101760626,-0.993177586
0.494885862,-0.40247792,0.062526266
-0.147668153,-1.467610478,-0.462920865
-1.663019061,0.576123416,-0.237513696
-0.247691557,1.195357084,-0.015781725
0.954038322,-0.597875714,0.465244221
1.606375217,1.297622681,-0.674847076
0.023690009,1.133711338,-0.735758954
-1.701593876,-1.799911022,-0.8646263
0.526245475,0.697180867,-0.913095682
1.346339941,1.188108444,0.056755999
-0.231422856,0.033156037,0.389585658
1.910553694,-2.287188292,-0.776308672
0.622884631,1.40101707,-0.181478123
-0.674271464,1.005135655,-0.879337058
-0.90851295,-0.770471632,0.664490756
-0.001319342,1.174055099,0.742035165
-0.229668111,-0.770341635,0.809889207
-0.494254589,0.205090776,-0.118476255
0.881381631,0.7563622,0.812916185
-0.336072415,0.149372697,-0.562857457
1.248724461,-0.87034452,0.931726934
1.758701921,-0.636052012,-0.587122719
0.335654229,1.254545212,-0.423800487
-1.136197329,-1.123209715,0.769695275
-0.457365036,-1.062433958,0.020802516
-1.206659317,-0.303128392,0.300395929
0.829473555,-0.134082213,0.105521908
-0.344464511,-0.596503615,-0.926891352
-1.591058731,-0.598143935,0.572153632
-1.879792213,-0.62876749,0.311707756
1.023055077,1.061061025,0.206541412
-0.474784523,-0.046710238,0.890823755
2.014068604,-4.294636726,0.222664084
-0.352318883,-0.482145727,-0.59695076
0.690957427,1.369763255,-0.552090766
-0.272626042,0.253899306,-0.48964907
-0.667695582,-0.349399149,-0.422272612
-0.766226351,-0.859687567,0.533340092
-0.137510955,1.412466049,0.066626209
0.126969621,0.746947408,-0.362342124
-0.258214116,0.56487596,0.359690147
0.585136831,1.306684256,-0.573987177
-1.050169826,-0.136838585,0.346874237
-0.475854337,0.621381283,-0.71202459
-0.685556054,-1.012481332,-0.193876565
-1.520782948,0.148189798,-0.39305881
-0.590959013,0.365478039,0.487748065
-0.257005095,-1.26398015,0.558515274
0.560265779,0.289183468,0.954591997
-0.296070069,-1.531072021,-0.649010904
0.614057899,-1.500464082,0.110315814
1.662011385,0.110704407,0.120658646
-0.347143888,1.551509857,-0.514018106
0.637563288,0.240091756,0.093044922
-2.283505678,-1.136178613,0.468030837
1.296079874,-0.176386267,0.64695881
-0.938596249,-1.103829145,0.536045044
-0.844656706,-1.356951356,0.495102488
-1.008824468,0.312280416,0.451049494
-0.615428329,2.008467913,-0.347996044
2.715818405,2.732471228,0.53175241
-2.437731743,1.046821356,-0.200800013
1.480522633,0.250619441,-0.665711459
0.122507825,1.169840097,-0.314960984
-1.237078428,-1.167008758,-0.629633234
-0.123957455,-0.58290267,-0.028736345
0.649830282,-0.083584614,-0.19681956
-1.30488658,-1.513206005,-0.445846795
-1.679851532,-0.750343919,0.93182179
-1.440448403,-1.44803679,0.019670367
0.430957556,1.319036245,0.402069972
1.338803053,0.234356046,0.309439964
0.360927254,-1.074205875,0.732313855
-0.043932952,-0.865929604,-0.795302326
-1.151958466,-3.276274204,-0.242987331
3.858136415,0.424745202,-0.650411916
-1.715796947,-0.739428639,0.979686046
0.499221742,2.265154362,-0.114500767
1.328227758,2.352128267,-0.010327799
0.281814575,-0.603795767,-0.464290026
-1.691629887,-2.225561142,0.717965924
0.652674556,-0.39778018,-0.156068969
1.542978764,-0.130075485,0.920925637
-0.503165424,-0.711622775,-0.288369945
0.144699708,1.006006002,-0.361261595
1.185497761,-0.135520861,-0.545090758
0.209761351,-0.965558171,0.537982372
-1.319820166,0.57992065,-0.409517593
0.524194241,-0.014665315,-0.868308101
0.132085919,0.131544352,-0.256163951
-0.729504347,-0.680736184,-0.056563513
-0.75371021,0.707115114,0.611771592
0.524271488,1.384393454,-0.758769131
-0.652664185,-1.563908458,0.204150773
-2.514091492,-1.004265189,-0.08019599
-3.418946028,-0.166119099,0.410957673
1.331366539,-1.261207342,0.808781247
0.030202352,2.449743032,0.171403684
0.42331779,-0.52050209,-0.032135799
0.467561632,1.238678455,-0.32522534
-2.22897172,1.146671772,-0.445443271
0.620167077,-0.942365944,0.064720425
0.428262502,1.810573459,0.490039144
0.702377439,2.111689091,0.191188489
-1.050022602,-1.295815706,-0.305154312
-1.969920278,0.512132645,0.757227932
-1.164881468,-2.000903368,0.283703337
0.42765075,-0.335382193,0.847721747
-3.124684334,0.666047812,-0.67008057
-0.59958744,0.621593654,0.897715267
1.598218918,1.47145164,0.186208677
0.257565379,1.453843832,-0.501482656
0.968426943,1.101574183,-0.993978809
0.552275181,-1.189641476,0.431260558
-0.747564673,1.46314919,0.81108183
1.245508194,0.04635559,-0.346844625
-0.662617028,-2.188404799,0.25532362
0.682380438,2.042126894,0.662487806
-0.307098031,-2.256207228,0.223582477
1.198512673,-0.633629799,0.405660314
-0.388379514,-0.419093251,0.527601575
-0.737763047,0.582790732,0.197811991
-0.079037488,-0.357512504,-0.38121107
1.540346861,-1.798120379,-0.779737986
0.023790888,-3.008008718,0.641880365
-0.216746867,-0.18776837,-0.167542325
1.873752475,-0.054580264,-0.812405566
-0.396682888,-1.261854529,0.960002668
1.55464983,-0.347460955,-0.869706584
0.59094429,-1.015753984,-0.470597624
1.802508235,3.525903702,-0.193733002
0.129848778,-2.320223808,-0.874066761
0.906733632,-1.541428804,-0.476656763
0.800621569,-0.156364739,-0.689940245
-1.089085579,-0.871823251,-0.522998214
-0.776916504,0.251218706,0.969737993
-0.981734514,-0.235980302,0.388052582
-1.946011782,-0.849645019,0.710039136
-1.300145984,1.310987473,0.497681218
0.757444739,1.801752567,0.13326976
0.495855689,1.141639233,-0.695481902
1.047131062,-0.563895404,-0.207969362
-0.914046347,-1.815314531,0.383002491
-1.185412645,-0.522730708,0.362567147
-0.034977645,2.042250872,0.615849443
-0.271513581,-0.02650322,-0.653247625
-0.604183197,-1.656665683,-0.490947282
-1.43674016,-1.350477695,-0.760393903
-1.458323717,-0.423197448,-0.735865055
0.796953738,1.256799459,-0.306671569
2.167378426,0.296754837,0.455704276
2.149651289,-0.361275673,-0.71717106
1.559198022,0.89892298,0.821653728
-0.168512985,-0.157908857,-0.393665531
0.158758074,-0.60182178,-0.974454006
-0.628163397,-0.61168164,0.974922661
0.736317277,-0.436723292,0.635716337
0.322173536,-1.172416329,0.224049897
0.925596356,-0.135227472,-0.156750951
-1.420101643,-0.402810216,0.660510116
-1.291723847,-0.256695509,0.181178194
-0.363864452,-0.497851551,0.171680062
-0.418323874,1.652235389,0.024082081
0.899878383,0.344456017,-0.860145769
0.935468316,-1.385778666,-0.499488844
0.412315786,0.586073875,-0.622296037
0.328013241,-0.308842361,-0.281639894
0.872694135,-1.138340354,-0.424867183
-0.301765144,0.266019702,0.05887944
0.398255348,0.242531911,0.669214218
0.247932047,1.063602567,-0.112931348
1.033840418,0.163646832,0.44831898
1.396533012,-0.992393136,-0.420403062
-1.316293716,-0.814229429,0.113214166
-0.215036124,-0.743916333,0.000339615
-2.95909214,0.171088576,-0.493592049
-0.142559066,-1.813058376,-0.685715164
0.065450579,-1.165421009,-0.481155385
1.139445782,0.612297535,-0.170684292
-1.624899983,-0.093475923,0.425493812
-0.400200427,-1.344590306,-0.60242965
0.80358839,0.796681643,-0.936943753
0.812808275,-1.156389952,-0.002100482
1.075888753,1.192947149,-0.01252702
-0.182178319,-0.513579965,0.819079619
-0.374823213,0.367766917,0.713576048
-1.191006422,1.026506186,-0.907500654
0.05712726,-0.464196444,0.804868495
0.532485247,1.223783731,-0.493864727
-1.544727802,0.15053688,-0.322762606
1.136993885,0.389448106,0.531572388
-0.549359918,1.70537591,0.653962634
0.060519993,-0.312701732,0.334820712
1.506761551,-0.093254231,-0.1444689
-0.266944915,1.245392919,-0.918796025
0.495569885,0.452581584,0.939727554
0.384995997,-0.36698699,0.151694864
0.677769005,-1.114900708,0.558091576
0.257096857,0.529049098,0.086445687
1.696301699,0.10446801,-0.454325713
-0.565956593,0.082299918,-0.941313583
-2.207084894,-0.814182222,-0.573405904
-0.253052145,0.189797521,-0.218499763
2.648327827,1.338930368,0.613397584
-0.95944947,-1.2526443,-0.511381047
-0.491677821,-0.830987453,-0.97106969
-0.691369355,2.332698345,-0.565407799
2.178561211,2.934717655,-0.484875487
1.371646285,-0.944268346,0.090977599
-1.879740715,0.095634364,0.140487
1.897859573,-0.550784945,0.446620035
2.057919025,0.295604527,0.406390327
0.438794255,0.121693432,0.918442976
-1.11110425,0.313748181,-0.719328683
-1.052184224,-1.177712679,-0.479615754
-0.760705352,-0.159607574,-0.685961793
1.474818826,-0.527018666,-0.606688133
-0.034147739,-0.804371297,-0.641184016
-2.048093796,-0.837540686,-0.371028995
-0.794024348,-0.041222237,0.771454363
-1.724182844,-0.987083554,-0.07347908
0.567345738,0.841444492,0.922078971
-1.178753853,0.221317023,-0.086658635
-0.868375242,-0.401251674,0.343473827
-0.713685274,0.172675967,0.887056521
0.214248836,1.402457952,-0.436872673
-1.484403372,0.256840795,-0.126294444
-2.581150532,-1.272356987,0.284189166
-0.77220428,-0.208270192,-0.599579286
-1.658319473,-1.441263914,-0.228172623
1.193307757,0.757000089,0.619753118
0.395600021,-0.152807444,-0.386021447
-1.155278802,1.054270983,-0.344669391
0.416750371,0.757070065,0.043831878
0.03617499,1.492671967,0.293738406
-0.613022447,-1.112532973,-0.758952075
0.19497034,-0.40944609,-0.040891551
1.016197085,0.192667395,-0.889320661
0.137460887,0.280264199,-0.654157234
-0.106794313,-1.213781834,0.587378036
0.193909317,0.158734456,0.621204913
-1.142562389,-1.503337383,-0.131853604
0.276696861,0.581065476,-0.511261502
-2.044039965,-0.576685071,-0.884373815
1.508614421,2.352407217,-0.586518118
1.577380776,1.358864427,0.476567446
-0.449106812,-0.922156632,0.561684451
-0.957304716,-0.292831153,0.614498275
-0.796380162,-2.094108582,-0.472337187
-0.927957177,0.466429263,-0.86298704
0.683040738,-0.639530778,-0.240695708
-1.901809096,-0.870613396,-0.803475768
1.518793106,-0.428095788,0.53971851
-0.571032524,2.30057025,-0.630906989
-0.39854005,0.157372415,-0.907694798
-0.999254107,-1.480455637,-0.113580019
0.090414256,1.367525458,0.278612271
-1.736365557,0.275302202,0.063695799
0.386621863,-0.136572659,-0.590508539
-0.065097235,-0.318218827,0.360891378
-1.052437186,-0.798538029,-0.21130153
-0.230775625,-0.443441242,-0.453633683
2.66206646,1.060916781,0.02044093
-2.609766245,-1.049908876,-0.114170055
-0.47776714,1.581770658,-0.539122066
-1.404442549,1.302704334,0.36683668
0.265459657,-0.643099666,0.803396938
0.672018528,-1.308877707,-0.042345059
0.774984241,-0.807802916,-0.950825445
-0.05349084,0.229233488,-0.265939711
1.382599354,0.161941573,-0.064906239
-0.468319565,0.279620886,-0.657120268
0.254325628,2.53053093,0.900123641
0.322145253,0.148556978,-0.485032238
-1.375692487,0.656077027,0.472479488
0.151354834,1.472295284,-0.419859357
0.934500337,2.106192112,-0.341108895
1.979185104,-0.964886129,-0.832282
0.092898436,0.91485548,0.028516065
-0.93833971,1.12686038,0.01192225
1.674281359,0.965318978,0.869110739
-2.601153374,-1.13706255,0.484671365
-0.65323776,-1.053058505,-0.358302989
0.670200765,-0.817493975,-0.245288433
0.687321186,0.69354862,0.302842461
1.630547762,-0.256058604,0.874141653
-1.015051484,0.657358408,0.946819858
0.989474595,2.661133766,0.416882263
0.671084762,-0.897895813,0.410191209
0.852833807,1.796345472,-0.5970168
-2.340040684,0.078158483,-0.811653225
0.177110463,-0.684772074,0.983881087
0.596422255,0.951223493,-0.895949884
1.133720398,1.052159071,-0.489795448
0.414245844,-1.326837778,-0.523238787
1.994469881,-0.334218204,-0.578510959
-1.837694287,0.453303844,-0.342084706
0.919935465,0.559477091,0.642430573
0.32878381,-0.033551805,-0.729066506
-1.4421134,-0.927847624,0.220024206
-1.878442764,-1.713788152,-0.69215146
-0.859162211,-0.204820946,-0.709253704
0.816800773,1.782590151,0.93286553
0.054411236,-0.605573177,-0.317959272
-1.329437613,-2.09250927,0.00518865
2.107397795,0.137682408,0.685225583
-2.300926685,-2.038437366,0.407283553
1.132556558,0.661530137,0.187788951
-0.371163487,0.634176195,0.528132763
-0.483570457,-0.539465606,-0.19712347
0.62271893,-1.017016649,0.501400035
-1.872160792,-0.907338142,0.503911441
0.078538686,-0.966251612,0.227380196
0.494746357,-0.66821301,0.803134305
-0.777010858,-0.061919179,0.386094568
1.394582033,0.279167414,0.40122091
-0.807489038,-1.624859452,0.85690771
0.08319442,-0.043032438,0.697245158
-0.124869257,-0.117360294,0.739948422
0.56244272,-0.728379011,-0.660545532
0.814503312,-0.582659662,-0.147236053
-1.088450313,0.346797764,-0.70022334
0.21536392,0.313901186,-0.881008053
-1.844953179,1.613963127,-0.199305284
-1.425883055,0.467812032,0.356261254
-0.043815382,1.756922603,0.886059046
0.431433141,0.994165361,0.072895578
-0.392198563,-0.754649699,-0.827723335
-0.729989827,-2.088696003,-0.423445767
-0.516871631,-0.917058468,0.536751683
0.653073549,0.101419747,-0.97874625
0.637782514,-0.577462077,-0.779468727
-1.456496596,0.314137012,-0.550099971
1.163291216,-0.245910123,0.003892841
-0.075205728,-1.378477931,-0.814499822
0.211958155,-0.832279801,-0.847452912
0.021964379,-0.681626081,-0.678397255
-0.43357718,0.113216713,0.303759891
3.553896666,1.284120798,-0.133687651
-0.054513704,-0.308331966,0.847887221
-0.72447753,-0.521228135,0.513997894
-0.515348256,-0.125335947,0.241471447
-0.295307636,1.505561709,0.91057239
-1.069889069,-0.515547454,0.671922204
1.058848977,1.167803526,-0.552208313
-0.042862814,0.572542787,0.868333891
-0.621852875,0.483085215,0.888481266
1.362399936,-1.117268085,-0.97224554
0.899272084,-2.309495449,0.806749144
0.068861127,-1.937648177,-0.15744434
2.221555233,-1.271573901,0.617070557
0.477024823,-0.696028352,-0.000703323
-0.514820457,-0.473503381,-0.860249811
1.432577133,-1.188552022,-0.826657434
0.60140872,1.198244929,0.079261229
0.142641246,1.097046494,0.87739111
0.085034899,-0.219986483,-0.416197951
-2.594706535,-2.678935766,0.312307766
-2.391599655,-3.56127739,0.823526793
-0.952260792,-0.110753275,-0.64083202
-0.854390502,0.454222858,0.821600627
2.398918629,1.509995341,0.922980696
2.02608633,0.303792,0.365250168
1.160799265,-0.597211659,-0.057015062
0.613033652,-0.241511375,0.5731901
-0.255093485,2.793779373,0.709012373
-2.866949081,-1.167546272,0.172040021
0.221866697,1.110446215,-0.191253739
0.702139318,-0.263463169,-0.597762932
-0.598675311,-0.992746651,0.116620112
1.211428523,-0.494939595,0.684222849
-0.059231084,0.754038453,-0.405030584
-0.417899162,0.891563177,-0.657199287
1.453173876,1.094590664,-0.167003899
0.519826949,0.58897835,0.44647737
0.719374478,0.367411762,0.045959908
-0.599246383,2.393540859,-0.201954799
-1.132087231,-2.154227972,0.320929519
0.677045465,-1.047128677,-0.643519487
-2.394046545,-0.284950823,-0.769945774
0.898469329,-0.622557998,-0.205070619
0.51185286,-1.128646493,-0.082121611
-0.18371439,2.268314123,0.130456555
0.037544109,-0.715530574,0.470561258
1.272855997,-0.390977383,-0.768354099
-0.807386518,-1.408544064,-0.03775838
1.426083446,0.926793575,0.978453352
-0.076630995,-0.26337415,-0.694544896
0.689581394,0.51649648,-0.336010396
-1.463983178,-0.242775023,-0.314877129
0.573901117,1.993125916,0.90811537
-0.141029775,-0.181340337,-0.129488952
-1.985569835,-1.25464344,0.419853328
-0.678922176,-2.887390852,-0.899738666
0.346769452,-1.477139711,-0.76143882
0.136062443,1.854922056,0.770446676
0.675348282,-0.699629307,0.678940262
-1.630670786,-0.375702411,-0.387264692
0.15909034,-1.011602759,0.179757813
-0.390269458,-0.615019381,0.056379352
1.881384611,0.080378748,-0.367025597
-1.055570841,-1.114476442,0.665104813
-0.647187471,0.621005118,-0.398721471
0.865366578,-0.783015728,0.3369011
-0.447926104,0.419463038,0.698003739
0.228920907,2.104438782,0.062558681
0.848422647,2.251344681,0.987327654
-0.256965309,-0.41336298,0.237682773
-0.479501784,-3.30257225,-0.831304818
-0.348631889,1.521437883,-0.095177513
0.266102135,0.470217049,0.716928189
-0.047516305,-0.442818046,0.535303893
-0.492090702,-0.280319899,0.866800869
1.401693583,1.748336315,-0.890775682
0.746608257,1.273555875,0.052051854
-0.178638011,-0.914778113,0.196518796
0.920232594,1.390561342,-0.224727781
-1.081109762,-0.017214254,0.420254496
-2.273332119,-0.531759322,-0.532947012
0.932736456,0.566004157,0.451317708
-0.105886027,0.773445427,-0.956509299
-1.479341507,2.262616158,-0.893719972
0.886742711,1.496596813,-0.878839283
-0.814717293,1.218195677,-0.730215279
-0.411904573,0.917542577,-0.796146106
-0.992376864,-0.824834347,0.79293135
1.493696451,0.084385149,-0.034461509
0.618470252,-0.726386726,0.778899783
2.408424616,0.809514165,-0.779459887
0.684473515,1.345793843,0.564565997
0.88847816,-0.986446142,-0.945527076
0.416222692,-1.076545477,0.032549963
-1.176717401,0.710724056,-0.976705508
-1.076527357,-0.92652148,0.881449352
-0.010948673,0.390302867,0.55815891
-1.100248456,1.179717302,-0.119445894
1.085621595,2.004625082,0.362890909
-1.193832397,0.391247481,0.191677794
0.946602225,2.044289112,0.0024951
-3.040696621,-1.102052569,-0.770093224
-0.587793827,0.109102659,-0.099257206
-0.081919223,-0.204295218,-0.05105123
0.039534397,0.753636718,-0.893002753
-1.260697842,0.744254529,-0.285483461
0.99287194,0.2905339,0.715720397
-0.323032796,-1.265405536,-0.820000105
-1.487081766,-0.923311293,-0.200981904
-0.965818763,-0.835428119,-0.286093036
-0.293084502,0.164414436,-0.302474154
1.9673599,-0.431507945,0.335615315
-1.030356288,-1.12880218,0.25308454
-1.592369795,-3.214848995,0.841913108
-0.684833884,0.083551332,-0.613747285
0.11463286,0.226397067,0.870791195
0.468174011,-0.000184909,-0.080601538
0.971670032,0.634916246,0.461073197
0.226417542,4.592811584,-0.439065371
-3.265289307,-1.600031376,-0.956984422
-0.424496055,1.407067537,0.251708431
0.873574376,0.974096835,-0.038936205
1.496804237,1.110265255,0.06519236
0.535423517,0.419569254,0.341066547
-1.896748543,1.587027788,-0.012053834
-0.228918195,-2.966690302,0.941188916
0.549060225,0.872552276,-0.018647349
-0.618635833,-1.086639404,-0.340382127
0.33773756,-0.336103559,0.228962614
0.381320983,-0.064264975,-0.717921642
-0.143464088,0.546310484,0.948993492
-0.067387462,0.4008331,-0.218687426
0.287040293,-0.049131542,0.906059655
0.499357343,-0.329657793,-0.53820859
2.181657553,-0.531017542,-0.257264174
0.345229864,-0.85587728,-0.010233812
-0.088325053,1.816465497,-0.074643041
1.73284936,1.401397824,0.557734613
2.865338087,1.169889927,-0.965922197
-0.802131772,-1.157082319,-0.152306381
1.299533129,-1.61649847,0.40168574
0.855512977,-0.731331885,-0.199760773
2.313044548,2.158880711,0.270930708
0.349253595,0.900559306,0.876716323
-0.727452517,-0.630119503,-0.440447068
-0.308856487,-0.398233831,0.96349614
-0.584129572,0.901882887,-0.019952318
0.350283176,1.95759654,-0.15855922
-1.216303229,-0.895543456,-0.168483595
-0.348560154,-0.385522187,0.807064529
1.22373724,0.046161398,0.772134685
-0.264847219,1.486242175,-0.458977788
0.461873174,1.35819459,0.086346332
-1.920746326,0.201563448,0.82076285
1.302207828,0.187786758,0.457437006
1.8836869,0.295424342,-0.089908697
0.988281846,0.257579654,-0.34932847
0.935801327,0.005259141,0.236885749
1.105493069,0.009718796,0.575885767
-0.832901955,-1.726238251,-0.146098807
0.721711278,1.796846867,0.095745436
0.900957108,0.605703354,-0.796878304
0.891315818,0.236896843,-0.068249107
-0.320135415,0.127011225,-0.065349158
-0.036535021,-0.491917193,0.854285009
-1.483103991,-1.887791514,-0.921374646
1.725185633,0.87640208,0.281941836
0.293923378,0.069060117,-0.878579461
-0.604711413,-1.165204763,0.383430233
-0.293381214,-1.994965076,-0.205723671
1.53985858,-0.505313635,-0.305549576
0.132137194,-0.330947131,-0.790036974
0.559701025,1.083400607,-0.415827908
-1.091619611,-0.232205808,-0.104734413
1.477837324,2.340895176,0.726280339
-1.293260694,0.373292446,0.622562622
-0.254926592,-1.24956274,-0.675923241
-0.729797959,0.38735345,-0.90806491
0.647835016,-0.587448239,-0.261680906
0.331504822,-0.24756223,0.160021864
-1.18368125,1.036576509,-0.706096295
-0.68653357,-1.164207697,0.32774389
-2.923732996,-0.660818815,0.047585076
-0.212464988,-1.646139026,0.859473062
0.897040665,-0.330917895,0.995760436
-2.622459173,-2.226886749,-0.528404445
-0.218696386,-1.039891601,0.344245978
0.459815323,-0.53836596,0.18663054
0.849633873,1.155511737,0.138583148
-1.319967747,-0.647034466,-0.308400668
1.139845014,1.205391169,0.306070788
-0.397645056,-0.12561056,-0.027829653
0.229682937,-0.374283493,0.557243585
2.134198189,2.516532898,-0.029592976
-0.811938047,-0.643874109,-0.959145369
1.715635777,-1.044655204,-0.550898219
-0.646430373,-1.622846365,0.095126138
0.081644058,-0.126174018,0.809140708
2.155518532,1.382606268,0.224092478
-1.160614967,-1.910763502,0.125274133
1.926601171,-1.790335059,0.144969398
0.706737995,-0.901212573,-0.841203233
0.260993123,0.621993721,0.302115833
1.457804441,1.434928417,-0.548681152
-0.560535431,-1.399314523,-0.508763848
-0.523821473,-1.512938857,0.346272302
-0.957689881,0.218949437,-0.402378658
0.25262475,-1.694591165,-0.411120033
3.329406738,-0.814134061,0.378486408
-0.735026002,-1.752685905,-0.088157752
-1.110472202,-1.361988902,-0.301519665
0.811836183,-0.009933136,-0.883278327
-0.116377175,-0.846195281,-0.838737229
1.433028698,-1.054098129,-0.289985761
-0.888697743,-0.681458056,0.971803778
1.637759686,2.639904976,0.156606012
-0.524370432,-1.081904292,-0.779791065
-0.256675065,0.528791606,-0.309771341
2.030768156,0.631541193,-0.487820685
-1.318277121,-0.464008898,-0.715565366
0.99861294,2.698379517,-0.254594951
0.401407838,0.011699531,-0.723250608
0.695290804,0.732523084,0.663375402
2.083721638,0.483249545,-0.001550403
1.269210815,0.991485,0.947378522
0.039628364,0.073902749,-0.558254745
0.072358094,-0.764001429,-0.379257381
0.667141557,0.387617171,0.575172812
-0.799282432,-0.970565796,-0.206046381
-1.761193514,-2.12991643,0.37837486
0.704861581,-0.230680138,0.534423418
0.421778411,0.238482386,0.598041482
0.532144368,-0.639059901,0.299343126
0.839751065,2.634778976,0.404569726
1.571233988,1.206676722,0.408464762
-0.957886934,-1.171145797,-0.673639184
1.392007828,0.783717155,0.812125223
0.122738138,-0.558471978,-0.438100281
0.555037856,-0.349805832,-0.481511997
-0.158918887,-0.179261401,0.868182077
1.555593371,1.627262473,-0.917427748
1.184128523,-0.450908303,-0.274290686
1.428649426,0.807043195,-0.316051587
-0.365191221,1.004944801,-0.295874723
0.439507872,1.954052448,-0.054113222
-1.489513516,-0.115532458,0.816499631
1.634037495,0.712917864,0.379143884
-1.281728268,0.404618412,-0.014004891
-1.425429106,-0.053473331,-0.059570475
0.569299221,-0.60122931,0.998309584
-0.623595238,-0.115245193,0.715906238
0.025459576,-0.138611361,0.330626904
-0.539661765,0.746953487,-0.449716295
-0.015315171,0.575116992,0.765827934
-2.111330032,-0.962067068,-0.454452951
-0.683681905,0.144318789,0.988908909
-0.59189719,-0.308572501,0.630389066
-0.290674597,1.253721833,-0.89906502
1.287978411,-0.061332505,-0.01775456
-0.71487534,-0.71319741,-0.014950387
-0.170304105,-0.430367827,-0.908293369
-0.551000953,1.415455103,0.646899047
0.486967504,2.161574841,-0.228506195
-0.592163265,0.039780837,0.891992732
-0.304442227,1.837861061,0.209185178
0.409140199,-0.388971835,0.194977966
-0.645814776,-1.503386736,-0.640334298
-0.345394075,1.498620033,0.026847236
-1.024050951,-0.37331599,0.775074686
-0.055564694,-0.074077874,-0.998109837
-1.334978342,0.165096849,-0.203721082
2.293004513,-0.141738325,0.605373699
-0.911412299,-0.786617815,-0.304950638
1.301651478,-0.234791934,0.784308695
-0.57613039,-0.746805072,0.296559861
2.126114845,-0.879657149,-0.02150117
2.116504669,-1.160344124,-0.518651519
-0.935225248,0.287058532,-0.843313212
0.655337453,2.331577063,0.003705384
0.033838082,0.517210364,0.654190995
-2.4915061,-1.183884382,-0.743522354
1.235649824,0.41247195,-0.50741696
-0.60180068,2.613515377,-0.043691884
-1.382420778,-1.991979599,-0.693694625
0.560805082,-0.893909931,0.084734228
-0.690259814,-0.905101418,-0.54439381
-2.70107913,-0.164518952,0.172480383
1.733338833,-0.397520006,0.229191459
-0.326211989,-2.686138391,-0.675330883
-1.238239288,1.443428755,-0.918340127
-0.780020535,0.096913159,-0.984491156
-0.867135286,0.820530117,-0.776990767
1.034405708,2.427990198,-0.865604582
-0.861916542,-2.538866282,0.999774306
0.344622493,0.382102609,-0.110854519
1.722688198,-1.45696795,0.707390952
-1.727621555,-0.778244495,-0.66751874
0.216588199,-1.658496141,0.057641677
-0.707791626,-0.091615744,0.375780579
-0.29606384,1.375973701,0.443868845
-0.338102102,-0.901122868,-0.35209412
0.579287648,0.877243996,0.288951114
0.854051828,0.737280965,-0.842168039
1.604868412,-1.239742041,0.735318406
-1.880141973,1.671917558,0.167469101
1.500879765,0.591195583,-0.210063615
-0.849493146,0.284812748,0.771957091
0.70935303,0.082493693,0.973246784
-0.507481456,-1.331312895,-0.101438216
1.139078617,1.435169697,0.645905736
-0.291311026,-1.314049721,-0.368259184
-0.129104212,-1.293137789,-0.552115037
0.493084818,-0.358065993,-0.593411854
0.5205248,2.360161781,-0.677004644
0.935706377,-0.609639525,0.070210392
-0.038450398,-0.384766281,-0.098540167
-0.584959865,0.544835508,0.624963231
-0.606773734,-0.079604104,-0.452252757
2.321037769,0.696944237,0.229245971
0.255868733,0.374365598,0.420637422
-0.908175766,0.185062721,0.814847391
1.748130202,0.456204951,0.040123638
-1.118848562,-1.839865923,-0.236606697
-1.306264043,-0.277514577,0.318812226
-0.307849705,-0.098726869,0.827352294
-2.225352287,-1.300741792,-0.356491928
2.631453037,3.050436258,0.389453977
0.065437488,1.463483572,0.59844521
1.451394677,3.397049904,-0.921627588
-0.089293867,-1.895121217,0.410109425
0.094589166,0.524870574,0.921570134
-0.572305202,0.276159644,0.393032362
1.123039126,1.093502641,0.411862358
-1.557650566,-1.958257556,-0.334574811
-1.585533381,-0.108833574,0.458840528
0.6708709,0.238549083,0.272485382
-1.557944775,-0.271379381,-0.776583042
0.527999938,-0.000738829,0.134210124
1.294782519,0.183963433,-0.349901649
-0.084979907,-0.338827878,0.875533569
-0.748001039,2.812722206,-0.389482442
-0.510257244,-2.459329605,0.820459771
1.015205503,-0.482193261,-0.42949933
-1.340909481,1.695896864,-0.840233281
-0.271203727,-1.266233444,0.488700417
-0.890431345,-1.026183724,-0.3483654
-0.680022776,1.823308229,0.958295913
-0.464870721,1.221392989,0.087727182
0.078418486,0.322832465,0.13490627
-0.089211851,-2.472792387,-0.195692936
1.298392892,-0.436911881,-0.329423627
0.77730763,1.307559371,-0.611924076
1.223747849,0.027501684,0.124297379
0.772199869,-0.2182298,-0.734471885
-0.605344296,-0.593921065,0.546977446
1.439449549,0.927502334,-0.080134853
-0.162821129,-0.611524463,0.642107371
0.402421832,-2.267748594,0.583100874
0.441130489,1.993828416,-0.178799429
0.562707365,0.435664475,-0.103566721
-0.995160341,0.018153675,-0.446502454
-2.448966026,0.708592296,0.807075344
-1.975716591,-0.532818198,-0.75650161
-2.913624287,-1.995610952,-0.273029548
-1.744842768,-0.873063326,0.760753784
0.178706929,-1.871883512,-0.00555836
-0.146776557,0.934554517,0.841569491
0.116857916,1.359972715,0.084775948
0.093238354,-0.195598841,0.092023501
-2.411821365,-0.26944837,0.596094201
-0.572415352,1.579319835,0.969276907
-0.761330366,0.312990665,0.856189771
0.631201625,0.264185131,-0.947755818
-1.903204203,-2.43682766,-0.149822101
1.082213402,0.715580821,-0.552769872
-0.045687895,-0.435261965,-0.813883887
-1.172486305,0.333931565,0.701434534
-0.122183122,0.32052201,-0.313739968
0.664365649,0.412805289,-0.85950309
-0.196398154,-0.168467134,0.1505121
-1.435179591,-1.036258221,0.582758465
0.653338253,2.247565269,-0.722176051
-0.669150829,2.236709595,0.155257956
1.918239832,0.791719794,-0.728622832
-0.111832507,-1.652387023,0.272140487
-2.585477114,1.397339463,0.448175015
-0.637625694,-2.960653305,-0.711484223
-0.278524309,-1.481395006,0.449136485
0.646152198,0.553063154,0.885878639
0.164680839,2.120297909,-0.176605805
-0.023779377,-0.716602266,-0.72467875
0.517789364,0.403723955,-0.689000465
0.652906954,-0.853563309,0.492523719
0.52260232,-1.704510927,0.194486881
0.714098036,-0.099855527,-0.197766275
-1.790085912,1.462691069,0.740382538
0.993532777,0.822476149,-0.850132236
0.118614368,0.479479462,0.929886012
2.308380127,0.417316943,0.131477667
-0.388219565,-1.605840445,0.17328434
-0.647590637,-0.126128033,0.146971729
1.199697971,0.682310164,0.210824789
-0.347961247,-1.873959899,0.129548526
-1.95468545,-1.133975744,0.684847371
1.117498159,1.666094542,-0.429714945
1.200780153,1.487313986,-0.292176579
-1.100638866,-0.008686424,0.306438688
-0.538396478,1.217830896,0.089296797
-0.092904009,0.771573663,-0.665678407
0.833835721,-0.467179537,0.163096489
-2.024521351,-0.354889572,-0.531152382
1.388344646,-1.284454107,0.480374571
-0.412767112,-0.369072765,0.058195831
1.102707386,-0.393938363,-0.141271365
-1.723324537,-0.866269886,-0.833591413
1.835124373,0.524545074,0.902605217
-1.164643764,1.061908484,-0.649495356
-0.823544621,-0.974663854,0.678065519
-2.826262951,-4.319372177,0.033207721
-0.004830226,0.542880595,-0.29006343
0.226973608,0.434780508,-0.472150255
1.837735891,0.938332319,-0.960780836
0.537466884,-0.809801698,0.444429231
0.419772416,1.934407473,-0.768692458
0.224631429,0.735839307,-0.058967846
-1.385485888,-0.432900816,0.577584832
-0.016661581,1.12319839,0.702770462
0.629728556,-0.083986238,0.094251297
0.117286935,1.53897953,0.605291961
2.26066494,0.716179788,0.039853606
0.930121541,0.054156259,0.23461858
0.374011397,-0.86883527,0.703956758
-0.03436473,-2.844946384,-0.040611213
-1.052056074,-1.044544935,0.28151891
-0.370462954,0.656791151,-0.668036043
2.20023489,2.559148788,0.098080443
-1.691172004,1.817729235,0.289624587
1.916592836,3.202543497,-0.379089406
-0.782550216,1.742113829,0.744463838
-0.032155409,-1.552812576,-0.548101419
0.588227749,1.469234943,0.483726472
0.729754925,-1.245303154,0.346816304
1.553207397,-0.166482598,0.620937114
-0.840057015,-0.289446056,-0.226973428
-0.030542273,0.610851526,0.930057928
0.590030491,-0.355603546,-0.536839581
0.912119865,0.381814629,0.470676261
-1.949787021,-1.708147168,-0.120783322
-3.162075281,-1.609515905,-0.190334981
0.71093595,0.755627155,-0.897229753
-0.750402331,0.845059395,-0.65244877
0.265977114,-0.323224425,-0.226121737
2.690383911,1.148623228,-0.591318263
1.979493856,0.595685959,0.47050244
0.854295313,0.490574628,-0.22553271
-2.16518116,-1.039939404,0.522388553
-0.831695795,-0.155167863,-0.429475295
-2.816193342,-2.992100716,0.157729672
-1.162606835,0.724788189,-0.047705993
0.071031146,0.396388471,-0.706912221
0.619110048,0.681169868,-0.786236817
0.021824744,-0.118731052,0.238643766
1.741967916,-1.601216555,0.082107815
1.148902893,-1.624072194,-0.479395109
0.151684746,-0.964336514,-0.742889441
-1.18198669,2.863882542,0.2073538
-0.629525304,-0.808762193,0.340839136
0.913056493,0.454660296,-0.108229101
0.299461246,1.167307854,0.704899218
1.117356777,0.561680853,0.860557783
0.499320954,-1.053822994,0.854685207
1.209836483,-0.918342829,-0.132274083
-1.013012886,0.768800974,0.734679163
-0.764987171,0.317944139,-0.313339199
-0.774288177,2.172655344,0.878155324
-0.39312461,-0.633235693,0.218125809
-0.526338458,-0.980985701,-0.84325234
2.663051605,0.110429615,-0.501531346
-2.821321249,0.87716037,-0.295963589
0.391764134,-2.044850826,0.243386643
1.275609493,1.022072911,0.174067633
-0.218518808,-3.174697876,-0.197185262
-0.996610641,-1.725741863,-0.439215379
-1.708357811,-0.276721895,0.532042208
-0.80717659,-1.21632719,-0.5745376
0.343003184,-0.029868864,0.493957117
0.32104528,0.159871608,0.688731559
1.235701561,-1.168053865,0.622480703
1.002882957,0.841780484,0.338684442
0.281126678,0.452836812,0.69860017
-0.946139455,0.74628973,0.452096085
1.189177275,-0.807781577,-0.162061139
-0.899283648,-1.993301868,0.080790669
1.185026884,-0.943992734,0.946515955
1.220136404,-0.447630227,0.941392831
2.712326765,1.757117033,-0.449939627
-0.893253803,1.024948597,0.224066607
-1.111795425,0.257611841,-0.373098265
0.385083586,-0.874787211,0.975905358
-0.266696393,0.034509957,-0.464888877
-0.263669252,-0.547983944,0.463915804
-2.614764929,0.53769058,0.375990935
0.108717382,-0.334905267,-0.68482817
0.934502065,1.427259088,-0.931728404
-0.524437666,2.123157501,-0.807277664
-0.154691547,2.575182199,0.739875165
0.174482733,1.353429317,0.253481448
1.251784801,0.874556243,-0.579307892
0.486060888,-1.497352839,-0.209859367
0.310397327,-0.816179335,-0.634673788
0.482906729,0.910749733,-0.553311702
0.343606502,0.04928185,-0.460110756
0.011622742,-3.887003422,-0.181242447
0.201567814,-1.162114143,-0.460339713
1.260969639,0.642953634,-0.649674749
-1.410216331,-1.946801782,0.425245941
0.741984963,0.199319199,-0.90730289
-0.849711657,1.663704753,-0.336828854
-1.255616188,0.840004683,-0.665699354
1.338032722,0.481386065,-0.090203777
-0.321649432,-1.752134562,-0.143836818
0.72593987,0.084076837,-0.512257752
-0.018127132,-1.207680941,-0.849979494
-1.11254096,-0.167567939,0.71952947
0.207879439,-0.93991822,-0.726838946
-0.547464252,-1.156665564,0.416829855
1.020652413,0.083440199,-0.725586147
2.523324251,-1.76146102,0.793320743
0.415367484,-1.265059352,0.731487457
1.104810596,1.318715334,0.301386601
0.56262207,-2.355824947,-0.236984945
-0.618043661,0.106357872,0.047096013
-1.399416685,-0.01523684,-0.714688679
0.059571639,0.20355916,0.150815852
0.115137786,-0.261992276,-0.388768068
-0.729092002,0.572060227,0.301925439
0.63507545,0.213592738,-0.104047805
-1.65109551,0.22454752,-0.296254902
0.301310301,-0.766454101,0.095167412
0.218900412,-0.237567052,-0.290395324
-1.267910123,-0.355279863,0.158823862
-1.088439226,-1.861255884,-0.118642195
-1.657208085,-1.110653043,-0.915713639
-1.976886988,-0.442334652,0.427659846
0.215022683,-1.060613871,-0.824933635
-0.382859915,-0.082271077,-0.289178588
-2.256993771,2.260755062,0.865393968
-1.171376944,1.551658273,0.972325463
-1.102950811,-0.135919586,-0.070461248
-1.982689142,-0.334996164,0.777141484
0.073888734,-1.089643002,-0.591503529
1.458645344,-1.018869042,0.047682443
-0.891473949,-1.658489227,0.644240636
-0.378845751,-0.912980139,-0.439142481
0.090133667,-0.989963412,-0.486375807
0.118681602,0.845711708,0.953379565
1.387923956,-0.882014394,-0.729649787
-0.173606634,-1.782908559,0.082563934
1.464820504,-0.752986193,-0.971479912
-1.844192743,0.631832421,-0.011757412
0.682307601,-0.924539506,0.535050961
1.161068797,-0.41787672,0.303060962
0.685165703,0.806501031,0.933292454
2.376927376,1.755179286,0.294707425
1.099281669,-0.484787703,-0.811120271
-0.162103772,0.991096854,0.405813553
-1.506332517,-1.931364059,0.38343722
0.437995017,0.177057013,-0.330777015
-1.333942652,-1.898615956,-0.369787223
1.038176298,-1.388603926,0.334217489
-0.559532046,0.77152288,-0.772541892
-1.681932569,-0.052008666,0.891358305
-1.00044775,0.249763519,-0.256013065
-0.841694713,-0.661520362,0.810229503
1.142630696,0.865016282,0.95901573
-0.400693238,1.343668938,0.491214479
1.853460312,1.171374083,-0.457699899
0.57651633,0.303606957,0.177124905
0.829764664,-0.055991597,0.548790828
1.325522184,1.138560653,0.432293262
-1.38534987,1.505027533,-0.816898896
-0.154378891,0.611434937,-0.530545207
1.070551157,1.942026854,-0.467917687
-1.220903277,0.34572497,0.367300498
-0.633650362,-0.747632205,0.047927612
0.055169486,-0.403092593,-0.459345197
1.324142337,2.306325197,-0.975298318
-0.3203125,0.021792263,0.275074507
0.368392289,-2.631369114,-0.556096855
1.594301462,-1.0156039,0.41883451
2.938593149,1.27924931,0.822061897
-0.219191849,-1.137331605,0.550673804
-1.979882956,-1.949872017,0.44403394
-1.822285414,-1.376178026,-0.318874357
0.976250112,1.636653781,-0.232859031
0.108490959,0.400164723,-0.340562759
2.550406933,0.474255741,0.70773242
-2.486100197,-1.036346197,-0.293593574
1.838262439,0.19878453,-0.897286407
0.937972903,1.03378582,-0.406535419
-1.145694256,0.669065893,-0.719892572
0.409168005,0.120516829,-0.327319801
-0.613880515,0.102626994,-0.167742284
0.669875383,0.640133977,0.361985084
-2.804563284,0.333960652,0.193399781
-2.353454113,-2.032279015,-0.007830282
1.190185428,-0.636898577,-0.640514264
-2.044826031,-2.560632229,0.700289232
-0.825848579,0.14636381,-0.528819716
-1.913510919,-0.478864193,-0.955179006
1.749173403,0.389318675,-0.086799269
0.969103396,1.375914812,-0.907043319
-1.483534098,0.260825723,0.861364485
-0.015247907,0.477095872,-0.989599867
-0.670826554,-1.015995979,0.829175247
0.014965236,-1.828966141,0.421925292
-1.366708636,-0.129533023,0.928472595
0.341825783,-0.40532434,0.821650252
0.534792125,0.664575934,0.293367203
0.332368135,0.128620431,0.617507631
0.559159517,-0.338827491,0.068051896
0.128255889,-0.594359994,0.657648059
-1.468137026,-1.486143947,0.291069793
-1.481582642,2.227413416,-0.294426236
0.134585097,0.107327059,0.984080075
0.31425488,1.97550106,0.578957414
-0.018502116,0.291486382,0.1825642
-1.443024158,-1.978895187,0.642732134
-0.721919298,0.687910795,-0.492355094
-0.141366675,-0.061853968,0.69767259
-0.78748554,0.017199911,0.786581427
-0.798837543,-1.32485497,-0.267067243
0.820925415,0.754699051,0.306150798
0.344812572,0.283421516,0.221093434
-1.067749143,-0.38056922,0.655560947
0.426391453,-1.078726292,0.506895125
-0.023572922,-0.28761968,0.005552621
1.057201147,1.263162613,0.401706015
0.953548133,-1.552060366,0.422206183
0.29623124,0.91972357,-0.575077579
0.891126752,-0.200352907,0.618882899
-0.027075604,-0.212201655,-0.297326333
0.276960999,1.08379674,0.258160734
0.692858815,1.901487947,0.683678731
-0.821154833,-0.014423013,-0.310149569
-0.422138959,0.948802233,-0.8982541
0.06461291,-0.882877111,0.5584859
0.45561564,-0.518197775,0.574706536
-0.871508121,-0.745019674,-0.25657354
0.311425716,0.803022265,-0.677646244
0.02418606,-0.208358735,0.340419915
1.180816054,0.140500575,0.147752214
-1.031984448,0.677983463,-0.09028325
0.851964951,0.035051428,0.755993815
-0.782900751,-0.362756371,-0.629480269
0.786659241,-0.112522051,0.308586532
0.03664301,1.142572641,-0.509173408
0.021663196,-1.216814399,0.085308978
-0.287468255,0.436009586,-0.044771403
0.517518938,0.413361162,0.171260947
1.186604261,0.948080599,-0.560351111
-0.434921443,1.155807018,0.633650052
0.379975408,-0.230851606,0.857318956
0.520765543,0.305032909,-0.586832398
1.492760181,0.232682943,0.692992889
-1.234380245,0.266287506,0.054822858
-1.351400375,-1.869711637,-0.733619457
-0.746723771,-0.277897358,-0.377968635
-2.310701609,0.492736995,-0.581550181
-1.660561562,-1.562247634,-0.400428438
-0.463053048,0.607752085,-0.573412734
-0.272394419,2.127659321,0.691188374
-0.825053394,0.122180015,0.792159322
0.384302318,2.215327978,-0.943597715
1.180505157,0.522965491,0.279141508
-0.916772246,-0.420970678,-0.680324525
-1.054031014,-1.236968875,0.043203328
0.7391752,0.518747687,0.59785822
-2.052845716,1.149519205,-0.984649382
-1.435154676,0.288448662,-0.102765625
-1.493626237,0.674779773,0.137299091
-1.444968939,-1.249230862,0.656647507
-0.225024581,-0.575508177,0.850139858
0.427981257,0.08851774,-0.868194373
1.551342964,1.923531413,-0.187599261
0.900217533,-0.061648376,-0.390645252
0.079591274,-0.07228075,-0.810129594
1.367913604,-1.352793097,0.228487227
-0.438728631,1.718519449,-0.452057079
-0.659553111,-1.969397783,-0.979945127
-1.046473622,-0.156142622,-0.785576863
0.915798724,0.181111395,-0.598572322
-0.328055024,-2.028017282,-0.547737743
2.287216663,1.057791948,0.640084516
0.020534983,-0.620633423,-0.0305309
-1.120798826,0.410655349,0.337706811
-0.051155277,-0.119115993,-0.786243724
-0.320630074,0.077263221,-0.128732001
-0.322000265,-0.451367378,0.615855365
0.330227852,1.678623438,0.654929612
-0.899474561,1.920073748,0.830057843
1.611434221,-0.31448403,0.06314976
2.801663876,-0.302697957,0.030512205
0.200944781,1.911040902,0.237685183
2.419958115,1.34555614,-0.168622306
-0.909061313,-3.192307711,0.26028133
1.581344843,1.184531927,0.275426239
-1.761574745,0.52737838,0.478747835
-1.08919549,0.483897328,0.62859522
0.949339509,0.589411438,0.729399762
-0.773231864,0.17826125,0.04446887
-0.108329356,-0.829734921,0.055643616
0.481770039,1.258457661,0.808790684
-0.390790701,2.029798508,0.443388533
0.073470563,1.551710606,-0.655000722
-1.224628925,0.396862388,-0.284560766
-0.718882561,0.468536496,-0.010786087
0.592623353,1.440496683,-0.011374565
-3.41189909,-0.399565458,0.722642724
1.096571922,2.181769371,-0.793310086
0.028073657,2.202692509,-0.549147332
0.55875653,3.581736565,-0.518553252
-0.749463975,-0.80979526,0.5047451
0.897151947,1.066134095,0.489710169
-0.011743486,-1.902355909,0.205833679
1.141155601,-0.207834139,0.677780827
-0.5608477,-0.39278543,-0.657840546
0.095176041,0.902870417,-0.878927141
-1.852982998,-0.593937039,0.792012296
0.986404121,-0.570147395,0.150469133
-0.380439043,-0.171479195,0.065866566
-0.786643326,0.403598398,-0.52095564
-0.694180131,-0.47281909,0.004953336
-0.524307668,-2.461036205,0.091856519
-1.270833611,-0.34232977,-0.760876022
-0.412934959,1.346458912,-0.054319354
1.255047321,0.07303296,-0.591910702
0.646690845,1.527751446,-0.653429722
0.312276572,-0.50668031,0.525220832
2.325363159,-0.051359423,-0.918700109
-1.597712755,-1.586583018,0.065533948
-0.065704003,-1.345117927,0.134408225
-0.268999487,0.430198699,-0.831311805
0.526585162,0.134587675,-0.780964143
1.595978737,1.216738701,-0.367389687
0.457812816,0.11347124,-0.356810966
-0.958289146,-1.803190231,-0.962314573
-0.512073576,1.245611429,0.609220307
0.492188126,-0.560755491,0.873641504
0.649057627,-0.139560819,0.671194632
-0.680751622,-0.684773505,0.226961944
0.484105468,-1.569689989,-0.256904991
2.654559135,-3.376425028,-0.588063169
-0.811466932,-0.562727511,-0.82289228
-2.093364239,-1.58813262,-0.836244905
0.697593629,0.379906058,0.511363232
-0.32009095,-0.300932586,-0.973299059
-0.957224488,-0.746020198,-0.609335584
1.123707891,1.003459215,0.430773597
0.271097898,0.444494724,-0.426662988
-0.362876713,-1.232433081,-0.791853747
-0.412281305,1.302122474,0.351651422
-2.235898495,3.432852983,0.646579012
-0.393044859,-0.005903032,-0.589066584
-0.471336722,1.832531691,0.30376039
0.530871451,-1.587961316,-0.054700325
-0.734844208,0.010239422,-0.402033915
-1.24073863,-0.332520217,-0.756252973
0.145601094,0.994018197,-0.952651162
-2.430263281,0.045800701,0.030807975
1.715382576,1.314163923,0.406779215
0.220570058,2.192681551,0.386979042
-0.074077025,1.243106604,-0.756045995
-1.34854579,0.539773762,-0.434852847
-1.063431501,-1.26896286,-0.744993148
0.60898149,1.466307759,-0.950040801
2.734043598,-0.19774048,0.693074531
1.87829423,-0.982783794,0.360326519
0.141185313,0.109148614,-0.297826695
-0.223455772,-1.481190205,0.97864344
-0.260591298,-0.435241878,0.218217942
0.914809108,0.27958703,-0.643791381
-0.451393545,-3.593342781,-0.099230205
-0.125391141,0.909605742,0.937843331
0.315372586,-1.659316301,-0.880567808
-0.190764278,0.202109307,0.971447596
-2.197633266,1.4298594,0.974596294
-2.241435528,-0.262830228,0.681597787
0.662338853,-1.161680222,-0.426842598
0.432919532,0.022662621,0.116504314
0.585274339,1.259070873,-0.844272306
-2.438372612,-0.660268366,-0.221371
0.948187768,0.908489466,0.69880573
0.779702425,0.65796864,0.066318867
0.50132668,2.015738487,0.773467824
-1.485158563,-0.807607472,0.195727963
-0.109502196,1.863926411,-0.906171922
0.594299912,0.850813985,-0.281822842
-0.042433091,-0.841792524,-0.4754806
-0.531895399,0.254146278,0.72069051
0.746961057,-0.800132751,-0.036227839
0.725927889,-0.000234388,0.803050582
0.868894219,0.626003981,-0.937373803
-0.583748877,-0.592240512,0.630599477
-1.125040054,-1.815037847,0.863595868
1.047487974,0.148480654,-0.936846083
1.365494728,-0.560109377,0.462481728
0.656325936,-0.285699368,-0.553583306
1.356587648,0.636250675,0.480637813
-0.495275259,-0.062028423,-0.040362335
1.098507643,2.520621538,0.798165039
-0.378604054,1.445896864,0.808632468
0.857545495,-1.414442301,-0.731804879
0.555816233,-0.109748408,-0.801179058
0.527743518,1.503637552,0.065791042
-0.213999346,-0.19915165,-0.913335348
1.817994118,0.699408412,0.068317647
-0.690686345,-1.070073366,0.02837665
0.518469691,-1.112230659,-0.195767308
-0.557052732,-0.595204949,0.46667874
0.474322647,1.014430523,0.657603544
1.572238684,0.377261758,0.87271685
1.020692587,-2.584601164,0.338488165
1.759930968,1.597087502,0.898163751
-0.258017242,-0.301855385,-0.098819134
0.708068788,-1.54343605,-0.898075138
1.23105669,-0.520290732,-0.47221446
0.971792817,-0.993185878,-0.416727608
0.53282243,-1.126631379,0.832868917
0.632587016,-0.481018841,0.346885095
-1.244885683,-1.521897554,-0.135887687
-1.22222352,-1.371260881,-0.333831536
1.862612963,2.880861759,-0.919027084
-0.711492956,0.951473355,0.717623242
-0.049878735,0.291679829,-0.085489272
0.878713369,-2.511245251,0.828640891
0.876218796,-0.283880293,0.108241812
-1.014589906,-0.72510016,0.802367394
0.224588305,-0.284494191,0.048935005
-1.992218375,-0.279735476,0.804586973
-0.737872243,0.569883227,-0.948100229
-0.38074106,1.913657427,-0.970440835
-1.234657407,-1.003704548,-0.105139211
-0.774904013,0.235748202,0.580491709
-2.022367001,0.872840583,0.464310139
-0.058854934,0.372060865,0.606698311
-2.449585676,-0.943891644,-0.134373943
2.202208996,1.207517624,-0.788622019
-0.595860243,-1.572299004,-0.233862748
0.938367903,-0.687780976,-0.00422664
-0.413471162,-1.33010602,-0.144316493
-0.522830009,-0.078436613,-0.939813376
-0.358548611,-0.317576647,-0.688641376
-0.03840629,0.809057593,0.815536389
0.63169241,0.139722377,0.525402642
-2.160295486,-1.689275622,0.289670535
-0.063475668,0.704687297,-0.719760457
0.521476388,0.148852825,-0.479653262
0.003733974,-1.783595443,-0.620424326
-1.963505745,0.759274721,0.461430617
0.734289944,-0.267400682,0.998383181
-1.118727684,-0.300919592,-0.781940204
-0.137888297,-1.099375725,0.113711134
-1.502934933,0.938676119,-0.38283564
1.463905811,-0.38403517,0.178125744
-0.224336952,-2.179518223,-0.534528646
0.123967364,0.2986857,0.644794522
-0.310459763,-1.365456939,-0.378709034
0.525634766,-0.159581065,-0.706800398
-2.28562212,-0.612847567,-0.986297869
0.824486852,1.867790222,0.168714447
0.166837513,0.067644298,0.146852975
1.306986928,1.269172192,0.826484519
1.443192363,-0.171150833,0.215091558
-0.60263747,0.025590569,-0.308864804
0.154276848,-0.321288526,-0.915441972
0.850068986,1.58645761,0.101490824
0.929167986,-1.452380419,-0.303828759
-0.506220102,-0.39026612,0.152491277
-0.713155985,0.758271217,0.242354396
0.902804732,1.914099216,-0.763821312
-0.443068027,0.200942427,-0.039334567
0.670223475,-0.418697178,-0.096154426
-1.018162727,-1.981013775,0.277608409
-0.307861924,1.270089388,-0.273150767
-0.568278074,3.043778896,0.58939483
-1.501500845,0.141938388,-0.073060341
-1.573667049,1.468968987,-0.696214699
1.80130589,0.10918694,0.156197794
-1.442612648,-0.052660439,-0.770720141
1.96814549,-0.270550817,0.066697038
0.621913612,0.324395776,0.374137181
-0.60273236,0.881898284,0.087745932
1.557682276,1.094566703,0.709025507
0.444580853,-0.344732642,0.317670168
-1.277421117,-0.282807887,-0.60782192
1.630379319,0.557050824,0.605254126
-0.430263102,0.543288231,-0.869744788
0.521936119,-1.397689819,-0.919528941
0.357329428,-1.361884236,0.062228395
-0.567423344,-1.017148972,0.124975698
-1.254496098,-1.191534638,-0.345733489
-1.136829972,-1.038756013,-0.436869038
-0.18368724,1.724079967,0.364161403
-0.675770402,0.415691674,0.480847714
-0.254495382,-1.678145289,-0.325064094
-0.708961964,1.386417031,-0.971850944
-1.490807533,0.77216959,0.949163552
1.157826424,1.756305337,-0.500236139
-0.738663673,0.833818913,-0.497968865
-0.40737468,-1.024530411,-0.818664658
-0.003612113,-0.635370672,0.647644656
-0.217128307,-0.685114741,0.528299268
0.209165215,2.848454952,-0.176637731
-0.685003877,1.088455558,-0.61194853
-0.479298204,-1.977005243,0.198971255
-0.037633054,-0.845848322,-0.487421064
0.330472916,-0.566066563,0.176930893
0.294204414,-1.165699005,-0.848986476
0.577578664,2.594575882,-0.391985526
-0.656694055,-1.058206677,-0.832072366
-1.381246328,0.242514879,0.259487934
-1.169257522,0.449819207,-0.937727334
0.912393332,0.366745293,0.746353454
-0.602523088,-1.814216614,-0.060049434
1.042899609,2.713823557,0.08213165
0.407180697,-0.471134603,-0.281569698
-1.970507503,-0.279913515,-0.628138097
-0.226813436,1.40470624,0.405809015
-1.852728724,-0.252492189,-0.250947783
0.320335299,1.795670509,-0.263536739
-0.986027539,0.578373313,-0.46387376
0.323129177,0.370461702,0.614858579
-0.245023251,-1.20458889,0.972167107
0.936499953,0.21031259,-0.871974644
-1.0197227,1.35816431,-0.912370177
0.846508026,-2.567388535,0.516061853
0.399502456,-1.983515263,-0.227844156
-0.237672508,0.472204864,0.212100512
1.92300415,0.354653955,-0.281815355
0.963021874,-0.69603771,-0.272618156
0.730061948,1.261599422,-0.062532073
-1.37514472,-1.936074257,-0.660450555
-2.995207548,-1.220910192,-0.207938647
-1.786305428,-1.245490432,-0.900756697
0.329792917,0.66328609,0.769903944
0.77440691,-0.443415105,0.945381772
-1.049775004,-1.74795866,0.117569437
-2.262423754,0.387600303,0.92836047
-1.194355965,0.575327873,0.144585277
-1.294466972,0.327932686,0.898884876
-1.597080469,-0.461704969,-0.503857534
-1.676105976,-1.714853525,0.057236628
-1.628100634,-1.336320162,-0.784875189
0.445021182,-0.306959093,0.005741189
0.701444626,-1.488977194,0.278664177
-0.443650723,-0.070072465,-0.408505917
1.191954613,1.77919507,0.950764136
-0.887488842,0.762479901,0.009480168
0.648984432,-0.402485609,-0.791010769
1.21278882,0.175118819,0.273023614
0.541631937,-0.457100779,-0.321412519
-1.467813969,-1.044814825,-0.130418679
-0.509657145,1.533092856,-0.294441496
1.45501709,-1.231926799,-0.040448078
-0.411031008,-0.229954436,-0.647593134
0.759518862,1.323060751,0.477372685
0.099759944,-0.536579609,-0.53728876
0.416360408,0.794894099,-0.204322083
-2.006224871,-0.168230981,0.045477034
-0.381665587,0.266781926,-0.751437746
0.575576842,-0.283988714,0.380173821
0.103081435,-0.099360794,0.675310831
-0.276968181,0.782250404,0.705363023
-1.852925897,-1.912624955,0.547876211
-1.195927143,-0.900985241,-0.190314317
1.506630421,-1.41185236,-0.315210772
0.024531685,3.004821301,-0.8649775
-2.1959548,-0.753832817,0.679360802
-0.729342163,-1.586353064,-0.328557728
-0.873447359,-0.076376066,-0.036390774
-1.268727541,-1.388167739,-0.784947536
-0.172949791,0.908217311,0.016807343
0.375678778,1.835958004,0.817243738
0.115453526,-0.174335301,-0.266132109
-0.434621751,-0.638524532,-0.510183112
0.249698147,0.470516443,-0.80136222
-0.121491864,0.78669405,0.604637572
-1.51294589,-0.382534266,-0.126406207
-1.273609877,-1.234158754,-0.40700095
1.035677195,-0.692489743,-0.441181128
-0.251896024,-0.661503196,-0.178466696
0.079833254,-0.170322537,0.698598227
0.832480371,-0.332052439,0.194927351
0.211346313,-0.039564356,0.175389538
-0.795182526,-0.228217989,-0.114926252
0.331864774,-0.363699496,-0.320032904
1.464565992,1.240288138,0.392641076
-2.235080481,0.247646779,0.395567778
-0.632731318,-1.284106731,-0.22087761
0.253659904,-0.871263504,-0.712390913
0.564490378,2.004499197,0.871284116
1.170455933,0.149359524,-0.052290962
1.150054932,1.712499857,0.997589116
1.714982152,-1.611952066,-0.395829597
0.010307042,-0.32459262,0.093989302
0.137322992,-0.906006157,0.767684309
0.563771725,1.523208857,0.17557962
0.273330271,-0.950577855,0.938540781
1.403274655,-0.479361415,-0.148908662
-1.11431396,-0.381071419,0.320738841
1.511859059,0.073276207,-0.26873576
-1.889823914,0.125308529,0.650785418
1.35092926,-1.416710615,-0.309480577
-0.18033883,0.975847125,0.373287548
0.321255386,0.39404273,-0.790679868
-0.496599317,-0.227651283,-0.693588411
-2.117813587,-1.17967844,0.190166903
0.309579253,-0.641567945,0.917390305
0.007601559,0.118144758,-0.707436534
1.463142991,0.912372291,-0.21439144
0.63553226,-0.311281621,0.39016905
0.650310397,-0.695661545,0.87681597
0.732231259,-1.392309427,-0.932327809
-0.357609391,-1.725793839,-0.125324209
-1.134626627,-1.940065503,0.099985004
-0.796917319,-0.238522992,-0.879505436
1.695393801,-0.634150147,-0.542677491
-0.044376854,0.435057402,-0.831022978
1.911829948,0.209244549,0.75248579
2.723922491,-0.178173095,0.202265606
0.700801969,0.207795203,0.242093131
-1.111204505,-0.568637609,-0.528928596
0.08911451,-0.580408871,-0.757128298
-1.000702143,0.208136797,-0.346497192
0.927834928,0.403315336,0.790278232
,,
,,
,0.328744614,0.004049965
,,
,70.80740363,89.76795345
,,
,,
,0.288790361,0.012077144
,,
,73.21444946,89.30801378