-1.236318588,-1.437178731,-1.476018548,-0.900485575,,-1.383171956,,,,,,,,1.775290966,1.897839785
2.792924404,2.84119606,2.74502182,2.824145794,,2.793047428,,,,,,,,2.127985954,1.58781147
-0.660074472,-0.303649396,-0.368561119,0.526004076,,-0.444094996,,,,,,,,0.892519474,0.617738903
0.201224938,0.113221556,0.375751078,-0.008926529,,0.230065857,,,,,,,,-0.501167178,-0.40923959
1.465402246,1.591008782,1.50901556,1.318031788,,1.521808863,,,,,,,,-0.622350216,0.659756184
-2.698684692,-2.658561707,-2.680958509,-2.963138342,,-2.679401636,,,,,,,,0.280994207,0.483503044
1.399601579,1.098478436,1.102574348,0.923691213,,1.200218121,,,,,,,,-1.429960728,-1.184689045
1.789849281,1.670754075,1.58389008,0.354277551,,1.681497812,,,,,,,,-1.049969554,-0.57894069
-4.138799191,-4.036513329,-3.954859972,-2.849853277,,-4.04339083,,,,,,,,0.047859967,-0.039381374
-0.091274321,-0.313847601,-0.177699268,0.250996768,,-0.19427373,,,,,,,,0.595901012,0.117119297
0.894453883,0.818841219,0.691186309,-1.38216722,,0.801493804,,,,,,,,-0.928454876,-1.121062279
0.668826461,0.755365491,0.670514405,1.837856054,,0.698235452,,,,,,,,0.090315714,0.556146204
-0.850764275,-0.594584227,-0.426631093,-2.105751514,,-0.623993198,,,,,,,,2.692734718,2.345257044
-2.272699118,-2.206110716,-2.140525341,-3.163503647,,-2.206445058,,,,,,,,0.056700889,0.761147976
-1.554537296,-1.503151059,-1.541223288,-2.61563468,,-1.532970548,,,,,,,,-1.116172314,-0.521013021
3.129885674,2.923140287,2.899287701,3.706084728,,2.984104554,,,,,,,,0.337745756,1.807984948
-0.366919875,-0.375648201,-0.659388542,-0.457110882,,-0.467318873,,,,,,,,-2.777478218,-1.605532765
-0.008304954,0.019101262,0.138321221,-0.335965812,,0.049705843,,,,,,,,-3.020205975,-1.579761386
1.297910571,1.181056619,1.164727926,1.477514386,,1.214565039,,,,,,,,0.234710872,0.396607846
-1.7662462,-1.740504503,-1.690883994,-1.64406848,,-1.732544899,,,,,,,,0.217552125,-0.996552527
-0.804749846,-0.712237,-0.524112284,0.192774922,,-0.680366377,,,,,,,,0.736660123,0.814677596
-0.11859031,-0.033866987,-0.089505628,-0.716791928,,-0.080654308,,,,,,,,-0.257668376,-0.947054386
-1.515446067,-1.254871488,-1.270074248,-1.287649393,,-1.346797268,,,,,,,,-1.841927409,-2.166973591
2.014350414,1.840813398,1.881434083,3.620584488,,1.912199299,,,,,,,,1.143079519,0.84708941
-1.32048595,-1.182201862,-1.186660528,-1.457959414,,-1.22978278,,,,,,,,-0.622942448,-0.651729763
0.510873377,0.490588784,0.344400227,-0.439402312,,0.448620796,,,,,,,,-0.078078769,0.26541847
2.164753914,2.503608227,2.44483614,2.643648386,,2.371066093,,,,,,,,1.521153212,1.425964832
-0.444775015,-0.538851619,-0.522905946,-0.002971679,,-0.502177527,,,,,,,,0.267586052,0.394269228
-1.210167766,-1.109422445,-1.162513494,-0.463992417,,-1.160701235,,,,,,,,-0.015591219,0.175841674
-0.859720588,-0.912221313,-0.930760205,-1.092843056,,-0.900900702,,,,,,,,-0.124932796,-0.565848112
0.859345198,0.812547088,0.540959418,1.085202813,,0.737617234,,,,,,,,1.778752089,1.672647595
-1.462480545,-1.345531106,-1.364222527,-2.618287802,,-1.390744726,,,,,,,,-1.341514111,1.162925243
-1.025947213,-1.080094457,-0.97678107,-0.407210916,,-1.02760758,,,,,,,,0.965634644,0.493223369
1.724518418,1.856687784,2.001195192,0.640326619,,1.860800465,,,,,,,,0.11186038,-0.182648808
0.013818823,0.184964463,0.298045725,0.500291824,,0.16560967,,,,,,,,0.419916689,-0.664582968
-1.140380263,-1.38248682,-1.321984529,-1.233314633,,-1.281617204,,,,,,,,0.048976168,-0.509405196
-0.831656337,-0.798428059,-0.818127453,-0.791774035,,-0.816070616,,,,,,,,-0.522210598,-0.750679374
-0.802779198,-0.807937741,-0.897964954,-1.973014593,,-0.836227298,,,,,,,,-0.137823358,-0.192404836
-1.996047974,-1.676067829,-1.570440769,-2.522768974,,-1.747518857,,,,,,,,0.489475131,0.269836605
1.373618841,1.297188759,1.06195116,1.717562914,,1.24425292,,,,,,,,0.4433676,0.058865674
1.326591015,1.671123862,1.562317967,1.140814424,,1.520010948,,,,,,,,-1.524150491,-0.765310287
-1.014001131,-0.989116192,-1.148149967,0.339381307,,-1.05042243,,,,,,,,1.964169741,0.927923381
0.942039847,0.649363041,0.658285499,1.023980021,,0.749896129,,,,,,,,0.646554232,0.661710739
-1.639822841,-1.79803443,-1.745119691,-0.188235521,,-1.727658987,,,,,,,,1.059737921,0.758303285
1.812762141,1.55771172,1.676259637,1.171642303,,1.6822445,,,,,,,,0.197233379,-0.128994733
2.069231033,2.092010021,2.011626244,0.921840668,,2.057622433,,,,,,,,-0.874494672,-0.486027211
-1.006210566,-1.069549084,-1.176732659,-0.83108294,,-1.084164103,,,,,,,,-0.123467542,-0.30672276
0.315140903,0.174146831,0.156151712,-0.02125863,,0.215146482,,,,,,,,2.06357789,0.840420246
-0.011357725,0.040932819,-0.052724212,1.098719358,,-0.007716373,,,,,,,,1.450486779,1.58716774
-1.149129391,-1.320377111,-1.342166305,-2.179222584,,-1.270557602,,,,,,,,-0.776803195,-0.03936477
1.646411896,1.594758749,1.390459895,0.880206645,,1.543876847,,,,,,,,3.111727476,1.272757173
1.320108652,1.358809829,1.554915547,0.577546179,,1.411278009,,,,,,,,0.473180592,-0.030816164
-0.999422312,-1.002018094,-1.193314791,-0.446679056,,-1.064918399,,,,,,,,-0.822002769,-1.177789688
7.247069359,7.424664021,7.581263065,8.002938271,,7.417665482,,,,,,,,-1.462382674,-0.274028569
-0.277710676,-0.218988866,-0.295961082,-0.462472916,,-0.264220208,,,,,,,,1.452371359,1.640181422
-4.051777363,-4.20027256,-4.068061829,-3.422199965,,-4.106703917,,,,,,,,-1.630022287,-1.712033391
-1.387037992,-1.660413742,-1.698476553,-0.926952779,,-1.581976096,,,,,,,,-2.075649977,-1.172028422
-0.204805389,0.172833323,0.096729264,-0.011706233,,0.021585733,,,,,,,,-0.884575486,0.039306253
-0.329809189,-0.119051099,-0.017628342,-0.366698295,,-0.15549621,,,,,,,,-0.11329636,0.274725914
0.205481797,-0.02703315,-0.087403417,0.379745275,,0.03034841,,,,,,,,1.791532755,1.038586855
3.682082653,3.926415443,3.925142765,3.781978607,,3.844546954,,,,,,,,-2.189004183,-1.985340595
-1.251387835,-1.268081903,-1.331396818,-1.432292223,,-1.283622185,,,,,,,,3.542126656,2.092988968
-0.388328075,-0.474981308,-0.511463284,-0.823593616,,-0.458257556,,,,,,,,-1.677963257,-1.535087943
3.186796427,3.272096634,3.21694994,2.430796623,,3.225281,,,,,,,,-0.606981039,-0.515702486
-3.482651472,-3.47974658,-3.469400644,-3.025989771,,-3.477266232,,,,,,,,0.041165262,-0.183636636
-2.090944052,-2.454358339,-2.460580826,-1.794690371,,-2.335294406,,,,,,,,-1.355316162,-0.740039945
-1.051777124,-1.143514872,-1.000401497,-0.377541065,,-1.065231164,,,,,,,,0.028395519,-0.591324508
-2.622848034,-2.318116426,-2.563537836,-2.824899435,,-2.501500765,,,,,,,,2.189945698,3.148759365
1.495922923,1.179575443,1.115090013,-0.093804747,,1.26352946,,,,,,,,2.230080605,0.491854548
0.605275095,0.867514551,0.676633775,0.645960033,,0.716474473,,,,,,,,0.679759383,0.727025867
-0.157828122,-0.017726675,-0.012853742,0.181861073,,-0.062802846,,,,,,,,-0.037323624,-0.522856712
-1.494513035,-1.614892483,-1.929609776,-0.180516317,,-1.679671764,,,,,,,,-0.184564948,-0.727631867
0.506616354,0.623795092,0.463446736,-0.002504513,,0.531286061,,,,,,,,-0.718634784,-0.431617975
0.615801096,0.700392544,0.757062614,0.568739653,,0.691085418,,,,,,,,-1.3225528,-1.740487099
-1.452470303,-1.788898349,-2.005782604,-1.46924758,,-1.749050419,,,,,,,,0.502693474,0.540510893
1.242636919,1.103672028,0.963910818,0.78764236,,1.103406588,,,,,,,,1.825827479,1.695813417
1.86062789,1.654263258,1.525797844,2.002975464,,1.680229664,,,,,,,,0.268463463,0.25053972
1.656166792,2.101610422,2.221292496,2.055197477,,1.993023237,,,,,,,,0.757342398,-0.454700053
0.275705248,0.213353246,0.212662101,1.287369609,,0.233906865,,,,,,,,-0.024202108,-1.247804403
1.090696335,0.888708234,0.805333912,1.010959148,,0.92824616,,,,,,,,0.35745126,0.204009682
0.979229212,0.839286387,0.85745585,0.235513285,,0.891990483,,,,,,,,1.932976127,0.439254224
-2.980911016,-3.091164112,-3.180551291,-3.00091362,,-3.084208806,,,,,,,,2.065314293,1.88916254
-0.088619649,-0.411739647,-0.466691613,1.253093123,,-0.322350303,,,,,,,,-1.299266815,-0.484247774
-0.174840763,-0.018173739,-0.071457446,-0.090548366,,-0.088157316,,,,,,,,3.209271908,2.712477207
2.629434109,2.919141531,2.87988615,3.534166336,,2.809487263,,,,,,,,-1.515722275,-1.24226737
-3.734973431,-3.80302,-3.622282028,-3.654477119,,-3.72009182,,,,,,,,-0.49190864,-0.083557777
0.475259572,0.636139393,0.542968094,0.224861592,,0.551455686,,,,,,,,0.046539485,0.329586029
2.708855629,2.415827513,2.326783895,1.762971282,,2.483822346,,,,,,,,-2.153893948,-1.820166588
-2.553732395,-2.575831413,-2.942192078,-2.637675762,,-2.690585295,,,,,,,,2.110953808,2.81413722
0.921220899,1.02905035,0.832026482,0.923689485,,0.927432577,,,,,,,,-0.590597928,0.010985881
1.784038782,2.083696365,2.266758919,1.512177825,,2.044831355,,,,,,,,-2.326461792,-1.68343854
-0.146344945,-0.284678668,-0.25368911,-0.582228303,,-0.228237574,,,,,,,,-1.761185169,-1.038912296
1.0281533,1.027663946,1.068790674,0.424757123,,1.041535974,,,,,,,,-1.959972262,-2.441597462
-0.314674765,-0.19865191,-0.124451511,-0.580532491,,-0.212592728,,,,,,,,0.500110984,0.178133577
-0.965477705,-1.220074534,-1.194638968,-1.247503757,,-1.126730402,,,,,,,,1.775898099,0.155061215
-0.761708021,-0.64838028,-0.466351628,-1.272443295,,-0.625479976,,,,,,,,0.212999105,1.868055344
4.255834579,4.626354694,4.472005367,4.375553131,,4.451398214,,,,,,,,0.229093581,-0.583100975
-0.391252995,-0.475946546,-0.252826631,0.153751925,,-0.373342057,,,,,,,,-3.444401264,-2.856955528
1.152011037,1.274557233,1.17882216,1.53792417,,1.20179681,,,,,,,,4.056796551,2.562198877
1.775915623,1.923935413,2.020988464,0.83461833,,1.9069465,,,,,,,,1.916601419,0.53040278
3.141046524,3.06247592,2.969196081,4.326880932,,3.057572842,,,,,,,,-0.272346556,-1.006858706
-2.655076742,-2.680065393,-2.813285112,-2.858296156,,-2.716142416,,,,,,,,-1.09307158,-0.053308032
2.022650719,1.905528784,1.984032273,1.283562779,,1.970737259,,,,,,,,1.621148348,1.483736634
-2.30534339,-2.138542891,-2.221636295,-2.692335367,,-2.221840858,,,,,,,,-0.874175489,-1.102372408
-2.060696602,-1.745310307,-1.887574553,-2.747015953,,-1.897860487,,,,,,,,2.4983356,2.385969162
3.290059805,3.112958193,3.0451653,3.235674858,,3.149394433,,,,,,,,-0.058838308,0.106949106
-1.246386766,-1.307122231,-1.290918708,-0.567411661,,-1.281475902,,,,,,,,-2.431747675,-1.152517796
3.100652218,3.456041574,3.255099058,3.358536005,,3.270597617,,,,,,,,0.981217265,0.158347711
0.142613828,0.01690501,0.017096817,-0.280342013,,0.058871885,,,,,,,,0.681892574,0.566329002
0.231617808,0.048262954,-0.044039637,-0.874673605,,0.078613708,,,,,,,,1.209455013,1.004864097
2.893292189,3.001783371,2.964792013,3.07093215,,2.953289191,,,,,,,,-2.59621191,-2.679599047
0.410746545,0.469433516,0.27055189,-0.178681672,,0.383577317,,,,,,,,-0.203708202,0.358343273
-2.346114635,-2.344460964,-2.303557634,-2.651226521,,-2.331377745,,,,,,,,-2.429565907,-1.918037653
4.36081028,4.26267767,4.273041248,4.489172935,,4.298843066,,,,,,,,0.548432767,1.197822571
0.093801737,-0.23574543,-0.249612033,0.774980605,,-0.130518576,,,,,,,,-0.375182867,0.372671247
-6.611906052,-6.628393173,-6.396498203,-8.738132477,,-6.545599143,,,,,,,,6.151492119,6.137798309
3.294137716,3.345352888,3.214385033,3.071500778,,3.284625212,,,,,,,,3.382377386,2.053314209
2.052037239,2.320912361,2.22238636,2.513061523,,2.19844532,,,,,,,,-0.229639679,0.698645294
1.256144762,1.402634144,1.433364868,2.301483154,,1.364047925,,,,,,,,-0.604527235,-0.641625762
-0.403826177,-0.099288948,-0.071114607,-0.609701276,,-0.191409911,,,,,,,,-1.16343224,-0.710488796
0.401461184,0.629086375,0.484282643,0.759319067,,0.504943401,,,,,,,,1.389826298,0.963420451
-2.13960743,-1.946229577,-1.826170087,-3.024200916,,-1.970669031,,,,,,,,-1.399960756,-0.761230469
-0.92693758,-1.137434244,-0.8135221,-1.494188905,,-0.959297975,,,,,,,,-1.300149679,-1.295033932
0.723701894,0.563452601,0.673625886,1.183133245,,0.653593461,,,,,,,,-1.557927728,-1.13470304
-1.738371611,-1.773654699,-1.808764696,-1.224959135,,-1.773597002,,,,,,,,1.580422759,2.038994312
0.328781009,0.479935586,0.572299719,0.641076982,,0.460338771,,,,,,,,0.737597883,0.522528946
-0.776446164,-0.742394149,-0.659286201,-0.880704343,,-0.726042171,,,,,,,,0.760326684,0.403891653
-0.674621105,-0.85294342,-1.041076422,-0.247215182,,-0.856213649,,,,,,,,-1.610960245,-0.719235897
3.610552073,3.549739838,3.62815547,3.427835941,,3.596149127,,,,,,,,-0.982952833,-0.80175209
1.297283649,1.41559732,1.483963132,0.160562366,,1.398948034,,,,,,,,1.26036942,0.311488897
-2.934541225,-3.075559378,-2.842824459,-2.023539066,,-2.950975021,,,,,,,,-1.227846384,-1.23883903
1.191326857,1.27385819,1.034706593,1.147070765,,1.166630546,,,,,,,,-2.36969924,-1.599281788
-0.929131508,-0.920693159,-0.980430365,-2.284811258,,-0.943418344,,,,,,,,0.222748369,-0.288661033
1.290843606,1.158525705,1.116332769,1.132920742,,1.18856736,,,,,,,,1.460841179,1.88842988
-1.674764395,-1.726752281,-1.442059278,-0.75168848,,-1.614525318,,,,,,,,1.313514352,0.845853984
-2.842099905,-2.721146822,-2.828457832,-2.775817156,,-2.797234853,,,,,,,,-0.534311831,-1.7593714
2.090296268,2.164959669,2.30931139,2.749616385,,2.188189109,,,,,,,,0.403476745,-0.478682309
-1.869882703,-1.798025966,-1.898156524,-1.90768826,,-1.855355064,,,,,,,,-4.034938335,-4.709049225
1.030679107,1.218332529,0.994489789,1.195070863,,1.081167142,,,,,,,,-0.588814378,-1.642409921
0.710100412,0.933704972,1.043757319,-0.448075563,,0.895854235,,,,,,,,-1.4433918,-0.242468953
3.608855963,3.901628256,3.468171358,2.255640984,,3.659551859,,,,,,,,-0.478857785,-0.387755305
-0.104939252,-0.239688456,-0.254890442,-0.321890712,,-0.199839383,,,,,,,,-0.49849087,0.008868992
-0.281843513,-0.27565679,-0.160107762,-0.16791293,,-0.239202688,,,,,,,,0.761209488,1.36872685
-1.179833651,-1.024698377,-1.063005567,-1.101018906,,-1.089179198,,,,,,,,-0.019734681,-0.330922127
-2.078708649,-2.003882647,-1.688307405,-1.159934044,,-1.9236329,,,,,,,,-2.828174353,-2.522284031
1.500689149,1.45569098,1.408630729,-0.426546156,,1.455003619,,,,,,,,-0.817323923,-0.677275538
-0.002536416,0.086485386,0.05775547,0.03690961,,0.047234813,,,,,,,,-0.234998927,-0.482328206
-0.135374635,-0.595983982,-0.431652158,0.122127883,,-0.387670259,,,,,,,,-0.02541779,0.176527694
-6.034083843,-6.028262138,-5.880850315,-5.598509312,,-5.981065432,,,,,,,,-0.59514761,-0.374715567
-0.080623016,-0.289146096,-0.202553362,-1.418259859,,-0.190774158,,,,,,,,-0.225046426,0.928382874
-0.840235829,-0.9665851,-1.158078432,-0.35537529,,-0.988299787,,,,,,,,0.66723752,0.348283142
-0.408551604,-0.459413797,-0.32607165,-0.095481485,,-0.39801235,,,,,,,,0.350374699,0.702581406
-3.143732548,-3.140630484,-3.14027524,-2.997656822,,-3.14154609,,,,,,,,-1.038581252,-1.123978138
1.704975486,1.586312771,1.590736389,2.544398785,,1.627341549,,,,,,,,-0.552110672,-1.138779044
-1.240675569,-1.304908752,-1.267486334,-0.760705948,,-1.271023552,,,,,,,,-1.012239814,-0.584961712
-4.912109375,-5.146561146,-5.211569309,-4.658495426,,-5.090079943,,,,,,,,-1.279993534,-1.444538593
-0.909808815,-1.124381304,-1.068000078,-1.323916316,,-1.034063399,,,,,,,,2.336030006,2.143463373
-1.802953601,-1.962667227,-1.984453917,-3.497967482,,-1.916691581,,,,,,,,1.211804152,0.220704615
3.718086004,4.318268776,4.361598492,4.416557789,,4.132651091,,,,,,,,-1.196015596,-0.101770185
-3.917001724,-3.916834354,-3.875777245,-4.019764423,,-3.903204441,,,,,,,,-0.225826308,-0.669310331
3.340499401,3.553783417,3.778554916,2.27227354,,3.557612578,,,,,,,,-1.411841631,-0.586081028
-0.649682939,-0.646659195,-0.608147264,-1.189958453,,-0.634829799,,,,,,,,-2.409629107,-0.794968545
1.66671598,1.780753851,1.730031252,0.249332085,,1.725833694,,,,,,,,0.791614711,1.473742247
-0.93239516,-0.834964454,-0.736482203,-0.82745415,,-0.834613939,,,,,,,,-0.420756459,-0.094029851
3.119776964,3.085194588,3.070376396,4.413113594,,3.091782649,,,,,,,,0.774524868,-0.633749723
-0.057309508,-0.202314854,-0.260690749,-0.512025952,,-0.17343837,,,,,,,,0.96695286,0.088971592
2.472667217,2.356271267,2.2236166,2.407319546,,2.350851695,,,,,,,,-1.366463184,-0.104366168
0.21111466,0.094568983,0.224556044,0.250373363,,0.176746562,,,,,,,,1.38657093,2.093615055
1.325536251,1.146205664,1.079924345,1.389178991,,1.183888753,,,,,,,,1.546634793,1.648852587
5.39587307,5.233300209,5.218442917,5.491560459,,5.282538732,,,,,,,,1.32627213,1.240964413
-2.837337017,-2.785989285,-2.650342464,-2.079624414,,-2.757889589,,,,,,,,0.275871217,0.804384112
2.004779816,2.057279587,1.972224712,2.301733017,,2.011428038,,,,,,,,-1.949965477,-0.888071954
-1.081650734,-0.98726505,-1.111855388,-1.3642416,,-1.060257057,,,,,,,,1.467592001,0.754059553
0.520465732,0.415945381,0.500956297,0.214176625,,0.47912247,,,,,,,,-0.409705967,0.309581965
-0.870690823,-0.993446946,-0.868114471,-0.681817234,,-0.910750747,,,,,,,,0.333561748,0.230437547
1.740334511,1.789048433,1.772530794,1.291113377,,1.767304579,,,,,,,,-0.683745325,-0.688394904
0.943437934,1.095148325,1.078291178,1.426621914,,1.038959146,,,,,,,,-2.202143192,-1.903637648
0.01276055,-0.0068174,-0.0427351,0.411038548,,-0.012263983,,,,,,,,-0.330717951,0.200369447
-2.312248945,-2.378051996,-2.634302378,-3.422767878,,-2.44153444,,,,,,,,0.085640758,0.225449219
4.35284853,4.272213459,4.295022011,5.417218685,,4.306694667,,,,,,,,1.553643227,0.671025038
-2.795743465,-2.718993187,-2.761847973,-1.448146462,,-2.758861542,,,,,,,,0.193499163,-0.176148862
0.549566031,0.670096219,0.645310462,0.426628768,,0.62165757,,,,,,,,-2.136672974,-1.217572927
4.041450024,3.817660332,3.901129723,4.274329662,,3.920080026,,,,,,,,0.047335036,0.280662179
0.963025153,0.880551517,0.719390988,0.026520707,,0.854322553,,,,,,,,0.343742669,-0.039296657
-1.258698463,-0.975155473,-1.161045909,-1.398448586,,-1.131633282,,,,,,,,0.209888279,0.527698874
-1.402581334,-1.630122304,-1.854169369,-2.317610025,,-1.628957669,,,,,,,,0.877537727,0.281453252
-0.907213509,-0.824297488,-0.939987838,-1.653343916,,-0.890499612,,,,,,,,0.443435729,0.597686708
3.528169394,3.540258884,3.607218266,2.634803057,,3.558548848,,,,,,,,0.314009577,0.015003314
3.008361816,2.960388422,2.989188671,3.464793444,,2.985979637,,,,,,,,0.381415993,0.64821887
-5.1365695,-5.111688614,-4.888774395,-5.393404007,,-5.045677503,,,,,,,,1.071961522,0.634284914
0.717342496,0.846478283,0.828871727,1.343689919,,0.797564169,,,,,,,,0.726627231,0.425262094
-1.775939226,-1.907845378,-1.673970819,-0.776233792,,-1.785918474,,,,,,,,1.295567989,1.288767457
4.32854557,4.346650124,4.289700508,3.470484018,,4.321632067,,,,,,,,2.781261206,2.198956728
-0.765027642,-0.712071121,-0.62906599,0.029715819,,-0.702054918,,,,,,,,-1.118789673,-0.350447208
0.775815427,0.921523154,0.7556113,1.989634633,,0.817649961,,,,,,,,-1.960503936,-0.709235132
0.020334184,0.199604496,0.032244921,1.414617419,,0.0840612,,,,,,,,1.235277414,1.003420711
-2.683936357,-2.426411152,-2.495075941,-2.461517334,,-2.53514115,,,,,,,,2.208335638,2.053095341
-0.114477307,0.010091189,0.011500929,0.75713259,,-0.03096173,,,,,,,,-0.105376303,-0.082253501
4.801177025,4.823936462,4.945799828,4.046004295,,4.856971105,,,,,,,,0.036540337,-0.738898396
0.271591604,0.568393767,0.415481627,0.825335503,,0.418488999,,,,,,,,0.697970867,0.412227094
-0.894744575,-0.500062168,-0.458322376,0.309745908,,-0.617709706,,,,,,,,0.295475215,0.769402683
2.416472435,2.45234108,2.368916512,2.017654896,,2.412576675,,,,,,,,1.98355937,1.709408522
0.530883133,0.313460231,0.51969254,0.271125019,,0.454678635,,,,,,,,-0.774638534,-1.691510916
-0.782039285,-0.566693783,-0.535680354,-2.319224834,,-0.628137807,,,,,,,,2.178825855,1.422229528
2.522987843,2.395170689,2.390159607,3.786692619,,2.436106046,,,,,,,,0.258625478,-0.947664976
-1.856808662,-1.894457698,-1.887252569,-0.852028549,,-1.87950631,,,,,,,,0.870127916,1.542718291
-0.220006704,-0.211641669,-0.396974742,0.576784194,,-0.276207705,,,,,,,,-4.303818703,-2.819631338
2.932741642,3.359879017,3.334174395,3.337349415,,3.208931684,,,,,,,,-1.327194333,-1.073959351
-5.457228661,-5.447746754,-5.369369507,-5.532897472,,-5.42478164,,,,,,,,-1.329579592,-0.406667054
0.46803689,0.863699377,0.887493193,0.538720906,,0.739743153,,,,,,,,-0.301689446,-0.006416187
0.621583343,0.471072793,0.467699945,0.94473958,,0.520118694,,,,,,,,-2.272079229,-2.060800791
1.314133167,1.316738725,1.482884884,1.962164521,,1.371252259,,,,,,,,-0.379109442,-0.644294143
-3.028584242,-3.232943773,-3.3188591,-4.705221176,,-3.193462372,,,,,,,,-0.02916877,0.255227953
-0.695596576,-0.720519483,-0.645055652,-1.827539325,,-0.687057237,,,,,,,,-0.454816639,-0.393873274
-1.324361086,-1.433210135,-1.351653337,-0.940814793,,-1.369741519,,,,,,,,1.586767077,1.129673958
-0.588090479,-0.43085742,-0.592556298,-0.162946761,,-0.537168066,,,,,,,,-0.170079529,-0.663395286
-0.010349974,0.267493933,0.546863079,-0.268971205,,0.268002346,,,,,,,,0.78872335,-0.024322212
-3.17178154,-3.316407204,-3.281807423,-4.335208893,,-3.256665389,,,,,,,,-1.135274529,-1.454353809
-3.077707529,-3.13513422,-2.777332783,-2.067658186,,-2.996724844,,,,,,,,0.865368724,1.002050638
-1.303664088,-0.960644424,-0.69963932,-0.382702291,,-0.987982611,,,,,,,,-3.175305367,-1.547836304
2.029127359,2.065016031,2.025711536,2.03335309,,2.039951642,,,,,,,,-0.019351617,0.619050026
1.951470375,1.804234982,1.958904982,0.867317975,,1.904870113,,,,,,,,-0.313721061,-0.784486771
5.024906635,4.769319057,4.920608997,4.891383171,,4.904944897,,,,,,,,0.200217709,-0.978385568
2.113780975,2.127460003,2.155704975,3.632645845,,2.132315318,,,,,,,,1.080304742,0.895102024
1.223219633,1.562441111,1.413146973,2.463031292,,1.399602572,,,,,,,,1.58727479,1.676432133
3.026926756,2.948307276,3.158307314,3.989763021,,3.044513782,,,,,,,,-0.43178162,-0.840577483
0.008039653,-0.001520514,-0.002029419,-0.466864109,,0.001496573,,,,,,,,0.399540424,-0.011723198
0.844157696,1.032247186,0.930033624,0.776350677,,0.935479502,,,,,,,,-1.978717685,-1.624656439
-1.846690416,-1.783393025,-1.559289098,-2.301619768,,-1.729790847,,,,,,,,2.179303408,2.330895662
0.306559503,0.163519457,0.223170713,0.480347157,,0.231083224,,,,,,,,1.212944984,1.142065167
0.545419872,0.468144596,0.665927708,1.13987267,,0.559830725,,,,,,,,0.972568572,1.744032264
-1.33385694,-1.632508278,-1.69771409,-1.365899205,,-1.554693103,,,,,,,,-0.67481041,-0.786621213
-0.593693137,-0.331684172,-0.376789451,-0.993832827,,-0.434055587,,,,,,,,-0.049295127,0.433672875
-1.955530286,-2.041945934,-1.912133455,-0.874836028,,-1.969869892,,,,,,,,-1.077293277,-0.125815302
2.125366926,2.174680948,2.006125689,2.392891407,,2.102057854,,,,,,,,-0.142907321,-0.064932466
-0.948316574,-0.887568116,-0.908209443,-0.875239849,,-0.914698044,,,,,,,,1.272451997,0.804737568
-1.674369812,-1.604913235,-1.592225313,-2.573439121,,-1.62383612,,,,,,,,-1.267261505,0.47091049
0.394603074,0.334044635,0.372018844,0.519484222,,0.366888851,,,,,,,,0.442220032,0.957137764
0.59178853,0.584930658,0.625991821,-0.697887838,,0.60090367,,,,,,,,2.245232582,1.454861164
-2.37442112,-2.415164232,-2.399481773,-1.135721803,,-2.396355708,,,,,,,,-0.75814271,-1.911320925
-2.285650015,-1.934842944,-1.675387025,-1.569408774,,-1.965293328,,,,,,,,0.979648829,0.714162111
-1.98694694,-2.457936287,-2.42890501,-1.147799492,,-2.291262746,,,,,,,,-1.046090364,-0.028819524
1.003906727,1.167901516,1.282123327,0.783795714,,1.151310523,,,,,,,,1.206504107,0.151214689
-0.749015391,-0.897352993,-0.777667344,-0.782258034,,-0.808011909,,,,,,,,-0.06925638,-0.646681011
-0.707042396,-0.287402987,-0.320514202,-0.572985649,,-0.438319862,,,,,,,,0.708695889,0.979491413
-1.029634476,-0.979976594,-1.014466047,-1.21206069,,-1.008025706,,,,,,,,0.345146626,-0.021917552
-3.387118816,-3.125327587,-3.100898981,-3.44551301,,-3.204448462,,,,,,,,-1.774942398,-2.13207531
-2.931397438,-3.017606974,-3.069803476,-3.626385212,,-3.006269296,,,,,,,,-0.308327109,-1.062825918
3.417532921,3.264616966,3.306636333,2.213445425,,3.329595407,,,,,,,,0.959826231,0.774343073
-1.021065593,-1.004715919,-1.107186317,-1.036750674,,-1.04432261,,,,,,,,-1.339393616,-1.641782284
3.603025436,3.251104593,3.311638832,3.97593379,,3.388589621,,,,,,,,-1.706566453,-1.491129637
1.744603753,1.529872894,1.557592273,1.780309319,,1.61068964,,,,,,,,0.666382134,-1.369954109
-1.194273114,-1.021804214,-1.035862684,-0.50817275,,-1.083980004,,,,,,,,1.081845045,0.244065553
-2.430357695,-2.427205324,-2.564150333,-1.522742867,,-2.473904451,,,,,,,,0.415788949,0.202448994
0.739082932,1.144662023,0.930022955,0.340805888,,0.937922637,,,,,,,,-1.163938642,-1.968009472
3.996534348,4.177609444,4.356047153,3.376890659,,4.176730315,,,,,,,,1.846534848,0.850768507
2.911035299,2.875496864,2.806028843,2.890457869,,2.864187002,,,,,,,,0.248738125,-0.231005982
4.835084438,4.905461788,4.865869522,4.622335911,,4.86880525,,,,,,,,1.134236217,0.835087776
0.540214181,0.547525823,0.806797385,0.004710197,,0.631512463,,,,,,,,-1.843576193,-0.742378116
0.304840356,0.292040914,0.217983574,-0.063381068,,0.271621615,,,,,,,,0.989069462,0.401864529
-2.579870701,-2.718732595,-2.879777431,-2.063710213,,-2.726126909,,,,,,,,-1.827265263,-0.815229297
1.759796023,1.807234883,1.979537249,1.284051418,,1.848856052,,,,,,,,0.475837409,0.514308095
0.289541751,0.617550015,0.630192041,0.524735689,,0.512427936,,,,,,,,-1.11250329,-0.698859155
-2.176438808,-2.262789726,-2.199943542,-2.2192173,,-2.213057359,,,,,,,,0.240669399,0.086585708
2.215478897,1.759873629,1.879138947,3.020761013,,1.951497157,,,,,,,,-0.058358751,-0.147381887
3.031062841,3.157745361,3.088313341,3.599395514,,3.092373848,,,,,,,,-1.639735579,-2.742994308
5.388753891,5.561523438,5.579091072,5.171701908,,5.509789467,,,,,,,,0.829492688,0.339405477
2.934490919,3.215295076,3.162824392,2.96893096,,3.104203463,,,,,,,,1.702285528,1.065870523
-0.062480465,0.198116809,0.177392811,-0.670847893,,0.104343052,,,,,,,,-0.870140433,-0.493476361
-3.678160906,-3.591983318,-3.653508663,-2.435853481,,-3.641217629,,,,,,,,1.390912294,1.348386884
-0.538522482,-0.48626247,-0.660038531,0.327062339,,-0.561607828,,,,,,,,0.162319928,0.13902007
1.211637497,1.339299917,1.458780885,3.121124744,,1.336572766,,,,,,,,-2.209155083,-1.846918106
-0.392208546,-0.271284252,-0.591086626,-0.463875234,,-0.418193142,,,,,,,,0.40840742,0.658198893
0.263954103,0.105071381,0.163557023,-0.015026914,,0.177527502,,,,,,,,0.786277175,0.127437681
-0.248290151,-0.543174863,-0.325077891,-0.621402681,,-0.372180969,,,,,,,,0.097195193,-0.548478723
-2.462459087,-2.485263824,-2.533883095,-2.597903967,,-2.493868669,,,,,,,,1.007651329,0.532186866
-0.370037019,-0.30154705,-0.280103683,-1.436391234,,-0.317229251,,,,,,,,2.361840963,2.55051899
0.548530459,0.640226305,0.723275781,0.719541907,,0.637344182,,,,,,,,-0.002847522,-0.141387612
-2.176020622,-1.996811748,-2.289782763,-2.09083581,,-2.154205044,,,,,,,,-1.604929924,-0.435101032
-1.584243894,-1.702226758,-1.656376481,-1.169176102,,-1.647615711,,,,,,,,-3.213797331,-2.685444832
-1.19526279,-0.738277197,-0.634240389,-0.536185682,,-0.855926792,,,,,,,,0.435941458,0.365373611
0.884240687,0.907770693,0.693443239,0.835486889,,0.828484873,,,,,,,,-3.546452522,-2.441550255
2.421603441,2.299688339,2.342223167,3.351208448,,2.354504983,,,,,,,,1.009974718,0.91121614
-1.311587691,-1.210059047,-1.334025621,-1.655930042,,-1.28522412,,,,,,,,0.988994718,0.139728978
-0.903226912,-0.996348321,-1.094504952,0.010309994,,-0.998026729,,,,,,,,0.664639056,1.3204
2.230877399,2.284672976,2.479275703,1.234269261,,2.331608693,,,,,,,,0.282164216,-0.185799599
0.569542646,0.593686104,0.655920744,1.452264071,,0.606383165,,,,,,,,0.586198509,-0.466705233
-1.980744839,-1.852675915,-1.824824452,-2.014977217,,-1.886081735,,,,,,,,1.53578186,1.168441057
5.038288116,5.271015167,5.25723362,5.823982239,,5.188845634,,,,,,,,5.245820999,2.650499821
1.602350712,1.602613568,1.357502699,1.209611535,,1.520822326,,,,,,,,3.228029013,1.432468534
1.084978104,1.311964035,1.037738204,0.520657599,,1.144893448,,,,,,,,1.446719646,1.034884214
4.693659782,4.703184605,4.560978889,3.870149136,,4.652607759,,,,,,,,-1.824651837,-2.324239731
1.383752823,1.221713543,1.23032093,1.401729703,,1.278595765,,,,,,,,1.83061707,1.076429486
0.314697593,0.551630676,0.427279502,0.842130363,,0.43120259,,,,,,,,1.950366974,1.101132154
1.175562382,0.990606546,1.253821373,1.268810272,,1.139996767,,,,,,,,0.506855428,1.066812038
0.140755445,0.185872108,0.234912902,1.490324974,,0.187180152,,,,,,,,-0.978586793,-0.636084616
-2.048805475,-1.979869127,-2.003537893,-1.025993466,,-2.010737499,,,,,,,,-0.522098064,-0.310110092
-3.809095621,-3.65106678,-3.688755035,-2.852902889,,-3.716305812,,,,,,,,-1.317406893,-0.063770562
1.551861644,1.584148049,1.782667875,1.585045576,,1.639559189,,,,,,,,0.91798836,1.057333827
0.470469087,0.146508306,0.330028236,-0.615724683,,0.315668543,,,,,,,,-0.746573985,-0.840046167
-2.840534449,-2.808447123,-2.863460779,-2.944569588,,-2.837480783,,,,,,,,1.274478316,1.797475457
-0.388971806,-0.324323058,-0.367939711,-1.59003377,,-0.360411525,,,,,,,,0.104444057,0.901201367
-1.125996947,-1.110496163,-1.208620191,-0.911659122,,-1.1483711,,,,,,,,-1.240783453,-0.666797519
-2.014559507,-2.225400209,-2.395225048,-2.107181072,,-2.211728255,,,,,,,,-1.760677576,-2.192057133
-0.751762152,-1.212410092,-1.043526888,-1.112351298,,-1.002566377,,,,,,,,2.698185444,1.617537141
-1.885743499,-2.180539608,-2.231437922,-1.0835253,,-2.099240343,,,,,,,,2.24025631,2.39357233
0.454967439,0.447764218,0.50067538,1.296180725,,0.467802346,,,,,,,,2.701710463,2.685614586
4.215641975,4.23618412,4.477274418,4.203217983,,4.309700171,,,,,,,,-0.754365981,0.541363835
-5.066237926,-5.091695309,-5.120699883,-5.3966465,,-5.092877706,,,,,,,,-0.652938962,-0.389851004
1.317539096,1.198889852,1.266503215,1.315609574,,1.260977387,,,,,,,,2.928729057,2.504385471
-0.791390419,-0.630942464,-0.77402091,-1.582401991,,-0.732117931,,,,,,,,3.259964943,1.810783982
-3.862820148,-3.654459953,-3.633570194,-3.846558571,,-3.716950099,,,,,,,,0.563954353,0.862287581
-1.846575975,-1.806842685,-1.849670649,-2.022239208,,-1.834363103,,,,,,,,-0.422162145,0.275586486
0.503892541,0.683632314,0.502388656,0.44009161,,0.563304504,,,,,,,,-2.01120162,-2.208349466
3.344004154,3.401812553,3.259592533,3.084287167,,3.335136414,,,,,,,,0.697224498,1.184927583
-0.345678329,-0.525882721,-0.710648775,-0.500805855,,-0.527403275,,,,,,,,0.289717317,-0.59474206
1.033756733,0.942167938,0.960417688,1.172028899,,0.978780786,,,,,,,,-1.136252642,-0.243554205
-2.990018368,-3.202047825,-3.058917046,-3.214397907,,-3.083661079,,,,,,,,0.089972809,-0.004294708
2.37486577,2.487414598,2.623418808,2.855296612,,2.495233059,,,,,,,,0.854132891,0.831254423
1.006088853,1.181565762,1.210475206,0.920330107,,1.13270994,,,,,,,,-1.235525012,-0.468536735
-2.86652565,-2.840066433,-3.125394344,-4.021255493,,-2.943995476,,,,,,,,-3.729789019,-3.580879211
-1.568594694,-1.485677481,-1.448148727,-1.269948006,,-1.500806967,,,,,,,,-1.494095683,-1.363062978
1.291100621,1.461597085,1.449527383,1.94075942,,1.400741696,,,,,,,,0.307129771,-0.259588331
1.445619345,1.243493557,1.11093688,1.326149106,,1.266683261,,,,,,,,-0.927788615,-0.832448959
1.621175647,1.378519893,1.365774632,1.684122801,,1.455156724,,,,,,,,1.554430127,1.372647166
-0.839683712,-0.819511473,-0.754335344,0.19709903,,-0.804510176,,,,,,,,-0.28050977,-0.055580817
3.905400515,3.765110254,3.725850821,4.241654396,,3.798787196,,,,,,,,-0.346245408,-0.811407566
-0.537196994,-0.526554227,-0.430242449,-0.37770319,,-0.49799789,,,,,,,,-0.758954227,-0.283597052
3.471813679,3.593960524,3.635545731,3.225576401,,3.567106644,,,,,,,,1.197053075,0.253324449
-3.324710846,-3.338837147,-3.484430075,-3.105058908,,-3.382659356,,,,,,,,-0.062162798,-0.250669837
1.625784874,1.569353104,1.497506976,0.578476667,,1.564214985,,,,,,,,0.720161736,0.968053937
1.37385416,1.485625029,1.473903179,1.743028164,,1.444460789,,,,,,,,-0.851609826,-1.51711905
0.312553734,0.157634765,0.369783133,0.245052397,,0.279990544,,,,,,,,2.564925671,1.962512732
2.254501343,2.269948006,2.268750668,1.312055826,,2.264400005,,,,,,,,-1.815063357,-0.883832276
4.782007694,4.965545654,4.785995483,4.660170078,,4.844516277,,,,,,,,-0.350867271,-1.317363024
-1.907042623,-1.433517814,-1.534897804,-1.697128892,,-1.625152747,,,,,,,,2.388572693,2.095852613
3.233616114,3.305328608,3.45811224,4.399958611,,3.33235232,,,,,,,,2.339050055,1.637495041
2.901869297,2.890186787,2.849730253,2.959387302,,2.880595446,,,,,,,,1.730692863,2.556078911
5.120458603,5.359768391,5.480734825,7.016796112,,5.320320606,,,,,,,,1.91992569,1.168613434
-1.32919848,-1.252943993,-1.036206126,-0.64053756,,-1.206116199,,,,,,,,0.058590531,0.673633158
0.344059139,0.459959924,0.444329143,0.117924124,,0.416116069,,,,,,,,2.103265047,2.092680931
0.011092782,0.325597912,0.334507972,-0.681294203,,0.223732889,,,,,,,,-1.550283909,-0.785928249
0.253019691,0.528516173,0.438493967,0.460391283,,0.40667661,,,,,,,,-1.443465352,-0.885026693
2.045359612,2.024913549,1.914093971,0.296793312,,1.994789044,,,,,,,,1.182004213,0.829801559
-1.548940897,-1.561584711,-1.67392087,-0.081313074,,-1.594815493,,,,,,,,-2.505760193,-2.344635487
-1.817153454,-1.851107121,-1.921281099,-2.38552618,,-1.863180558,,,,,,,,-2.692421675,-1.888632059
-2.656149626,-2.544644356,-2.707141638,-2.972421169,,-2.63597854,,,,,,,,-0.891931117,-0.494492501
1.212072849,1.140338182,1.02593267,1.101612091,,1.126114567,,,,,,,,1.134618521,0.759821534
2.917518616,2.767776251,2.846107721,2.455939293,,2.843800863,,,,,,,,1.490869761,1.893214583
2.061045408,2.072094679,2.245449066,1.812376976,,2.126196384,,,,,,,,-1.475975633,-1.303924799
-2.244654179,-2.294902802,-2.137206554,-2.916090012,,-2.225587845,,,,,,,,0.008976892,0.604621947
-1.17224443,-1.172543168,-0.972284257,-1.056071162,,-1.105690618,,,,,,,,-2.58086729,-2.366920948
-1.691311479,-1.70328033,-1.60221684,-1.898887515,,-1.665602883,,,,,,,,0.275912553,0.0741788
-2.3585639,-2.181362629,-2.390509844,-2.868358135,,-2.310145458,,,,,,,,-1.489138246,-1.302884459
-0.639062464,-0.447860658,-0.481529355,-0.320414811,,-0.522817492,,,,,,,,-3.544149399,-2.707835197
-0.011823893,0.077762216,0.201509848,-0.078846619,,0.089149391,,,,,,,,-2.008711338,-0.994835258
-0.771475792,-0.593287528,-0.607190669,-0.905846477,,-0.657317996,,,,,,,,1.808109999,1.034304976
4.127101898,4.204935074,4.324221611,4.393872738,,4.218752861,,,,,,,,0.656963825,0.456724465
-0.363700032,-0.399739683,-0.60138756,-1.155219555,,-0.454942425,,,,,,,,1.667670012,1.162999034
1.47259891,1.404092789,1.449844718,3.176899195,,1.442178806,,,,,,,,-0.132628664,0.728210688
2.323303938,2.217643976,2.004157543,1.975314379,,2.181701819,,,,,,,,0.563910127,0.32831192
0.946864128,1.024538517,0.919100523,0.790682197,,0.963501056,,,,,,,,-3.346801758,-1.664928317
-1.01301825,-0.829230726,-0.755606115,-1.382107615,,-0.865951697,,,,,,,,-1.928002,-1.41800046
-1.740041494,-2.00021553,-1.911930084,-1.996058464,,-1.88406237,,,,,,,,-3.003538132,-1.764644861
0.628598034,0.683112562,0.884444594,0.542291284,,0.73205173,,,,,,,,2.297342539,1.613170624
1.278717637,1.085490346,1.229422569,0.463672161,,1.197876851,,,,,,,,0.920034409,0.845740199
-1.743593335,-1.792192698,-1.75686121,-1.133316278,,-1.764215748,,,,,,,,0.077918887,-0.970896602
0.453308433,0.241381347,0.178518325,0.121318728,,0.291069369,,,,,,,,-0.103666253,-0.524108291
-1.450974345,-1.70190537,-1.770984173,-0.620129466,,-1.641287963,,,,,,,,-0.017681569,0.098241255
-1.862273216,-1.920604944,-1.944462061,-2.593957901,,-1.909113407,,,,,,,,0.910463691,0.838785529
1.022322774,0.930490136,0.763244629,1.945031166,,0.905352513,,,,,,,,-0.865879893,-1.657941341
1.430356145,1.534819841,1.577163219,1.601472378,,1.514113069,,,,,,,,0.880515218,0.11812219
-1.226063728,-1.657616615,-1.813492894,-1.552636266,,-1.565724413,,,,,,,,-0.712442815,-0.92844516
2.080715179,1.993017197,1.847196102,2.121789455,,1.973642826,,,,,,,,0.584062815,0.057421207
1.170874596,1.029179573,0.811061502,1.884988546,,1.003705223,,,,,,,,1.088507056,0.329771876
-4.791844368,-4.680621624,-4.614109993,-5.33398962,,-4.695525328,,,,,,,,1.218323469,0.30829677
-4.837887287,-4.691868782,-4.590773582,-5.213671684,,-4.706843217,,,,,,,,-0.56352663,-1.381195426
0.708439887,0.684065402,0.715152144,0.712568879,,0.702552478,,,,,,,,1.31596303,0.695102096
-5.315522194,-5.231070518,-5.303437233,-4.264564514,,-5.283343315,,,,,,,,1.186845064,0.175241917
1.705941439,1.642835617,1.615497112,1.788804293,,1.654758056,,,,,,,,2.56659174,1.891044378
0.799476862,0.779244602,0.891922116,1.207200527,,0.82354786,,,,,,,,-0.1299555,-0.627864301
-2.61640048,-2.675569773,-2.591528416,-2.420650005,,-2.62783289,,,,,,,,0.47213465,0.099808015
-0.401544452,-0.624535918,-0.585105121,1.107131958,,-0.53706183,,,,,,,,2.179431677,1.694267154
0.861835241,1.115717173,0.996111333,2.047653675,,0.991221249,,,,,,,,0.624185979,1.000435352
-0.761936545,-0.83935374,-0.770642698,-0.19463627,,-0.790644328,,,,,,,,-0.221571982,-0.097904712
-0.922177255,-0.821737051,-0.935788631,-0.57355392,,-0.893234313,,,,,,,,1.134057999,1.711103797
-3.312768459,-3.050180674,-3.129623652,-2.624116659,,-3.164190928,,,,,,,,1.553773642,0.580204487
1.991219521,1.661977053,1.613316298,2.143343687,,1.75550429,,,,,,,,0.414631218,0.731960237
-4.072881222,-3.949587107,-3.799384594,-4.813755035,,-3.940617641,,,,,,,,2.256280899,1.179368258
3.552189589,3.353792429,3.738601923,4.149045944,,3.548194647,,,,,,,,0.407711804,0.205619946
-2.115883827,-2.24750495,-2.222275257,-1.766116858,,-2.195221345,,,,,,,,1.610505581,1.562434196
-3.37110877,-3.319513798,-3.379692078,-3.004148245,,-3.356771549,,,,,,,,-1.189295888,-1.431767702
-1.562123537,-1.501206398,-1.531981945,-0.647706985,,-1.531770627,,,,,,,,1.839680314,-0.630370498
-2.614355087,-2.451648712,-2.257378101,-1.869125009,,-2.4411273,,,,,,,,-0.30491361,-1.281058073
0.698402405,0.376193166,0.359868646,0.269660026,,0.478154739,,,,,,,,-0.689588785,-0.264077693
2.910324574,3.0570333,3.171482801,2.896110773,,3.046280225,,,,,,,,1.210666299,0.445753515
-1.210358858,-1.585137367,-1.607720613,-1.642557859,,-1.467738946,,,,,,,,1.020004034,0.439110279
3.942890882,4.03361845,3.92716217,3.616588831,,3.967890501,,,,,,,,0.727943778,-0.094652213
-0.439090431,-0.477102876,-0.529109299,0.862858295,,-0.481767535,,,,,,,,-1.652067423,-0.368361473
-1.093292475,-1.442729473,-1.273197889,-0.884332418,,-1.269739946,,,,,,,,2.557477951,1.819603324
0.495000482,0.857221723,0.538513899,1.673830271,,0.630245368,,,,,,,,-0.015623797,-1.095479488
-0.951273203,-1.02378273,-0.738334894,-1.498597622,,-0.904463609,,,,,,,,1.695730448,0.463820726
-0.27184087,-0.260142893,-0.199048415,-0.627090514,,-0.243677393,,,,,,,,-0.709976554,-0.378704488
-0.506874979,-0.431787252,-0.419181526,-0.141497195,,-0.452614586,,,,,,,,-0.717603326,-0.940910101
-0.126962095,-0.242713109,-0.542266726,-0.316008031,,-0.303980644,,,,,,,,1.777125597,1.366503716
0.230374143,0.566865683,0.667375326,-0.442340285,,0.48820505,,,,,,,,2.578231573,1.75414145
1.62425983,1.496260762,1.419136167,2.877420902,,1.513218919,,,,,,,,0.079741299,1.154077172
-1.232776523,-1.270303965,-1.3290236,-2.340755463,,-1.277368029,,,,,,,,-1.586442351,0.003051884
0.467270255,0.49845016,0.43815738,1.800694346,,0.467959265,,,,,,,,0.687628746,0.028298646
0.071657963,0.036462165,0.232929468,0.178704888,,0.113683199,,,,,,,,-0.075708926,-0.129250646
4.105345249,4.171910763,4.319216728,3.526720524,,4.198824247,,,,,,,,2.368280888,1.523737192
2.412004948,2.659078121,2.611046553,2.319573879,,2.560709874,,,,,,,,1.010721803,0.615322649
-0.652212441,-0.842320263,-0.819675386,-0.726804972,,-0.771402697,,,,,,,,0.051815763,-0.016545922
-1.841120481,-1.912853479,-1.950783253,-2.853096008,,-1.901585738,,,,,,,,-0.910269141,-0.430655688
3.574479103,2.919824362,2.908024549,3.700727701,,3.134109338,,,,,,,,-1.571106434,-1.077037215
-2.771645784,-2.933100224,-2.95651412,-3.04699111,,-2.887086709,,,,,,,,-2.770500183,-2.602857113
-0.38574177,-0.323378563,-0.212131485,-0.187839538,,-0.30708394,,,,,,,,-0.057696141,-0.020903174
-2.064638853,-2.278543234,-2.348407745,-1.582787871,,-2.230529944,,,,,,,,0.849250674,1.073053956
-4.455794334,-4.526941776,-4.471816063,-5.133852005,,-4.484850725,,,,,,,,0.344473749,0.241304934
-1.142722249,-1.195855975,-1.150173426,-1.885224938,,-1.162917217,,,,,,,,0.735916972,0.860294521
-0.25419125,-0.423070639,-0.320416629,-0.835464835,,-0.332559506,,,,,,,,-0.630010307,-0.018125951
-2.565855742,-2.480623722,-2.498405218,-3.369266987,,-2.514961561,,,,,,,,-1.278682947,-0.719037533
1.927778721,2.020680904,1.889218569,2.927864313,,1.945892731,,,,,,,,1.033445954,1.148754597
1.617361665,1.97672224,1.94832325,1.686328173,,1.847469052,,,,,,,,1.860455513,1.832101822
-0.779824674,-0.955901086,-1.1197474,-0.228572205,,-0.951824387,,,,,,,,-0.171256676,0.754865766
-2.439124346,-2.690578699,-2.643601179,-2.207244635,,-2.591101408,,,,,,,,-0.71470201,-0.635197103
2.222602606,2.175606489,2.066809654,1.846824765,,2.15500625,,,,,,,,0.111890942,0.171976358
-0.067464039,-0.079058707,-0.193845898,1.59984839,,-0.113456214,,,,,,,,-3.543596268,-2.132591486
0.195971534,0.146954238,-0.122845858,-0.430992723,,0.073359971,,,,,,,,2.541327477,1.197708607
-3.371413708,-2.98649168,-2.99684906,-2.810992241,,-3.118251483,,,,,,,,0.441323221,-0.797716022
1.755153894,1.815433264,1.820922017,0.562376261,,1.797169725,,,,,,,,0.964633942,-0.095379718
-0.74953258,-0.806526065,-0.865837693,-1.03068912,,-0.807298779,,,,,,,,-3.885031223,-3.010837555
2.261449575,2.036108494,1.76811552,2.316215754,,2.021891197,,,,,,,,-1.469753623,-1.199362397
-1.187647462,-1.221555591,-1.281021714,-1.350688219,,-1.230074922,,,,,,,,-1.066263437,-1.535609126
-0.939833283,-1.181277752,-1.039152622,-1.190189242,,-1.053421219,,,,,,,,3.749931812,1.870727658
-2.676179647,-2.918497086,-2.962851524,-2.906235456,,-2.852509419,,,,,,,,0.348034173,0.338119775
2.363747358,2.096125841,1.906048775,2.455740929,,2.121973991,,,,,,,,0.831935942,0.637602806
-1.71402967,-1.708784223,-1.605958819,-1.711114407,,-1.676257571,,,,,,,,-2.977051735,-2.318887234
0.480834246,0.396462321,0.726643205,0.601785421,,0.534646591,,,,,,,,0.7635203,0.928004503
1.836758256,1.39295578,1.378025532,1.170480728,,1.535913189,,,,,,,,-1.207199097,-0.502971411
-2.592380524,-3.029252291,-2.965596199,-2.367100477,,-2.862409671,,,,,,,,-0.7812078,-0.151599452
-0.199294403,-0.474939436,-0.569059968,-0.823273122,,-0.414431269,,,,,,,,-1.522635579,-0.152717009
-2.489852905,-2.826053381,-2.947337627,-1.638593078,,-2.754414638,,,,,,,,-0.936228335,0.016652986
0.816996694,0.950556636,0.839664817,1.032170653,,0.869072715,,,,,,,,-3.181938887,-1.932778358
-0.205515563,-0.181076765,-0.063523583,-1.450801015,,-0.150038637,,,,,,,,-1.359885216,-1.048014641
-1.526658654,-1.597027421,-1.614025712,-1.878732562,,-1.579237262,,,,,,,,2.205574751,0.895446777
1.059753895,1.138732433,1.233616352,1.583255768,,1.144034227,,,,,,,,3.451937199,3.138975382
-1.610611916,-1.721785784,-1.818120718,-1.85054934,,-1.716839472,,,,,,,,1.175681114,0.591359615
0.594653904,0.387552649,0.203615367,-0.294287771,,0.395273974,,,,,,,,-1.851007223,-1.933456421
-1.874252558,-2.239993334,-2.192345858,-1.687650323,,-2.10219725,,,,,,,,0.931517482,0.382374167
1.568351746,1.62166214,1.536991596,0.926389337,,1.575668494,,,,,,,,-0.609698355,-1.229915619
0.929582775,0.980631769,1.196078777,1.336035848,,1.035431107,,,,,,,,-0.019175198,0.223659754
-4.723497391,-4.864688396,-4.917495251,-4.068925858,,-4.835227013,,,,,,,,-1.893495917,-1.524443865
-1.359814405,-0.927072346,-1.06774354,-0.774301112,,-1.118210097,,,,,,,,0.620426536,1.026470184
-1.262646317,-0.9892658,-1.020457387,-1.017564774,,-1.090789835,,,,,,,,1.313391685,1.366123796
-3.018159389,-3.052981138,-3.269505024,-3.343140125,,-3.113548517,,,,,,,,-2.359113216,0.451821506
-0.170356631,-0.226649106,-0.481097758,0.033233881,,-0.292701165,,,,,,,,-1.614521742,-1.059464574
-1.789474726,-1.971414447,-1.81971097,-2.688890696,,-1.860200047,,,,,,,,-2.079059601,-2.129580259
-1.189289451,-1.213280797,-1.102510929,-0.556851208,,-1.168360392,,,,,,,,1.8065871,1.680248141
3.452090979,3.327952147,3.379028082,4.566626549,,3.386357069,,,,,,,,-0.105802789,0.446355522
1.427813888,1.450131297,1.152835608,1.400278091,,1.343593597,,,,,,,,-0.61901325,-0.760366321
-5.525855064,-5.413657188,-5.192214012,-7.051067352,,-5.377242088,,,,,,,,-3.185866356,-1.535904646
-0.934795618,-0.677127302,-0.655229092,0.578311563,,-0.755717337,,,,,,,,-0.022455275,0.154802203
-0.978184104,-1.048456073,-1.178203106,-0.81014663,,-1.068281094,,,,,,,,-1.890298605,-2.488687038
0.548749328,0.663452387,0.59608829,0.306305081,,0.602763335,,,,,,,,0.598238111,0.568324685
4.298305988,4.521625996,4.519744873,4.997878075,,4.446558952,,,,,,,,-1.476700783,-1.061733127
0.002902642,0.101578943,0.121707425,-0.109337956,,0.075396337,,,,,,,,0.654242635,-0.724959493
1.779090524,1.626067638,1.629072666,1.799820423,,1.678076943,,,,,,,,3.332936764,2.549755812
0.528936446,0.427128434,0.408905208,1.21702373,,0.454990029,,,,,,,,0.939232886,1.179474711
0.714687347,0.82019335,0.727256954,0.413464189,,0.754045884,,,,,,,,1.656360388,0.602330804
3.135721684,3.222806692,3.208262205,2.550304413,,3.188930194,,,,,,,,2.088293552,1.458099365
0.440425307,0.598644733,0.630647302,1.7745502,,0.556572447,,,,,,,,-0.655621886,-1.37889564
-0.338944286,-0.402532607,-0.411188871,-1.041231036,,-0.384221921,,,,,,,,0.132146075,0.09938851
-2.224455833,-2.015880823,-2.14771533,-2.03990078,,-2.129350662,,,,,,,,-0.486300588,-0.170966387
-0.56027317,-0.381793648,-0.176293164,-0.635093153,,-0.372786661,,,,,,,,0.509069741,0.182385102
2.214563608,2.022328377,1.965247154,1.720912218,,2.067379713,,,,,,,,0.942070127,0.584216356
-0.774766982,-0.354404569,-0.453506529,-0.184384376,,-0.52755936,,,,,,,,-0.352622658,-1.048311114
0.504096329,0.492651522,0.539346159,-0.36974138,,0.512031337,,,,,,,,0.43086803,-1.57243979
2.211892843,1.880446672,1.806411266,1.925167441,,1.966250261,,,,,,,,-1.920132875,-1.682253361
1.919801116,2.195665359,2.217819691,0.86477536,,2.111095389,,,,,,,,-2.149269104,-2.720319271
0.089892164,0.06164889,0.023858562,-2.319197178,,0.058466539,,,,,,,,-0.114160374,-1.273070335
0.154015556,0.188079461,0.200169489,-0.099527955,,0.180754835,,,,,,,,0.883308113,0.475992858
4.024455547,3.962818146,4.034699917,3.444663286,,4.007324537,,,,,,,,0.977905631,0.855915666
1.701763153,1.959280372,2.057591915,0.841545582,,1.906211813,,,,,,,,-0.313916028,0.431766689
-4.896809578,-5.014951706,-5.090761662,-4.939953327,,-5.000840982,,,,,,,,-2.807769537,-3.950428963
-1.288368106,-1.147383571,-1.267970085,-3.06964159,,-1.234573921,,,,,,,,0.471277595,1.161621571
0.799969435,0.663569808,0.587376356,0.329657495,,0.683638533,,,,,,,,-1.546007037,-0.427343428
4.031630993,3.989029884,4.278462887,3.776569366,,4.099707921,,,,,,,,-0.818478286,0.725910425
2.867824078,2.894751787,2.941533089,2.019110918,,2.901369651,,,,,,,,-1.654245734,0.058713153
3.09316349,2.854720831,2.799903631,3.196126938,,2.915929317,,,,,,,,-0.304551214,-0.381116241
0.49324882,0.595835507,0.487264216,0.522634923,,0.525449514,,,,,,,,1.568037033,0.907299519
-0.720745802,-0.941514969,-0.663735628,-0.379869044,,-0.775332133,,,,,,,,-0.081434242,-0.150048345
-1.624723077,-1.321196914,-1.201180577,-2.667355537,,-1.382366856,,,,,,,,-0.689141512,-1.456003428
0.511418581,0.494309962,0.532061279,0.338288844,,0.512596607,,,,,,,,-0.624811649,-0.91195488
-0.121782914,-0.017558172,-0.187672168,0.169441387,,-0.109004418,,,,,,,,-0.747017503,-0.767337561
-4.881991863,-5.083816051,-4.898030758,-6.103152275,,-4.954612891,,,,,,,,-1.158678412,-0.150132045
-1.728811622,-1.794606805,-1.734995961,-1.323116302,,-1.752804796,,,,,,,,-1.426234722,-1.73322165
-1.338883996,-1.205857038,-1.384507179,-2.032420874,,-1.309749405,,,,,,,,0.322539032,-0.087768376
-0.133057147,-0.467795789,-0.595443189,-0.021340065,,-0.398765375,,,,,,,,-0.902382612,-0.486563325
0.915079117,0.976828396,1.310500264,-0.72198391,,1.067469259,,,,,,,,1.836546421,1.829679012
-0.677206516,-0.620685935,-0.616387904,0.667182148,,-0.638093452,,,,,,,,0.169608876,-0.148746252
-4.178244114,-4.077139854,-4.206699371,-4.646174431,,-4.15402778,,,,,,,,0.052265316,-0.09005028
-2.159806013,-2.238897085,-2.124598026,-1.428183079,,-2.174433708,,,,,,,,1.945256472,0.646280706
-1.329436779,-1.528788328,-1.2294209,-0.558672905,,-1.362548669,,,,,,,,0.350688875,0.164445519
1.380679131,1.482448339,1.688831091,1.934402943,,1.51731952,,,,,,,,-3.332744122,-2.64670682
-4.223530769,-4.149909019,-4.377713203,-4.698901653,,-4.250384331,,,,,,,,-0.390183002,0.213112786
-0.177197844,-0.127874553,-0.190537989,0.876755774,,-0.165203462,,,,,,,,0.104653299,0.8649863
-0.52052176,-0.094958782,-0.266793698,-0.974352121,,-0.294091413,,,,,,,,-1.180491924,-0.595037162
-2.400259733,-2.467169762,-2.577940464,-2.801218271,,-2.481789986,,,,,,,,-2.368849754,-1.22527957
-3.423532963,-3.329329252,-3.272201777,-2.023541689,,-3.341687997,,,,,,,,0.281154394,-0.136486843
-2.816996813,-2.874530077,-2.919424057,-2.715845585,,-2.870316982,,,,,,,,0.704971671,0.71211344
-2.571620464,-2.760001183,-2.893147945,-2.403500557,,-2.741589864,,,,,,,,0.435536921,0.51189363
-0.505922437,-0.60757792,-0.52683115,-0.910445213,,-0.546777169,,,,,,,,-1.380845308,0.069594443
1.448906302,1.458846807,1.36474824,1.358162761,,1.424167116,,,,,,,,-0.210675076,0.387889653
1.297436357,1.331857681,1.396829128,0.053444952,,1.342041055,,,,,,,,0.529972315,-0.289617896
0.362503022,0.378228575,0.36753276,0.421407163,,0.369421452,,,,,,,,-0.305321306,-0.376592517
0.141696796,0.005785309,-0.448815942,0.794540048,,-0.100444612,,,,,,,,2.395192623,2.024067879
2.667597771,2.619923115,2.614318371,3.071760893,,2.633946419,,,,,,,,1.181979895,2.160351038
-0.830865502,-0.595011473,-0.587247372,-0.381737649,,-0.671041449,,,,,,,,2.389696121,1.478947639
-0.795721948,-0.799389541,-0.786312044,-0.577873468,,-0.793807844,,,,,,,,0.356035233,0.420248032
-0.051013052,0.138037324,-0.022894621,-0.107418031,,0.02137655,,,,,,,,-0.811599076,-0.59153688
2.379579782,2.379644156,2.426273584,2.59314537,,2.395165841,,,,,,,,0.385223716,0.128629178
2.014928818,1.890901923,1.56477356,1.990909934,,1.823534767,,,,,,,,0.548513234,0.399394929
0.579266787,0.62590611,0.42785722,-0.735124648,,0.544343372,,,,,,,,1.054491758,0.175995857
3.281295061,3.331404924,3.238544464,4.018629074,,3.28374815,,,,,,,,-1.879041433,-0.713084698
-3.86906004,-3.970680952,-3.874910116,-4.675606728,,-3.904883703,,,,,,,,0.787742019,0.356320769
-2.604990959,-2.670475721,-2.557257414,-1.730512261,,-2.610908031,,,,,,,,-0.471536279,0.279806852
1.207688093,1.073916435,1.276974082,1.671098709,,1.18619287,,,,,,,,-0.113334954,1.023924232
2.459061623,3.092497587,3.03662324,2.789247513,,2.862727483,,,,,,,,-0.664921284,1.531297207
4.654895782,4.501760483,4.67261982,4.46239233,,4.609758695,,,,,,,,1.421638966,1.35880971
0.131282464,-0.247782201,-0.162133038,-0.770343363,,-0.092877592,,,,,,,,1.796664476,1.977948308
-1.813489556,-1.769059658,-1.563563347,-1.564723969,,-1.715370854,,,,,,,,-1.590452552,-1.354376197
3.161708355,3.099405289,2.859503746,2.290855169,,3.040205797,,,,,,,,-1.13459897,-1.778605223
-2.111718178,-2.014561892,-1.956099987,-2.309841633,,-2.027460019,,,,,,,,0.221352309,-0.769921899
-3.830275536,-3.777014494,-3.757645607,-4.697392464,,-3.788311879,,,,,,,,-1.716705441,-1.800233603
-0.95479393,-1.163218975,-1.040936351,-0.842174053,,-1.052983085,,,,,,,,-1.692218184,-0.636972427
0.697315693,0.950775504,0.77532661,1.429549694,,0.807805936,,,,,,,,0.141999841,2.179567337
2.622790813,2.896730423,2.832101345,1.544891,,2.783874194,,,,,,,,-1.413228512,-0.486192346
0.241592407,0.246462613,0.452429891,0.533233762,,0.31349497,,,,,,,,-2.850068808,-1.58118844
-1.554026723,-1.793723822,-1.735878468,-1.856566548,,-1.694543004,,,,,,,,-1.041713119,-0.033064798
0.637138665,0.530236304,0.585083127,1.386821151,,0.584152699,,,,,,,,-1.281910539,-0.761613071
-2.790575027,-2.408984423,-2.180057526,-2.377656937,,-2.459872325,,,,,,,,-1.820250392,-1.405585051
-2.507854939,-2.063927174,-2.157790899,-3.464013338,,-2.243191004,,,,,,,,0.245316476,0.123965308
-0.371496916,-0.676608086,-0.602908611,-1.193854094,,-0.550337871,,,,,,,,0.886658967,0.700854778
-1.072719097,-0.919652104,-1.015060663,-0.999809325,,-1.002477288,,,,,,,,-2.106687307,-1.704454899
-0.597958565,-0.367124885,-0.380580723,-0.737145185,,-0.448554724,,,,,,,,-0.860763907,-1.142542362
4.005458832,3.928408146,3.730744123,3.590107679,,3.8882037,,,,,,,,0.217097297,1.399522901
0.087420106,0.156138569,0.186439872,-0.084195137,,0.143332849,,,,,,,,1.482558966,2.486838341
1.576849103,1.269503474,1.242404938,0.116211995,,1.362919172,,,,,,,,0.91323781,-0.287893832
0.576124191,1.042200923,0.720431924,0.591540873,,0.779585679,,,,,,,,1.767149091,2.073105335
-4.274820328,-4.466994762,-4.764154911,-4.071532726,,-4.50199,,,,,,,,-0.6619609,-0.37297076
-0.496030897,-0.606268823,-0.799211383,-0.48764953,,-0.633837034,,,,,,,,-0.768893063,0.590419173
-1.166459322,-1.267674208,-1.124610186,-0.100825384,,-1.186247905,,,,,,,,1.906876564,1.532930851
-0.682577193,-0.422340453,-0.386012793,0.245650068,,-0.496976813,,,,,,,,-1.413425684,-1.698090792
0.709277213,0.923295557,1.039495111,0.187321424,,0.890689294,,,,,,,,0.42055425,0.629012048
1.170478344,1.426201582,1.347640753,0.659145892,,1.31477356,,,,,,,,-1.841573715,-1.665665388
-1.11019969,-0.995126903,-0.974857748,-0.936062455,,-1.026728113,,,,,,,,-1.644698381,-0.605904818
-1.947969079,-2.002187967,-2.194264412,-1.148283243,,-2.048140486,,,,,,,,1.217566729,1.946860552
-0.519343078,-0.664766967,-0.522944391,-0.372378767,,-0.569018145,,,,,,,,-0.200384125,0.504128754
1.786072016,1.836382389,1.955628872,1.396218538,,1.859361092,,,,,,,,0.951683879,1.500597477
1.653278112,1.763581991,1.624477148,0.805260539,,1.680445751,,,,,,,,-0.844031513,0.996245205
2.753294945,2.714020252,2.583712101,2.995569944,,2.683675766,,,,,,,,-0.786685467,-1.52808845
-2.616653442,-2.528446674,-2.597606659,-2.61269021,,-2.580902259,,,,,,,,-1.802838683,-1.903489113
-0.694440305,-0.761355281,-0.714522898,-0.800444722,,-0.723439495,,,,,,,,1.521273136,1.200170755
5.366413116,5.596718788,5.220788956,5.319665909,,5.394640287,,,,,,,,0.041324846,-0.334211051
0.82573235,0.958954215,0.859067202,0.771979928,,0.881251256,,,,,,,,-0.522459686,-1.657298446
1.464665174,1.467998385,1.301801443,2.3202672,,1.411488334,,,,,,,,-2.465360165,-1.505004644
2.738808632,2.649152994,2.650099993,3.298239708,,2.679353873,,,,,,,,2.415510178,2.418768883
-2.191627979,-2.053878546,-2.154359818,-2.026323557,,-2.133288781,,,,,,,,-3.322597027,-2.345231056
0.287086844,0.354694664,0.293016791,-0.725842893,,0.311599433,,,,,,,,1.082379341,0.228513673
-0.220444649,-0.241348535,-0.07214728,0.063289762,,-0.177980155,,,,,,,,1.820484757,0.408460706
-0.03480218,0.076860756,-0.016545538,-0.761260688,,0.008504346,,,,,,,,-0.241707712,-0.476889163
-2.961150169,-3.29222846,-3.123450279,-3.294415951,,-3.125609636,,,,,,,,0.545937896,0.91081655
1.239875436,1.211767077,1.269017339,0.301585943,,1.240219951,,,,,,,,-1.770343304,-2.32417202
-1.436014891,-1.368981123,-1.34764266,-0.462186605,,-1.384212891,,,,,,,,-1.17578423,-0.25323531
1.512022614,1.521816373,1.55426085,1.006166101,,1.529366612,,,,,,,,1.636732578,1.047562122
-1.439348817,-1.643835545,-1.635067225,-1.278416753,,-1.572750529,,,,,,,,-1.557654381,-1.205748081
0.391307324,0.432774514,0.338966399,0.576514482,,0.387682746,,,,,,,,1.466828704,0.327440023
-0.095093258,-0.131750882,0.168998018,-0.084842861,,-0.01928204,,,,,,,,-0.081639558,-0.681291342
-2.98564291,-3.083464146,-3.120937824,-3.358247995,,-3.063348293,,,,,,,,-2.731369972,-2.517390251
-4.016701221,-3.912368298,-3.808731556,-3.708378553,,-3.912600358,,,,,,,,0.905808926,0.264434069
-0.668874502,-0.42695418,-0.542618454,-1.085064888,,-0.546149045,,,,,,,,-0.525384426,-0.86868763
-1.672157168,-1.43630898,-1.447973609,-1.055108428,,-1.518813252,,,,,,,,-0.134218961,0.701981783
-1.582970381,-1.743397355,-1.725187659,-2.014970779,,-1.683851798,,,,,,,,-0.117877036,0.885264158
-1.228672981,-1.218561292,-0.800711811,-0.892936468,,-1.082648695,,,,,,,,-1.072999835,-0.677046061
-1.248153925,-1.470778227,-1.489586353,-2.389440536,,-1.402839502,,,,,,,,1.19146359,1.544294357
-0.23824051,-0.452175558,-0.509023607,-0.950944483,,-0.399813225,,,,,,,,-2.598512173,-1.934808731
0.476036072,0.492204607,0.558601379,-0.566466391,,0.508947353,,,,,,,,2.975430012,3.075313568
-0.22639899,-0.218026981,-0.120834902,0.735338449,,-0.188420291,,,,,,,,1.019025087,1.389947653
-3.630758762,-3.486321449,-3.609446764,-2.586280107,,-3.575508992,,,,,,,,0.88769418,0.671879351
1.331159949,1.65971005,1.721705675,1.798359632,,1.570858558,,,,,,,,-2.064092159,-1.071961522
1.736498594,1.747491598,1.677103758,0.586699247,,1.72036465,,,,,,,,1.636772037,0.515268326
1.593976498,1.561085939,1.621674895,2.244577169,,1.592245777,,,,,,,,-1.190084577,-1.353920579
-4.03387928,-3.926688194,-3.918354273,-4.316967964,,-3.959640582,,,,,,,,2.613343239,1.235289812
4.73948431,4.680180073,4.525865078,5.025123596,,4.64850982,,,,,,,,-1.827850342,-2.17087698
1.748388767,2.169859409,2.055583954,1.604119301,,1.991277377,,,,,,,,0.11428909,0.24862799
0.372496128,0.325937331,0.397574425,1.197209716,,0.365335961,,,,,,,,-0.607137084,-1.261924624
-0.363990963,-0.278476626,-0.341126978,0.882320344,,-0.327864856,,,,,,,,0.957861304,0.47107622
1.766570807,1.434312463,1.224232197,2.003894567,,1.475038489,,,,,,,,-1.398795843,-0.397174805
0.483876467,0.45198229,0.50592792,0.011740237,,0.480595559,,,,,,,,2.305239439,1.310199022
0.360500157,0.347218424,0.361192822,0.881725848,,0.356303801,,,,,,,,0.892393947,0.826128364
3.29304719,3.158449173,3.17455101,2.762166977,,3.208682458,,,,,,,,-0.414156407,-0.723396719
2.437424898,2.389240265,2.519993067,2.679433346,,2.448886077,,,,,,,,-1.167321444,-1.541773558
-1.183529019,-1.43911469,-1.414928436,-1.638608694,,-1.345857382,,,,,,,,-1.2985816,-1.442771077
1.466709614,1.471025109,1.34570241,1.738314629,,1.427812378,,,,,,,,0.586029768,0.097015977
3.975977421,3.967576504,3.743303776,3.579808474,,3.895619233,,,,,,,,2.801943064,1.738195419
1.279230595,1.253253102,1.297452688,1.094334364,,1.276645462,,,,,,,,-1.222577214,-0.398000568
3.0321486,3.252788544,3.145858526,3.562517643,,3.143598557,,,,,,,,0.112412125,0.256665975
-4.500041008,-4.534564018,-4.429197788,-3.88260293,,-4.487934271,,,,,,,,-0.395650029,0.045080043
-1.313458323,-0.905498505,-0.755499959,-1.14680016,,-0.991485596,,,,,,,,-0.200024933,0.162026674
0.037056088,0.335642248,0.40573889,-1.574869871,,0.259479076,,,,,,,,-0.273329854,0.061296403
-0.499077231,-0.264553457,-0.271748215,-1.677253008,,-0.345126301,,,,,,,,1.123899221,-0.464294434
-1.525938749,-1.559986472,-1.700030565,-1.24369812,,-1.595318596,,,,,,,,1.319500208,2.290082932
1.020517111,1.056238174,1.075600624,2.273467541,,1.050785303,,,,,,,,0.647825778,0.939834058
1.676723599,1.86309278,1.563768268,1.529730678,,1.701194882,,,,,,,,1.184602261,0.721243382
-0.997464657,-0.882941246,-0.766898155,-0.889239967,,-0.882434686,,,,,,,,-0.149886861,0.123651952
0.851805687,0.874664307,0.866308451,0.683215618,,0.864259481,,,,,,,,-1.553378344,-1.844831467
1.547937155,1.539632201,1.627489209,1.019749522,,1.571686188,,,,,,,,-0.858741045,-0.139685333
2.787503242,2.920468807,2.794570923,4.030691147,,2.834180991,,,,,,,,-0.142288536,1.676292777
-0.618355751,-0.552102387,-0.836903214,-0.000918061,,-0.669120451,,,,,,,,0.041559942,0.555122912
0.017443985,0.149545357,-0.141195059,0.321391523,,0.008598094,,,,,,,,-0.642044008,-0.690837622
3.210826159,3.236189127,3.175283432,3.107535839,,3.207432906,,,,,,,,-0.162941292,0.380940259
-3.531273842,-3.679867506,-3.628734589,-4.713011265,,-3.613291979,,,,,,,,-0.265495986,-0.947379649
-2.163515568,-2.197268009,-2.092391253,-2.009284973,,-2.151058276,,,,,,,,1.042311549,0.315553099
-1.645091772,-1.652796865,-1.707465053,-2.187944889,,-1.66845123,,,,,,,,-1.054394245,0.200115681
-0.26896587,-0.340680301,-0.571464062,0.300957471,,-0.393703411,,,,,,,,-0.204234555,-0.553603351
0.861267328,0.932664156,0.864636064,0.841756582,,0.886189183,,,,,,,,0.004093193,1.136579752
4.701566696,4.472987652,4.667529583,3.047937393,,4.614027977,,,,,,,,0.718887925,0.166929916
-0.608924448,-0.491557717,-0.517360806,0.021070957,,-0.539280991,,,,,,,,2.489639759,1.855823517
2.397060156,2.442579269,2.314628601,0.9879511,,2.384756009,,,,,,,,-0.940674603,-0.942946196
0.362426192,0.213919729,0.19840768,0.012800876,,0.2582512,,,,,,,,1.514704466,1.74753809
-2.978540421,-3.0391469,-2.919852018,-3.401504755,,-2.97917978,,,,,,,,-0.692650616,-0.337812692
1.251952171,1.157092333,1.271157026,1.260016441,,1.226733843,,,,,,,,2.64911294,1.661311507
-3.774432659,-3.324935436,-3.383030415,-4.182766914,,-3.494132837,,,,,,,,1.293854713,1.188188553
-0.431957632,-0.594489336,-0.500885367,1.420950174,,-0.509110779,,,,,,,,1.01029861,1.138171196
0.934739709,1.091978788,0.999010324,-0.542730629,,1.008576274,,,,,,,,-0.059579533,-0.967711031
4.802355289,5.088390827,4.867610931,5.115935802,,4.919452349,,,,,,,,1.488887072,1.564220428
1.778182268,1.89018631,2.193881512,3.001999617,,1.954083363,,,,,,,,-1.070481896,-0.738430142
-0.063983843,-0.081732869,-0.11300385,-0.667257607,,-0.086240187,,,,,,,,-0.170698255,-0.033334315
0.977141142,0.82804215,0.606178403,1.521893382,,0.803787231,,,,,,,,0.970974207,-0.050424274
3.130581141,3.222617149,3.134818316,2.396681309,,3.162672202,,,,,,,,-1.424893618,-1.08306241
-1.317787051,-1.448077679,-1.555349112,-0.346156061,,-1.440404614,,,,,,,,0.411664665,0.145491511
-1.070745587,-0.834894061,-0.737573743,-1.003849983,,-0.88107113,,,,,,,,3.789701223,4.241078377
1.074668527,1.162301421,1.103980422,0.588275313,,1.113650123,,,,,,,,-0.320536584,-0.279942632
2.534708977,2.664617538,2.645155191,2.792499065,,2.614827236,,,,,,,,-1.605240822,-0.322520435
-5.295462132,-5.489453793,-5.472848892,-5.577370644,,-5.419254939,,,,,,,,-2.474780083,-1.027829647
0.980537772,0.768310785,0.706060529,0.903812885,,0.818303029,,,,,,,,1.163010836,0.360888094
1.237663627,1.319408059,1.224012136,1.650046349,,1.260361274,,,,,,,,-0.624916136,0.601580262
-0.182964727,0.077896982,-0.121105626,-0.292026669,,-0.075391124,,,,,,,,-0.494611681,-0.657855392
-0.424370229,-0.176020861,-0.363088697,0.851939857,,-0.321159929,,,,,,,,0.624589086,1.121635318
4.141636848,3.960170269,3.912797451,3.371586323,,4.004868189,,,,,,,,-0.367422104,-0.641509175
0.488594145,0.61612165,0.767431915,1.302530646,,0.624049236,,,,,,,,-4.395909309,-2.458707333
0.547876179,0.647109985,0.546341956,0.486427248,,0.580442707,,,,,,,,0.714681387,-0.222681314
1.531289697,1.703162551,1.677775502,1.37717247,,1.63740925,,,,,,,,2.178874254,2.422315836
1.178356767,1.051492095,0.621624053,0.716782451,,0.950490971,,,,,,,,0.511623561,0.882379472
1.043039322,0.759644806,0.760737598,0.602305651,,0.854473909,,,,,,,,-1.129186034,-1.375839949
-1.133987546,-1.017152786,-1.177217722,-2.603672981,,-1.109452685,,,,,,,,0.70393157,-0.135387287
-3.047734261,-3.022963762,-2.660245419,-3.9120121,,-2.91031448,,,,,,,,-1.452685714,-1.446917295
1.345694065,1.033166766,1.004296064,1.5642941,,1.127718965,,,,,,,,0.911283135,1.016383767
-3.531504393,-3.734089136,-3.571706295,-2.953000784,,-3.612433275,,,,,,,,0.820614815,0.08158952
0.81347847,1.030751586,0.96750474,0.16567269,,0.937244932,,,,,,,,-0.640236199,-0.784060657
2.99859333,3.104132652,3.161839962,3.003558636,,3.088188648,,,,,,,,0.826401591,0.626638055
-1.482151508,-1.365006208,-1.300761104,-1.712625384,,-1.382639607,,,,,,,,-1.042711496,-1.090361595
-0.785916805,-1.067031503,-1.179698825,-1.146615267,,-1.010882378,,,,,,,,-0.01672478,-0.409236729
3.988326073,4.169657707,4.396255493,3.837714672,,4.184746424,,,,,,,,0.522278547,-0.184709996
-0.21876967,-0.032172084,-0.201413915,-0.06265457,,-0.150785223,,,,,,,,0.035790414,-0.080364943
-1.330194712,-1.257639885,-1.205103397,-0.504306674,,-1.264312665,,,,,,,,-0.912100196,-0.228402257
2.931815863,2.620695114,2.577241182,3.00248003,,2.709917386,,,,,,,,1.210214376,0.616945386
-1.992550969,-1.884113431,-1.971082568,-2.635702372,,-1.949248989,,,,,,,,1.969370365,1.507094622
3.7745502,3.502677441,3.491718054,2.971698523,,3.589648565,,,,,,,,-0.998820841,-0.903178871
1.153594971,1.302328825,1.392290711,-0.203027219,,1.282738169,,,,,,,,1.064708114,0.35038659
3.791981936,3.826674461,3.797516823,4.246269226,,3.805391073,,,,,,,,0.719993591,-0.227919847
0.154930741,0.165345907,0.134589106,0.468927711,,0.151621918,,,,,,,,-0.677962601,0.035738021
0.860376477,0.733264089,0.820653439,0.551249862,,0.804764668,,,,,,,,1.734872818,0.942135215
0.572210431,0.251356542,0.43060708,1.672903061,,0.418058018,,,,,,,,-0.06611833,0.930474102
1.289512038,1.556260109,1.464196205,1.833057404,,1.436656117,,,,,,,,-0.750589311,-0.836879015
1.752711773,1.725431323,1.824006438,1.179788589,,1.767383178,,,,,,,,0.756274521,0.474832505
2.991461515,2.694743872,2.592041969,3.394050598,,2.759415785,,,,,,,,-1.641949296,-2.169572592
-1.259273291,-1.059699535,-0.99964273,-2.686022282,,-1.106205185,,,,,,,,-0.595782518,0.309299618
1.153825998,1.161619782,1.25758934,1.64450717,,1.191011707,,,,,,,,0.435484827,-0.288455456
-1.353639841,-1.479041576,-1.21266675,-1.781372428,,-1.348449389,,,,,,,,-0.463922203,0.734282017
-0.890212476,-1.302391768,-1.093691826,-0.697005332,,-1.095432023,,,,,,,,-0.054263659,-1.085489035
2.793918133,2.877243519,2.884052277,3.559604168,,2.851737976,,,,,,,,0.043256879,-1.048919201
-0.410129488,-0.172983125,-0.436581135,-1.398616791,,-0.339897916,,,,,,,,-1.375172496,-1.193226099
-1.303142786,-1.56139636,-1.514849186,-1.720601201,,-1.459796111,,,,,,,,-1.693989515,-0.593171358
1.554624319,1.207086563,1.63792944,2.386424065,,1.466546774,,,,,,,,0.939598441,0.656180978
-0.008969292,0.25862813,0.395425469,-1.043042064,,0.215028102,,,,,,,,1.808015704,0.733497202
-1.478848934,-1.690135241,-1.705153704,-1.693270922,,-1.624712626,,,,,,,,0.08526279,0.712748468
-0.227018982,-0.356248021,-0.200274557,0.60620153,,-0.26118052,,,,,,,,1.799743414,0.475565016
-0.642212212,-0.575445294,-0.300432533,0.04500917,,-0.506030013,,,,,,,,3.012460709,2.115803719
-0.551466525,-0.54264468,-0.73533088,-0.64550972,,-0.609814028,,,,,,,,-1.120105505,-1.312199593
1.710211873,1.575359225,1.640285969,1.577008963,,1.641952356,,,,,,,,1.39017272,0.605884314
1.611634016,1.81639421,1.935359836,2.368443727,,1.787796021,,,,,,,,-0.607442558,-0.073089585
-5.900550842,-6.071813583,-5.817560673,-5.294680595,,-5.929975033,,,,,,,,-0.216836751,-0.961622059
-2.415244818,-2.231718779,-2.129629374,-2.930089235,,-2.258864323,,,,,,,,-0.339070559,0.504583895
-30.6370697,-30.8580246,-30.91391563,-30.11467361,,-30.80300331,,,,,,,,-4.150092125,-5.274544716
0.827334285,0.637333035,0.615175843,0.85182476,,0.693281054,,,,,,,,1.561896324,0.763463974
3.243956566,3.006378889,3.097443342,3.61771822,,3.115926266,,,,,,,,0.669041634,0.60040307
0.936800539,0.849741817,0.97839731,1.608296871,,0.921646555,,,,,,,,3.362145901,1.348737001
2.871630907,2.935446978,2.627911568,3.365359545,,2.811663151,,,,,,,,-0.878584743,-0.12246348
-3.804175138,-3.555708647,-3.666757107,-3.482595205,,-3.675546964,,,,,,,,1.137241483,1.214441299
-0.265828788,-0.458758175,-0.254868388,-1.008921623,,-0.326485117,,,,,,,,-1.697339058,-1.494031191
0.770861864,0.918107867,1.103177428,1.284202456,,0.93071572,,,,,,,,1.741712809,0.983254552
-1.365895748,-1.487443566,-1.502381086,-2.599444151,,-1.4519068,,,,,,,,-0.525372446,-1.924828053
-1.370262265,-1.442222238,-1.46910882,-1.584134817,,-1.427197774,,,,,,,,-0.511063755,0.665481091
0.921450496,0.87590313,0.905268312,0.649007678,,0.900873979,,,,,,,,0.007506926,0.419473767
0.09131512,-0.205100149,-0.303836375,-1.231907487,,-0.139207135,,,,,,,,3.064330101,2.9525249
-1.02205193,-0.928620934,-0.707996249,-0.233555198,,-0.886223038,,,,,,,,2.624450207,1.654002309
1.801772833,2.218440056,2.073422432,1.125915051,,2.031211774,,,,,,,,-1.580688357,-0.907192349
-0.705856204,-0.744417429,-0.643788695,0.967192769,,-0.698020776,,,,,,,,-0.203165263,0.782061458
2.24140954,2.291298389,2.523385525,2.909994602,,2.352031151,,,,,,,,-0.103232697,0.097406983
-1.011717081,-1.15091908,-1.055566788,-0.263092339,,-1.072734316,,,,,,,,0.839532435,0.887119412
1.016165733,1.089140892,1.124217749,-0.649215817,,1.076508125,,,,,,,,0.863937378,0.587580144
0.243250221,0.124966994,0.200843692,0.998149931,,0.189686969,,,,,,,,-1.296936512,-2.26837945
-2.553561926,-2.328480482,-2.16799283,-3.274348497,,-2.350011746,,,,,,,,1.364469767,0.915539861
-3.021957636,-2.950610638,-3.042650938,-4.030856609,,-3.005073071,,,,,,,,0.646439135,0.629057884
-1.834399462,-1.778181553,-1.718140483,-3.021126747,,-1.776907166,,,,,,,,1.181669116,2.173471212
-4.369505405,-4.193417549,-4.160634518,-4.465754032,,-4.241185824,,,,,,,,0.8131634,0.624470592
0.613344014,0.870292664,1.110232115,1.92899704,,0.864622931,,,,,,,,1.063272357,0.805881381
-1.043496847,-0.978898466,-0.935756385,-0.927957416,,-0.986050566,,,,,,,,-0.324037611,-0.068429202
3.847556829,3.638497829,3.808816433,5.081357479,,3.764957031,,,,,,,,0.25242579,1.789177895
1.690499306,1.646375775,1.646400332,1.707866669,,1.661091805,,,,,,,,-1.194267154,-0.363867044
0.723737836,0.720484316,0.790846109,-0.229611322,,0.745022754,,,,,,,,-1.038080573,-0.990625024
4.258262157,4.191737175,4.183538914,3.796426773,,4.211179415,,,,,,,,1.081598401,-0.059838384
1.214444876,1.241378903,1.314162374,0.158144876,,1.256662051,,,,,,,,-1.515346527,-0.547105193
3.149053097,3.231745958,2.996964455,4.013642788,,3.12592117,,,,,,,,0.490640759,0.600164235
-2.281695604,-2.188757181,-2.457607508,-0.593392015,,-2.309353431,,,,,,,,0.473248571,0.449217796
1.47819972,1.687737226,1.555814981,1.282055736,,1.573917309,,,,,,,,-0.526246786,0.793076456
-1.19132638,-1.037531972,-0.893302441,-1.391912341,,-1.040720264,,,,,,,,-0.315569043,0.762566209
0.497040242,0.735471129,0.684316397,0.321835816,,0.638942589,,,,,,,,-1.992620111,-2.156012535
0.315667957,0.32467708,0.188922137,-0.13456054,,0.276422391,,,,,,,,1.600667715,0.762825489
1.968224764,1.953995943,1.974115372,3.057497501,,1.96544536,,,,,,,,-0.013219118,0.139908582
-2.042833805,-1.718868256,-1.748470426,-2.357758284,,-1.836724162,,,,,,,,0.959164977,0.943913579
4.060276985,4.224596024,4.362323284,4.441691399,,4.215732098,,,,,,,,0.100757658,-0.233442068
3.993803024,3.820195198,3.800904274,4.748149872,,3.871634165,,,,,,,,0.297890097,1.369360089
1.220704675,1.166672707,1.016489029,1.405934215,,1.134622137,,,,,,,,-0.702265203,-0.198947161
-1.267187595,-0.999285221,-0.911045313,-1.617160201,,-1.05917271,,,,,,,,1.126298308,1.672454357
-1.185147762,-1.217135549,-1.106564999,-1.035733223,,-1.169616103,,,,,,,,-0.595174611,-0.205879122
-4.276380062,-4.22189188,-4.225978851,-4.166080475,,-4.241416931,,,,,,,,-0.096712589,-0.57334137
1.463880301,1.537125587,1.492087722,1.98570013,,1.49769787,,,,,,,,1.107955575,1.161708117
0.072612718,0.033319529,0.056964796,0.041936241,,0.054299014,,,,,,,,-1.122732878,-0.86884141
-2.450588465,-2.234655857,-2.283412457,-1.672235012,,-2.322885593,,,,,,,,1.150800824,0.693430424
1.566701055,1.559994221,1.480904818,1.639755964,,1.535866698,,,,,,,,-0.594651103,-0.255447417
2.481338501,2.414036512,2.632456303,1.815535903,,2.509277105,,,,,,,,0.029715769,0.552436352
-4.960087299,-4.996953487,-4.774488449,-4.994583607,,-4.910509745,,,,,,,,-0.482936621,0.161618754
-1.674666643,-1.533864737,-1.655757189,-1.748176098,,-1.621429523,,,,,,,,1.207675934,0.138513148
0.031530678,-0.043103218,-0.02756089,-0.396814942,,-0.013044477,,,,,,,,1.259352446,0.285691082
1.550446868,1.379562855,1.469531417,2.377702713,,1.466513713,,,,,,,,-0.311781049,-0.390351653
2.191581011,2.266615868,2.07564044,1.886578798,,2.177945773,,,,,,,,1.0449543,1.21668005
-1.056519628,-1.148974895,-1.376888156,0.173094809,,-1.19412756,,,,,,,,0.894581378,0.857178152
-1.820914626,-1.844824672,-1.966957092,-0.373269916,,-1.877565463,,,,,,,,-0.238391802,-0.010133743
-1.767159581,-1.879157305,-2.111079931,-1.812150002,,-1.919132272,,,,,,,,-1.003932714,-0.698485136
0.993242323,1.259001136,1.234426379,1.151693106,,1.162223279,,,,,,,,0.225936815,0.40499109
-2.545197964,-2.476705551,-2.457942009,-2.421954155,,-2.493281841,,,,,,,,-1.703440428,-1.580207825
-2.717380524,-2.729455471,-2.653275251,-3.80757618,,-2.700037082,,,,,,,,1.516025543,1.42283535
-4.458422661,-4.543471813,-4.383281231,-4.100659847,,-4.461725235,,,,,,,,-0.972960889,-0.184351683
-1.805945992,-1.61219883,-1.804378629,-1.853360295,,-1.74084115,,,,,,,,0.851507306,0.29560262
-1.241857648,-1.187580109,-1.170838356,-1.232550025,,-1.200092038,,,,,,,,-1.680896521,-1.125777125
0.634113848,0.890955627,0.900587261,1.377198458,,0.808552245,,,,,,,,-1.960105181,-0.315537542
-1.688935995,-2.05108285,-2.157106638,-1.59226191,,-1.965708494,,,,,,,,-1.155381918,-1.148425221
5.356536388,5.459804535,5.580673218,4.42334938,,5.46567138,,,,,,,,-0.278547555,-0.436240822
-1.576288462,-1.422359347,-1.306005955,-0.827540338,,-1.434884588,,,,,,,,0.072709262,0.458947212
-2.453282118,-2.433992624,-2.429771185,-2.721971512,,-2.439015309,,,,,,,,-0.275804818,-1.80652988
-2.413340569,-2.703306913,-2.886308432,-1.289865851,,-2.667651971,,,,,,,,0.491962165,1.301149249
2.169779301,1.954940081,2.08832407,2.366180182,,2.071014484,,,,,,,,-1.534122944,-1.978059053
-1.649501443,-1.493133426,-1.568724751,-1.076858521,,-1.570453207,,,,,,,,-1.028800607,-1.155194759
-0.998915911,-1.067234159,-0.87132436,-0.993973553,,-0.979158143,,,,,,,,-0.157251105,0.117496081
2.133842707,1.89327848,2.065983057,2.095017672,,2.031034748,,,,,,,,1.77193296,1.142013431
3.063431263,3.12587738,2.977087021,2.825937986,,3.055465221,,,,,,,,0.165518343,0.543469667
1.815133572,1.690345287,1.513474703,2.630292892,,1.672984521,,,,,,,,-1.565213561,-0.645631552
0.862374842,0.848131001,0.970573604,0.007794857,,0.893693149,,,,,,,,-1.066159487,-0.325035781
-0.13215737,0.003917783,-0.070049345,-0.585886121,,-0.066096311,,,,,,,,-1.178158998,-0.698991656
-2.716732979,-2.897644758,-2.824793339,-2.636470079,,-2.813057025,,,,,,,,-2.812199116,-1.902262449
-1.999895453,-1.768755555,-1.874926329,-1.536983013,,-1.881192446,,,,,,,,-2.345362663,-1.326675177
3.219053507,3.224731922,3.020665407,3.555311203,,3.154816945,,,,,,,,-0.01236568,0.601287782
1.062057257,1.039229393,1.233723521,1.002081037,,1.111670057,,,,,,,,-2.256712914,-3.158999205
-2.784284592,-2.940187216,-3.211403847,-2.555186987,,-2.978625218,,,,,,,,-0.429014385,0.378849804
0.306866378,0.293528765,0.24417761,-0.293570429,,0.281524251,,,,,,,,-0.870629311,-0.403493255
1.389991403,1.388681531,1.163133144,2.239541769,,1.313935359,,,,,,,,0.050762504,-1.465220809
-2.404011965,-2.064428329,-2.019957542,-2.290316105,,-2.162799279,,,,,,,,-0.469359159,-0.213298619
1.47476387,1.40102613,1.403053164,0.326506048,,1.426281055,,,,,,,,-1.597167134,-0.756050229
-1.844957471,-2.009814262,-1.963231206,0.433129191,,-1.939334313,,,,,,,,0.435412645,-0.084506445
0.43267104,0.254518837,0.080886155,1.465774298,,0.256025344,,,,,,,,1.631078243,2.026731968
0.993054509,0.767262936,0.672937393,1.717994809,,0.811084946,,,,,,,,-0.842082143,-0.402280301
-3.735466242,-3.598783016,-3.38160491,-3.396537781,,-3.571951389,,,,,,,,-0.527404904,-0.313615322
0.968039513,1.107251167,1.207261205,1.272541761,,1.094183962,,,,,,,,-0.444467306,-1.220188856
8.491559982,8.46551609,8.47489357,8.16311264,,8.477323214,,,,,,,,0.653905034,1.09090209
-0.627685905,-0.369950265,-0.331384987,-1.813143611,,-0.443007052,,,,,,,,1.670289993,1.458580732
1.764119148,1.652903557,1.520333767,2.130438328,,1.645785491,,,,,,,,-0.385846198,0.273061574
-2.909213066,-2.660206079,-2.658869267,-2.641310692,,-2.742762804,,,,,,,,-1.235411882,-0.141571656
0.242368296,0.459974527,0.074077487,0.599433541,,0.25880677,,,,,,,,-2.649541855,-1.52191782
-0.14612031,-0.231890723,-0.071748361,0.283415854,,-0.149919798,,,,,,,,-1.43617034,-1.665856242
-2.544807196,-2.562201977,-2.634159088,-3.220051289,,-2.58038942,,,,,,,,-1.539335012,-1.288979292
1.378756523,1.491661906,1.413719058,0.135091245,,1.428045829,,,,,,,,1.181995392,-0.087450534
0.840780139,0.713026166,0.850459218,-0.898897767,,0.801421841,,,,,,,,1.5296278,0.141584799
2.463662386,2.623464346,2.638848543,3.093394041,,2.575325092,,,,,,,,-0.592215538,0.112372607
0.35514316,0.253192753,0.363607764,-0.819664538,,0.323981225,,,,,,,,0.646125078,1.150281668
-0.979247093,-0.712302804,-0.842756093,0.2815817,,-0.844768663,,,,,,,,2.950111866,2.417844772
-0.747995496,-0.553264022,-0.657505095,0.404882073,,-0.652921538,,,,,,,,-1.013166547,-0.914585233
0.575950027,0.659563303,0.705961287,0.661037624,,0.647158206,,,,,,,,3.010615826,2.430683136
-0.590278029,-0.845480204,-0.86668396,-0.570991695,,-0.767480731,,,,,,,,0.273523808,-0.259458452
1.538697004,1.804890275,1.832036734,1.276517034,,1.725208004,,,,,,,,-0.698716104,-0.006671805
-1.331567287,-1.679848552,-1.75080049,-0.830088854,,-1.587405443,,,,,,,,1.155788779,1.379340649
-1.19738996,-1.209709287,-1.11835146,-1.334623218,,-1.175150235,,,,,,,,0.3363204,-0.056816891
-1.138863564,-1.37172389,-1.405903578,-2.930471182,,-1.305497011,,,,,,,,-0.608011007,0.011903435
-0.114191234,0.233923107,0.42976439,-0.228735894,,0.183165421,,,,,,,,-0.261676133,-1.577320576
-0.585446954,-0.519702077,-0.633760095,-1.125576973,,-0.579636375,,,,,,,,0.74405539,0.414680451
-4.431701183,-4.737580776,-4.654655457,-4.795508862,,-4.607979139,,,,,,,,1.520381212,1.764950991
-0.185863435,0.056865275,-0.017166197,0.716118574,,-0.048721453,,,,,,,,0.578221798,0.465183258
-0.351675332,-0.080690742,0.170544162,0.264813393,,-0.08727397,,,,,,,,1.014683008,0.259321362
0.904714465,0.989778042,0.882472277,1.486968756,,0.925654928,,,,,,,,0.456923604,0.522690892
-0.301220566,-0.209262937,-0.253020793,1.049086809,,-0.254501432,,,,,,,,2.313077211,1.952054381
-0.762811124,-0.756117404,-0.675604582,-0.901654005,,-0.731511037,,,,,,,,1.860666037,2.099234581
-2.430692911,-2.330987692,-2.579245567,-2.774748802,,-2.44697539,,,,,,,,0.172901288,-1.428708076
1.933970451,1.807848692,1.849015713,1.832022667,,1.863611619,,,,,,,,-1.255683422,-0.952896774
1.666748047,1.389847159,1.127391696,2.82097578,,1.394662301,,,,,,,,-0.17324622,-0.639791131
-2.596498489,-2.649609804,-2.638074636,-2.867943764,,-2.628060977,,,,,,,,1.576807976,0.536468863
0.544009447,0.329589158,0.382102162,0.659800887,,0.418566922,,,,,,,,-1.274853826,-1.661990166
-1.315621614,-1.080588102,-1.054350853,-0.708242953,,-1.150186857,,,,,,,,0.958895385,1.17937386
0.767859697,0.725298166,0.733400941,0.047637269,,0.742186268,,,,,,,,-0.416727215,0.083367154
0.433622688,0.768758774,0.85889411,-0.726407051,,0.687091857,,,,,,,,1.914204359,0.675861001
2.243055105,2.25280261,2.278368711,2.593562365,,2.258075476,,,,,,,,-0.033773504,0.974238753
2.365833282,2.592687607,2.541849375,3.95798111,,2.500123421,,,,,,,,2.97371912,1.629938126
-0.033965796,0.001078159,0.035572082,-0.448322952,,0.000894815,,,,,,,,0.435432673,0.55680126
1.607740402,1.655587554,1.222657323,1.514436603,,1.495328426,,,,,,,,-0.589642882,-0.631781578
3.894948721,4.098344326,4.172551632,4.503083229,,4.05528156,,,,,,,,1.847144365,1.800167561
-1.004861832,-1.087994099,-0.698040307,-0.828064084,,-0.930298746,,,,,,,,1.645158529,1.68307066
-0.891521811,-0.704628706,-0.624895573,-1.063919783,,-0.740348697,,,,,,,,0.911067605,1.558171272
-1.458425045,-1.279487967,-1.353496909,-2.765341759,,-1.363803307,,,,,,,,0.144696712,-0.560920596
-0.119641051,-0.294794798,-0.270642817,0.06073457,,-0.228359555,,,,,,,,-0.96622014,-0.989167571
2.516135693,2.461295843,2.37322402,3.700302839,,2.450218519,,,,,,,,-0.751604736,-0.807362139
-1.260765553,-1.097530127,-1.280512094,-0.457377851,,-1.212935925,,,,,,,,-2.409016609,-1.846670151
-2.901764393,-2.870419025,-2.766466141,-2.201120377,,-2.84621652,,,,,,,,-0.693094134,-0.228013307
3.888658762,3.918455362,3.668979645,4.921990871,,3.82536459,,,,,,,,-0.133821607,-1.65694952
2.103914738,2.204381943,2.286943436,2.250116587,,2.198413372,,,,,,,,-0.737058163,0.06116236
-0.95186758,-1.293915391,-1.091144681,-1.790403724,,-1.112309217,,,,,,,,-0.767946362,-1.188637137
3.602347851,3.524448395,3.512131929,3.6514678,,3.546309392,,,,,,,,-0.785976171,-1.119269848
0.943621755,0.889419317,0.683267355,0.272712946,,0.838769476,,,,,,,,0.984350383,1.390728116
0.643076777,0.95484215,1.045405269,1.094225645,,0.881108065,,,,,,,,0.216154426,0.002691098
-0.297515154,-0.289268225,-0.476715744,0.76440835,,-0.354499708,,,,,,,,-1.093471766,-0.673709512
-0.244830534,-0.289831817,-0.191459849,-0.928150952,,-0.242040733,,,,,,,,0.35106805,0.847974598
-17.01762962,-17.49505043,-17.71192551,-15.71967125,,-17.40820185,,,,,,,,-9.927142143,-11.12242794
1.718580723,1.565490961,1.431577206,1.498841286,,1.571882963,,,,,,,,-0.425533652,-0.676255107
-0.729959607,-0.740530252,-0.694390416,-0.909707189,,-0.721626759,,,,,,,,-0.888076961,-1.228098392
-1.291241288,-1.5502038,-1.448225021,-0.578047097,,-1.429890037,,,,,,,,0.890830517,0.400011808
-2.322487831,-2.313484907,-2.449944973,-2.062237024,,-2.36197257,,,,,,,,1.269289374,1.555336475
-2.677452326,-3.12830019,-3.154076576,-3.487650633,,-2.986609697,,,,,,,,-2.205938339,-1.552020907
2.574379444,2.503768921,2.770715714,1.843291521,,2.616288026,,,,,,,,0.06947419,-1.388912678
-2.134777546,-1.805817127,-1.672053337,-0.838264167,,-1.87088267,,,,,,,,0.551294386,0.642414272
5.061727047,4.603696346,4.414633751,4.212429523,,4.693352381,,,,,,,,0.681736231,0.902976632
0.220917076,0.365706503,0.440339953,-0.181037843,,0.342321177,,,,,,,,-2.175036907,-1.109001637
-2.127004862,-1.916411877,-2.107202768,-1.402479529,,-2.050206502,,,,,,,,-0.294277757,-0.273321986
0.092094183,0.160031348,0.225905269,0.687915742,,0.1593436,,,,,,,,-0.609622121,-0.16385138
3.816782236,3.416509867,3.520024538,4.350294113,,3.58443888,,,,,,,,1.533057809,0.644554913
2.681140423,2.94763279,3.051427126,2.021544456,,2.893400113,,,,,,,,-1.048637271,-1.687896013
-0.622068763,-0.76210916,-0.723021626,-0.731128573,,-0.70239985,,,,,,,,1.404954791,1.502607584
0.768419743,0.578059316,0.684954166,1.132790565,,0.677144408,,,,,,,,0.758013368,0.318629801
0.20463562,0.01801908,0.012654305,-0.542015791,,0.078436335,,,,,,,,2.197490692,1.593387604
0.798769832,0.854817271,0.629448652,1.700761318,,0.761011918,,,,,,,,-1.556980968,-1.327114105
-6.907038212,-6.784682274,-6.599277496,-7.515664577,,-6.763665994,,,,,,,,-1.812991858,-0.838836551
0.527737021,0.409198701,0.381997824,0.570992947,,0.439644516,,,,,,,,0.103906251,1.284103274
1.904074669,1.712460995,1.726652384,2.431853056,,1.781062682,,,,,,,,0.40399155,0.400213003
2.506774902,2.257471561,2.11501646,0.976632595,,2.293087641,,,,,,,,-1.048250675,-1.495138407
0.306199044,0.354393095,0.245761305,-0.510442197,,0.302117815,,,,,,,,-2.972220659,-0.870355725
1.573018074,1.144928217,1.112080574,1.382169604,,1.276675622,,,,,,,,1.188751221,1.798900843
0.248652905,0.216669381,0.134106547,-0.7827667,,0.199809611,,,,,,,,-1.002613902,-1.774763465
-1.697561026,-1.91955471,-1.735567808,-1.726403356,,-1.784227848,,,,,,,,-0.560259104,0.437031806
-2.790862322,-2.73537302,-2.689613342,-3.155998468,,-2.738616228,,,,,,,,0.209796682,-0.103749931
-0.943084002,-0.889801443,-0.770223796,-0.332516313,,-0.86770308,,,,,,,,-1.380248308,-1.043598175
-0.932409346,-0.879321635,-0.803217471,-0.568026423,,-0.871649484,,,,,,,,0.305127889,0.357490331
4.236143112,4.361216068,4.60359478,4.158747196,,4.400317987,,,,,,,,2.949168205,3.003824234
-2.829986095,-2.924338818,-2.593324184,-2.224261761,,-2.782549699,,,,,,,,1.292802572,1.412728548
-1.736359954,-1.616271138,-1.802702427,-2.216985703,,-1.718444506,,,,,,,,-0.092833206,0.245722786
-0.938505888,-0.702931345,-1.080243826,-1.916353345,,-0.907227019,,,,,,,,-1.764180779,-2.157261372
-1.850744486,-1.529570341,-1.433403015,-1.030433655,,-1.604572614,,,,,,,,-1.334830284,-0.63314724
0.488133311,0.597293496,0.554100335,1.598699331,,0.546509047,,,,,,,,0.21244365,-0.048180722
3.255523682,3.216480494,3.186745405,3.104194641,,3.219583193,,,,,,,,-4.036791325,-2.977934361
1.724452972,1.750286341,1.818072915,2.696359634,,1.764270743,,,,,,,,0.787053347,0.309603244
-0.547175944,-0.561944067,-0.467561662,-1.507010579,,-0.525560558,,,,,,,,-0.374870062,-0.175164446
-0.089664221,-0.196794659,-0.143420339,-1.421764851,,-0.143293073,,,,,,,,-1.01566112,-0.282033086
2.370726347,2.59867835,2.616310596,3.325836897,,2.528571765,,,,,,,,-1.701682806,-1.830177546
-4.934537888,-4.857583523,-4.827212334,-5.014547348,,-4.873111248,,,,,,,,1.901361108,0.887270927
1.603892207,1.809475064,1.809455752,2.330475569,,1.740941008,,,,,,,,-1.125707984,-1.047028065
-0.049051769,0.05361037,0.261375278,-0.004407598,,0.088644626,,,,,,,,-0.541879714,-0.883757293
-0.022480488,-0.111171454,-0.116961062,0.309829086,,-0.083537668,,,,,,,,-0.587358057,-1.045954466
-0.801960051,-0.659046233,-0.538230836,-0.113880463,,-0.666412373,,,,,,,,-0.541528344,-0.861960173
-0.225777686,-0.449778736,-0.26906693,0.435206592,,-0.31487445,,,,,,,,0.756297827,-0.703893125
0.141416013,0.305801332,0.290188611,1.235734463,,0.245801985,,,,,,,,1.371829033,0.824441552
0.638176322,0.577586651,0.491241813,1.041246176,,0.569001595,,,,,,,,3.185475826,2.69937253
-2.232404709,-2.024436951,-2.047386169,-1.947027922,,-2.101409276,,,,,,,,-0.613076329,-1.646724224
-0.300485939,-0.496052593,-0.314826936,-1.270262003,,-0.370455156,,,,,,,,0.732331395,0.951190948
-0.997476995,-1.382797003,-1.271069646,-2.061930895,,-1.217114548,,,,,,,,-1.76201272,-0.843389273
-3.207955122,-3.446487427,-3.270347357,-2.945120096,,-3.308263302,,,,,,,,1.517782211,0.462182283
0.28530103,0.466409504,0.369697452,0.629829109,,0.373802662,,,,,,,,1.719050407,1.20262742
-2.301525831,-2.091450691,-2.013014317,-1.312201858,,-2.13533028,,,,,,,,0.086514264,0.116822183
1.105598688,1.377305508,1.376474977,1.34532547,,1.286459724,,,,,,,,0.144473419,-0.680458128
4.680306435,4.586133003,4.431507111,5.754216194,,4.565982183,,,,,,,,0.628749907,1.050400257
-0.600204408,-0.664179564,-0.475622058,-1.213519573,,-0.58000201,,,,,,,,0.607388496,1.122642636
-1.690232277,-1.879193783,-1.778525829,-2.085647583,,-1.78265063,,,,,,,,0.940785527,1.391099453
1.295169353,1.203564405,1.001623392,1.871201038,,1.166785717,,,,,,,,0.210101068,-0.073152818
-0.643177867,-0.632906079,-0.781427622,-0.799373388,,-0.685837189,,,,,,,,-1.443502545,-0.449899554
1.17019701,1.495167375,1.541931152,0.93058306,,1.402431846,,,,,,,,-0.365107983,-0.222054601
-1.249205112,-1.39479351,-1.254113197,-1.663995743,,-1.299370607,,,,,,,,1.509965658,0.252785027
0.737403631,0.719969034,0.821023345,0.135611206,,0.759465337,,,,,,,,0.52581203,1.440081835
4.276004791,4.30603075,4.166586399,3.256531,,4.249540647,,,,,,,,-2.049871445,-1.79008317
-1.299186826,-1.266039014,-1.270352244,-1.058702946,,-1.278526028,,,,,,,,1.189330339,1.568867803
-0.826603532,-0.759354949,-0.834159613,-1.536582828,,-0.806706031,,,,,,,,0.748932481,0.044403404
2.267412186,2.347300529,2.372009754,1.620125532,,2.32890749,,,,,,,,2.0492208,0.957465291
2.729930639,2.714539528,2.66267848,1.894288898,,2.702382882,,,,,,,,1.088212371,1.052125692
0.087075412,0.277723104,0.440604627,-1.250924945,,0.268467714,,,,,,,,-1.075090051,-1.193850636
0.636722386,0.682922065,0.948915422,0.240347147,,0.756186624,,,,,,,,-0.194958672,-0.420209587
-0.313201725,-0.455922723,-0.351253271,0.390238523,,-0.37345924,,,,,,,,2.709115982,2.27642107
-0.165089011,-0.011752337,-0.04484421,-0.951189876,,-0.073895186,,,,,,,,-2.035813808,-0.915858626
0.155519053,0.248518422,0.349207044,-1.230476618,,0.251081506,,,,,,,,0.601497412,0.543223023
2.614004612,2.544011354,2.334277868,1.511182427,,2.497431278,,,,,,,,-0.33146742,-0.934072435
-1.983331084,-1.966779351,-1.7108078,-2.040335417,,-1.886972745,,,,,,,,-0.489493072,-0.550367117
0.021692902,-0.456778884,-0.15780279,-0.1104258,,-0.197629591,,,,,,,,0.656112671,1.058601379
1.001727343,0.834526777,0.761905491,1.991456389,,0.866053204,,,,,,,,0.593566358,1.613996029
-1.409538507,-1.336046696,-1.318394184,-2.01324892,,-1.354659796,,,,,,,,0.883428454,0.866947472
1.577904463,1.307075977,1.2573452,2.008423567,,1.380775213,,,,,,,,-0.428184927,0.435760856
0.371503413,0.692213535,0.746430993,1.85432446,,0.603382647,,,,,,,,-0.399617314,-0.990849495
-6.532513142,-6.37029171,-6.167163372,-5.614290714,,-6.356656075,,,,,,,,0.681524754,0.057256982
1.544321418,1.636382937,1.756194711,1.342979193,,1.645633022,,,,,,,,0.171472684,-0.986980557
0.573648095,0.563884079,0.254442066,1.158222437,,0.463991414,,,,,,,,0.354267418,0.108224645
0.025278635,-0.172271714,0.039700791,-0.491475999,,-0.035764096,,,,,,,,-0.624058187,-0.585435033
-4.720962524,-4.517979622,-4.275847435,-4.838475227,,-4.50492986,,,,,,,,-2.493122339,-1.9988271
-3.134609222,-3.344797134,-3.400083542,-2.697853327,,-3.2931633,,,,,,,,1.64193213,1.622403145
2.52671051,2.533727407,2.746853828,2.480933189,,2.602430582,,,,,,,,-0.198741302,-1.051004887
0.960026026,0.798122168,0.951924562,0.558542967,,0.903357585,,,,,,,,1.257788777,0.886871338
-3.036706924,-3.083754063,-3.090787888,-3.111657143,,-3.070416292,,,,,,,,-3.879197121,-2.886342764
1.14844799,1.333764076,1.415164471,1.910789967,,1.299125512,,,,,,,,-0.789274573,-1.187725544
1.540385008,1.493492603,1.527234554,0.496176302,,1.520370722,,,,,,,,2.07224226,1.500527859
2.332378864,2.583821535,2.759641886,2.872782946,,2.558614095,,,,,,,,1.627034545,1.659097672
2.416227102,2.237516642,2.270332575,2.660907507,,2.30802544,,,,,,,,-2.940942287,-2.42623353
4.078454494,4.19372654,3.991502047,3.226083994,,4.08789436,,,,,,,,0.004241422,0.267169446
-0.275911659,-0.219725937,-0.257593513,0.103065342,,-0.251077036,,,,,,,,-1.078572154,-1.353674769
-0.810370862,-0.628726244,-0.782137334,-1.077543616,,-0.74041148,,,,,,,,-2.115986824,-2.061069965
-0.896015525,-0.981072664,-1.108663917,-1.541566253,,-0.995250702,,,,,,,,0.548150897,0.321918696
2.530632257,2.484968424,2.588953018,2.853133202,,2.534851233,,,,,,,,0.717002988,1.378333211
1.048424244,0.514977694,0.770232916,1.304952741,,0.777878284,,,,,,,,2.576860905,2.19689703
-1.800384998,-1.673287868,-1.755323172,-2.207535982,,-1.742998679,,,,,,,,3.070765018,1.404083252
-0.966505289,-1.199796915,-0.936648965,-2.52210021,,-1.034317056,,,,,,,,1.258471966,0.521102786
2.765871525,2.835848331,2.820159912,2.749091625,,2.807293256,,,,,,,,3.598420143,2.883326292
1.408057451,1.557705283,1.451638341,1.454977274,,1.472467025,,,,,,,,-0.046130098,0.942019701
-0.253311932,-0.412341356,-0.558041155,1.877921104,,-0.407898148,,,,,,,,-3.751612186,-3.749051094
-1.139327645,-1.037963867,-0.730710387,-1.170018673,,-0.969333967,,,,,,,,-2.255823374,-1.767597556
1.520276666,1.44393003,1.60900867,1.378353357,,1.524405122,,,,,,,,1.358148694,0.397064269
-0.928462029,-1.249380946,-1.445178151,-1.899307013,,-1.207673709,,,,,,,,0.549663842,0.444334328
-1.358994365,-1.563805342,-1.832345724,-0.755521774,,-1.585048477,,,,,,,,-0.180871665,-0.656852424
-4.126142979,-4.570438385,-4.662059784,-4.896558762,,-4.452880383,,,,,,,,-0.2517398,0.665308237
0.543329895,0.238906443,0.282468975,0.193124905,,0.354901771,,,,,,,,-0.347196043,-0.214231864
-1.520971417,-1.271816373,-1.237899303,-2.814226866,,-1.343562365,,,,,,,,0.81361711,0.834518731
-2.982214451,-3.172546148,-2.886681795,-2.66978693,,-3.013814131,,,,,,,,-1.070602298,-1.595166445
-1.325932026,-1.139971256,-1.280646086,-2.102479458,,-1.248849789,,,,,,,,0.450435996,-0.054571107
1.949480534,2.147190094,2.229304075,1.544933677,,2.108658234,,,,,,,,-2.347894192,-1.507264853
-2.381283045,-2.300573826,-2.540696621,-3.036836386,,-2.407517831,,,,,,,,-0.871530294,-1.118563175
0.670497358,0.848093331,0.70078665,0.917559505,,0.739792446,,,,,,,,1.883027434,0.875955999
-3.111769199,-2.680710793,-2.52866888,-3.506244183,,-2.773716291,,,,,,,,0.470008433,0.148405552
1.320181012,1.129878044,1.113302708,1.290899754,,1.187787255,,,,,,,,-3.18426609,-3.626003265
0.182384819,0.030243009,0.045625709,0.404414445,,0.086084512,,,,,,,,-0.126115918,0.124756411
0.294852793,0.260080457,0.227927908,0.68504858,,0.260953719,,,,,,,,-0.697712183,-0.122387454
2.32186532,2.078909397,2.258555412,1.589121342,,2.21977671,,,,,,,,1.785639286,0.901274264
-1.590800285,-1.428160906,-1.422634602,-2.055552483,,-1.480531931,,,,,,,,0.475818902,0.696815073
-0.986503899,-0.865179121,-0.971122205,-1.229035616,,-0.940935075,,,,,,,,0.095722526,0.361416548
-0.603550076,-0.523058295,-0.565754652,0.105750084,,-0.564121008,,,,,,,,-2.819758415,-3.890647888
2.085304022,2.109965801,1.972401023,0.284439534,,2.055890282,,,,,,,,1.927945137,0.98601675
4.754968166,4.591981888,4.634575844,3.80164814,,4.660508633,,,,,,,,-2.038382053,-1.792956829
0.31163469,0.06156075,-0.09388876,1.007734537,,0.093102227,,,,,,,,1.447766542,1.563962936
-0.754726052,-0.425697982,-0.417517245,0.267872363,,-0.532647093,,,,,,,,0.635166466,0.638561666
-1.810494542,-1.770906806,-1.915394783,-1.627183199,,-1.832265377,,,,,,,,-3.473266125,-1.046804309
0.548434675,0.507600307,0.27255249,0.185633644,,0.442862491,,,,,,,,-0.087384932,0.925834715
0.190094709,0.156605735,-0.039950244,-0.585107028,,0.102250067,,,,,,,,-1.420394301,-0.643503964
5.031947613,5.076459885,5.037024498,4.868109226,,5.048477332,,,,,,,,2.756261826,3.384907961
-0.014041811,0.148782045,-0.046727255,-0.953896642,,0.029337659,,,,,,,,1.553215146,1.167693138
-0.149595708,-0.014344037,-0.110054642,-0.623668551,,-0.091331462,,,,,,,,-1.10050416,-0.931801319
-2.955371618,-2.880855083,-2.865971565,-2.2042799,,-2.900732756,,,,,,,,-1.418295383,-0.305846334
3.148231506,2.985418081,3.088865757,2.930601597,,3.074171782,,,,,,,,-1.018055916,-0.19387871
-2.331867695,-2.242869854,-2.221910954,-1.990024447,,-2.265549501,,,,,,,,-1.994215488,-1.345508575
0.235456184,0.191119879,0.21957688,0.174066484,,0.215384314,,,,,,,,-0.457039118,-0.108574331
1.096503973,0.855341673,0.953472853,0.135767281,,0.9684395,,,,,,,,4.052643776,3.708302498
-0.142804548,-0.193138465,-0.29371196,-0.145504266,,-0.209884991,,,,,,,,1.275992751,1.639836669
0.148155451,0.281289101,0.247259557,0.990644217,,0.225568036,,,,,,,,-0.129772156,1.102916718
-2.531588793,-2.387101889,-2.226503134,-2.819849491,,-2.381731272,,,,,,,,2.768338203,2.234734535
-4.336403847,-4.676559925,-4.514559269,-3.944627762,,-4.509174347,,,,,,,,0.527377307,1.017689824
0.79784745,0.828328192,0.992988646,1.896003723,,0.873054763,,,,,,,,-1.845006347,-1.400424361
-2.239509344,-1.976415992,-1.822470188,-2.360114098,,-2.012798508,,,,,,,,-0.484672666,0.33910799
3.252542973,3.103730679,3.052579403,1.455281973,,3.136284351,,,,,,,,0.217562109,0.197776154
0.952274561,0.831755519,0.716064334,1.53496778,,0.833364805,,,,,,,,-1.62796247,-1.280886173
2.249314547,2.419519424,2.378608227,3.118099689,,2.349147399,,,,,,,,-1.581346035,-2.022954941
-1.686998487,-1.427978992,-1.322334647,-1.10869813,,-1.479104042,,,,,,,,1.888015032,0.618276954
3.902757406,3.989279747,4.075153351,4.387369156,,3.989063501,,,,,,,,-0.391159832,-1.239542007
-1.883149266,-1.931423783,-2.050037861,-0.710131943,,-1.954870303,,,,,,,,1.079085946,-0.092063099
-0.063349843,0.486952245,0.411300123,0.344996363,,0.278300842,,,,,,,,-1.358289719,-0.272960007
0.000930786,-0.277502775,-0.300872922,-0.400647938,,-0.192481637,,,,,,,,1.533945441,0.190616593
-1.018554211,-1.191913843,-1.151942134,-1.436377883,,-1.120803396,,,,,,,,-4.056923389,-2.934636116
-2.774004936,-2.687091827,-2.754936695,-1.239200354,,-2.73867782,,,,,,,,3.001240253,0.92701453
-4.643462181,-4.768331051,-4.797962666,-4.810657024,,-4.736585299,,,,,,,,-0.644757748,-0.696309865
4.704660416,4.735465527,4.947135448,3.810499668,,4.795753797,,,,,,,,2.112719297,1.495748281
1.205936193,1.040408373,0.982324362,1.117290854,,1.076222976,,,,,,,,0.598482728,-0.653016806
3.826126099,3.821445942,3.951687336,3.118763208,,3.866419792,,,,,,,,1.173480511,0.108594015
2.634267092,2.511589527,2.557398319,1.74932301,,2.567751646,,,,,,,,-0.449778765,0.190159202
3.280416965,3.209173203,3.163150072,2.962490559,,3.21758008,,,,,,,,0.964095771,0.820970833
2.769534826,2.868331909,2.755767107,3.106311798,,2.797877947,,,,,,,,0.328738362,-0.469465435
-0.735527754,-0.860529304,-0.650482237,0.099268727,,-0.748846432,,,,,,,,-0.230723277,-0.551020324
0.282666028,0.469963908,0.315201104,1.205676794,,0.35594368,,,,,,,,2.275597095,2.333861351
0.989895225,0.815738082,0.653452635,0.972911239,,0.819695314,,,,,,,,-0.058614794,-0.709840178
1.71609509,1.616608858,1.642243266,1.844152927,,1.658315738,,,,,,,,0.675584614,2.516669512
-1.094733715,-1.280323744,-1.229430676,-0.541125357,,-1.201496045,,,,,,,,0.994334221,0.683736324
1.765523911,1.555282354,1.490398169,1.25395596,,1.603734811,,,,,,,,-1.313118339,-0.626741529
1.717920184,1.666004658,1.750777364,2.211917877,,1.711567402,,,,,,,,1.801968098,2.151127815
0.435131431,0.623995662,0.718461752,0.540154636,,0.592529615,,,,,,,,0.486200213,0.699996769
2.090651274,2.23910594,2.301705122,3.273751974,,2.210487445,,,,,,,,1.007246733,1.075703144
-1.542051673,-1.830142498,-2.153003454,-1.557012558,,-1.841732542,,,,,,,,0.789861858,0.199642986
3.441761494,3.557673931,3.557536125,3.714467764,,3.518990517,,,,,,,,0.813569665,-0.327243268
-2.001898527,-1.988479972,-1.908959866,-2.179435968,,-1.966446122,,,,,,,,-0.338378012,0.672155857
-1.294557095,-1.438461542,-1.493570685,-0.041314624,,-1.408863107,,,,,,,,-0.918635726,-0.202238441
0.350100338,0.485396534,0.435000598,0.228479624,,0.423499157,,,,,,,,-0.289994061,-0.172869459
4.111817837,4.14091444,3.962463617,3.84642458,,4.071731965,,,,,,,,1.104929447,0.923715234
-0.791455746,-0.591304779,-0.616866946,-1.185348272,,-0.66654249,,,,,,,,-2.124725819,-1.675131321
-0.190319419,-0.106088728,-0.22288169,-0.321091533,,-0.173096612,,,,,,,,-0.388234377,0.227572918
-0.846020699,-0.477989852,-0.573450625,-0.210351154,,-0.632487059,,,,,,,,3.850885391,3.812217236
-2.13545084,-1.993027329,-2.034481764,-1.53845942,,-2.054319978,,,,,,,,2.452687502,2.433114529
2.916120291,2.877243519,2.784758806,2.705496788,,2.859374205,,,,,,,,0.808380842,0.485099465
3.773189306,3.96101594,3.949825048,3.797893524,,3.894676765,,,,,,,,1.369104266,-0.332570136
0.769314766,0.947132468,0.829936028,0.335721135,,0.848794421,,,,,,,,-0.195022583,-0.572410405
-2.015160561,-1.986101151,-1.935106158,-2.22710824,,-1.97878929,,,,,,,,-0.515885949,-0.76739043
-0.453201503,-0.529664814,-0.508048177,-0.490474582,,-0.496971498,,,,,,,,-1.620911121,-3.234668016
1.46250999,1.666554093,1.664011955,0.647934437,,1.597692013,,,,,,,,0.559375644,0.224128187
0.843555331,0.916714251,0.812389493,1.827877402,,0.857553025,,,,,,,,-2.620934963,-2.090014935
2.010834217,2.002463818,1.737857223,1.92043376,,1.917051752,,,,,,,,0.613543749,0.191279441
-0.437776119,-0.305138379,-0.354223728,-0.302588105,,-0.365712742,,,,,,,,1.044139624,1.422875404
1.656118393,1.690040588,1.741965771,1.521492243,,1.696041584,,,,,,,,1.016330004,0.938844562
-0.255218774,-0.202871874,-0.228235886,0.001983181,,-0.228775511,,,,,,,,-0.595011473,0.314045191
-4.547544003,-4.606800556,-4.676268578,-5.08019495,,-4.610204379,,,,,,,,-0.356958807,0.085420042
-3.586711407,-3.840314388,-3.74969697,-3.333643675,,-3.725574255,,,,,,,,-0.775606871,0.376916021
2.968534708,2.895963669,3.118086338,4.053971291,,2.994194905,,,,,,,,0.553643227,1.967398167
-0.197641835,0.069288462,0.05668065,0.07371065,,-0.023890908,,,,,,,,-0.221450582,-0.416814208
-1.314511776,-1.150658607,-1.127781153,-2.133038998,,-1.197650512,,,,,,,,2.599982977,1.221092701
0.156837046,0.093552291,-0.040733278,0.633320391,,0.069885353,,,,,,,,-1.498728633,-1.752090812
3.917177439,4.207083225,3.93279171,4.897402287,,4.019017458,,,,,,,,-1.227784514,-1.176230907
-2.012378693,-2.113893509,-1.730825663,-1.593048453,,-1.952365955,,,,,,,,0.110831678,0.388961434
0.755913138,0.785746276,0.709791124,0.83805269,,0.750483513,,,,,,,,0.348203987,0.820106447
0.332763761,0.344308615,0.510325193,-1.503859043,,0.39579919,,,,,,,,2.996953011,1.710061908
0.266508073,0.43590197,0.54909122,0.238640442,,0.417167087,,,,,,,,0.261910051,0.170574769
-0.295815527,-0.098760009,0.064508528,-0.919192672,,-0.110022336,,,,,,,,-1.314665437,-1.557487965
-1.32949388,-1.346906543,-1.168014169,-0.367703617,,-1.281471531,,,,,,,,0.372359484,-0.586200297
-0.725969076,-0.536807775,-0.501155198,0.158445269,,-0.58797735,,,,,,,,-0.149272472,0.270775586
-2.609680891,-2.746415138,-2.805598259,-2.980941772,,-2.720564763,,,,,,,,-0.739044547,-1.281063199
-0.787953496,-0.465352029,-0.499938518,0.453460991,,-0.584414681,,,,,,,,0.482224166,1.612042308
-3.054961205,-2.950196981,-3.142283678,-2.413103342,,-3.049147288,,,,,,,,-1.737007618,-2.015600681
0.377628386,0.210050851,0.107034422,-0.412497252,,0.23157122,,,,,,,,0.447073281,-0.080833316
0.857187331,0.777312398,0.715546668,1.270673513,,0.783348799,,,,,,,,-0.638086796,0.274822414
-3.664714813,-3.629070282,-3.594566822,-2.967285156,,-3.629450639,,,,,,,,-0.147952318,-0.776804149
-1.147241235,-1.084711075,-1.059997559,-1.477294564,,-1.097316623,,,,,,,,3.148558855,2.784369946
-1.914633632,-2.058808327,-2.146636009,-1.246119976,,-2.040025989,,,,,,,,0.015716441,-0.522081256
-0.588907301,-0.422682226,-0.433601201,-0.678166986,,-0.481730243,,,,,,,,-2.125650883,-1.612457395
3.023051977,2.847173691,2.989234924,3.147096395,,2.953153531,,,,,,,,0.114019275,0.981364012
-2.107714415,-2.195128679,-2.23125267,-2.62100482,,-2.178031921,,,,,,,,-0.43573907,-0.03173124
3.055167675,2.868247986,2.762037754,4.506198883,,2.895151138,,,,,,,,0.669261575,1.601808906
-1.570508957,-1.84424305,-1.923914552,-1.13501668,,-1.779555519,,,,,,,,0.301901102,0.534349322
0.750234604,0.838373303,1.041346312,0.378283232,,0.876651406,,,,,,,,-0.084408477,-0.604514837
1.914255023,1.693775892,1.340435505,1.404447913,,1.649488807,,,,,,,,-2.703925133,-2.201959848
0.895183265,1.018599629,1.023482323,0.041209012,,0.979088406,,,,,,,,0.982569695,0.442237437
1.244656563,1.392629027,1.316995621,2.587099791,,1.318093737,,,,,,,,1.455160379,0.685152769
3.241362572,3.250214815,3.254430294,3.10063982,,3.248669227,,,,,,,,-0.840992212,-1.22877872
-0.173271284,-0.019969858,0.201693639,-0.279600143,,0.002817499,,,,,,,,-1.534764767,-2.314754963
1.588416696,1.450267076,1.570230126,0.940420747,,1.536304633,,,,,,,,0.229703739,-0.122208938
-2.10731864,-1.925489068,-1.903271914,-4.17454958,,-1.978693207,,,,,,,,-0.7356565,0.072537392
2.912632465,2.964622021,3.030075073,2.312859297,,2.969109853,,,,,,,,1.564440727,1.523726106
0.309934169,0.585006118,0.622858286,0.613157213,,0.505932858,,,,,,,,-0.480958939,-0.238018006
-1.85821712,-1.672097802,-1.456796646,-2.496150017,,-1.662370523,,,,,,,,0.534444749,0.077943012
-0.55554688,-0.618540823,-0.565548658,-0.420105875,,-0.579878787,,,,,,,,0.020708501,0.841553092
-0.37303102,-0.09047547,-0.152895331,0.384918362,,-0.205467274,,,,,,,,-1.158213973,-1.327566862
1.852451921,1.711045742,1.798927903,1.925254107,,1.787475189,,,,,,,,-4.22841835,-2.874505997
1.218399644,1.225739479,1.022279263,1.643701553,,1.155472795,,,,,,,,-1.064558268,-1.765522003
3.208251953,3.405756712,3.405821085,2.983928442,,3.33994325,,,,,,,,-0.855380416,-1.686045289
-2.296602726,-2.497256041,-2.423437119,-2.202691555,,-2.405765295,,,,,,,,-0.45173496,0.110640466
-2.670573711,-2.664063931,-2.568829298,-2.387634277,,-2.63448898,,,,,,,,-0.781086802,-1.774054289
2.373182535,2.913338423,2.713242769,1.74206531,,2.666587909,,,,,,,,-3.37311554,-3.518494129
0.318494946,0.333040833,0.471144259,-0.252184182,,0.374226679,,,,,,,,0.645582199,1.616496086
0.644486904,0.500998676,0.41455704,0.683590889,,0.520014207,,,,,,,,-0.787336111,-0.551488221
2.113967896,2.217954636,1.991333961,2.728757143,,2.107752164,,,,,,,,-1.577574015,-2.071264982
3.497555733,3.494457722,3.448135376,3.12504673,,3.48004961,,,,,,,,0.448471725,0.278211087
0.210841089,0.28519085,0.358915657,0.420634717,,0.284982532,,,,,,,,2.845346928,2.38606739
1.70243454,1.675310493,1.888484597,0.595071614,,1.755409877,,,,,,,,-0.17618975,-0.089005195
-2.431038857,-2.427835703,-2.479871511,-1.918891072,,-2.44624869,,,,,,,,-0.161654949,-0.067104071
1.354165316,1.073908806,1.013363957,1.707815409,,1.147146026,,,,,,,,-2.858105183,-2.689201355
-1.309820771,-1.184447169,-1.190229893,-0.558399677,,-1.228165944,,,,,,,,-0.874659896,-0.796173692
2.420368195,2.221874714,2.398416281,2.771556139,,2.346886396,,,,,,,,0.78578496,0.246775448
-3.73052907,-3.616699457,-3.506194353,-3.591931581,,-3.617807627,,,,,,,,-1.072406173,-0.756840348
-3.119536638,-2.920202732,-2.974641562,-4.527525902,,-3.004793644,,,,,,,,-1.318031311,-0.358792961
0.915304601,0.899295747,0.893258274,0.634929419,,0.902619541,,,,,,,,-3.140978336,-2.789166451
-0.757815838,-0.758185208,-0.744000018,-0.432310551,,-0.753333688,,,,,,,,0.00852266,0.296280801
3.109303713,3.254295111,3.287713766,2.547250509,,3.217104197,,,,,,,,-2.022650719,-1.487478137
-0.227027267,-0.125771031,-0.226499557,0.425692528,,-0.193099285,,,,,,,,1.593126297,1.612797141
4.872716427,4.8598032,4.966461182,5.346177578,,4.899660269,,,,,,,,2.557107925,1.889280796
-3.443630695,-3.701339245,-3.852714777,-2.769260406,,-3.665894906,,,,,,,,-0.109669015,0.452360213
-0.871225715,-0.98009634,-0.917690992,-1.72636652,,-0.923004349,,,,,,,,1.082046747,-0.100179493
-3.194821596,-2.98585844,-3.030379057,-2.710632324,,-3.070353031,,,,,,,,-0.481289417,0.136417747
2.734043121,2.890657663,3.082014322,2.45396924,,2.902238369,,,,,,,,0.904427409,0.093110442
1.900722504,1.927569628,1.599940777,2.176323652,,1.809410969,,,,,,,,-1.432063699,-1.388486266
-1.890681744,-1.775457621,-1.80049777,-2.115078449,,-1.822212378,,,,,,,,-1.365448475,-2.175181389
1.023385882,1.160634518,0.994876802,1.679908752,,1.059632401,,,,,,,,-0.062077254,-1.283692718
-2.882563829,-2.760180473,-2.748044252,-2.980762482,,-2.796929518,,,,,,,,0.299755901,0.383630574
0.539546132,0.683077633,0.853745282,1.35345614,,0.692123016,,,,,,,,-0.718130767,0.34386757
2.470748425,2.374498129,2.200125456,2.627138615,,2.348457336,,,,,,,,1.152908206,0.82365799
1.271732926,1.276848435,1.264281988,2.395837069,,1.27095445,,,,,,,,-2.526220322,-2.238649368
2.412734747,2.239833117,2.129434109,3.945060253,,2.260667324,,,,,,,,0.106774867,1.021080613
-2.705734491,-2.801713467,-2.864152431,-3.217376947,,-2.790533463,,,,,,,,-1.42435503,-0.740400791
-1.841175318,-1.951818109,-1.733280063,-1.267358541,,-1.842091163,,,,,,,,-1.846894503,-1.076364875
-0.624155164,-0.312993467,-0.318527758,-0.39280206,,-0.418558796,,,,,,,,2.196922302,2.143342495
-2.326662064,-2.025758743,-1.75273633,-1.786939621,,-2.035052379,,,,,,,,-1.005168796,-0.088130832
1.168233395,1.007397294,1.134162664,0.900411427,,1.103264451,,,,,,,,0.241534293,0.076017775
-0.529432952,-0.634630084,-0.546768486,-1.279542565,,-0.570277174,,,,,,,,-0.450377107,-0.475321114
-1.529239297,-1.153267741,-0.864250302,-2.319667816,,-1.182252447,,,,,,,,-0.022037409,0.688291907
-0.969064713,-1.012492537,-0.863957524,-1.074611425,,-0.948504925,,,,,,,,-1.731066585,-1.303035617
3.500459909,3.353751898,3.303241253,4.646520138,,3.385817687,,,,,,,,1.81215167,1.503321648
-4.043756485,-3.985018015,-4.126415253,-4.557174683,,-4.051729918,,,,,,,,-1.01829958,-0.953951001
3.567494869,3.392413855,3.185193062,3.697462797,,3.381700595,,,,,,,,-1.587160587,-1.198007703
0.730961561,1.089377999,0.918965876,1.001936078,,0.913101812,,,,,,,,-1.35378933,-0.744297862
-3.317232132,-3.669059277,-3.501443624,-4.219920158,,-3.495911678,,,,,,,,0.444707751,1.81884706
1.559016705,1.750915051,1.816284418,2.8260746,,1.708738724,,,,,,,,2.026466131,2.515632629
2.896664858,2.857148886,2.715703726,2.717884541,,2.82317249,,,,,,,,0.250058711,0.664412677
-1.863451242,-1.856844783,-1.914217234,-2.511085749,,-1.878171086,,,,,,,,-0.44843021,-0.852119565
2.592729568,2.236257076,2.387500525,2.363796234,,2.405495723,,,,,,,,1.474639654,0.742323518
-3.052927732,-2.933590889,-2.970146656,-3.095729113,,-2.985555092,,,,,,,,-0.470907122,-0.25733766
-4.065431595,-4.190711021,-4.26608181,-3.269120693,,-4.174074809,,,,,,,,-0.23038885,-1.231568456
-2.72394228,-2.644064665,-2.63048768,-2.574874163,,-2.666164875,,,,,,,,-0.694936156,-1.640121937
-5.198195457,-4.975411892,-4.931355476,-4.187348843,,-5.034987609,,,,,,,,1.278338909,1.387599945
-0.823670745,-0.627780914,-0.572262943,0.285207361,,-0.674571534,,,,,,,,-4.175084591,-3.251981258
-0.115664348,-0.144413695,-0.367565572,0.317540735,,-0.209214538,,,,,,,,-1.059313536,-0.368995368
-0.332672596,-0.201247156,-0.297224164,-1.381313562,,-0.277047972,,,,,,,,0.35177809,0.037667308
-0.568445027,-0.608527839,-0.585536897,-1.733133078,,-0.587503254,,,,,,,,0.703474641,0.254846245
0.125774622,0.426281273,0.294406086,-0.508770049,,0.282153994,,,,,,,,-1.021156907,0.175534159
-1.635461569,-1.341550946,-1.333656192,-1.415110826,,-1.436889569,,,,,,,,-0.780376375,-0.476682544
1.063123465,1.036252975,1.209187508,0.084554553,,1.102854649,,,,,,,,0.104689181,0.337304443
1.391434431,1.325868368,1.375983,1.567242146,,1.3644286,,,,,,,,0.767360687,0.748128593
1.081454635,0.859694123,0.830056906,-0.170354694,,0.923735221,,,,,,,,1.319697142,0.417655885
2.70168829,2.64961195,2.631277084,3.268851757,,2.660859108,,,,,,,,1.591991782,0.871113122
2.39760232,2.165451765,2.200969219,3.661163092,,2.254674435,,,,,,,,0.225454211,1.579027176
2.811103106,3.009804487,2.998736858,1.952246189,,2.939881484,,,,,,,,1.065410972,1.258038402
1.551781774,1.747169495,1.551396251,2.197981358,,1.616782506,,,,,,,,1.086447835,0.653981209
1.22004962,1.30143857,1.360624909,2.439582825,,1.2940377,,,,,,,,0.742901266,-0.482683808
4.650667191,4.440580368,4.552098751,3.689556599,,4.547782103,,,,,,,,0.681864083,1.246828079
1.174625158,1.257581472,1.21236074,-0.146609679,,1.21485579,,,,,,,,0.04487057,-1.452357292
1.121113062,1.067647099,0.787786424,0.618780971,,0.992182195,,,,,,,,-1.709332347,-1.4596982
6.032150269,5.938568592,5.906405926,5.247672081,,5.959041595,,,,,,,,-0.806462407,-0.148684442
2.960529566,3.095819235,3.21777916,1.15193367,,3.091375987,,,,,,,,-0.297063559,-0.869927347
-0.991871655,-0.962687314,-1.18329978,-1.171221972,,-1.045952916,,,,,,,,1.190652132,-0.666496992
0.520508766,0.626826882,0.621366858,0.393498719,,0.589567502,,,,,,,,0.515622914,0.962030172
0.61569953,0.70980984,0.742259622,0.830345213,,0.68925633,,,,,,,,-1.090151429,0.057932884
-3.625263929,-3.543121576,-3.633793831,-3.818428278,,-3.600726446,,,,,,,,0.257796794,-0.54734391
0.083861351,0.010924861,0.132809266,-0.253743261,,0.075865159,,,,,,,,-1.423227072,-0.719558775
1.722788334,1.656232238,1.579147816,2.453180552,,1.652722796,,,,,,,,0.639941812,-0.346101135
1.649589777,1.332716346,1.284315825,-0.48037079,,1.422207316,,,,,,,,1.845574141,1.014760852
-1.066120505,-1.324882507,-1.437011361,-0.311045736,,-1.276004791,,,,,,,,-1.327336788,-2.451499462
-3.049971104,-2.680419922,-2.566072941,-3.383126736,,-2.765487989,,,,,,,,-0.120885342,-1.304835916
0.595065951,0.724015296,0.711647689,0.651644409,,0.676909645,,,,,,,,2.817287445,1.582653046
-0.397886038,-0.089569978,-0.177446485,0.567322731,,-0.221634167,,,,,,,,0.761297464,1.920315385
-1.104563832,-1.131127,-1.188562512,-0.756053388,,-1.141417782,,,,,,,,0.179652318,1.189858317
1.178428531,1.277368784,1.431839824,1.600585461,,1.295879046,,,,,,,,-0.806789875,-0.927332938
-2.149503231,-2.081881046,-2.093173981,-2.026419163,,-2.108186086,,,,,,,,-0.612141669,0.238848954
0.701807439,0.366200507,0.178817451,1.679642916,,0.415608466,,,,,,,,-0.978277802,0.020938247
0.543037474,0.668427289,0.528510571,0.28340596,,0.579991778,,,,,,,,-2.572916508,-1.445581555
-4.320981503,-4.06681633,-3.961837769,-4.295347214,,-4.1165452,,,,,,,,-0.554703891,0.242332831
-1.566237211,-1.846843481,-1.854144096,-2.011135101,,-1.755741596,,,,,,,,-1.36597383,-1.124754667
-0.224003404,-0.269122839,-0.138070852,-0.842152476,,-0.210399032,,,,,,,,-1.27953887,-0.627995491
1.258800626,1.086565137,1.19037044,1.318568468,,1.178578734,,,,,,,,-0.875244975,-0.221422672
3.945701599,3.793484688,3.863990784,4.523929119,,3.86772569,,,,,,,,-1.684225202,-1.765139461
-2.150627851,-2.397935867,-2.313027143,-2.434311628,,-2.287196954,,,,,,,,1.227686167,1.717777014
-1.482631445,-1.623637199,-1.718511939,-0.510927558,,-1.608260194,,,,,,,,2.693837166,3.838074207
-1.561897516,-1.539144635,-1.478611708,-0.600817442,,-1.526551286,,,,,,,,1.990454912,1.58597362
0.834107816,1.078450441,1.117223024,0.351323605,,1.009927094,,,,,,,,1.255096555,0.677908599
-1.705344677,-1.895651817,-1.931721449,-1.737789273,,-1.844239314,,,,,,,,-0.401739895,-1.761771202
2.36609149,2.241601467,2.080063343,1.624910951,,2.2292521,,,,,,,,-0.861817241,-0.291297019
3.030493736,3.029999256,3.037901402,1.277544022,,3.032798131,,,,,,,,3.065467119,2.098269463
-3.539060354,-3.605397463,-3.506781101,-4.556931496,,-3.550412973,,,,,,,,-0.787824631,-0.996880949
-4.594507217,-4.428494453,-4.649591446,-4.735900879,,-4.557531039,,,,,,,,-0.919519365,-1.019052029
-1.016513705,-1.044415832,-1.110893726,-2.08488822,,-1.057274421,,,,,,,,-0.031488225,-0.193765134
0.711039662,0.655195475,0.632250965,0.561533451,,0.666162034,,,,,,,,-0.852207303,-1.07196784
-0.747653067,-0.674417555,-0.689618647,-1.819773436,,-0.703896423,,,,,,,,1.561818838,1.361706018
0.729322076,0.858778596,0.97448194,0.100696661,,0.854194204,,,,,,,,1.89246726,1.191123366
-1.784009457,-1.266322494,-1.37429285,-3.582983971,,-1.474874934,,,,,,,,-0.74284023,-0.976919591
1.61567235,1.520866394,1.381098986,1.231163502,,1.505879243,,,,,,,,2.612560987,1.794983387
3.876083851,3.930624008,3.779945612,4.466059208,,3.862217824,,,,,,,,0.412364244,-0.176094323
-1.754509449,-1.576773167,-1.632679105,-0.68847698,,-1.654653907,,,,,,,,0.921156883,0.728232861
-0.113400802,-0.178834602,-0.251166761,0.753551304,,-0.181134055,,,,,,,,-0.39224425,-0.314699411
2.077917576,2.286133528,2.261924267,1.487663746,,2.208658457,,,,,,,,-0.00263676,-0.272429526
0.278349072,0.114754438,-0.014315262,-0.730262578,,0.126262749,,,,,,,,-0.390874743,-0.5529778
-2.495484352,-2.527786732,-2.703184128,-0.679084063,,-2.575485071,,,,,,,,-1.719876885,-1.775966644
-0.784467459,-0.53004396,-0.57333082,0.53465724,,-0.629280746,,,,,,,,-2.566321611,-1.358913898
-0.479504228,-0.562855244,-0.383349299,-0.904099226,,-0.475236257,,,,,,,,0.860155582,0.487463951
1.26421535,1.297299981,1.366906285,2.127235651,,1.309473872,,,,,,,,0.456794739,0.861263394
3.962502003,3.926954985,3.911136389,4.050779819,,3.933531125,,,,,,,,2.218243122,1.901155949
-1.940975904,-2.121842623,-2.044766188,-1.505149603,,-2.035861572,,,,,,,,-0.403080285,-0.090060875
2.320194244,2.351657629,2.520003319,3.447994232,,2.397285064,,,,,,,,1.06389308,1.219877839
-3.547792196,-3.672029018,-3.616667986,-3.039114475,,-3.612163067,,,,,,,,-0.157750279,-1.332158566
-1.30068481,-1.130750537,-1.072370648,-1.40073514,,-1.167935332,,,,,,,,-0.352636725,-0.436301768
-1.063851595,-1.263672709,-1.159780264,-3.409653425,,-1.162434856,,,,,,,,0.068435937,0.028074611
1.326805711,1.298833132,1.342517376,0.39494887,,1.32271874,,,,,,,,-0.727046371,-1.450771093
2.3210814,2.28355813,2.086700201,3.044305086,,2.230446577,,,,,,,,-1.850036502,-1.979845762
0.860872984,0.616651893,0.601375937,0.468968272,,0.692966938,,,,,,,,-0.74375999,-0.247756451
0.998952985,1.06000638,1.297908187,1.082880855,,1.118955851,,,,,,,,0.945045829,1.367581606
-0.702007711,-0.656935513,-0.668770671,-2.235784292,,-0.675904632,,,,,,,,0.38814196,1.046312094
-1.389832735,-1.210565448,-1.431711197,-1.522211194,,-1.34403646,,,,,,,,-0.699367404,-0.954430223
0.573520899,0.631081104,0.667758226,1.800052404,,0.624120076,,,,,,,,0.083727859,1.079790115
-0.126932323,0.048965499,-0.002491951,0.917299151,,-0.026819592,,,,,,,,0.955621243,0.668405771
0.974386752,0.919039786,1.098276377,0.467388779,,0.997234305,,,,,,,,-1.400591969,-0.702024698
-2.470511675,-2.452737331,-2.166246414,-1.285374165,,-2.36316514,,,,,,,,-1.085350156,-0.462375671
0.288213879,0.299494296,0.124953687,1.943701029,,0.237553954,,,,,,,,0.48233512,0.218792215
-0.017473012,-0.130460545,-0.021879181,-1.799474478,,-0.056604246,,,,,,,,-0.52021867,-1.2207973
0.49807173,0.058887422,0.153378367,1.000659704,,0.236779173,,,,,,,,1.012377143,0.400417387
-4.472444057,-4.401329041,-4.35571146,-4.633903503,,-4.409828186,,,,,,,,1.166864157,0.869429231
-0.251421869,-0.378701925,-0.298376381,-0.928665698,,-0.309500058,,,,,,,,-1.478330135,-1.384758472
1.049911022,0.961756468,1.167212009,0.211206496,,1.0596265,,,,,,,,0.511514783,0.085766785
4.596498966,4.39444685,4.615080833,4.296246529,,4.535342216,,,,,,,,-1.647265315,-1.531765938
-2.838396549,-2.549459934,-2.765636683,-2.868884087,,-2.717831055,,,,,,,,0.688707709,0.992287993
-1.604831696,-1.865159512,-1.630574465,-1.335997105,,-1.700188557,,,,,,,,-1.582904577,-0.437052548
1.129739761,0.673252702,0.583149076,1.249992728,,0.795380513,,,,,,,,-1.223875642,-1.076334953
-2.075489044,-1.989710212,-2.081599951,-1.940954447,,-2.048933069,,,,,,,,0.751309395,0.422449201
-0.29283309,-0.318545222,-0.417967558,-0.236007094,,-0.34311529,,,,,,,,0.423408329,0.305522412
1.802785516,1.676820397,1.769424319,2.142487526,,1.749676744,,,,,,,,2.276604176,1.418264151
0.307831585,0.187431738,-0.002427906,-0.216648191,,0.164278472,,,,,,,,-1.596307397,-0.838211894
-1.021499395,-0.905391216,-0.932052016,-0.658631682,,-0.952980876,,,,,,,,-0.284635752,-0.314215422
0.598671079,0.864549756,0.810952067,-0.246511281,,0.758057634,,,,,,,,-1.822070479,-1.965256929
-2.401515007,-2.303937197,-2.40899992,-2.606216908,,-2.371484041,,,,,,,,-0.405671775,-0.05405584
2.930532455,2.554891348,2.519110918,4.220585823,,2.66817824,,,,,,,,0.403751403,0.692867398
-1.671174049,-1.640101075,-1.541270494,-2.404270411,,-1.617515206,,,,,,,,1.601123452,1.311236382
-2.570257664,-2.711853027,-2.381746769,-2.249057293,,-2.554619153,,,,,,,,2.18908,1.325211883
2.404013634,2.572809219,2.2857337,1.955748558,,2.420852184,,,,,,,,-0.303295344,-1.028142214
1.919880033,2.232383013,2.014222145,1.846774697,,2.055495063,,,,,,,,0.457492322,0.297531605
0.727676094,0.972187579,1.112903237,0.443673402,,0.93758897,,,,,,,,-1.51784277,-1.944728613
-1.103140593,-1.113672853,-1.245993972,-1.903810263,,-1.154269139,,,,,,,,-3.078811884,-2.447408199
-0.101175696,-0.3423419,-0.34103182,-0.157929137,,-0.261516472,,,,,,,,-1.626071692,-0.714916468
0.472417384,0.567859769,0.686281085,1.327438235,,0.575519413,,,,,,,,-1.046665788,-0.312306285
1.132167101,1.267676353,1.172406793,1.401797414,,1.190750082,,,,,,,,-2.61E-06,-0.102726445
-2.441875458,-2.495007753,-2.755563021,-2.939493418,,-2.564148744,,,,,,,,-0.727116466,0.106402151
3.172293186,3.349758863,3.199720383,3.360663891,,3.240590811,,,,,,,,-2.06641078,-1.196492195
3.975921154,4.08702898,3.738706827,4.44137907,,3.933885654,,,,,,,,-0.731803775,0.204049647
-7.200075626,-7.082820415,-7.001154423,-8.285902977,,-7.094683488,,,,,,,,4.303939819,2.669948816
-4.184029102,-3.684549809,-3.74246788,-5.563221931,,-3.87034893,,,,,,,,3.121447086,2.347260714
3.406429768,2.968050003,2.902065277,2.303550959,,3.092181683,,,,,,,,-0.072131194,1.285389185
-1.202603817,-1.409176111,-1.230019569,-1.627155066,,-1.280599833,,,,,,,,-1.429911494,-0.84219867
-3.842236519,-4.175839424,-3.976816177,-3.567809105,,-3.998297373,,,,,,,,-0.381291002,-0.924564421
0.255160302,0.363864362,0.361374348,-0.186625749,,0.326799671,,,,,,,,0.635270894,1.130105019
-0.577461243,-0.540047228,-0.568252623,-1.499487162,,-0.561920365,,,,,,,,0.29726401,-0.686915874
0.371583402,0.30321309,0.213895142,-0.011885684,,0.296230545,,,,,,,,0.990758598,1.249905825
-0.131157398,-0.189762294,-0.115343183,-0.577353477,,-0.145420959,,,,,,,,0.121333733,-0.709570289
0.252441287,0.188620687,0.135703236,0.024186745,,0.19225507,,,,,,,,0.091652542,-0.539757609
0.304826081,-0.050131828,0.014092386,0.629987061,,0.089595546,,,,,,,,-2.308248997,-2.584295511
1.152323365,1.200561285,1.181540608,1.702466607,,1.178141753,,,,,,,,1.439200759,0.533728838
0.455387294,0.502213061,0.504509687,1.252229452,,0.487370014,,,,,,,,-1.456769109,-0.786647558
0.675904751,0.577326477,0.623031378,1.175551534,,0.625420868,,,,,,,,-1.382092476,-0.878624201
0.134425491,-0.123650402,-0.026356012,-0.275742739,,-0.005193641,,,,,,,,2.687391758,2.876940489
-1.194641113,-1.352252722,-1.443213582,-1.609131336,,-1.330035806,,,,,,,,-2.527950287,-1.146162987
1.538508654,1.332827091,1.335463524,1.335884929,,1.402266423,,,,,,,,0.638175726,1.23628211
-4.795084476,-4.540115356,-4.765650272,-5.371338367,,-4.700283368,,,,,,,,-0.633684039,0.492739975
-1.903849483,-1.794295549,-1.95676589,-0.670694113,,-1.884970307,,,,,,,,-2.095567465,-1.026386023
-1.399603248,-1.443507314,-1.475447536,-2.249171495,,-1.439519366,,,,,,,,1.074938178,0.999117255
-1.564180255,-1.591179252,-1.659384489,-2.079264402,,-1.604914665,,,,,,,,0.50586462,0.763733506
-3.189623833,-3.546512604,-3.416874886,-4.310108662,,-3.384337107,,,,,,,,-0.286637127,-0.529301643
-0.061394632,-0.272029877,-0.39724344,1.357482791,,-0.243555983,,,,,,,,-2.3551898,-2.168418407
2.051890135,2.020166159,2.238370657,3.086589813,,2.10347565,,,,,,,,-2.534924507,-1.553771019
2.388645411,2.013425589,2.136086702,1.753575802,,2.1793859,,,,,,,,-0.602301419,0.972724557
-1.790269256,-2.020064592,-1.9252491,-3.761280537,,-1.911860983,,,,,,,,0.001535922,-0.79516983
2.455863953,2.55554986,2.23114872,1.834449768,,2.414187511,,,,,,,,0.758884847,0.320751607
1.224223375,0.885804176,0.840978384,0.788660645,,0.983668645,,,,,,,,-1.340199232,-1.162139654
2.203845501,2.05296278,1.993227959,1.775239944,,2.083345413,,,,,,,,3.219269753,2.826141834
-1.905737877,-1.702477455,-1.559360147,-2.784004927,,-1.72252516,,,,,,,,2.290558577,2.530099154
0.626078606,0.734835505,0.718131542,-0.309275985,,0.693015218,,,,,,,,-0.50559628,-0.001454875
-1.448577523,-1.268886566,-1.212268353,-2.614945173,,-1.309910814,,,,,,,,1.725968838,0.701008916
-1.933576226,-2.223534107,-2.035064936,-2.505637646,,-2.064058423,,,,,,,,-0.428437382,-0.103709653
-0.958636403,-1.214543819,-1.14114809,-0.048939764,,-1.104776104,,,,,,,,-0.984248221,-1.174511433
-0.682457447,-0.628122449,-0.747107804,0.257361174,,-0.6858959,,,,,,,,0.44356361,0.609158754
-0.177786916,-0.16193217,-0.040940944,0.111425266,,-0.126886677,,,,,,,,-1.633715034,-1.450193048
-5.714152336,-5.907519341,-5.922748566,-5.899106503,,-5.848140081,,,,,,,,0.262026548,-1.151771069
-1.48744297,-1.495852113,-1.244724274,-2.348972082,,-1.409339786,,,,,,,,0.195594698,0.064977773
2.797505856,2.827036858,2.875193834,2.814123154,,2.833245516,,,,,,,,2.445492268,2.615736961
1.912495494,1.969614267,2.029381037,2.393329382,,1.970496933,,,,,,,,-0.189432487,-0.245222539
-1.094419837,-1.24591434,-1.177816153,0.302351475,,-1.172716777,,,,,,,,-2.437619448,-2.191706896
0.80944556,0.738580048,0.969096661,0.003427662,,0.839040756,,,,,,,,-0.873038054,-0.651583433
2.915988922,2.667897701,2.56940937,1.942233205,,2.717765331,,,,,,,,-2.865360498,-1.713302374
1.205668807,1.335374713,1.173439503,2.699369192,,1.238161008,,,,,,,,0.003685936,0.726161957
1.805773258,1.882238865,1.930962801,2.821414232,,1.872991641,,,,,,,,-2.096633434,-2.162389994
0.260827154,0.080466151,0.281330556,-0.404670954,,0.207541287,,,,,,,,1.063051939,0.532317102
0.568194985,0.370365292,0.334870875,1.112496138,,0.424477051,,,,,,,,1.264007926,0.594029546
1.993314266,1.886793852,1.75520587,1.633296609,,1.878437996,,,,,,,,-1.368115544,-1.755181193
0.426358104,0.229982048,0.418485761,0.628796935,,0.358275304,,,,,,,,-1.215241075,-0.574664474
2.363610268,1.935397148,2.084476471,2.339062214,,2.127827962,,,,,,,,1.027181268,0.838594496
-1.527822971,-1.544889212,-1.391100645,-0.003384635,,-1.487937609,,,,,,,,2.776126146,4.28572607
3.103738785,3.126216888,2.934560776,2.340923309,,3.054838816,,,,,,,,0.991815567,0.518290818
0.228309333,0.426745355,0.284778535,1.180392623,,0.313277741,,,,,,,,1.801428795,1.020696163
2.47922945,2.297811985,2.44192934,2.782324076,,2.406323592,,,,,,,,1.112807393,0.350154936
-2.477699757,-2.790941954,-2.851774454,-2.244553328,,-2.706805388,,,,,,,,2.242376089,1.070430398
-0.433081508,-0.3150841,-0.361893535,-1.505742788,,-0.370019714,,,,,,,,2.292971849,2.457281351
-2.505476475,-2.46570015,-2.47116375,-2.627996922,,-2.480780125,,,,,,,,-0.285048276,-1.266243458
2.052869558,2.013894796,1.946884274,1.322980165,,2.004549543,,,,,,,,-0.6216802,0.147908777
2.541104555,2.105401516,2.144211769,3.199766159,,2.263572613,,,,,,,,4.224101067,3.316984892
-0.588212371,-0.581264794,-0.585310757,-1.50547266,,-0.584929307,,,,,,,,-0.774381638,-0.158683658
-4.056417465,-3.576134443,-3.416486025,-3.808686733,,-3.683012644,,,,,,,,-0.203842938,-0.323878914
-0.090853445,0.077582665,-0.039503165,0.034408323,,-0.017591315,,,,,,,,1.288693547,0.822864056
2.680792809,2.715594769,2.702880621,2.250810146,,2.699756066,,,,,,,,-0.908214867,-0.571276307
-1.337555408,-1.833226919,-1.757696152,-2.214607,,-1.64282616,,,,,,,,1.555305958,1.284244657
1.357107162,1.28908217,1.236542106,2.635065317,,1.294243813,,,,,,,,1.76034987,1.57390666
-2.199368715,-2.307574749,-2.562373638,-2.63861537,,-2.356439034,,,,,,,,2.558888912,2.222937107
0.288595259,0.113651618,0.048948161,-0.456493199,,0.150398346,,,,,,,,-1.753871679,-2.087487221
1.172677755,1.05486238,1.185098648,1.023787618,,1.137546261,,,,,,,,2.451772451,1.638001084
1.099020362,1.354977846,1.436891317,1.638902187,,1.296963175,,,,,,,,0.90509671,1.513810158
3.458170176,3.401751757,3.487139702,3.954003334,,3.449020545,,,,,,,,-0.834066868,-0.875608802
1.309960723,1.101025581,1.04770565,1.432821035,,1.152897318,,,,,,,,-1.443211794,-1.079911232
1.336348891,1.434553146,1.490231752,1.23076129,,1.42037793,,,,,,,,-0.105745107,0.415539414
0.873801112,0.905804992,0.925380945,2.174792767,,0.90166235,,,,,,,,-0.834700763,0.025731564
-7.960772991,-8.178719521,-8.063799858,-7.975890636,,-8.067764123,,,,,,,,-3.55731678,-3.143336296
1.377495766,1.439726233,1.271121383,0.803046703,,1.362781127,,,,,,,,-0.468996078,-0.997125268
-1.386638284,-1.615847826,-1.472360134,-1.19314909,,-1.491615415,,,,,,,,-0.156984001,0.582029223
2.421571493,2.266538143,2.074194908,2.066358328,,2.254101515,,,,,,,,0.316242635,0.189788565
1.974725366,1.917458653,1.876470923,2.339352608,,1.922884981,,,,,,,,0.725613832,0.604904056
1.049124479,0.896239638,0.937416196,1.072612643,,0.960926771,,,,,,,,-0.00338304,0.208938897
2.972309351,3.089163542,3.263550043,2.495909929,,3.108340979,,,,,,,,2.097594976,1.512052774
1.314575434,1.399480104,1.202896595,1.526691079,,1.305650711,,,,,,,,1.474244118,0.380541742
-0.369458109,-0.12936151,-0.201738149,-0.990416169,,-0.233519256,,,,,,,,-2.221652508,-0.602827728
1.373041153,1.605632186,1.48853755,1.444220781,,1.489070296,,,,,,,,0.662201226,-1.45219481
0.861258745,0.687318921,0.71915251,0.15374583,,0.755910059,,,,,,,,-1.49456811,-1.215531588
-2.627382278,-2.652707577,-2.804593563,-2.60214591,,-2.694894473,,,,,,,,-0.58395797,-0.130277425
-0.911821246,-0.766420484,-0.224665388,0.80250591,,-0.634302373,,,,,,,,1.073531151,0.97744441
0.145821214,0.270551503,0.292250246,0.73160857,,0.236207654,,,,,,,,-1.540167809,-1.153485775
-1.385381937,-1.266005516,-1.158704996,-1.835753441,,-1.270030816,,,,,,,,-0.38528198,-0.519119382
-0.0362982,-0.169642061,-0.214432567,0.522258401,,-0.140124276,,,,,,,,1.72116518,0.846967995
0.607542276,0.752583742,0.678798676,-1.941184878,,0.679641565,,,,,,,,2.15204978,1.617373466
2.1534338,1.88939023,2.030153513,1.279377699,,2.024325848,,,,,,,,0.052874908,0.524788976
2.248785019,2.222208738,2.195486784,-0.334010184,,2.22216018,,,,,,,,0.967613339,0.595503867
-3.234328747,-3.14418745,-3.12644887,-3.1097157,,-3.168321689,,,,,,,,-1.96070528,-1.254435539
-2.169789553,-2.024122953,-2.021996975,-1.506223679,,-2.071969827,,,,,,,,-0.640277982,-0.115534842
-0.169104934,-0.020631038,0.029259123,0.534062803,,-0.053492283,,,,,,,,1.937860012,2.131879568
-0.144143283,-0.215476841,-0.108902365,0.830962658,,-0.156174163,,,,,,,,-0.168146253,0.661406636
0.942091107,0.628152728,0.816132426,0.849732995,,0.795458754,,,,,,,,-1.907856703,-0.758222103
2.191761971,2.255449295,2.245772839,1.602072477,,2.230994701,,,,,,,,-0.135392278,0.302102149
-4.726396084,-4.524747372,-4.559784412,-4.871557713,,-4.603642623,,,,,,,,0.059652776,0.489525199
1.647449017,1.76111412,1.991080046,1.007310629,,1.799881061,,,,,,,,1.779049277,0.912328482
-3.376128912,-3.463648081,-3.413184643,-4.136075974,,-3.417653879,,,,,,,,-0.252711833,-0.660280228
0.459156096,0.793488979,0.75594902,0.91961056,,0.669531365,,,,,,,,-1.534907579,-2.368452549
0.172851563,0.222070754,-0.074445695,-1.46544981,,0.10682554,,,,,,,,-1.23502183,-1.299225807
-1.032779932,-1.065379739,-1.186382055,-1.588033438,,-1.094847242,,,,,,,,0.135223269,0.582592726
0.510416329,0.633449793,0.751472116,0.386678576,,0.631779412,,,,,,,,0.327363819,1.378543615
-3.922996759,-3.73418045,-3.771337509,-3.759118319,,-3.809504906,,,,,,,,-1.907288074,-1.666402817
1.873367071,1.877961636,1.817635536,2.856897354,,1.856321414,,,,,,,,1.058844328,-0.58187753
1.208430409,1.170313597,1.109258533,0.555818498,,1.162667513,,,,,,,,0.663412333,0.595101357
0.688762844,0.567573965,0.608671725,0.598621786,,0.621669511,,,,,,,,1.023559809,0.026070312
0.632072508,0.933817506,1.195738316,1.157226086,,0.920542777,,,,,,,,-1.582679033,-0.974973679
-0.545574665,-0.765283823,-0.637750208,-1.040481091,,-0.649536232,,,,,,,,2.052969456,1.86149478
2.153640509,2.446380854,2.420698881,3.041679859,,2.340240081,,,,,,,,1.006801486,-0.380025268
-1.353418112,-1.168246508,-1.209222555,-0.481512934,,-1.243629058,,,,,,,,-1.594541311,-1.707814455
1.376068115,1.185402036,1.119279504,0.806307971,,1.226916552,,,,,,,,-0.772409737,0.470038325
1.54012084,1.286191583,1.394677162,1.395912766,,1.406996528,,,,,,,,-2.371684551,-1.791646719
-1.221757531,-1.334507704,-1.466572642,-0.939516664,,-1.340945959,,,,,,,,0.352635384,-0.126128912
1.976062775,2.128146648,1.98023963,2.70458436,,2.028149684,,,,,,,,2.276130438,1.947499394
1.125494957,0.994164824,0.91135323,-0.231253088,,1.010337671,,,,,,,,-0.21471858,0.534696162
0.348142475,0.477584332,0.290892094,1.935114741,,0.3722063,,,,,,,,0.681465983,-0.17983216
1.690348625,1.423820376,1.251583099,1.69714427,,1.4552507,,,,,,,,1.759999752,0.885723352
-1.533656478,-1.347580194,-1.522985816,-1.133400083,,-1.468074163,,,,,,,,-1.250432849,-1.41661191
1.776983738,1.63484776,1.674000382,1.34280777,,1.695277294,,,,,,,,1.338888407,1.413116455
0.432097614,0.366313905,0.635408819,-1.081555128,,0.477940112,,,,,,,,0.099292353,0.414419055
-3.558813334,-3.920334339,-3.842477322,-3.38085556,,-3.773874998,,,,,,,,0.087558776,-0.016454153
-2.44668746,-2.146229744,-2.161952734,-3.187625885,,-2.251623313,,,,,,,,1.206956387,0.363188773
0.220306605,-0.051727369,0.053803235,1.249084949,,0.07412749,,,,,,,,-1.321496248,-0.941567957
-2.612869024,-2.499394894,-2.715435743,-3.073971033,,-2.60923322,,,,,,,,-1.493687987,-1.609107733
-1.642969847,-1.577971458,-1.592709303,-1.612110615,,-1.604550203,,,,,,,,-3.416524887,-3.106435776
-0.600859284,-0.62093395,-0.629010141,0.530373573,,-0.616934458,,,,,,,,0.014172386,0.396622121
2.623915434,2.285179853,2.198329926,2.737972736,,2.369141738,,,,,,,,0.647554696,0.387970775
0.295186281,0.491030872,0.551914454,-0.221681535,,0.446043869,,,,,,,,-2.643795252,-1.593336344
-2.290615559,-2.371217489,-2.214533567,-2.341087341,,-2.292122205,,,,,,,,0.272464931,-0.755988359
-1.572396159,-1.571382999,-1.52917695,-1.724570513,,-1.557652036,,,,,,,,-2.284147263,-1.619622707
-1.092288852,-0.883720636,-1.225683928,-1.423992634,,-1.067231139,,,,,,,,-0.606651902,-1.803943634
0.652003288,0.617691755,0.69443512,1.753508687,,0.654710054,,,,,,,,0.321572334,0.733090162
2.674212456,2.386556149,2.499024391,2.125325441,,2.519930998,,,,,,,,-0.095930815,-0.090721011
-0.062276065,0.063060254,0.207739025,0.470842779,,0.069507738,,,,,,,,-1.124756336,-1.103399396
1.444398165,1.444472909,1.284364104,1.369750023,,1.391078393,,,,,,,,0.380524606,-0.27635026
1.18288672,0.935598433,0.941002309,0.094917953,,1.019829154,,,,,,,,-0.951941788,-0.308143467
0.395146728,0.584634066,0.583537042,0.847738802,,0.521105945,,,,,,,,0.973663688,0.403323531
0.971922457,1.150814772,1.101158381,1.939152479,,1.07463187,,,,,,,,-1.53074038,-0.364624023
-0.067685083,-0.005485237,-0.142439261,0.424211323,,-0.07186986,,,,,,,,-1.284121513,-1.431436539
2.465553999,2.761377096,2.569566488,2.895335197,,2.598832528,,,,,,,,-1.631667256,-1.447444439
1.955230713,2.101019859,2.079828739,0.832103729,,2.04535977,,,,,,,,3.181619167,2.585804462
1.812606335,1.759878635,1.702838421,2.705480099,,1.75844113,,,,,,,,-0.521977603,-0.649959922
1.95452404,2.05983901,1.923722744,2.174000502,,1.979361931,,,,,,,,-0.608868539,-0.376114517
1.437443137,1.666568875,1.597102761,1.759081125,,1.567038258,,,,,,,,0.627916813,0.828144193
-1.907756567,-1.91058588,-1.810826302,-1.933452606,,-1.876389583,,,,,,,,-2.430986881,-1.429032445
-2.710669518,-2.535530329,-2.503978491,-1.712388635,,-2.583392779,,,,,,,,-2.314131021,-1.476737738
-3.248350143,-3.178742409,-3.345807552,-2.947793007,,-3.257633368,,,,,,,,0.638197362,1.245410442
0.91493541,0.920073867,0.912771881,0.834336936,,0.915927052,,,,,,,,-1.347135782,-0.696983576
-2.610613585,-2.69318223,-2.55228281,-1.805465698,,-2.618692875,,,,,,,,-2.579015493,-2.271790504
1.620248914,1.589033365,1.700359583,1.092831492,,1.636547287,,,,,,,,-0.427403837,-1.206084013
0.865661383,0.639982283,0.800744414,2.107631207,,0.768796027,,,,,,,,-0.239948362,-1.131621838
2.488113403,2.567342758,2.313531399,1.667260528,,2.456329187,,,,,,,,0.072989874,1.072228432
-6.589766502,-6.649453163,-6.60444355,-7.782433987,,-6.614554405,,,,,,,,-0.912032723,-1.22326231
-1.743105888,-1.748912096,-1.779860973,-1.634189844,,-1.757292986,,,,,,,,-1.769933581,-2.331063271
-2.41332078,-2.419537544,-2.264865398,-3.913419724,,-2.365907907,,,,,,,,-0.74307847,0.10072159
2.856731176,2.768760443,2.905336857,3.803431988,,2.843609492,,,,,,,,-0.104468189,-0.497087717
-1.00020957,-0.766128063,-0.881844521,-2.011236906,,-0.882727385,,,,,,,,-2.442071438,-1.202825546
3.092550755,2.864732027,3.16986084,3.010190248,,3.042381207,,,,,,,,-1.437654018,-1.895355344
0.72401154,0.962504148,1.136672497,1.07442379,,0.941062729,,,,,,,,3.435385942,2.419718266
-1.046379924,-0.968136072,-0.871050715,-1.583675265,,-0.96185557,,,,,,,,-0.827776849,-0.90580976
-0.827628493,-0.852313519,-0.859396696,-1.49757874,,-0.846446236,,,,,,,,-1.565714955,-0.598232865
-3.065219641,-3.154464483,-3.052798986,-4.02765274,,-3.090827703,,,,,,,,-0.569008887,-0.90158236
0.875718832,1.032608271,0.904948831,0.291961968,,0.937758644,,,,,,,,-1.848633528,-0.939721286
2.638132572,2.52222538,2.549367189,2.985570192,,2.569908381,,,,,,,,1.485105276,0.625074744
-1.912088633,-1.795791388,-1.72656405,-1.622878432,,-1.811481357,,,,,,,,0.477638662,0.971919596
-2.599876404,-2.4127841,-2.542348862,-2.1405797,,-2.518336455,,,,,,,,-0.540245414,-1.016399622
0.807781219,0.673494816,0.732783794,2.74377656,,0.738019943,,,,,,,,1.156780481,1.599920511
-0.26528573,-0.505231917,-0.554942966,0.071007371,,-0.441820204,,,,,,,,1.082426906,1.162465334
-1.382943392,-1.615778565,-1.532936811,-1.526500702,,-1.510552923,,,,,,,,0.188706547,-0.678451955
1.062221527,1.13334465,1.199065089,1.618142843,,1.131543756,,,,,,,,-1.652751207,-1.799433708
-1.210164905,-1.222251058,-1.122536063,-0.76905179,,-1.184984008,,,,,,,,0.20674552,0.596340716
0.058433712,-0.227568448,-0.453178376,0.397370517,,-0.207437704,,,,,,,,2.006729126,1.309194446
-2.195267439,-1.909753799,-2.020871639,-1.519952774,,-2.041964293,,,,,,,,0.725062907,-0.543088138
2.499788761,2.690518141,2.543499231,1.735807419,,2.577935378,,,,,,,,-0.371520847,-2.054616451
0.639791846,0.361950338,0.284807742,0.520442009,,0.428849975,,,,,,,,1.060457468,0.846741676
-1.610280275,-1.901159406,-2.011650324,-0.375614524,,-1.841030002,,,,,,,,-2.698380947,-1.50027895
-3.007488728,-3.069236755,-3.058243513,-3.628786802,,-3.044989665,,,,,,,,-1.094032645,-1.514021993
0.696872473,0.82418859,0.606591702,1.254822612,,0.709217588,,,,,,,,-1.008891821,-0.340521812
1.768540978,1.903855205,1.754447341,1.60613358,,1.808947841,,,,,,,,0.800739288,0.632828534
-3.475001574,-3.588624239,-3.561925411,-2.590512276,,-3.541850408,,,,,,,,-0.384788811,-0.781185985
1.501699686,1.242245674,1.27711606,2.485430717,,1.340353807,,,,,,,,-0.017336696,-0.252370775
0.091680259,-0.001556724,0.120280683,0.334602684,,0.070134739,,,,,,,,-1.855441928,-2.060444832
-2.342805862,-2.049510002,-1.942673802,-1.827040076,,-2.111663222,,,,,,,,0.17700848,-0.250092566
4.559412956,4.529115677,4.745756626,5.445601463,,4.61142842,,,,,,,,2.421929359,1.992373109
2.205473661,2.151339531,1.957535386,1.44873476,,2.104782859,,,,,,,,0.350724697,0.138264
0.200196058,0.108319849,0.045080353,0.228981689,,0.11786542,,,,,,,,-1.437150002,-0.841485322
-1.968827009,-1.86356616,-1.91103363,-1.393810391,,-1.9144756,,,,,,,,0.40422979,0.508198202
1.894750714,1.896713257,1.881296158,2.392699242,,1.890920043,,,,,,,,-0.423264503,-1.708710909
-1.616868615,-1.552549005,-1.617616892,-1.248404503,,-1.595678171,,,,,,,,1.072394371,-0.222012579
-0.689665854,-0.932812214,-1.030427217,-0.333157569,,-0.884301762,,,,,,,,-1.064110518,-0.849331379
-4.978024483,-4.818042755,-4.686975956,-4.60241127,,-4.827681065,,,,,,,,0.429039717,-0.469625473
-0.951795936,-1.203422427,-1.059164286,0.210147321,,-1.071460883,,,,,,,,-0.447927415,-0.312226772
3.633208036,3.320309639,3.165401697,2.960057259,,3.372973124,,,,,,,,-2.759791851,-1.755771399
-3.329341412,-3.676294327,-3.57267189,-4.57186842,,-3.526102543,,,,,,,,0.553014576,-1.568190575
-6.926494598,-6.625718594,-6.641115189,-7.462890148,,-6.73110946,,,,,,,,3.167319536,2.027526379
0.048743255,0.233693838,0.229040936,0.929897308,,0.170492676,,,,,,,,0.181104809,0.774870038
-2.368494034,-2.492523193,-2.165205717,-2.557045221,,-2.342074315,,,,,,,,0.302181184,0.518649101
-1.150761485,-1.214554191,-1.211099744,-1.087216854,,-1.192138473,,,,,,,,-2.273394585,-2.097532749
2.131664991,2.064230919,2.188848495,2.541468859,,2.128248135,,,,,,,,-0.869034767,-1.007512569
-3.142328978,-3.314654827,-3.195372105,-4.59951973,,-3.21745197,,,,,,,,0.032106653,-0.189323768
-2.290336609,-1.927480459,-1.614877701,-1.647124767,,-1.94423159,,,,,,,,2.508721113,2.020437002
0.921688795,0.519111872,0.568598449,1.370720506,,0.669799705,,,,,,,,2.869346857,0.938983977
2.166315317,2.31883049,2.216232538,2.011803865,,2.233792782,,,,,,,,1.614053965,0.306361556
0.406701744,0.428963602,0.619351804,1.294149637,,0.485005716,,,,,,,,-4.028025627,-3.276597977
-2.75418067,-2.435812473,-2.580637932,-1.692137122,,-2.590210358,,,,,,,,-1.259933472,-0.577200115
-1.067976952,-1.110946655,-0.979334176,-1.143405199,,-1.052752594,,,,,,,,-0.873544276,-0.283308089
0.451914668,0.25733757,0.363013208,0.125679225,,0.357421815,,,,,,,,1.900316954,2.070780277
1.78831017,1.572361588,1.641352057,1.946026802,,1.667341272,,,,,,,,0.321882129,1.693277359
-3.805029154,-3.918709993,-3.971957684,-3.123680115,,-3.89856561,,,,,,,,2.288591385,1.412338018
-0.814252853,-0.714406013,-0.921527743,-0.512827873,,-0.81672887,,,,,,,,-0.459793448,-0.720635056
-2.309800148,-2.429948807,-2.313128471,-3.436182737,,-2.350959142,,,,,,,,-0.428659856,0.115259618
-0.238619626,-0.301772773,-0.427240789,-1.693649292,,-0.322544396,,,,,,,,-1.81894505,-1.307703733
-1.543340921,-1.759109855,-1.687735319,-2.73374629,,-1.663395365,,,,,,,,-0.666058004,-0.413200676
2.928842545,2.603850365,2.549800634,2.23069191,,2.694164515,,,,,,,,-0.247915596,-0.363323897
0.129154235,-0.054549173,0.214751124,0.005454015,,0.096452062,,,,,,,,0.462310106,0.61223954
1.416805744,1.526653409,1.672528267,1.905451059,,1.538662473,,,,,,,,1.602216721,1.818089604
4.97602272,5.202135086,5.203077316,5.321391106,,5.127078374,,,,,,,,1.664534926,1.076783895
1.053180695,0.949203849,0.986987591,1.190121055,,0.996457378,,,,,,,,-0.008455753,0.513812006
3.436998844,3.560232401,3.614533663,2.908314943,,3.537254969,,,,,,,,2.285614967,1.308314085
3.851859808,3.853916407,3.847476482,4.471990108,,3.851084232,,,,,,,,-1.094650865,-0.493256509
1.558464289,1.648554802,1.547451735,0.294104964,,1.584823608,,,,,,,,-0.13480778,-0.350960374
-1.413327336,-1.552460313,-1.508392096,-0.775023222,,-1.491393248,,,,,,,,1.433764458,0.84915489
2.978772163,3.055729389,2.814442635,2.52473855,,2.949648062,,,,,,,,1.532124996,0.812220812
-0.289227337,-0.520318031,-0.542920947,-0.69658947,,-0.450822105,,,,,,,,-0.003726944,-0.217096314
-0.64591372,-0.708692431,-0.762457013,-0.457568556,,-0.705687722,,,,,,,,-0.97873044,-0.172206894
3.64153266,3.531092167,3.494516373,2.41779232,,3.555713733,,,,,,,,-0.48856014,-0.147530645
-1.509367943,-1.126417398,-1.049819469,-1.048330069,,-1.228534937,,,,,,,,1.504196286,1.217596531
-0.987718701,-0.85000813,-0.631329894,-0.266332507,,-0.823018909,,,,,,,,-0.720273018,0.907358766
-2.332437038,-2.017684221,-1.969032526,-1.520984054,,-2.106384595,,,,,,,,1.138566971,1.28592968
-0.798229218,-0.672442198,-0.566256046,-1.159902096,,-0.678975821,,,,,,,,0.468636096,-1.183546782
-3.291926622,-3.199617624,-3.353168964,-3.287393808,,-3.28157107,,,,,,,,-0.412747979,0.097991101
0.275259078,0.48199147,0.451689363,0.260628104,,0.40297997,,,,,,,,1.454354286,2.024026871
-2.558458328,-2.456272125,-2.648162603,-3.176211834,,-2.554297686,,,,,,,,0.186756119,0.035854653
-1.658848643,-1.28415668,-1.536765099,-0.907991946,,-1.493256807,,,,,,,,-1.814716697,-1.245356679
2.194103718,2.194807529,2.450866699,2.403668165,,2.279925982,,,,,,,,-1.726860762,-1.539780617
-1.180546522,-0.908399642,-0.948490798,-2.181325436,,-1.012478987,,,,,,,,0.257267356,0.267698586
1.206621528,1.265513182,1.240802407,0.888257384,,1.237645706,,,,,,,,1.135846972,-0.029914685
-1.998593569,-1.895159483,-2.048430681,-2.540276527,,-1.980727911,,,,,,,,-4.259361267,-3.811701775
-5.711620331,-5.909394264,-6.041781425,-6.637155533,,-5.887598674,,,,,,,,1.959736109,1.480285406
-0.112782329,0.099745274,0.418127954,-0.62165004,,0.135030299,,,,,,,,0.154308021,-0.518514156
-1.847669959,-1.934264302,-1.886709094,-1.073176622,,-1.889547785,,,,,,,,0.193289757,0.063373223
1.870920897,1.720140457,1.728764057,2.346274614,,1.773275137,,,,,,,,-0.721369028,0.657358289
-0.655250192,-0.560470939,-0.361262381,0.322241813,,-0.52566117,,,,,,,,-0.893592119,-0.917146087
-0.537310004,-0.410986573,-0.306587636,-0.648858428,,-0.418294738,,,,,,,,-2.085006475,-1.22603178
-4.154449463,-4.229486465,-4.215982914,-3.319601297,,-4.199972947,,,,,,,,0.285883963,0.050891854
2.415899515,2.558499336,2.48769784,2.613360643,,2.487365564,,,,,,,,-0.635963976,-0.635428667
-1.170179725,-1.093098879,-1.438334107,-0.280870408,,-1.233870904,,,,,,,,-1.159633398,-0.98263365
-2.818153143,-2.87395072,-3.256565809,-2.784440994,,-2.982889891,,,,,,,,0.306869447,-0.218860373
-0.189796895,-0.295774877,-0.232898921,-0.306249857,,-0.239490231,,,,,,,,0.378378272,-0.072499171
4.081052303,4.284502029,4.379728317,4.709831238,,4.24842755,,,,,,,,2.488613129,1.613090515
2.519691229,2.780546427,2.864758015,2.67029357,,2.721665223,,,,,,,,0.955427527,0.583044708
3.503712177,3.605957508,3.495541096,3.416793823,,3.53507026,,,,,,,,-0.531717718,-0.296935588
-3.37876296,-3.229492188,-3.437551022,-4.748109341,,-3.348602057,,,,,,,,0.420399159,-0.549330652
-2.801647902,-2.811683893,-2.670908928,-1.919988632,,-2.761413574,,,,,,,,0.746698916,1.378471255
0.086267486,0.303906262,0.430885673,0.315775633,,0.273686474,,,,,,,,-1.94906044,-1.9257586
1.37934494,1.298038244,1.502738953,1.771154881,,1.393374046,,,,,,,,-0.189655513,0.964611411
1.170338273,1.277566552,1.194997311,1.696436048,,1.214300712,,,,,,,,-0.540958524,-1.119240761
-3.914708853,-4.170814991,-4.090316296,-2.883491755,,-4.05861338,,,,,,,,-1.246409178,-0.908859134
1.476250052,1.517181396,1.597620487,0.615959942,,1.530350645,,,,,,,,1.477455616,1.185806632
-0.283181071,-0.481770247,-0.441271812,-0.738621414,,-0.402074377,,,,,,,,1.341491342,1.193256974
-0.834557891,-0.850402951,-0.858092904,-0.965876162,,-0.847684582,,,,,,,,1.193255186,1.61107111
-3.275840521,-3.378379345,-3.356368303,-2.585420132,,-3.336862723,,,,,,,,0.230772182,0.17022711
0.167613596,0.007782251,0.123340368,-0.619152844,,0.099578738,,,,,,,,1.583954573,1.238183975
1.093004346,0.83404839,0.909733832,2.49525094,,0.945595523,,,,,,,,1.094386458,1.383933902
0.109419808,0.439105093,0.244697839,-0.61786294,,0.26440758,,,,,,,,0.978858471,0.647910058
2.196723223,1.950705767,2.131123304,2.072856665,,2.092850765,,,,,,,,1.870988727,0.723409534
-2.149825811,-2.317254066,-2.297029972,-1.879249811,,-2.254703283,,,,,,,,0.526966751,0.169152215
0.467002928,0.577367127,0.63492012,1.139652371,,0.559763392,,,,,,,,-1.850824833,-0.302577823
0.932452917,0.943680644,0.739654422,1.32375145,,0.871929328,,,,,,,,1.261869907,0.460206926
0.705028892,0.636397839,0.653783441,1.276612163,,0.665070057,,,,,,,,-0.144702792,-0.178032905
0.532158375,0.43691057,0.478543103,0.458478153,,0.482537349,,,,,,,,-1.360950947,-1.086209893
2.648513794,2.414994001,2.411797762,2.38561964,,2.491768519,,,,,,,,0.5909729,0.20536083
4.028690338,3.78595686,3.883079052,3.275582075,,3.899242083,,,,,,,,0.11913085,-0.145424694
0.615501165,0.850512743,0.905667663,0.584816456,,0.790560524,,,,,,,,-0.390687525,-0.389144391
-2.884333849,-2.848601818,-2.723748446,-4.994628906,,-2.818894704,,,,,,,,-0.279669911,-0.515715241
0.28346622,0.384558082,0.256956279,-0.114905722,,0.30832686,,,,,,,,-1.963219643,-1.634621382
1.721041441,1.775011063,1.714807272,1.253341556,,1.736953259,,,,,,,,0.15368928,0.748990476
1.313560605,1.337978482,1.573873758,2.323209047,,1.408470949,,,,,,,,-0.470301211,-0.066636115
-1.825742245,-1.906175375,-1.850470424,-1.871622801,,-1.860796014,,,,,,,,0.729516923,1.989023685
1.693024635,1.531886458,1.65898025,1.837496281,,1.627963781,,,,,,,,-1.680854082,-0.222511113
-1.776255488,-1.760630608,-1.807579041,-2.284151316,,-1.781488379,,,,,,,,-1.543534279,-1.798179865
1.510109663,1.535755873,1.36662364,0.415486395,,1.470829725,,,,,,,,-2.374635935,-2.115540028
0.010754429,0.082681589,-0.021462888,-0.774015903,,0.023991043,,,,,,,,-0.238628656,-0.456204057
-0.797814786,-0.681068361,-0.519068658,-0.647710145,,-0.665983935,,,,,,,,-0.395941347,-0.830578089
0.854689121,1.050297737,1.227642298,0.644549608,,1.044209719,,,,,,,,-0.813357294,-1.272031784
-1.388814926,-1.488598108,-1.586499929,-1.711652756,,-1.487970988,,,,,,,,-0.965755582,-0.703589737
0.190944195,0.449764162,0.377509028,1.706245184,,0.339405795,,,,,,,,-1.230143309,-1.374901175
0.335576832,0.227258325,0.44034493,-1.257263064,,0.334393362,,,,,,,,-0.287617743,-0.311510146
2.280194044,1.9192276,2.13984704,3.134816647,,2.113089561,,,,,,,,0.337721914,0.605534732
-2.073004723,-1.870005608,-1.806612015,-2.467291594,,-1.916540782,,,,,,,,1.187152624,1.05663693
2.143323183,1.969979763,1.752494335,2.447844028,,1.95526576,,,,,,,,-0.378694117,0.070862278
3.20586133,3.156814098,2.949180841,3.48236537,,3.10395209,,,,,,,,0.208584458,-0.183469042
-1.026655197,-0.8347646,-0.932174444,-1.248306632,,-0.93119808,,,,,,,,2.359797478,1.377408028
0.547368586,0.465069413,0.355727524,0.764208555,,0.456055174,,,,,,,,-1.834811211,-1.508019924
0.917381406,0.731936395,0.740220726,0.505838156,,0.796512842,,,,,,,,1.507654905,0.750806451
0.387496322,0.417290151,0.375224173,-0.350836337,,0.393336882,,,,,,,,0.304490864,-0.06845066
-2.51989913,-2.351106882,-2.293716669,-3.250320673,,-2.388240894,,,,,,,,0.725179851,0.28896752
-3.775230169,-3.709186792,-3.615341187,-3.134970427,,-3.699919383,,,,,,,,-4.373588085,-3.567749262
8.093205452,7.96978426,8.05608654,8.042349815,,8.039692084,,,,,,,,0.919127464,0.829043508
0.241482615,0.302129507,0.222875834,0.556091964,,0.255495985,,,,,,,,-1.562126398,-0.335613757
2.728606224,2.641533852,2.557059765,3.205417156,,2.642399947,,,,,,,,0.611043215,1.011084318
0.688898206,1.050484657,1.210005403,0.920250356,,0.983129422,,,,,,,,1.122601509,0.677146316
0.711829305,0.858192801,0.84938246,-0.028431952,,0.806468189,,,,,,,,-0.052514642,-0.63265419
3.453608513,3.207587242,3.228478909,2.814300537,,3.296558221,,,,,,,,-0.003963247,-0.167620182
2.573727846,2.713195324,2.686390877,2.073843002,,2.657771349,,,,,,,,-0.060685597,0.146402627
-0.606512904,-0.699749827,-0.661533475,-1.317637324,,-0.655932069,,,,,,,,0.619184613,0.095322579
0.953892648,0.72436738,0.835553408,1.658385158,,0.837937812,,,,,,,,0.559387505,0.509233356
-3.464202404,-3.594572306,-3.26802206,-3.709735632,,-3.44226559,,,,,,,,-0.240848303,-0.734635472
0.663148761,0.467936844,0.324852556,-0.264710128,,0.48531272,,,,,,,,0.009116225,0.244699121
-1.399692178,-1.53943789,-1.342729568,-1.596841335,,-1.427286545,,,,,,,,-0.630056262,-0.87063098
1.696238756,1.495010018,1.517858028,1.393039823,,1.569702268,,,,,,,,0.030554086,1.463904619
0.014482856,0.192206055,0.13870284,-0.267185301,,0.115130583,,,,,,,,-1.161941648,-0.378408641
0.923154056,0.959035158,0.899194598,0.712091923,,0.927127937,,,,,,,,-2.127855539,-2.34797287
1.806558847,1.570616007,1.657976031,1.33400631,,1.678383629,,,,,,,,0.503792465,1.16112411
0.359134197,0.005627871,0.116909325,0.278943837,,0.160557131,,,,,,,,0.313207179,-0.438914657
-1.392362356,-1.554884672,-1.665494204,-1.332294941,,-1.537580411,,,,,,,,0.506174326,1.054586411
-1.644145012,-1.612750769,-1.488730192,-1.316393971,,-1.581875324,,,,,,,,0.786882639,0.499481529
-1.225140095,-1.139108181,-1.158268213,-0.285217941,,-1.174172163,,,,,,,,-0.617720842,-0.978482842
-1.516625285,-1.532109022,-1.47169292,-2.171233416,,-1.506809076,,,,,,,,-0.261813402,-0.695723891
1.438990712,1.581534743,1.475607753,2.590553522,,1.498711069,,,,,,,,-1.200047493,-0.626633644
0.731122851,0.47413522,0.617794573,0.583473325,,0.607684215,,,,,,,,1.934322834,0.593360186
0.217216432,0.159196794,0.211090803,-0.339633524,,0.195834676,,,,,,,,0.184316769,-0.173342228
-0.48047924,-0.551864803,-0.715854287,-1.352851748,,-0.582732777,,,,,,,,0.373707622,0.825476885
4.485597134,4.566735744,4.808256626,5.220915318,,4.620196501,,,,,,,,0.127837807,0.544507146
0.794115782,0.942214847,0.729292929,0.432587892,,0.821874519,,,,,,,,0.947821021,0.267877847
-1.859609842,-2.061906815,-1.922603726,-2.401779413,,-1.948040128,,,,,,,,0.108322881,-0.055517942
0.843652189,0.531306684,0.393656045,0.029847633,,0.589538306,,,,,,,,0.594611406,0.721673012
-1.012639999,-0.810353041,-0.713983893,-1.211764097,,-0.845658978,,,,,,,,1.385345697,0.847965539
1.778945208,1.82962656,1.739660501,1.444746256,,1.78274409,,,,,,,,0.374595523,-0.574370265
-4.784073353,-4.667693615,-4.642340183,-4.821002483,,-4.698035717,,,,,,,,0.89562428,0.645132303
-1.014534235,-1.005497217,-1.12681675,-1.315852284,,-1.048949401,,,,,,,,0.109087206,-0.36402595
-1.870378256,-1.763059735,-1.727928281,-1.600460768,,-1.787122091,,,,,,,,2.43955493,1.586907268
-0.958271623,-1.005485415,-1.077545166,-1.756920338,,-1.013767401,,,,,,,,2.783811569,1.320233703
-1.671312213,-1.608091593,-1.81677103,-1.101750135,,-1.698724945,,,,,,,,-0.238086134,-0.178522125
-0.745698571,-0.500544548,-0.510674477,-0.356586158,,-0.585639199,,,,,,,,1.015137434,1.811877728
-0.602538526,-0.775526583,-0.821423829,-0.993978083,,-0.733162979,,,,,,,,1.332904458,0.691074014
-1.636448503,-1.923603177,-1.813117385,-2.303647041,,-1.791056355,,,,,,,,-2.617871761,-1.183742046
-0.183070168,-0.127137706,-0.278618276,-1.923677444,,-0.196275383,,,,,,,,0.270411491,-0.017753303
0.54469496,0.651878297,0.521802604,1.566411734,,0.572791954,,,,,,,,-0.332967073,0.427131474
-3.280724525,-3.590067863,-3.527487278,-3.705355883,,-3.466093222,,,,,,,,0.138239533,-0.469362676
-4.158031464,-4.144216061,-4.152546406,-3.63724184,,-4.151597977,,,,,,,,0.360854566,-0.131841794
-2.821248293,-2.687886,-2.889974356,-2.625766516,,-2.799702883,,,,,,,,-1.374521613,-0.596341968
-0.767757893,-0.594931602,-0.480034858,-0.177940086,,-0.614241451,,,,,,,,-0.248821795,-0.15592353
-0.473583907,-0.657331586,-0.617933154,-0.183189571,,-0.582949549,,,,,,,,-0.63860786,-0.776295245
-4.085875034,-4.002229214,-4.207819462,-3.315542936,,-4.098641237,,,,,,,,-1.79923594,-1.230529785
2.545291424,2.285468102,2.399964094,3.26320672,,2.410241206,,,,,,,,2.292356014,1.972651243
-1.200820684,-1.171826363,-1.293066978,-1.151736379,,-1.221904675,,,,,,,,1.870228767,1.734497786
1.497229815,1.51691258,1.316299677,1.456841469,,1.44348069,,,,,,,,2.075289249,1.509862661
0.686687887,0.59578073,0.763445199,1.825568914,,0.681971272,,,,,,,,1.482643962,0.708310246
0.386629552,0.335889906,0.654760718,0.573483288,,0.459093392,,,,,,,,0.456255257,0.047005676
-1.73675406,-1.473128915,-1.584396482,-0.271333218,,-1.598093152,,,,,,,,0.737069547,2.366126537
1.728018284,1.793655396,1.830119491,3.589798927,,1.783931057,,,,,,,,2.359200001,1.617374897
0.610652089,1.029291749,0.935183644,-0.316931248,,0.858375827,,,,,,,,-0.852049828,-0.368862629
0.042413548,0.130682096,0.062199473,-0.583722949,,0.078431706,,,,,,,,-1.044265389,-1.533632994
2.311959028,2.114353895,2.219519854,0.776234508,,2.215277592,,,,,,,,-2.432884216,-2.629312515
-4.291500092,-4.217601776,-4.239191532,-4.847254276,,-4.249431133,,,,,,,,-1.375192404,-1.927645922
2.797136784,2.863335609,2.732626438,2.716621161,,2.79769961,,,,,,,,-1.167439222,-0.370952129
1.311139345,1.466832399,1.477859974,1.902012706,,1.418610573,,,,,,,,-0.325407952,0.492647409
0.936186075,1.06300509,1.157196522,1.221154928,,1.052129229,,,,,,,,0.50349915,-0.710021138
-0.470576376,-0.42931363,-0.476034075,-0.285375714,,-0.45864136,,,,,,,,0.753289461,0.909917951
0.43306461,0.37421295,0.451231807,0.07925798,,0.419503123,,,,,,,,-3.605193377,-3.36870265
-2.098713398,-1.864735842,-1.785416126,-1.172138095,,-1.916288455,,,,,,,,1.215786815,0.666453481
1.360156059,1.171462893,1.080273986,1.330315828,,1.203964313,,,,,,,,0.430054039,0.497674167
4.982663155,4.939511776,5.023028374,4.931066513,,4.981734435,,,,,,,,1.431546688,1.034826994
-4.427727699,-4.418810844,-4.492000103,-3.81760931,,-4.446179549,,,,,,,,-1.619285822,-0.488376826
0.61689955,0.707406282,0.954359233,0.837057173,,0.759555022,,,,,,,,-0.951320529,0.139586329
0.743683755,0.424695492,0.414242327,0.481155396,,0.527540525,,,,,,,,-2.163507462,-2.497868776
-5.547801971,-5.652328968,-5.882797241,-6.369475365,,-5.694309394,,,,,,,,1.058539748,-0.186222881
-0.424070686,-0.292172074,-0.346933514,-0.310781747,,-0.354392091,,,,,,,,1.258033514,1.884168863
-10.7034359,-10.79947948,-11.16579819,-8.358244896,,-10.88957119,,,,,,,,-2.644007206,-5.617649078
0.551751494,0.568899512,0.66309464,1.542676806,,0.594581882,,,,,,,,0.062416956,0.658437014
-1.686151505,-1.462740541,-1.484737515,-2.362836123,,-1.544543187,,,,,,,,-3.863075256,-3.508069515
1.797672629,1.906723619,1.985591173,1.42360425,,1.896662474,,,,,,,,0.322281837,0.246399656
-0.535266995,-0.513786733,-0.332059979,-0.373361409,,-0.460371236,,,,,,,,-0.74040252,0.39516449
-1.627962112,-1.503806591,-1.65271306,-0.932195961,,-1.594827255,,,,,,,,0.772681117,-0.392420232
-1.489458799,-1.58740139,-1.531438589,-2.37978673,,-1.536099593,,,,,,,,1.36903882,-0.136358559
-1.646471977,-1.56709528,-1.460324526,-1.31494832,,-1.557963928,,,,,,,,-1.001172304,-0.746855497
1.127602458,1.227361441,1.24417901,2.598501682,,1.199714303,,,,,,,,1.833471298,1.199987769
-2.614966393,-2.513395786,-2.544286251,-2.979442835,,-2.557549477,,,,,,,,-0.87147516,-0.228501678
-2.573092937,-2.405020952,-2.331125498,-2.962309599,,-2.436413129,,,,,,,,-0.672313452,-0.928973794
2.91592288,2.738195419,2.896072149,1.416214943,,2.850063483,,,,,,,,0.785265446,-1.032698274
-1.852256179,-1.88230741,-1.76025486,0.443962842,,-1.83160615,,,,,,,,0.002090827,-1.266001105
-1.467329383,-1.338844895,-1.205366015,-1.924881339,,-1.337180098,,,,,,,,0.26433301,0.207589656
-1.728115559,-1.497324467,-1.342252731,-2.080403805,,-1.522564252,,,,,,,,-0.475127846,0.266333789
-1.811442971,-1.848723054,-1.719724298,0.329542756,,-1.793296774,,,,,,,,0.111334518,-0.37393567
-1.555776238,-1.501695871,-1.636558533,-3.34698534,,-1.564676881,,,,,,,,-1.436792135,-2.457414389
1.017913818,0.924210846,1.11214304,0.07946901,,1.018089235,,,,,,,,-1.827085018,-2.59166193
0.770694494,0.877694488,0.796241105,-0.399750203,,0.814876695,,,,,,,,-3.976325989,-3.471104383
0.606518507,0.402104199,0.296399623,-0.108328149,,0.435007443,,,,,,,,-1.208498836,-0.275932968
-2.531412125,-2.704646587,-2.882014275,-2.57626915,,-2.706024329,,,,,,,,-1.983534813,-0.378599286
2.356545448,2.283781767,2.22530961,2.025078058,,2.288545609,,,,,,,,-0.141007274,-0.562296271
4.346580982,4.259296417,4.229865074,3.326024771,,4.278580825,,,,,,,,1.464785099,0.672117949
-1.80611527,-1.626004577,-1.756057262,-0.359338999,,-1.72939237,,,,,,,,-0.852515578,-0.851516962
0.797472656,0.866746783,0.844457448,1.135645509,,0.836225629,,,,,,,,1.095424652,1.511785388
1.377264977,1.478557229,1.768678784,1.186184406,,1.54150033,,,,,,,,-0.084937721,-0.343382537
0.140900239,0.490794659,0.273632705,1.619338274,,0.301775868,,,,,,,,-1.237343073,-1.304074168
0.480637014,0.383149713,0.610765338,-0.414340645,,0.491517355,,,,,,,,-0.145260826,-0.543637991
-2.567476273,-2.6019485,-2.760805845,-1.939332604,,-2.643410206,,,,,,,,-2.027295351,-2.427981853
-4.452460289,-4.567069054,-4.636928558,-3.570735455,,-4.552152634,,,,,,,,-0.797922373,-0.437179327
0.520865262,0.331849009,0.249385267,0.509145856,,0.367366513,,,,,,,,2.201173306,1.425957441
1.939644814,1.930421352,2.122694731,0.829328656,,1.997586966,,,,,,,,0.249515921,-0.044579685
-2.385620117,-2.367683649,-2.310930014,-1.674208283,,-2.354744593,,,,,,,,2.18659544,1.599578381
-4.564165592,-4.467400074,-4.463442802,-4.476111889,,-4.498336156,,,,,,,,2.900549412,3.586051941
1.797559023,1.648175001,1.676915646,1.68212831,,1.70754989,,,,,,,,0.084132344,0.099950574
-0.413529545,-0.176238745,-0.066610843,-1.475766659,,-0.218793044,,,,,,,,-0.711274564,0.244414881
-0.475695878,-0.499572664,-0.481513262,-1.547927141,,-0.485593935,,,,,,,,-0.445561409,-0.259228587
-28.83135605,-29.77744675,-30.12176132,-23.81070137,,-29.57685471,,,,,,,,-16.43654823,-20.33519173
-0.12185587,-0.107165143,0.27937156,-0.211051583,,0.016783516,,,,,,,,0.219756931,-1.014809847
0.735956073,0.506409049,0.442501038,0.833317935,,0.561622053,,,,,,,,-0.139044642,0.713550091
4.266207695,4.593256474,4.673383713,4.105587482,,4.510949294,,,,,,,,-0.567131281,-0.577103734
2.042029858,1.774168849,1.834771991,0.0555785,,1.883656899,,,,,,,,0.916000485,0.872214198
-0.041194677,-0.087753668,-0.400489688,-0.080428831,,-0.176479345,,,,,,,,-2.045529366,-0.639029145
0.973609865,1.109172821,0.885157824,0.583658934,,0.989313503,,,,,,,,1.924227118,1.718450069
0.711749375,0.691656888,0.573366463,0.899232209,,0.658924242,,,,,,,,-1.982813597,-1.070997596
0.21650815,0.36090219,0.336875439,0.465188831,,0.304761926,,,,,,,,-1.838494539,-0.236562222
-0.517983735,-0.288781345,-0.248680189,-0.662677288,,-0.35181509,,,,,,,,2.030534506,4.409983635
2.526303053,2.723815203,2.51428771,3.076903105,,2.588135322,,,,,,,,1.204234123,1.251001716
1.548365116,1.558496237,1.54537344,0.667000532,,1.550744931,,,,,,,,-0.76955986,-0.333600849
-1.792360306,-1.769240379,-1.844311476,-3.085340977,,-1.80197072,,,,,,,,-0.61634624,-0.798055768
0.638530314,0.656135619,0.665715039,-0.024677902,,0.653460324,,,,,,,,2.68862009,2.819199085
-1.106048346,-1.246279716,-1.27013135,-0.991234243,,-1.207486471,,,,,,,,-4.889839649,-3.052888393
2.698951483,2.703359127,2.490990877,3.320437193,,2.631100496,,,,,,,,1.076173067,0.528410316
-3.28176403,-3.536636829,-3.304600477,-3.450398207,,-3.374333779,,,,,,,,0.995371461,1.624845147
-1.298825264,-1.112682462,-0.909864843,-0.618325591,,-1.10712419,,,,,,,,-1.130999207,-1.79817915
-2.37994194,-2.670026064,-2.616163254,-2.932727098,,-2.555377086,,,,,,,,1.153584361,0.617120028
-4.845650673,-4.778404236,-4.364783287,-5.120902061,,-4.662946065,,,,,,,,-0.329130739,-0.062574625
1.093654871,1.190775275,1.306006074,-0.242005348,,1.196812073,,,,,,,,3.099556446,2.338021278
3.2006042,3.403475285,3.284573078,3.219364882,,3.296217521,,,,,,,,1.922420025,1.294727564
1.096817374,1.308817506,1.359924436,2.974726915,,1.255186439,,,,,,,,0.587109804,1.758507967
-2.087938547,-2.201521158,-2.312683821,-1.616755843,,-2.200714509,,,,,,,,0.417157114,-0.760359526
-1.94430685,-2.048465729,-2.109829187,-2.390675068,,-2.034200589,,,,,,,,-0.717149258,-0.362827927
-1.102379441,-1.27533257,-1.095605254,-1.507635593,,-1.157772422,,,,,,,,0.557331681,-0.763003469
2.46670866,2.597989798,2.46373105,1.430383563,,2.509476503,,,,,,,,-1.029309154,-1.017231703
-0.409257859,-0.632325709,-0.678148925,0.058089793,,-0.573244164,,,,,,,,-0.094406962,0.154607803
-1.119561911,-1.093803167,-1.068517685,-0.92985785,,-1.093960921,,,,,,,,-1.375074863,-1.972168207
-1.622155428,-1.725881338,-1.546190262,-1.432734489,,-1.631409009,,,,,,,,-1.178701878,-0.513098776
-3.895231485,-4.098040104,-4.260189056,-2.930450916,,-4.084486882,,,,,,,,0.982891917,0.900380731
2.289972067,2.184828758,2.251621723,2.878678799,,2.242140849,,,,,,,,1.164095163,1.815826178
2.342266321,2.298121452,2.259226799,2.577074766,,2.299871524,,,,,,,,1.479038477,0.063868761
1.083951831,0.979537249,1.111876726,0.527389944,,1.058455269,,,,,,,,-0.541853726,0.07626763
0.06845428,0.112269908,0.005406648,0.396632135,,0.062043612,,,,,,,,-0.10939642,-0.745658278
-3.563072443,-3.710615396,-3.678046703,-4.632456779,,-3.650578181,,,,,,,,1.009331584,1.640166521
2.403132439,2.486691713,2.264449358,1.698743105,,2.384757837,,,,,,,,0.306125045,0.084488675
-0.264103442,-0.3465707,-0.577929676,-0.280627966,,-0.396201273,,,,,,,,0.122719422,0.561555982
-0.107368901,-0.085992351,-0.037706897,-0.213500649,,-0.077022716,,,,,,,,1.135257721,0.74329257
-0.172191203,-0.186484903,-0.422523886,0.911572456,,-0.260399997,,,,,,,,-0.181085259,0.549700677
0.978994548,1.042634726,0.859622121,0.437751025,,0.960417132,,,,,,,,-1.471686125,-1.955772519
1.200097442,1.178557992,1.088697791,1.076801419,,1.155784408,,,,,,,,-1.232471347,-0.020733044
0.271215379,0.011960641,0.018500328,-0.773160279,,0.100558783,,,,,,,,-4.251627922,-3.006494045
-0.467085153,-0.715979815,-0.844441175,-0.00186969,,-0.675835381,,,,,,,,-1.328268409,-1.04063797
1.583374858,1.430011749,1.489142299,0.272049546,,1.500842969,,,,,,,,1.114987493,0.487571478
0.893598795,0.862161696,0.935443342,1.362490177,,0.897067944,,,,,,,,-0.281805485,0.725701332
0.596407294,0.758878827,0.670484304,1.534998775,,0.675256809,,,,,,,,-1.268793821,-0.740098715
1.290426731,1.074454069,1.112328649,2.775809526,,1.159069816,,,,,,,,0.043483891,-0.149362132
3.840753794,3.627674341,3.534468412,2.978371382,,3.667632182,,,,,,,,-0.399605513,-1.064036131
2.246712446,2.305944443,2.341006041,3.503581524,,2.297887643,,,,,,,,2.686085224,1.941373467
-0.70523268,-0.454973459,-0.38312614,-1.426147938,,-0.514444093,,,,,,,,-0.792135239,-1.711686492
-0.420477927,-0.321162194,-0.404518694,0.52810508,,-0.382052938,,,,,,,,-1.559747577,-0.815456867
-0.527977586,-0.498586416,-0.561196446,-0.121386737,,-0.529253483,,,,,,,,1.015286684,0.594928026
1.743414998,1.302389622,1.346755862,0.870262504,,1.464186827,,,,,,,,1.060588121,1.625550985
-1.222594023,-1.240001678,-1.265806437,0.267375112,,-1.242800713,,,,,,,,-1.314730287,-1.815321326
1.345040441,1.450726986,1.554203391,1.592749834,,1.449990273,,,,,,,,-0.006846413,-0.032441217
-0.544443667,-0.401059389,-0.185319364,0.042925153,,-0.376940807,,,,,,,,-0.625651062,0.607221365
1.742964268,1.817423582,1.691041112,1.407973289,,1.750476321,,,,,,,,0.652579188,0.276194662
6.163943768,6.102959633,6.139958382,6.265192509,,6.135620594,,,,,,,,0.194480419,0.567204893
1.721465111,1.947785616,1.761065006,0.265108287,,1.810105244,,,,,,,,1.084121227,-0.073297754
-0.863218367,-0.987302482,-0.74956429,-1.152475595,,-0.866695046,,,,,,,,-1.155883551,-0.139077619
3.87886548,3.847850084,3.797193527,4.403580189,,3.841303031,,,,,,,,-2.006669521,-1.734173775
-1.537121058,-1.526086092,-1.481815577,-2.308049679,,-1.515007575,,,,,,,,0.363392323,0.855170012
0.848862886,0.927149534,0.781420231,0.060567304,,0.852477551,,,,,,,,1.014118075,1.935336709
0.053297251,-0.091439009,0.004013211,-0.446776152,,-0.011376182,,,,,,,,-3.828786612,-2.685284138
0.093010679,-0.013488367,-0.503680825,1.272862911,,-0.141386171,,,,,,,,-1.10469532,-0.073720917
-2.440725327,-2.336144447,-2.342226505,-3.352126122,,-2.373032093,,,,,,,,-1.094635248,0.486964285
-2.868611813,-3.053946972,-3.359588623,-3.439289331,,-3.094049136,,,,,,,,-0.751754045,-0.86776644
-1.003094196,-1.294116616,-1.351788878,-1.006276011,,-1.21633323,,,,,,,,1.768441677,1.516935587
2.822834253,2.803698778,2.577479362,3.146232128,,2.734670798,,,,,,,,1.700232267,1.124107003
2.466058969,2.263648748,2.188752651,2.172127008,,2.306153456,,,,,,,,0.572011471,-1.077155471
-1.984954119,-1.890146494,-1.717714071,-2.393810987,,-1.864271561,,,,,,,,0.536750734,-0.390126228
-0.476679176,-0.210885674,-0.380452871,0.137554795,,-0.356005907,,,,,,,,0.056178663,-0.464760333
-0.5348382,-0.608387172,-0.792255878,-0.63687408,,-0.645160417,,,,,,,,1.170388579,1.502869844
-0.174657792,-0.216592118,-0.23372817,0.412743896,,-0.208326027,,,,,,,,0.505272031,0.317879289
0.379314125,0.387679577,0.434273332,0.071640655,,0.400422345,,,,,,,,1.580721855,1.090566874
1.029189348,1.376914024,1.391957402,0.933435261,,1.266020258,,,,,,,,0.885365129,0.986948133
1.691797972,1.50156188,1.491830111,1.626636744,,1.561729987,,,,,,,,1.823546052,1.840297222
1.843467474,1.912868023,1.865839005,2.192334175,,1.874058167,,,,,,,,-0.124807328,-0.149173766
-0.474401385,-0.572070956,-0.665228009,-0.658545136,,-0.570566783,,,,,,,,-0.640009582,-0.240253344
2.525865793,2.622592688,2.519269466,2.090671301,,2.555909316,,,,,,,,1.004846096,0.743997931
-3.517963409,-3.522569895,-3.463654995,-2.853482962,,-3.5013961,,,,,,,,-0.518320024,-0.235701025
-1.554605484,-1.620066881,-1.464862585,-2.773273706,,-1.54651165,,,,,,,,-3.284221411,-2.693305969
2.225806713,2.091774464,2.22423315,1.712701678,,2.180604776,,,,,,,,-0.208858401,-0.908882499
-1.815412283,-2.022459984,-1.954387188,-2.413591623,,-1.930753152,,,,,,,,-0.923903883,-0.719848752
-1.293094158,-1.325854301,-1.360309124,-1.522311568,,-1.326419195,,,,,,,,-1.070540905,-1.506843805
0.865334868,0.877016485,0.600666046,1.432734728,,0.7810058,,,,,,,,2.878387451,1.242435217
-0.330873132,-0.315218806,-0.583401382,0.101395138,,-0.409831107,,,,,,,,-0.027843565,-0.430424273
0.835732579,0.506854057,0.517192304,-0.186354056,,0.619926314,,,,,,,,-3.220162868,-2.807267666
2.941461563,3.112404585,3.186207294,3.60498333,,3.080024481,,,,,,,,-0.50765723,0.265752822
-3.378350496,-3.661498785,-3.675631285,-3.597615957,,-3.571826855,,,,,,,,-3.134039879,-2.679630518
1.397233248,1.282569408,1.486469984,2.455593109,,1.388757547,,,,,,,,3.334950686,2.684598684
0.264238238,0.330037117,0.29486239,0.552845478,,0.296379248,,,,,,,,0.00317657,-0.460989535
-3.200427055,-3.180502892,-3.274538279,-3.639980078,,-3.218489408,,,,,,,,-2.551466942,-1.991446733
-0.430380821,-0.493439883,-0.387503982,-0.396693677,,-0.437108229,,,,,,,,-0.728150427,-0.604095817
-0.440404356,-0.2752527,-0.337547779,0.630014956,,-0.351068278,,,,,,,,3.548982143,1.670171738
1.979636431,1.743115067,1.653313637,1.547302008,,1.792021712,,,,,,,,-0.731700718,-0.380469501
0.814544618,0.954567492,1.062108278,1.334108949,,0.943740129,,,,,,,,-0.411088198,-0.592966795
5.222036839,5.254241467,5.253903389,4.257397175,,5.243393898,,,,,,,,-0.718981385,-1.19410181
0.549624145,0.100119904,0.262850761,-0.110039055,,0.30419827,,,,,,,,-2.739363432,-2.556132317
0.80962199,0.805781186,0.957997382,0.55717355,,0.857800186,,,,,,,,0.768721044,-0.453575194
0.842171609,1.131459832,1.124261379,0.437589288,,1.03263094,,,,,,,,-0.809439898,-0.983037829
-4.86358881,-4.810373783,-4.769537926,-5.37612915,,-4.814500173,,,,,,,,-2.047650814,-1.489631534
1.03370285,0.945665479,0.871743262,1.785728812,,0.95037053,,,,,,,,-1.366216779,-0.514481783
4.657705784,4.571996212,4.397809982,4.410916805,,4.542503993,,,,,,,,-0.91935277,-0.375635147
-2.17593956,-2.318475246,-2.2597754,-3.108983755,,-2.251396736,,,,,,,,4.069398403,3.12808466
-0.984242678,-0.771490276,-0.814188182,-1.356761575,,-0.856640379,,,,,,,,-1.940352201,-1.793282509
-4.200327873,-4.413315296,-4.225049496,-5.604032993,,-4.279564222,,,,,,,,-2.054042101,-1.573641419
-1.320926547,-1.285411835,-1.158756971,-1.072663307,,-1.255031784,,,,,,,,-0.966867745,-0.131780237
2.217212439,1.825205684,1.896967053,2.950109243,,1.979795059,,,,,,,,-2.323272228,-2.316306114
-1.269102454,-1.188972592,-1.171246171,-0.791145623,,-1.209773739,,,,,,,,-0.813244581,-1.397339344
2.237645149,2.509637356,2.470831394,1.932108164,,2.406037966,,,,,,,,-0.910727501,-1.934238672
-1.536527157,-1.335451603,-1.21110487,-2.36122179,,-1.361027877,,,,,,,,-0.496299833,-0.753260374
-1.674314857,-1.756816149,-1.754042149,-2.432823896,,-1.728391051,,,,,,,,1.57079339,1.669882774
-0.719586492,-0.575161636,-0.690541983,-1.643547297,,-0.66176337,,,,,,,,1.782517433,1.360265017
-1.08192718,-0.898795605,-0.906233072,-0.506395578,,-0.962318619,,,,,,,,-0.789442956,-0.857183456
0.27435407,0.151993185,0.05397585,0.526542246,,0.160107702,,,,,,,,2.382822275,1.798409581
-1.389497757,-1.51925993,-1.262946129,-1.252872229,,-1.390567938,,,,,,,,-2.859305859,-2.780639172
-0.848316252,-1.023613214,-1.43393898,-1.19863236,,-1.101956149,,,,,,,,-0.145356089,-0.672359347
3.032159805,3.122899055,2.749928713,1.962466598,,2.968329191,,,,,,,,-0.312752128,0.172794804
0.773800135,0.753385067,0.717061996,0.244460538,,0.748082399,,,,,,,,1.425818324,1.379794836
1.656326652,1.773587823,1.756622314,1.128093123,,1.728845596,,,,,,,,1.221984982,1.505882263
0.262701094,0.139791012,0.09235853,-0.80421567,,0.164950212,,,,,,,,1.548346162,0.787189007
-1.67112267,-1.633215308,-1.849032521,-2.000014782,,-1.717790167,,,,,,,,0.410006016,0.621245444
0.662711143,0.679152608,0.657017112,0.825119197,,0.666293621,,,,,,,,-1.06754303,-1.357546091
1.546381354,1.559077024,1.888073206,0.391124606,,1.664510528,,,,,,,,-1.225549698,-0.748343229
0.754189074,0.600576639,0.801318288,-0.706247449,,0.718694667,,,,,,,,-0.452676028,0.033753648
1.204024315,1.178753376,1.159717321,-0.493367493,,1.180831671,,,,,,,,1.11456573,1.283677101
0.850304961,0.793480873,0.587161899,1.296302199,,0.743649244,,,,,,,,1.469546318,1.101741076
2.276929379,2.310013771,2.377808332,1.816985726,,2.321583827,,,,,,,,-0.815836906,-0.933967531
-1.894243598,-1.878606558,-1.885830522,-1.916520834,,-1.886226892,,,,,,,,-1.558787107,-2.180287838
4.461267471,4.296473026,4.198749542,4.981262684,,4.318830013,,,,,,,,0.98775661,1.411020041
-1.139680386,-0.976137102,-0.998025239,-1.394813299,,-1.037947575,,,,,,,,0.773110509,0.052096695
2.532668829,2.338094711,2.646282911,4.011105061,,2.505682151,,,,,,,,-0.033784255,0.200178385
1.198761463,1.593711257,1.653802633,2.028377533,,1.482091784,,,,,,,,-1.297757387,-1.513626337
0.11522007,-0.021975636,0.169628024,0.537160277,,0.087624153,,,,,,,,-0.296750307,0.007035121
-3.006375074,-3.080718279,-3.117957592,-2.639025688,,-3.068350315,,,,,,,,-0.909488261,-1.479592204
2.216591597,2.364108562,2.123683691,1.835695624,,2.234794617,,,,,,,,1.949365854,1.639042974
0.262005538,0.270335525,0.281131417,1.863470316,,0.271157493,,,,,,,,0.004748194,0.04057844
1.124680877,1.066962361,1.326809287,2.728960037,,1.172817508,,,,,,,,1.71561563,0.552061379
-13.26442909,-13.24725246,-13.18636227,-14.99754715,,-13.23268127,,,,,,,,2.038416624,2.049478531
-1.504729271,-1.650928259,-1.806891203,-2.556655884,,-1.654182911,,,,,,,,0.093374133,0.366119146
-0.197866917,-0.252770364,-0.352549911,-0.545924902,,-0.267729064,,,,,,,,-0.29942733,-0.560732365
-3.320584297,-3.175702333,-3.084275484,-2.213293076,,-3.193520705,,,,,,,,-2.347321987,-2.452324867
-2.419054985,-2.478312969,-2.524932384,-1.929578066,,-2.474100113,,,,,,,,1.824216366,0.820977092
2.61705637,2.704738379,2.719570875,1.815544963,,2.680455208,,,,,,,,1.932707071,1.318592191
-1.403389692,-1.574197888,-1.623087406,-1.034638166,,-1.533558329,,,,,,,,2.387889862,0.555767894
-0.954065204,-1.064286351,-0.9610641,-2.169068575,,-0.993138552,,,,,,,,0.681007266,0.797153473
-1.167267323,-0.955902457,-0.906210065,-1.845252156,,-1.009793282,,,,,,,,0.185527533,1.336528301
6.235584259,6.081274033,5.865059853,6.036360741,,6.060639381,,,,,,,,0.350289226,0.470818728
1.57611382,1.335123777,1.415416837,1.527548432,,1.442218145,,,,,,,,-0.427900136,-0.912932515
1.40581274,1.251246095,1.109248161,1.247049212,,1.255435665,,,,,,,,0.35855186,-0.103077136
0.621062636,0.644106328,0.622120202,1.111425757,,0.629096389,,,,,,,,0.423776388,0.481571168
-0.357467353,-0.285580516,-0.452963829,0.400151908,,-0.365337233,,,,,,,,-0.773296475,-0.399299651
-1.681573033,-1.558227301,-1.645498872,-1.589824915,,-1.628433069,,,,,,,,-0.198260546,-0.707457781
-2.942187071,-2.688280344,-2.759968281,-3.201839447,,-2.796811899,,,,,,,,-1.819743752,-1.35438633
0.987413526,1.277369022,1.163580894,1.235912681,,1.142787814,,,,,,,,-0.822452724,-0.628100514
2.266452074,1.939611912,2.187863827,2.566292048,,2.131309271,,,,,,,,-0.694397449,-1.248816013
0.719454527,0.719969392,0.526448965,0.347478211,,0.655290961,,,,,,,,-1.566880703,-0.937101722
4.626916885,4.624355793,4.570632458,5.769665241,,4.607301712,,,,,,,,3.81266284,3.077843666
1.055942297,0.970387757,0.847348869,1.102457643,,0.957892974,,,,,,,,-1.583033442,-1.525810957
-0.567735434,-0.391035199,-0.235942781,-0.109935202,,-0.398237805,,,,,,,,0.192824528,0.577520788
1.025119662,1.168148994,1.146526575,1.690524101,,1.113265077,,,,,,,,-1.829250097,-1.262658358
0.513326526,0.27735734,0.29097867,0.27875191,,0.360554179,,,,,,,,-0.008148521,-0.799998164
-0.642673135,-0.788562298,-0.789667726,-0.153474271,,-0.740301053,,,,,,,,0.126625001,-0.536774039
-0.143240213,0.161164254,-0.021548092,1.910209894,,-0.001208017,,,,,,,,-0.34103474,-1.34281075
1.182073355,0.800926268,0.762897611,0.360951722,,0.915299078,,,,,,,,0.963388085,-0.21633786
-3.484354496,-3.562401772,-3.495722771,-3.039258003,,-3.514159679,,,,,,,,0.016773671,-0.317574799
0.439863533,0.574774146,0.52703464,0.453323454,,0.513890773,,,,,,,,-1.517465115,-0.436879218
1.950745106,1.864949226,2.083032608,1.522618532,,1.966242313,,,,,,,,-1.400985241,-0.051208556
5.895485401,5.943388462,6.133744717,4.815080166,,5.99087286,,,,,,,,1.499384165,2.079428673
-1.266754866,-1.362564564,-1.351248503,-1.748272538,,-1.326855977,,,,,,,,-2.881242275,-1.43721652
-1.903283954,-2.025333405,-1.804279923,-2.696543694,,-1.910965761,,,,,,,,0.1141413,0.968274713
0.531394362,0.182624817,0.234835744,0.004418075,,0.316284974,,,,,,,,1.102635145,1.330038786
0.138920188,-0.015027165,0.079532176,0.423513681,,0.0678084,,,,,,,,-2.686808825,-1.920780182
-3.053757429,-2.843853951,-2.896329165,-2.471224785,,-2.931313515,,,,,,,,0.329291016,0.775749147
-0.799476147,-0.953395605,-0.983630538,-1.246658206,,-0.91216743,,,,,,,,-0.792051375,-0.213057086
-2.331367016,-2.127418041,-2.249423981,-0.731154442,,-2.236069679,,,,,,,,0.063745111,-0.674351096
2.158745766,2.257930994,2.049566031,2.022388697,,2.155414263,,,,,,,,-0.279781103,0.292343646
-1.698788404,-1.502197981,-1.336179972,-1.508903265,,-1.512388786,,,,,,,,0.288428009,-0.181043863
0.217922077,0.395254314,0.336363018,0.516167164,,0.316513136,,,,,,,,0.366966933,0.205042496
-1.474771023,-1.546326637,-1.666368484,-1.97708118,,-1.562488715,,,,,,,,-1.505963802,-1.013272643
-1.623826742,-1.347617149,-1.358941078,-0.744879186,,-1.443461657,,,,,,,,1.666927576,0.787827671
-1.979928255,-1.933280706,-1.75943923,-1.429236174,,-1.89088273,,,,,,,,-0.81389302,-0.364725739
1.846506119,1.965769172,2.094324112,1.645635605,,1.968866467,,,,,,,,0.794918001,0.821379721
-1.187117815,-1.116814613,-0.892962217,-0.301002592,,-1.065631549,,,,,,,,-2.00838089,-2.178275347
-0.792893529,-0.792669833,-0.753536761,-1.332241774,,-0.779700041,,,,,,,,0.369751155,0.195638627
-0.357557118,-0.52827704,-0.407987416,0.256536543,,-0.431273858,,,,,,,,-1.48374629,-1.868093014
-2.905438423,-3.050481796,-3.120247364,-1.174856663,,-3.025389194,,,,,,,,-0.766984999,0.721688151
-0.292967945,-0.239141345,-0.35107699,-0.840417743,,-0.294395427,,,,,,,,1.39917779,1.774053574
-1.454951525,-1.438020587,-1.481216192,-0.598736346,,-1.458062768,,,,,,,,-2.80460906,-1.835732341
0.105611011,-0.016118035,0.109168857,-0.036496043,,0.066220611,,,,,,,,1.43564415,0.031972528
0.20718275,0.099702045,-0.142667487,0.224957734,,0.054739103,,,,,,,,1.863334656,0.649414063
-0.212870061,-0.026926458,-0.086598456,0.963914096,,-0.108798325,,,,,,,,-0.426540434,0.222515449
4.766105175,4.33328104,4.159482479,5.080199242,,4.419622898,,,,,,,,4.130739689,3.713504791
1.362993121,1.323415637,1.381216764,0.759878397,,1.355875174,,,,,,,,-0.322123557,-0.299897134
-1.173480988,-1.249530315,-1.082838178,-0.352239609,,-1.168616494,,,,,,,,-2.742494106,-2.655981064
0.985816121,1.124372482,1.148295403,2.540784836,,1.086161335,,,,,,,,-0.710861564,-1.650766253
2.163159132,2.389103651,2.514433622,2.503439903,,2.355565468,,,,,,,,0.619513929,0.522327065
-0.589173794,-0.613491714,-0.649725497,-0.74377358,,-0.617463668,,,,,,,,-0.489403546,0.092363879
1.200876236,1.14877224,0.978361249,1.313987136,,1.109336575,,,,,,,,-1.80299437,-1.96316433
-1.197311163,-1.193084717,-1.200925589,-1.150610089,,-1.197107156,,,,,,,,-1.134356022,-0.523653626
-1.814576864,-2.107220888,-2.362190247,-2.687679291,,-2.094662666,,,,,,,,0.860118389,0.702615142
-1.040696859,-1.051354647,-1.20866406,-0.969272673,,-1.100238522,,,,,,,,-0.873114944,-1.053641319
-3.21779561,-3.152418852,-3.196401834,-2.014771461,,-3.188872099,,,,,,,,0.815806627,0.628599167
-2.439703941,-2.503143072,-2.508419037,-2.839826822,,-2.48375535,,,,,,,,1.424188614,0.765716374
-0.931687713,-0.827023387,-0.923803687,-0.034930326,,-0.894171596,,,,,,,,-1.923216462,-0.937859893
-1.08063066,-1.187166214,-1.029742837,-0.355345637,,-1.099179904,,,,,,,,-1.046583056,-0.503073335
-6.110239029,-5.920148849,-5.937027931,-4.132486343,,-5.989138603,,,,,,,,-1.095846653,-0.841297746
-0.061969917,-0.094186619,-0.097351283,-0.747917771,,-0.084502606,,,,,,,,-0.652673542,-0.321510732
1.558265924,1.575922489,1.543889761,1.441869617,,1.559359392,,,,,,,,-1.613558769,-0.511201203
2.448168278,2.459210157,2.374944687,2.327957153,,2.427441041,,,,,,,,-1.732082844,-0.658062398
0.628980875,0.651951015,0.695988715,0.100894883,,0.658973535,,,,,,,,1.456711769,0.031107455
-1.277541637,-1.491150618,-1.562701583,-2.423949003,,-1.443797946,,,,,,,,-2.390588284,-1.225117683
-1.165969729,-1.095574141,-1.059352398,-2.090027332,,-1.106965423,,,,,,,,-0.513414681,-0.228056684
0.08570224,0.270452678,0.110167235,-0.934550881,,0.155440718,,,,,,,,-0.394257843,-0.75985682
-1.578508139,-1.370203257,-1.347559452,-1.380577087,,-1.432090282,,,,,,,,0.156051964,0.295925409
-1.047001362,-0.952703118,-1.051828504,-0.883601367,,-1.017177661,,,,,,,,2.704482317,2.611152172
2.416869164,2.374120951,2.260106564,1.493365169,,2.350365559,,,,,,,,3.439566612,2.781252861
5.952128887,5.750151634,5.691334248,5.050542831,,5.79787159,,,,,,,,-0.366354167,0.474725187
0.212196663,0.412588954,0.556768298,0.215970576,,0.393851305,,,,,,,,1.628252268,1.738556504
-0.519721389,-0.310981929,-0.433618963,-1.447991371,,-0.42144076,,,,,,,,0.679043055,0.758997679
-1.888643026,-2.07366991,-1.90918088,-2.677948475,,-1.957164605,,,,,,,,-0.912661791,-0.643740118
3.056847572,3.141578436,3.134577513,3.566681385,,3.111001174,,,,,,,,-0.219888806,-0.462337196
0.242563963,0.1899544,0.26431179,0.373122454,,0.232276718,,,,,,,,-1.026667476,-1.001898289
2.233925819,2.282104969,2.250272751,0.359137625,,2.255434513,,,,,,,,0.050456569,-0.436848581
-2.382045269,-2.20195055,-2.29275775,-2.395026922,,-2.29225119,,,,,,,,1.4829638,1.367590189
5.018574715,4.865384102,4.761836052,4.988126755,,4.881931623,,,,,,,,-0.282591134,0.108054921
-0.439108551,-0.287591338,-0.368567586,0.599999011,,-0.365089158,,,,,,,,2.214630127,1.520653486
0.997767389,1.155480385,1.023932576,1.476417184,,1.059060117,,,,,,,,0.836850584,0.241154015
-2.477315426,-2.660218716,-2.682961464,-2.054508924,,-2.606831868,,,,,,,,-3.255211115,-2.004277468
-0.637198448,-1.046530962,-1.012382746,-0.426653147,,-0.898704052,,,,,,,,-0.648057461,-0.070744909
1.126745343,1.019691706,0.956815302,1.384819984,,1.03441745,,,,,,,,-2.021404505,0.121324092
-2.998334885,-2.930120707,-2.93390584,-3.322450876,,-2.954120477,,,,,,,,-1.065974116,-0.465887666
4.203537464,4.327970028,4.175429344,2.824162722,,4.235645612,,,,,,,,-0.868475735,-0.057581052
1.450743198,1.36091876,1.256364107,1.526655793,,1.356008689,,,,,,,,0.375015914,0.113143049
-0.578457177,-0.991840005,-0.929994106,-0.728410065,,-0.833430429,,,,,,,,-0.63858974,-1.278139472
-2.008798122,-1.941933155,-1.948269367,-2.281141758,,-1.966333548,,,,,,,,6.077278614,4.271761894
1.08244431,0.932833195,0.912352681,1.811789751,,0.975876729,,,,,,,,-0.407186389,-0.212045342
-0.277079225,-0.33767879,-0.305560321,-0.59374845,,-0.306772778,,,,,,,,1.238940954,1.312357306
-2.506957293,-2.709130287,-2.765581608,-3.264665127,,-2.660556396,,,,,,,,1.114868283,1.176621675
-2.689631462,-2.468470335,-2.583359003,-3.024804831,,-2.580486933,,,,,,,,-1.34297514,-2.075042725
-0.130556688,-0.041951925,-0.051297486,0.291430771,,-0.074602033,,,,,,,,0.278727204,0.291544616
0.340233743,0.446180522,0.316537023,1.183153749,,0.367650429,,,,,,,,-1.69404304,-1.932767034
0.993757963,1.031365275,1.153328061,0.790051401,,1.059483767,,,,,,,,-0.745496452,0.156208321
-0.424337,-0.448300481,-0.460399866,-0.816098809,,-0.444345782,,,,,,,,0.913508415,1.221374869
-0.575789928,-0.870779932,-0.7217049,-1.126768589,,-0.722758253,,,,,,,,-2.311321735,-2.044346571
3.17678833,3.090071678,2.764033318,3.610779285,,3.010297775,,,,,,,,0.310428798,1.072078705
-1.878094435,-1.89570117,-1.911265612,-1.303009748,,-1.895020405,,,,,,,,-0.956228495,-2.127300024
3.343385696,3.271712065,3.561445475,3.590327024,,3.392181079,,,,,,,,-0.351852417,0.859095275
-0.043203056,0.091495216,-0.062008262,-0.154037833,,-0.004572034,,,,,,,,-1.381860971,-0.765822649
0.274092436,0.421834052,0.202923328,0.865028739,,0.299616605,,,,,,,,-1.053388357,-0.02642522
4.32070303,4.459724426,4.580940723,4.076105118,,4.453789393,,,,,,,,0.639202654,0.687881172
0.589824259,0.725140214,0.747282863,0.255218208,,0.687415779,,,,,,,,0.59003967,0.00929901
1.10737586,0.963910341,0.625758946,1.095740795,,0.899015049,,,,,,,,1.032579064,0.838570356
-0.051447183,-0.320296675,-0.144492835,-0.251201093,,-0.172078898,,,,,,,,1.459436655,-0.145294189
1.612460613,1.704883337,1.572180748,2.030830145,,1.629841566,,,,,,,,-0.567799926,-0.729884744
2.334847927,2.10411787,2.255811691,3.002147436,,2.231592496,,,,,,,,-0.887996554,-0.814775467
-0.773283839,-0.681450844,-0.655558109,-0.20617491,,-0.703430931,,,,,,,,1.858470798,2.472405434
1.064110994,0.713257372,0.751029491,0.021267235,,0.842799286,,,,,,,,0.339353651,-0.318046838
1.934274673,1.484401464,1.590620279,1.456124544,,1.669765472,,,,,,,,-0.105910927,0.58378911
1.1489923,1.187172294,1.148225904,1.646371722,,1.161463499,,,,,,,,-1.320609212,-0.93038094
0.166423544,0.372499794,0.593374968,0.693854213,,0.377432769,,,,,,,,0.677841902,0.255476236
-1.679071546,-1.758854747,-1.718599677,-0.646067858,,-1.71884199,,,,,,,,-1.493978977,-2.422069073
-0.599248052,-0.401926547,-0.507369637,-0.692799807,,-0.502848079,,,,,,,,0.263890892,0.579546213
1.84841764,2.043164492,1.909002423,2.191492319,,1.933528185,,,,,,,,1.010851741,0.063445419
1.763078928,1.479554653,1.560685277,0.884088635,,1.601106286,,,,,,,,-0.323649436,-0.36138317
-0.473826528,-0.461917102,-0.156854033,-0.481214166,,-0.364199221,,,,,,,,-0.727456272,-0.54677093
0.854199648,0.808816075,0.606774807,0.947907269,,0.756596843,,,,,,,,-0.96936065,-0.030253261
3.032183886,3.045352221,3.141000509,2.577198982,,3.072845538,,,,,,,,-1.13049078,-0.798772335
1.014714479,1.08668685,1.275091171,1.259163499,,1.1254975,,,,,,,,0.7959131,1.102882981
0.02302181,-0.327560127,-0.266387105,0.927334547,,-0.190308474,,,,,,,,0.210843265,0.34090808
-3.218407154,-3.072037458,-2.96236825,-2.359113455,,-3.084270954,,,,,,,,-1.686090589,-1.252424598
-0.445913136,-0.416130602,-0.226451784,-1.004553556,,-0.362831841,,,,,,,,3.373421669,2.764749527
-1.192297697,-1.1754843,-1.232189178,-0.276709199,,-1.199990392,,,,,,,,-0.113704741,-1.32875824
-2.887911797,-2.798590183,-2.86098671,-3.414482117,,-2.849162896,,,,,,,,0.63012886,0.711778998
-3.671903849,-3.846116304,-3.970542669,-4.921721458,,-3.829520941,,,,,,,,2.809337854,2.420697927
0.793748617,0.39880833,0.335825056,0.706722856,,0.509460668,,,,,,,,-0.194343388,-0.579097927
-2.748653889,-2.717628717,-2.536789417,-2.154293537,,-2.667690674,,,,,,,,2.178091764,2.536802769
-0.445262671,-0.517521858,-0.415026128,-1.140680909,,-0.459270219,,,,,,,,0.72551465,0.079366677
2.708923578,2.983669281,2.964698792,2.804275036,,2.885763884,,,,,,,,-1.15107882,-0.510723531
11.10514259,10.92991829,11.03770065,10.98982811,,11.02425385,,,,,,,,-0.914523125,-2.362324476
-3.093533278,-3.338460445,-3.377728224,-3.673784494,,-3.269907316,,,,,,,,0.242237344,0.403106481
-1.43594718,-1.199254632,-1.075886607,-0.315332234,,-1.237029473,,,,,,,,-0.427259147,0.276434004
-2.218622684,-1.82886374,-1.941861153,-2.58780098,,-1.996449192,,,,,,,,-1.311346769,-1.153925896
-1.244695544,-1.486816764,-1.414576173,-1.715471864,,-1.382029494,,,,,,,,2.324300766,1.917675018
1.092035532,1.121848106,1.297176123,2.527583122,,1.170353254,,,,,,,,1.246402502,1.034322262
0.906861901,1.016054273,0.968912601,1.091068983,,0.963942925,,,,,,,,-0.575833797,0.130620629
-2.706511021,-2.334923029,-2.313350439,-2.641779423,,-2.45159483,,,,,,,,-1.500202894,-0.378793597
-0.082778156,-0.310956568,-0.204542071,-0.673092842,,-0.199425598,,,,,,,,-1.350507617,0.237202883
-2.590934038,-2.481287003,-2.645378828,-2.961346626,,-2.57253329,,,,,,,,-0.828579724,0.694377422
-2.600224495,-2.542357445,-2.665984154,-2.991685152,,-2.602855364,,,,,,,,-1.313779712,-1.166658401
-1.728846312,-1.775116801,-1.751575947,-1.59388423,,-1.751846353,,,,,,,,-0.906867385,0.221169025
0.214880869,0.505940378,0.255170912,1.492539763,,0.325330719,,,,,,,,-1.159673691,0.093573406
0.655007243,0.683571279,0.972198367,0.426106483,,0.770258963,,,,,,,,-3.334156036,-2.222541094
2.061469793,1.992625833,1.960635304,2.91244173,,2.00491031,,,,,,,,0.919194758,0.518292665
-0.682361484,-0.882290483,-0.862965107,-0.377914399,,-0.809205691,,,,,,,,0.572182,0.851463258
6.331427574,6.36948967,6.164398193,6.186099529,,6.288438479,,,,,,,,-1.597984791,-1.419706821
2.476514339,2.340387821,2.081544876,2.033161879,,2.299482346,,,,,,,,-1.162114978,-1.003714204
3.864453077,4.340690613,4.429926872,4.080535889,,4.211690187,,,,,,,,2.285787582,3.268188
1.628512621,1.620366931,1.425600767,2.282387733,,1.558160106,,,,,,,,2.178250074,2.252189636
-2.938197613,-3.257818699,-3.253600597,-2.26601243,,-3.149872303,,,,,,,,-0.778792977,-0.505766392
-1.589215875,-1.787618518,-2.123959303,-2.793009043,,-1.833597898,,,,,,,,0.943773627,1.360991359
2.048604965,1.912403822,2.152551413,1.83811152,,2.0378534,,,,,,,,-1.718577385,-1.00641191
-1.868270993,-1.809973359,-1.872279882,-1.869423151,,-1.850174745,,,,,,,,1.355186224,0.607391238
0.860210359,0.823159695,1.030339479,0.276342094,,0.904569844,,,,,,,,0.222763091,0.22207208
3.238513708,3.175415277,3.196766376,2.430052757,,3.203565121,,,,,,,,0.255938292,0.488283128
0.089381024,0.270256162,0.108897567,-0.695395231,,0.156178251,,,,,,,,-1.578870535,-1.612545133
0.83240068,0.571044922,0.739019752,1.972659707,,0.714155118,,,,,,,,-3.266415119,-2.633189201
0.932814598,0.91329658,0.884429216,1.279953003,,0.910180132,,,,,,,,-1.27460146,-1.066750646
0.972846389,0.744287491,0.793782711,2.367899418,,0.836972197,,,,,,,,-1.461992741,-0.964318514
1.136660695,1.144816399,1.14736104,1.747712612,,1.142946045,,,,,,,,-0.602364957,-0.273550808
-1.010842323,-1.212007642,-1.073703051,-2.677446842,,-1.098851005,,,,,,,,0.104770698,0.224558249
0.570751727,0.6633026,0.54712075,0.315452129,,0.593725026,,,,,,,,0.868838012,0.031663883
0.565094888,0.21647495,0.370300114,0.156522125,,0.383956651,,,,,,,,0.601497471,0.660924017
-1.043886065,-0.875284016,-0.876406372,0.375304997,,-0.931858818,,,,,,,,-2.476333618,-1.656541705
2.547602892,2.727828026,2.881841421,1.205828786,,2.71909078,,,,,,,,0.295366436,0.350619137
-0.954678178,-1.163886905,-1.197148561,-0.736537635,,-1.105237881,,,,,,,,-1.720584154,-1.651241541
-2.523360252,-2.593315601,-2.499754429,-2.197879791,,-2.538810094,,,,,,,,-1.105575562,-0.022885136
0.792443156,0.561693728,0.760145128,-0.056159392,,0.704760671,,,,,,,,-2.056193352,-1.132091165
-0.464894056,-0.795390487,-0.945374608,-1.55881536,,-0.735219717,,,,,,,,-0.328526974,-0.403075248
-2.105457783,-1.969586372,-2.059590101,-0.960343003,,-2.044878085,,,,,,,,0.321559876,0.440847695
-4.620506287,-4.482583046,-4.596995354,-4.032731056,,-4.566694895,,,,,,,,-1.760405064,-1.42083621
-2.611701488,-2.395541668,-2.192805767,-1.943769574,,-2.400016308,,,,,,,,-0.452815503,0.014383055
-0.308939487,-0.487455994,-0.512674928,-0.671811819,,-0.436356803,,,,,,,,1.468268037,0.901512742
4.570096493,4.442696571,4.461582661,5.221254349,,4.491458575,,,,,,,,0.419250339,0.486953378
0.292503715,0.125356749,0.07426931,0.638310969,,0.164043258,,,,,,,,1.883720994,1.106292963
-0.18946439,-0.316560328,-0.429850996,-0.587226748,,-0.311958571,,,,,,,,2.632174492,1.730942249
2.003344536,1.698789001,1.810485244,2.532040119,,1.837539593,,,,,,,,-1.21287179,-1.401265383
-0.802186489,-0.715789795,-0.615172386,-1.024930716,,-0.711049557,,,,,,,,2.026150942,0.915145278
0.92463696,0.572237015,0.601221621,1.219329357,,0.699365199,,,,,,,,1.043583155,0.295538008
-0.212736934,-0.318330199,-0.538443685,1.027371645,,-0.356503606,,,,,,,,1.509984255,0.789413691
3.427211523,3.584574699,3.609480381,2.917993546,,3.540422201,,,,,,,,-2.339854002,-2.488525152
0.016673118,-0.049046487,0.03126654,-0.695036471,,-0.000368943,,,,,,,,0.870667756,0.733005285
1.427494764,1.481281996,1.500888109,1.21478498,,1.46988829,,,,,,,,-1.426907182,-1.431539536
0.185785934,0.254777759,0.392299592,1.554243922,,0.277621095,,,,,,,,-0.317669332,-0.793723106
-2.479485989,-2.200336933,-2.231473446,-2.538048983,,-2.303765456,,,,,,,,-1.734352112,-1.746096373
-1.428953886,-1.71436286,-1.91012907,-2.766746521,,-1.684481939,,,,,,,,0.447841883,-0.307285845
0.411637396,0.183526158,0.370757222,-0.057203948,,0.321973592,,,,,,,,-0.952965021,0.007395037
1.675400496,1.559020281,1.579564333,2.532640457,,1.604661703,,,,,,,,2.101170063,2.681222916
-1.020497561,-0.959908843,-0.809877992,-1.101068735,,-0.930094798,,,,,,,,1.179470539,0.355329335
-1.813292623,-1.785880685,-1.872124791,-0.749161661,,-1.823766033,,,,,,,,1.109252095,0.90768224
1.88820529,1.749288321,1.9126966,0.894252717,,1.850063403,,,,,,,,-1.16016829,-1.233179808
-0.628161192,-0.743904233,-0.897684336,-0.833915234,,-0.756583254,,,,,,,,-0.219238609,0.123518154
-0.72527349,-0.588588655,-0.601133108,-1.440191031,,-0.638331751,,,,,,,,-2.065347433,-1.862136722
-1.548172712,-2.137045145,-2.082723141,-2.767026663,,-1.922646999,,,,,,,,0.553352416,0.484341502
-0.951135755,-1.042806268,-0.899674773,-1.213154793,,-0.964538932,,,,,,,,-0.020387836,-0.196174592
0.703477979,0.706887484,0.672541022,0.125089139,,0.694302162,,,,,,,,0.978417277,0.276802093
0.900969744,1.14007616,1.141141176,1.713571072,,1.060729027,,,,,,,,-3.013054371,-2.295003414
0.243070886,0.010123834,0.113502175,-0.642925501,,0.122232298,,,,,,,,-1.606116176,-0.45027566
-3.900061607,-3.662660122,-3.654344082,-3.647122145,,-3.739021937,,,,,,,,0.481751859,0.196987465
-3.003318548,-2.902145863,-3.071230173,-2.712399483,,-2.992231528,,,,,,,,1.460449934,1.921585917
-0.780184805,-1.01913929,-0.960988581,-2.154670238,,-0.920104225,,,,,,,,0.5254879,0.766435027
0.292699993,0.208358169,0.139844716,0.493727684,,0.213634292,,,,,,,,-2.011514664,-0.504126787
0.743887663,0.556280971,0.681200504,-0.206159294,,0.660456379,,,,,,,,1.077661037,0.451509416
-2.465166569,-2.531206608,-2.510144711,-2.742744207,,-2.502172629,,,,,,,,1.323577166,1.776353955
-1.048192501,-1.145309687,-1.050593019,-0.721664965,,-1.081365069,,,,,,,,-1.691342711,-0.939772189
-2.071740866,-2.102708817,-2.289109707,-1.390663266,,-2.154519796,,,,,,,,-0.228482336,-0.622987509
0.499347717,0.619656146,0.310035825,1.268656254,,0.476346562,,,,,,,,-1.227576375,-0.290249497
1.21991384,1.456520796,1.417280674,1.333398819,,1.36457177,,,,,,,,-0.942503989,-0.640162587
-1.786178231,-1.693934202,-1.706281066,-0.645410478,,-1.728797833,,,,,,,,-0.58083868,-0.425482869
0.294101804,0.064251393,0.360851109,-0.661362767,,0.239734769,,,,,,,,-0.079567298,-0.395235151
-0.715904951,-0.852458358,-0.817698956,-0.685971379,,-0.795354088,,,,,,,,-0.32610485,-0.526824415
1.07446909,1.065610647,1.283989072,2.390921354,,1.14135627,,,,,,,,2.514039755,3.316154003
-0.054849565,0.067739189,0.069183111,-0.597319186,,0.027357578,,,,,,,,0.041540563,-0.066343278
0.201359496,0.246707559,0.237635076,0.09215948,,0.228567377,,,,,,,,-1.005867481,-1.088788509
6.45340395,5.954690933,6.179312706,5.840360165,,6.19580253,,,,,,,,1.584778786,1.081436157
0.624391556,0.731797993,0.94748199,0.698720455,,0.767890513,,,,,,,,0.798908114,0.208072558
0.377771109,0.212566346,0.278321356,2.540092468,,0.289552937,,,,,,,,2.011743069,1.431764841
3.957091093,4.055623055,4.023259163,4.181065083,,4.011991103,,,,,,,,1.991765261,2.082047224
-1.99203372,-1.852680445,-1.886104345,-2.607228994,,-1.910272837,,,,,,,,0.67937398,1.710540295
-1.825139523,-1.791727781,-1.928825378,-1.371424675,,-1.848564227,,,,,,,,-0.807691991,0.131369695
0.330587506,0.435938865,0.420784712,0.552000999,,0.395770361,,,,,,,,0.030495957,0.630304456
-0.329268277,0.19840607,0.012009293,-0.856336296,,-0.039617638,,,,,,,,-1.57451129,-1.866414905
0.740705609,0.739653826,0.659118056,1.867185712,,0.713159164,,,,,,,,-1.580717444,-0.099425398
-2.790441036,-2.955326557,-3.083673477,-2.84535861,,-2.943147024,,,,,,,,-1.364262104,-0.546605408
1.273067355,1.439559579,1.43116796,2.837882042,,1.381264965,,,,,,,,0.6595819,0.436389208
4.002485275,3.978019714,3.997723341,3.861116648,,3.992742777,,,,,,,,0.296572536,1.92525363
2.955827713,2.761656523,2.812015533,3.03476572,,2.84316659,,,,,,,,1.326980591,1.123583794
2.09683609,2.056549311,1.803223014,1.551797986,,1.985536138,,,,,,,,1.110554695,2.054166794
3.061157227,3.116527557,3.271765947,3.352246523,,3.14981691,,,,,,,,0.784922421,0.422468871
-1.185581923,-1.054309368,-0.818004131,-0.304194987,,-1.019298474,,,,,,,,1.388439536,0.62536335
4.984031677,4.725003242,4.457689285,5.192084312,,4.722241402,,,,,,,,-0.542808354,-0.308556139
-0.933443606,-0.94863987,-0.9027915,-0.884339571,,-0.928291659,,,,,,,,0.927543819,0.962098956
1.160154343,1.117342472,1.032037854,1.526142478,,1.103178223,,,,,,,,-1.046845555,-0.16508235
3.045838118,3.03296876,2.824447632,2.470774651,,2.967751503,,,,,,,,0.503361106,-0.666278422
-0.385762155,-0.384896457,-0.478423774,0.230004311,,-0.416360795,,,,,,,,-0.146796435,-0.371315956
0.27468881,0.339701176,0.379830241,0.138307005,,0.331406742,,,,,,,,-1.035419941,-0.748768389
2.176988363,1.971378088,1.932412863,1.360820293,,2.026926438,,,,,,,,-0.141799867,-0.099059656
-0.589495063,-0.797695994,-0.927316725,0.097687259,,-0.771502594,,,,,,,,0.446485698,-0.680354893
-0.074800521,-0.458528936,-0.472112149,0.209181994,,-0.335147202,,,,,,,,-0.812268257,0.154176116
-3.584787369,-3.218919754,-3.51086235,-2.428382874,,-3.438189824,,,,,,,,-3.79612112,-2.250391722
-1.69459033,-1.5543437,-1.623864532,-2.426051378,,-1.624266187,,,,,,,,2.857252598,1.76273036
2.420789719,2.643838167,2.83596468,2.938714504,,2.633530855,,,,,,,,-0.661083877,-0.852737367
-0.566205859,-0.736442208,-0.774291396,0.390544832,,-0.692313155,,,,,,,,1.073191881,-0.471481144
2.113321304,2.003229618,1.798973799,2.866472244,,1.971841574,,,,,,,,0.673015356,1.026279449
3.074676275,3.165513754,3.417479992,3.246061563,,3.21922334,,,,,,,,-3.685969353,-2.701522112
-0.397720605,-0.495822936,-0.371582866,0.223541856,,-0.421708802,,,,,,,,1.132787585,0.088275194
-1.320838928,-1.564864993,-1.452632427,-0.34914279,,-1.446112116,,,,,,,,0.678382754,0.219025314
-1.125058293,-1.109861732,-0.931980848,-1.758476496,,-1.055633624,,,,,,,,0.323198557,0.302944213
-2.567449093,-2.674638748,-2.470228672,-1.854632378,,-2.570772171,,,,,,,,-0.068923652,-0.854501426
-3.21548748,-3.270436525,-3.302534819,-1.553087354,,-3.262819608,,,,,,,,-3.049867153,-3.332593918
-2.536346912,-2.666480064,-2.890798569,-2.485236406,,-2.697875182,,,,,,,,-0.720627487,-0.194578767
1.285627246,1.397794843,1.405217767,1.314677596,,1.362879952,,,,,,,,-1.101092935,-1.684049249
3.253975868,3.425000668,3.527130127,2.713000059,,3.402035554,,,,,,,,-0.240844935,-0.97062397
-1.238762498,-0.964135885,-0.985251904,-0.853987038,,-1.062716762,,,,,,,,-0.463786513,-1.305004954
3.341146708,3.381320953,3.283370972,2.716670752,,3.335279544,,,,,,,,-1.335298777,-1.276584864
1.949823856,2.142239809,1.890771985,1.65291822,,1.99427855,,,,,,,,2.935070038,2.784808397
0.673374712,0.67101711,0.671079695,0.627221942,,0.671823839,,,,,,,,0.587928295,0.75229913
-1.934695721,-2.034160376,-2.048249245,-1.724681497,,-2.00570178,,,,,,,,0.825558066,-0.322036296
-0.469276547,-0.844450772,-0.792923748,-0.365596861,,-0.702217023,,,,,,,,-0.239326984,0.118903458
0.611216426,0.719081521,0.624175906,-0.285906702,,0.651491284,,,,,,,,0.670265496,0.398747146
1.370714664,1.459635019,1.46067524,1.790418863,,1.430341641,,,,,,,,-0.692379236,-1.114667177
-3.088801384,-3.088824987,-3.033963442,-2.378459692,,-3.070529938,,,,,,,,-0.812597275,0.119079545
1.330489874,1.056785226,0.984775722,0.818461597,,1.124016941,,,,,,,,1.689236999,1.71145165
1.038082123,1.105346203,0.993277669,1.9419837,,1.045568665,,,,,,,,-0.385149658,-0.238980964
1.856889486,1.931025505,1.703532219,1.219723344,,1.830482403,,,,,,,,0.158637449,-0.219218284
2.603375435,2.584061384,2.945438623,3.092329741,,2.710958481,,,,,,,,1.632516742,1.616285324
-2.642652273,-2.560426474,-2.794831991,-4.158567905,,-2.665970246,,,,,,,,1.041312933,1.608739138
2.642693996,2.52487731,2.787944317,2.770282984,,2.651838541,,,,,,,,2.555836439,2.361150026
-3.19786191,-2.887508154,-2.853791952,-2.740733862,,-2.979720672,,,,,,,,-3.318630695,-2.89378643
-0.084755301,0.195637763,0.085063413,-0.109340727,,0.065315291,,,,,,,,-0.806101859,0.639946461
1.217826247,1.626837373,1.429629207,1.854343534,,1.424764276,,,,,,,,1.285980821,0.537617743
0.972044647,1.21688211,1.094416499,1.583756089,,1.094447752,,,,,,,,-1.323048115,-0.306162715
1.292976856,1.271142125,1.223099232,1.425343156,,1.262406071,,,,,,,,-1.726312995,-1.831343651
2.310084581,2.08330822,1.889370561,1.383312106,,2.094254454,,,,,,,,0.998983443,1.326699018
-0.403880507,-0.335374743,-0.325249046,-1.034196019,,-0.354834765,,,,,,,,0.462582171,1.005529404
-0.856234789,-0.897163033,-0.643969536,-0.415585816,,-0.799122453,,,,,,,,-2.621742964,-1.453089476
-1.20645678,-1.490073562,-1.502933025,-1.374919415,,-1.399821122,,,,,,,,1.385378361,0.252188712
0.183091074,0.089758359,-0.002163135,-1.048238993,,0.090228766,,,,,,,,0.462323129,-0.065445654
0.73856771,0.626720786,0.629172683,1.148100615,,0.664820393,,,,,,,,0.387889266,0.942276239
-0.326194286,-0.286564708,-0.328530073,-0.527728617,,-0.313763022,,,,,,,,-0.017342195,0.604925931
1.851322651,1.659606934,1.793443441,2.104975939,,1.768124342,,,,,,,,-0.565867662,-0.304900825
-0.717244744,-1.048803091,-0.958283067,-0.767676711,,-0.908110301,,,,,,,,0.395557523,0.131225169
-1.992157102,-1.823912382,-1.767053843,-1.185376883,,-1.861041109,,,,,,,,-0.113964595,0.780455112
-0.546604156,-0.653587937,-0.725576639,-0.64020896,,-0.641922911,,,,,,,,0.266622514,-0.2106006
-1.109273791,-1.199829578,-1.246093988,-0.642042518,,-1.185065786,,,,,,,,-0.503325999,0.122562647
0.652192473,0.703290045,0.578052163,0.987656534,,0.644511561,,,,,,,,-1.181624174,-0.656093121
-0.495363712,-0.436334074,-0.416378617,-1.717298865,,-0.449358801,,,,,,,,1.451516628,0.497246265
-0.946456313,-1.216756225,-0.946302176,-0.536160231,,-1.036504904,,,,,,,,2.130651951,1.593809724
-0.563915253,-0.952414751,-0.961878181,-1.569454074,,-0.826069395,,,,,,,,0.287119955,0.432753444
-1.323382258,-1.246743917,-1.375079155,-1.998032451,,-1.315068444,,,,,,,,-1.355516195,-0.962091625
-0.944516301,-0.587649107,-0.372720212,-0.577848196,,-0.634961873,,,,,,,,2.161339998,1.865943789
0.209319413,0.303700626,0.437085152,-0.019628037,,0.31670173,,,,,,,,-1.801917911,-1.832562089
4.628755093,4.807621002,4.793560028,4.789469242,,4.743312041,,,,,,,,2.207615376,1.915846109
-1.702400327,-1.819080353,-1.700754523,-1.786526561,,-1.740745068,,,,,,,,-0.610932231,-0.381667376
-0.219952896,-0.345311284,-0.509378791,-0.962519586,,-0.358214324,,,,,,,,-2.855916977,-1.319162369
-1.611939788,-1.492838025,-1.66678977,-1.695011139,,-1.590522528,,,,,,,,0.725849032,1.542289257
-1.49621737,-1.451299071,-1.535276294,-1.74199295,,-1.494264245,,,,,,,,-1.013194442,-0.395725578
-1.172017932,-1.151627064,-0.970529437,-0.858669579,,-1.098058144,,,,,,,,-0.252074808,0.337252557
0.097521126,-0.152813345,-0.231883854,0.411758244,,-0.095725358,,,,,,,,-2.39956665,-1.459578514
0.792884707,0.840062976,0.649488091,0.352948159,,0.760811925,,,,,,,,-0.653623819,0.121628895
-3.858869314,-3.920083046,-3.703002453,-2.372136116,,-3.827318271,,,,,,,,-0.641328692,-0.875703454
-2.939651012,-2.819595575,-2.605131388,-1.844650984,,-2.788125992,,,,,,,,-1.028047681,0.051145136
0.904699326,0.901561141,0.814299107,1.534426808,,0.873519858,,,,,,,,0.835260212,1.024729371
-0.782111168,-0.766040564,-0.904372692,-0.550076246,,-0.817508141,,,,,,,,-0.868106604,-1.032879472
2.179680824,2.465597391,2.246088743,2.360599518,,2.29712232,,,,,,,,0.251812458,1.326814413
-0.398992211,-0.67861712,-0.828512311,-1.295416951,,-0.63537388,,,,,,,,0.491443992,0.193050683
1.436135173,1.309060574,1.218560934,1.000124216,,1.321252227,,,,,,,,-3.05282259,-2.513627768
-0.317445517,-0.054356173,-0.186009243,0.463089973,,-0.185936977,,,,,,,,1.033267021,-0.365492076
-1.916692615,-1.860442042,-1.71000278,-2.664424419,,-1.829045812,,,,,,,,0.270544112,0.47093448
0.537444532,0.8037045,0.801643789,0.480028957,,0.714264274,,,,,,,,0.961773992,0.42940256
-1.982558489,-1.705071688,-1.743207932,-2.982115984,,-1.810279369,,,,,,,,-2.365887165,-1.925566912
-0.710523605,-0.784954548,-0.740460157,0.127063885,,-0.74531277,,,,,,,,1.423521876,0.682677209
2.730385303,2.581388235,2.488563538,2.335616589,,2.600112359,,,,,,,,1.842944145,1.483866453
-1.99268651,-1.999683619,-1.957844973,-2.372065783,,-1.983405034,,,,,,,,1.615736842,0.210324228
-2.105672836,-1.965088129,-2.064485788,-2.604950428,,-2.045082251,,,,,,,,1.94179678,1.690041661
0.373854339,0.427117348,0.535159111,0.264500499,,0.445376933,,,,,,,,0.460326254,-0.428686917
-2.502889633,-2.72474432,-2.707407951,-3.223905325,,-2.645013968,,,,,,,,-1.845128298,-1.394144058
-3.193778515,-2.925455093,-2.950397253,-2.7547791,,-3.023210287,,,,,,,,2.694812298,2.845014572
0.698607445,0.651238322,0.79954946,0.074875779,,0.716465076,,,,,,,,3.025845289,2.793628693
2.248157501,1.995448589,1.755810499,2.958139181,,1.99980553,,,,,,,,-0.821428239,-0.427708477
-3.775430441,-3.6830194,-3.718406439,-4.326812744,,-3.72561876,,,,,,,,-2.10833931,-1.577485919
-2.947678804,-3.024080992,-2.93438077,-4.314876556,,-2.968713522,,,,,,,,0.397791237,0.956152797
1.35422945,1.818157673,2.006177187,0.736806691,,1.726188103,,,,,,,,-0.184917539,-0.973271072
0.956347227,0.871237755,1.09822607,0.063675083,,0.975270351,,,,,,,,-1.112624645,-0.451850444
-2.029697418,-1.8784585,-1.850154877,-1.772070646,,-1.919436932,,,,,,,,-1.245249033,-0.669694662
0.237891749,0.168310404,0.299047172,0.242370903,,0.235083108,,,,,,,,-0.824463964,0.099356338
1.323105931,1.42533195,1.220246553,2.773875713,,1.322894812,,,,,,,,-1.156874657,-2.495167255
5.86917305,5.800161362,5.665370941,6.81791544,,5.778235118,,,,,,,,2.20670104,0.015260782
-2.966718674,-3.142713547,-3.103866577,-3.409028292,,-3.071099599,,,,,,,,2.626712322,1.544707537
-1.03540206,-1.086080313,-0.86728394,-2.279893398,,-0.996255438,,,,,,,,0.320093781,-0.070933662
2.372112989,2.458986044,2.510430813,2.125891685,,2.447176615,,,,,,,,0.153095067,-0.173725367
-2.509474516,-2.503069162,-2.597684622,-3.476065636,,-2.536742767,,,,,,,,-1.308152437,-0.279024363
-1.837404013,-2.040624142,-1.892896175,-1.754244447,,-1.923641443,,,,,,,,-0.23775664,-0.085329771
0.216156363,-0.035168469,0.072179437,-0.384867847,,0.08438911,,,,,,,,0.665139496,0.936475992
-2.702428579,-2.536062241,-2.494646072,-2.363946676,,-2.577712297,,,,,,,,0.503450632,-0.583562791
3.834578037,3.777433395,3.544911385,3.19410181,,3.718974272,,,,,,,,1.610938311,1.212661982
-2.732367516,-2.477443218,-2.104276657,-3.087118864,,-2.43802913,,,,,,,,1.722619295,1.489989996
1.916202545,2.120669365,2.234006882,3.395163298,,2.090292931,,,,,,,,-0.736361623,-1.132077456
2.53062892,2.931264162,2.87205267,2.540006399,,2.777981917,,,,,,,,1.158977747,0.289932251
2.784559965,2.694922447,2.509240627,2.479645252,,2.66290768,,,,,,,,-1.222916365,-1.350157499
-0.986460686,-1.029162526,-1.020769238,-1.460720181,,-1.012130817,,,,,,,,1.03175354,1.431038618
-2.402562618,-2.522803068,-2.705117464,-3.452400446,,-2.543494383,,,,,,,,1.882436633,1.198689342
-0.348995596,-0.205997795,-0.198397845,-0.369838655,,-0.251130412,,,,,,,,-0.111620292,0.03416498
-1.758184671,-1.851825714,-2.013855696,-1.94641614,,-1.874622027,,,,,,,,-2.553523779,-2.249755144
1.927962065,2.02657032,2.188690186,2.277634859,,2.047740857,,,,,,,,-0.480371296,-0.432388008
4.71171999,4.741927147,4.575448036,6.036279678,,4.676365058,,,,,,,,-0.655822277,-1.343812466
-1.29115653,-1.113242865,-1.062152147,-2.254433393,,-1.155517181,,,,,,,,0.721187472,0.944194138
-0.333773285,-0.335016072,-0.443426222,-0.472491562,,-0.370738526,,,,,,,,-0.854122281,-0.481672883
-1.285661817,-1.333932042,-1.255985737,-0.285586894,,-1.291859865,,,,,,,,3.145996094,2.470157862
0.720226467,0.521415889,0.444204569,1.56396091,,0.561948975,,,,,,,,0.315615028,-0.197810739
-1.330674171,-1.389359117,-1.514208436,-1.31255579,,-1.411413908,,,,,,,,0.221848398,0.198856294
-2.342273235,-2.312849522,-2.132539749,-1.882377982,,-2.262554169,,,,,,,,-1.785711169,-0.741051853
1.889627218,2.156400681,2.265489817,2.12165451,,2.103839238,,,,,,,,0.357825816,0.337239772
0.501004875,0.645554125,0.565071523,1.206965804,,0.570543508,,,,,,,,-2.400662899,-2.980106831
-0.416201055,-0.514509857,-0.339380622,-0.649824858,,-0.423363845,,,,,,,,0.302678227,0.384258687
-0.449748844,-0.309812367,-0.229306519,-1.71082449,,-0.329622577,,,,,,,,-1.061242461,-0.376108766
2.445168495,2.08256793,1.93074131,2.096928358,,2.152825912,,,,,,,,2.876733541,2.044084549
3.186048508,2.641085386,2.918103695,2.066181898,,2.915079196,,,,,,,,1.422002792,1.767013073
0.970811009,1.243072391,1.034546971,1.279865265,,1.082810124,,,,,,,,0.017555701,0.726317346
2.077261925,2.284254313,2.264830828,2.032831192,,2.208782355,,,,,,,,-3.652832031,-2.196526527
-1.513161778,-1.547153473,-1.175403118,-1.708676577,,-1.411906123,,,,,,,,-0.203559756,-0.927141964
-1.929667592,-1.752190948,-1.644631147,-1.17927146,,-1.775496562,,,,,,,,0.004406862,1.102303267
0.726028025,1.012833595,0.94547385,1.363055229,,0.89477849,,,,,,,,0.3913275,-0.129309297
0.968917131,0.894892097,0.804403543,1.148100138,,0.889404257,,,,,,,,1.889241457,0.573884189
-0.368130714,-0.554908097,-0.429192364,-1.186801434,,-0.450743725,,,,,,,,0.276440978,0.250709057
0.717798054,0.382038832,0.381313443,1.486015797,,0.493716776,,,,,,,,1.742690206,1.121097803
0.08202517,0.067721784,0.289563954,-1.216249704,,0.146436969,,,,,,,,-0.109908469,-0.252264112
-1.47691226,-1.690702558,-1.818147302,-0.52541256,,-1.661920706,,,,,,,,-1.388526917,-1.621753693
1.570894241,1.666420221,1.779608727,0.647931874,,1.67230773,,,,,,,,-2.665889978,-1.575033426
-0.142702878,-0.516631365,-0.409410089,-0.008210957,,-0.356248111,,,,,,,,0.786740303,0.272852033
0.745145023,0.472447217,0.852918088,1.500332594,,0.690170109,,,,,,,,1.182366133,1.137550116
0.286484659,0.570712209,0.449881613,1.435753703,,0.435692827,,,,,,,,0.272236735,0.904426455
3.844055653,3.580771208,3.676123142,2.587715626,,3.700316668,,,,,,,,3.033545017,3.1163764
-2.57380867,-2.382766485,-2.285462379,-2.341487169,,-2.414012512,,,,,,,,-0.094126046,-1.09381032
-0.558513463,-0.754482269,-0.794199169,-0.312856495,,-0.7023983,,,,,,,,-0.072994336,-0.437762558
-1.930286646,-2.061460495,-1.772845387,-2.856745005,,-1.921530843,,,,,,,,-1.99977386,-1.277579069
1.430799961,1.742908001,1.762469649,0.759947658,,1.645392537,,,,,,,,1.615367532,0.961654842
0.3129915,0.446826756,0.368896812,0.741595149,,0.376238356,,,,,,,,0.036088787,0.236911252
2.97809577,2.842333794,2.884716511,2.741375923,,2.901715358,,,,,,,,-0.976805568,-0.198253036
0.679276168,0.658254564,0.276167572,1.104771018,,0.537899435,,,,,,,,-0.943629742,-0.945227623
-0.208685279,-0.122062415,-0.115550011,-0.889274538,,-0.148765902,,,,,,,,0.044183742,0.183724716
-3.361825466,-3.459441662,-3.347561836,-3.447390318,,-3.389609655,,,,,,,,-0.62253952,1.525310755
-0.680232227,-0.808276236,-0.899002612,0.821281731,,-0.795837025,,,,,,,,-0.290213704,-0.618231893
4.175761223,4.44508934,4.510088921,3.139094114,,4.376979828,,,,,,,,-2.906211853,-2.392449379
4.277379036,4.137728214,3.961065769,3.577685595,,4.125391006,,,,,,,,0.345970601,0.448722214
-1.032736301,-1.210650682,-1.209173203,-0.722017527,,-1.150853395,,,,,,,,-1.6763587,-0.717888951
-2.975602627,-2.844422817,-2.686260223,-3.087292671,,-2.835428556,,,,,,,,-1.409886479,-0.848387718
-1.112366319,-1.142862082,-1.194362283,-3.388534307,,-1.149863561,,,,,,,,-0.43013978,-0.77106303
-0.02337905,-0.143028945,-0.156068712,-0.916224122,,-0.107492236,,,,,,,,-0.875679255,-0.035135135
0.064074665,-0.029990733,0.110800728,0.218829542,,0.048294887,,,,,,,,2.264801979,1.186820388
3.401812077,3.271549702,3.267302036,2.288851738,,3.313554605,,,,,,,,-0.797510326,0.170227274
2.79223299,2.654300213,2.579404593,4.49199152,,2.675312599,,,,,,,,1.115548968,0.831095099
-3.878105879,-3.580342293,-3.516577721,-3.489361048,,-3.658341964,,,,,,,,-1.153904796,-1.16708827
0.612055779,0.377442777,0.52741456,1.160644531,,0.505637705,,,,,,,,2.005931377,1.197440743
0.510858536,0.38611728,0.4360241,-1.101584196,,0.444333305,,,,,,,,1.960008502,0.923005998
-2.440943956,-2.500934839,-2.468337536,-2.130959034,,-2.47007211,,,,,,,,2.934263229,2.934407473
1.571041107,1.295014143,1.497615337,1.641042233,,1.454556863,,,,,,,,0.984157205,-0.366661459
-2.764209747,-2.74811101,-2.811227083,-1.364551902,,-2.774515947,,,,,,,,1.289035916,1.700961947
-3.343360424,-3.45823431,-3.490591526,-3.315021992,,-3.430728753,,,,,,,,0.284324706,-0.003561683
3.160172939,3.038479328,3.003186703,4.04963541,,3.067279657,,,,,,,,1.117203593,-0.005932868
-3.638451338,-3.722457409,-3.645452023,-4.114976883,,-3.668786923,,,,,,,,-0.149936333,-0.104394972
-8.692399979,-9.013689995,-9.139701843,-10.15935326,,-8.948597272,,,,,,,,-3.654207706,-2.425655127
-3.493416786,-3.387042522,-3.551786184,-4.050683022,,-3.477415164,,,,,,,,-3.038476706,-2.526005983
-1.234807014,-1.437697887,-1.325873613,-1.491324425,,-1.332792838,,,,,,,,-0.59014225,0.32385841
0.896395266,0.937962532,0.998245537,1.251040936,,0.944201112,,,,,,,,-0.324696362,0.301904023
-2.005418777,-2.05720377,-2.045367002,-2.096125603,,-2.035996517,,,,,,,,0.582078993,0.542420506
-1.430921435,-1.395130754,-1.173987389,-0.390618145,,-1.333346526,,,,,,,,0.109668538,-0.578413785
-2.645820141,-2.86692524,-3.064285278,-1.844049454,,-2.85901022,,,,,,,,-3.023471355,-1.670320749
0.054556549,0.189626724,0.048242509,0.596773982,,0.09747526,,,,,,,,-1.342641592,-1.446456432
1.615868568,1.314817429,1.34309268,0.587878644,,1.424592892,,,,,,,,-0.645055771,-0.626566112
3.014848709,2.895904064,2.884783268,1.777129769,,2.931845347,,,,,,,,0.958132684,-0.148990989
0.035164356,0.148378074,0.144449145,-0.528205514,,0.109330525,,,,,,,,-0.252829403,0.624475479
1.143300295,1.235450268,0.940676749,0.390347838,,1.10647577,,,,,,,,0.487167686,-0.305591792
0.977160871,1.12548089,0.997871697,1.102893353,,1.033504486,,,,,,,,2.083687544,1.063549519
1.107964754,1.1654284,1.028557062,2.154034138,,1.100650072,,,,,,,,0.831944406,-0.933660924
0.864323616,0.863123655,0.529405832,1.31061554,,0.752284368,,,,,,,,0.808610439,0.790077567
0.251849413,-0.187810898,-0.287552834,0.941427886,,-0.074504773,,,,,,,,-0.401380241,-1.233363628
-0.845510364,-0.782016039,-0.828766108,0.491969287,,-0.81876417,,,,,,,,0.167728662,0.401374698
3.26114583,3.353913069,3.358790159,3.221960783,,3.324616353,,,,,,,,0.699352622,1.575300455
1.555458188,1.537257314,1.459194064,1.532017708,,1.517303189,,,,,,,,-0.855693936,-0.67952466
0.122462615,0.140994847,0.221267611,1.601229787,,0.161575024,,,,,,,,-0.232954532,-0.243534148
2.200686932,2.51523447,2.338959217,2.573277235,,2.351626873,,,,,,,,-0.475621402,-0.091662094
-0.136848494,-0.29043895,-0.211786494,-0.410918534,,-0.213024646,,,,,,,,0.959785283,0.421405613
2.107382536,2.076931477,1.986140251,1.368358612,,2.056818088,,,,,,,,0.025778919,-0.51559031
1.353399992,0.915354431,0.997240782,2.747252226,,1.088665068,,,,,,,,-4.013082027,-1.497058868
2.618643284,2.551976681,2.395059109,3.293651342,,2.521893024,,,,,,,,-1.422786474,-0.528344154
-1.945641637,-1.894487619,-1.821044922,-1.53701067,,-1.887058059,,,,,,,,0.184469357,-0.148697227
0.394391835,0.514468789,0.368904233,0.25559631,,0.425921619,,,,,,,,-1.091512561,0.183235794
-1.674449444,-1.620517254,-1.611226797,-2.325131416,,-1.635397832,,,,,,,,-1.600590944,-1.297959089
0.686740577,0.846547842,0.626845181,0.508456945,,0.720044533,,,,,,,,-0.758484125,-0.624498129
-0.306306332,-0.020513166,0.096797153,-1.378747106,,-0.076674115,,,,,,,,-0.379649639,0.522116661
-1.105497837,-1.09520483,-1.045354605,-0.360576987,,-1.082019091,,,,,,,,-2.429796696,-0.595874131
2.531258106,2.55655551,2.50881362,2.508209705,,2.532209078,,,,,,,,-0.065149397,-0.009366512
1.177512407,1.121414661,1.08720088,2.305795193,,1.128709316,,,,,,,,2.533326149,1.974991083
0.47973308,0.56006062,0.553513169,0.519433022,,0.53110229,,,,,,,,0.107681528,-0.024084017
3.284760475,3.295158386,3.486213684,4.060340881,,3.355377515,,,,,,,,-1.038860559,-1.705353022
2.714683771,2.568338871,2.51249218,3.224095106,,2.598504941,,,,,,,,-0.578297079,-0.550274789
2.320791721,2.356594086,2.232621193,2.070580244,,2.303335667,,,,,,,,1.204985499,0.835331678
0.397138447,0.328389525,0.318493217,1.31677866,,0.348007063,,,,,,,,2.217876911,2.289196014
-2.678163528,-2.788546324,-3.039514065,-1.86658752,,-2.835407972,,,,,,,,0.54324472,-0.322555423
0.274939626,0.33266452,0.253162026,0.153247446,,0.286922057,,,,,,,,-1.603068829,-2.257181406
1.35095346,1.388578773,1.704791546,0.619353175,,1.481441259,,,,,,,,0.429161817,-0.197753921
-2.292239904,-2.291442871,-2.393847227,-1.46559,,-2.325843334,,,,,,,,-1.127518654,-1.758769989
1.376644015,1.265186191,1.39117372,0.69792068,,1.344334642,,,,,,,,-0.841965675,-1.691173792
0.215271398,0.390687644,0.282363176,-0.331774771,,0.296107406,,,,,,,,-0.058641512,0.698137701
-0.468245238,-0.498762518,-0.515141249,-0.687970877,,-0.494049668,,,,,,,,0.701043248,0.449320376
4.906973362,5.227642059,4.978500366,5.18666935,,5.037705263,,,,,,,,-0.113784075,0.114721507
2.669035673,2.704347134,2.805892706,2.118790388,,2.726425171,,,,,,,,-1.063952923,-0.600831747
-1.3860358,-1.531808376,-1.668614984,0.124670938,,-1.52881972,,,,,,,,-0.799086332,-0.196986496
0.557439327,0.481220961,0.56071949,0.48813647,,0.533126593,,,,,,,,-1.098067522,-0.487481236
3.194345236,3.103402615,2.993884087,4.664868832,,3.097210646,,,,,,,,0.287520051,0.891627908
-0.834440827,-0.593560219,-0.489954919,-0.214650229,,-0.639318655,,,,,,,,-2.431509733,-1.300947666
-0.614333332,-0.52442956,-0.622478604,-0.95931536,,-0.587080499,,,,,,,,-1.16254282,0.076898277
-0.93598491,-1.065187216,-0.646571517,0.226039991,,-0.882581214,,,,,,,,1.022129059,0.897941828
1.8467834,1.599535108,1.766897798,2.118624926,,1.737738768,,,,,,,,-0.418840915,-0.337264508
0.84656316,0.833699167,0.839319646,1.482205868,,0.839860658,,,,,,,,1.200690627,1.370272636
-2.830955982,-3.022284746,-2.995835304,-1.755431294,,-2.949692011,,,,,,,,-0.376203388,-0.699120879
-1.711971521,-1.497276783,-1.450992107,-1.151695371,,-1.553413471,,,,,,,,-1.145550489,-1.679238915
-3.223777056,-2.96368885,-2.813803673,-3.206675291,,-3.000423193,,,,,,,,0.340364724,0.300803006
1.027295589,1.059029937,0.940483212,1.834104657,,1.008936246,,,,,,,,-0.202366471,-0.169988975
4.523982048,4.348963261,4.462900162,4.813220978,,4.445281823,,,,,,,,1.792524219,2.202032804
-2.388307571,-2.367037058,-2.455769777,-1.930586815,,-2.403704802,,,,,,,,1.674549222,-0.047918573
-0.482563227,-0.28567794,-0.372790873,-1.225376606,,-0.380344013,,,,,,,,-1.118905306,-1.03986609
0.046974257,0.15824464,0.462697566,0.020947427,,0.222638821,,,,,,,,-0.77927196,-0.149166226
3.597049952,3.924173117,3.832244635,3.309331894,,3.784489234,,,,,,,,0.408395588,-0.8993119
1.16310513,0.951087236,1.072358131,1.39481473,,1.062183499,,,,,,,,-1.236116052,-0.94706583
-0.502864659,-0.564247191,-0.438504785,0.817473292,,-0.501872212,,,,,,,,0.357638955,-1.34890902
0.197620958,0.048814252,-0.191228598,0.160897583,,0.018402204,,,,,,,,1.283275247,0.705638885
-0.887397289,-0.913656712,-1.057051182,-1.69164145,,-0.952701728,,,,,,,,-1.374557137,-1.13475883
4.498062134,4.312771797,4.217002869,5.198781967,,4.342612267,,,,,,,,3.786688089,2.972008705
2.909061193,3.14617753,3.17365551,2.31124115,,3.076298078,,,,,,,,1.111067057,0.722777724
0.698855579,0.849452615,0.933716714,-0.363828599,,0.827341636,,,,,,,,-0.85816735,0.145573601
0.461644232,0.315085471,0.217515215,0.109350719,,0.331414973,,,,,,,,-1.321391344,-1.118701935
-1.512495399,-1.371449828,-1.314897895,-0.063426435,,-1.399614374,,,,,,,,-1.582044244,-0.878621578
-0.179378897,-0.690898061,-0.603688359,1.188038349,,-0.491321772,,,,,,,,0.828397393,0.694874644
-1.909785032,-1.842942834,-1.887704134,-0.845709264,,-1.880144,,,,,,,,-2.442225456,-1.841364503
2.435966015,2.620513678,2.509359121,1.082679868,,2.521946271,,,,,,,,1.321693897,0.237780109
1.057972431,1.266337872,1.183716059,1.143107414,,1.16934212,,,,,,,,-1.696267843,-0.932671726
-1.123997331,-1.193958282,-1.172736645,-1.247968078,,-1.163564086,,,,,,,,-0.694792628,-0.129038826
-0.249175727,0.010195941,0.07852456,-1.383537173,,-0.053485076,,,,,,,,-0.184412092,0.003163993
-1.166764379,-1.306134224,-1.309048057,-0.968464315,,-1.260648886,,,,,,,,-1.843793869,-1.075252175
-3.293039322,-3.180641174,-3.205098391,-3.513625622,,-3.226259629,,,,,,,,-0.42796427,0.467532218
0.954624951,1.203797102,1.28162241,1.130727291,,1.146681488,,,,,,,,-1.934758425,-1.189547062
-0.591893077,-0.382193089,-0.323679119,-1.140642643,,-0.432588428,,,,,,,,0.302238822,-0.526170015
-2.557982445,-2.650078535,-2.751155615,-2.009630442,,-2.653072198,,,,,,,,-0.740987122,-0.437471211
-1.867893696,-1.59513402,-1.739908576,-2.514044046,,-1.734312097,,,,,,,,-0.269502848,-0.667697966
1.724949837,1.884346843,2.127358198,0.667673349,,1.912218293,,,,,,,,-1.961520672,-1.870716572
-2.082513809,-2.123952389,-2.095168352,-1.334916234,,-2.10054485,,,,,,,,1.591140032,0.535212338
3.495708466,3.339079618,3.350114584,3.614251852,,3.394967556,,,,,,,,1.111872077,1.200880289
0.576476514,0.507054806,0.602255285,1.350179076,,0.561928868,,,,,,,,0.53099823,0.294935912
1.545014262,1.488139749,1.439843416,2.142509222,,1.490999142,,,,,,,,3.599934578,2.852180719
0.192188472,0.307901591,0.50910902,-0.776584506,,0.336399694,,,,,,,,-2.468207121,-2.567929983
0.605598032,0.345601678,0.336971641,0.528294683,,0.42939045,,,,,,,,0.166514516,1.120112062
-2.056436777,-2.253981829,-2.079695702,-1.33408463,,-2.130038102,,,,,,,,-0.887379646,-0.54366982
-0.67743969,-0.525264859,-0.603853345,-0.47077632,,-0.602185965,,,,,,,,-0.790374517,-0.560228348
0.102032259,0.113527432,0.067344129,0.052298643,,0.094301273,,,,,,,,-0.696304917,-0.611663997
-0.231307179,-0.452250302,-0.440558285,0.608110189,,-0.374705255,,,,,,,,-1.296007752,-0.536342144
0.330349982,0.554625094,0.688037455,0.425152421,,0.52433751,,,,,,,,-0.837981462,-1.142986655
1.155684471,1.133550406,1.132941723,0.066596538,,1.140725533,,,,,,,,-1.232145905,-1.065366983
1.600266695,1.67295289,1.491899371,1.176242232,,1.588372986,,,,,,,,-0.048794203,0.761433303
-0.206444845,-0.464012325,-0.520073175,-0.193982273,,-0.396843448,,,,,,,,-0.651557922,0.031464428
0.535504043,0.604833245,0.713817418,0.903882265,,0.618051569,,,,,,,,1.205461144,2.090102196
-4.838855267,-4.773108959,-4.609023094,-4.140795231,,-4.740329107,,,,,,,,0.171216205,-0.180997014
-1.38411212,-1.530823708,-1.748566031,-1.405070186,,-1.55450062,,,,,,,,-0.3018547,0.307815313
-5.817788601,-5.62506628,-5.503510952,-5.862965584,,-5.648788611,,,,,,,,-0.66728276,-0.561789632
0.819492459,1.04417789,0.890565634,0.076040484,,0.918078661,,,,,,,,0.184089005,1.235878944
-3.563283682,-3.437855721,-3.388945341,-3.875391722,,-3.463361581,,,,,,,,-0.074801445,-1.454973817
-3.604692459,-3.38295269,-3.350486994,-3.625584126,,-3.446044048,,,,,,,,-1.543377399,-0.868982196
2.93329525,2.591168404,2.516606331,2.746653557,,2.680356661,,,,,,,,-1.685024738,-3.363521099
-1.281655312,-1.328626037,-1.24267447,-2.155464172,,-1.284318606,,,,,,,,-1.474453807,-1.560214996
-1.021115899,-0.880993247,-1.001333475,-2.042478323,,-0.967814207,,,,,,,,-1.481163859,-1.759953499
-0.993080854,-0.986396313,-1.131748438,-0.487125129,,-1.037075202,,,,,,,,-1.188230634,-2.187855721
4.467300415,4.45734787,4.4734478,5.168997765,,4.466032028,,,,,,,,0.072936431,1.90323019
-0.132839844,-0.314886332,-0.351314574,0.009116076,,-0.266346917,,,,,,,,0.669902742,0.149360403
1.983536363,1.933581233,1.956554055,1.946777582,,1.95789055,,,,,,,,0.083179235,0.175696403
-1.080939293,-1.335080862,-1.179687738,-1.845347404,,-1.198569298,,,,,,,,-0.184450358,-0.170610622
-0.631133616,-0.441659153,-0.14550665,-0.336660624,,-0.406099806,,,,,,,,-0.246117711,-0.007654719
-0.38795656,-0.406735182,-0.516765118,-0.218071491,,-0.437152286,,,,,,,,-0.346588552,-1.630157709
-2.362748146,-2.192793608,-1.929235935,-2.124159575,,-2.161592563,,,,,,,,0.274673223,1.144714355
2.252317905,2.146252155,1.950528622,2.167090178,,2.116366227,,,,,,,,0.783599496,0.449791253
2.376321316,2.445422888,2.494405508,2.51424098,,2.438716571,,,,,,,,-0.519898117,-0.54931891
2.473869085,2.489966393,2.576343298,2.091099501,,2.513392925,,,,,,,,-0.629338443,-1.111808419
-2.401355267,-2.037468433,-1.775954127,-3.191447735,,-2.071592609,,,,,,,,-0.135377929,0.815337956
-0.103121117,-0.059080794,-0.185354069,-1.007138371,,-0.115851993,,,,,,,,-0.165089011,-0.454034537
1.985440373,1.599159002,1.678796411,1.814924955,,1.754465262,,,,,,,,-0.045611031,0.540610313
-1.322832584,-1.065906763,-0.989931762,-1.724622726,,-1.126223703,,,,,,,,0.956553936,0.897204518
0.322635323,-0.011773534,0.019776843,0.539961815,,0.110212877,,,,,,,,0.026122615,0.346424103
-2.036837816,-2.114675522,-2.197859287,-2.395236492,,-2.116457542,,,,,,,,-1.980559587,-1.134437084
0.989635646,0.916464925,0.875978112,1.495697141,,0.927359561,,,,,,,,2.098281622,1.434268236
-0.811085343,-0.551389575,-0.664345026,-0.716770768,,-0.675606648,,,,,,,,4.93347168,3.608986616
2.445586205,2.197597265,2.341466904,2.596932411,,2.328216791,,,,,,,,-1.15306592,-0.526729345
1.638373375,1.623038769,1.588618994,2.106715441,,1.616677046,,,,,,,,-0.512385309,-0.980008245
-3.221096277,-3.00905776,-3.192428827,-3.634199619,,-3.140860955,,,,,,,,-0.205369726,0.435025066
0.559101701,0.408853769,0.129675716,-0.30490303,,0.365877062,,,,,,,,-0.636363208,0.310114384
-0.828258514,-0.885742068,-1.003775597,-1.10226059,,-0.905925393,,,,,,,,-0.926145196,-0.754133582
-0.36070776,-0.202394709,-0.468580306,0.410132378,,-0.343894258,,,,,,,,0.019138977,-1.271403551
0.086787418,0.089622959,-0.051823646,-0.558127403,,0.04152891,,,,,,,,1.572674274,1.186216831
-5.222214699,-5.005998135,-5.014423847,-5.415847778,,-5.080878894,,,,,,,,0.698119164,0.998762608
-0.984560847,-0.939703584,-0.693325281,-0.850663126,,-0.872529904,,,,,,,,0.199053869,-0.104143992
-2.422963381,-2.465634823,-2.451503277,-1.909733176,,-2.446700493,,,,,,,,-1.324352026,-1.14875102
0.864132166,0.702631116,0.807067037,1.298520684,,0.791276773,,,,,,,,0.701192498,0.697044313
0.655700982,0.853230596,0.777212262,0.60059309,,0.762047946,,,,,,,,0.615511835,0.788753748
1.113803387,1.020145893,0.977640986,2.161346912,,1.037196755,,,,,,,,-0.749683261,0.557613432
0.049147248,-0.118249789,-0.143802062,0.782476902,,-0.070968201,,,,,,,,-0.336990952,0.270816147
0.847677708,0.742560387,0.676196933,0.966754436,,0.755478342,,,,,,,,-0.125472724,-1.09789896
-0.7981987,-0.728666306,-0.473244339,-0.838665366,,-0.666703115,,,,,,,,0.695196271,0.050613895
-3.027829647,-2.942008972,-3.048066616,-3.526018381,,-3.005968412,,,,,,,,0.202465951,-0.615284622
-0.456225902,-0.518749774,-0.434858084,-1.203538299,,-0.469944586,,,,,,,,-3.162775278,-2.335121155
-1.51442945,-1.642100096,-1.541378736,-1.961594939,,-1.565969427,,,,,,,,0.191157699,-0.410219669
-0.447166979,-0.127509713,-0.323128521,-0.214192033,,-0.299268405,,,,,,,,1.902900577,0.380946726
-2.259357452,-2.417922735,-2.334379911,-1.691341639,,-2.337220033,,,,,,,,0.296187788,0.229931891
-0.177469075,-0.190187275,-0.036138393,-0.014168411,,-0.134598248,,,,,,,,0.376046032,-0.678242326
3.213252783,3.083100796,2.990643978,3.335273027,,3.095665852,,,,,,,,0.533527911,-0.653641045
3.0768435,3.022820711,3.087641001,3.454504013,,3.062435071,,,,,,,,-0.545066714,-0.529889464
-1.042612553,-1.216231108,-0.965499461,-1.17835474,,-1.07478104,,,,,,,,1.666212082,2.112391949
-7.726523876,-7.4868927,-7.507842064,-7.174787521,,-7.57375288,,,,,,,,-0.078192525,-0.069781393
0.376828849,0.319192231,0.17586194,-0.336658239,,0.290627673,,,,,,,,-0.374372214,-0.279421926
-3.606848955,-3.335803986,-3.404371738,-2.866339922,,-3.449008226,,,,,,,,1.633580208,1.714678526
-0.858840466,-0.952504933,-0.893446922,-1.67992425,,-0.90159744,,,,,,,,1.422970772,1.137103558
-1.99552536,-1.952405334,-1.708841443,-2.695946693,,-1.885590712,,,,,,,,-1.938330412,-2.096363306
0.372115552,0.462494373,0.431031466,0.277269512,,0.421880464,,,,,,,,-0.966204405,-1.174026251
1.897058845,1.813185453,2.027377367,2.04817915,,1.912540555,,,,,,,,-0.271098435,0.085608132
-0.654623151,-0.816769183,-0.627785444,-0.411654294,,-0.699725926,,,,,,,,-2.43090415,-1.591587663
-6.093935013,-6.551440239,-6.383401871,-6.809072018,,-6.342925707,,,,,,,,-0.169114977,0.633248925
-2.642316103,-2.91851306,-2.771281481,-2.821398735,,-2.777370214,,,,,,,,1.418608904,1.090265989
-1.378446937,-1.495406747,-1.38029933,-0.457972556,,-1.418051004,,,,,,,,2.634472847,1.414817572
-1.268416524,-1.295856833,-1.422472596,-0.782136917,,-1.328915318,,,,,,,,-1.417920589,-0.744756103
-0.810710251,-0.859342992,-1.006045103,-0.562235415,,-0.892032782,,,,,,,,-2.051776886,-1.502568722
-0.438726693,-0.781553149,-0.751112103,0.436835855,,-0.657130649,,,,,,,,0.884632707,0.882848978
5.338576317,5.281410217,5.18535614,7.166539669,,5.268447558,,,,,,,,2.080740452,1.908479452
-0.171418995,-0.017159084,-0.026133223,-1.338870764,,-0.071570434,,,,,,,,-1.213788033,-1.076912165
2.759819508,3.286265135,3.26895237,1.819590569,,3.105012337,,,,,,,,0.265069246,0.638722658
1.896601915,2.016816616,2.144951344,2.524720907,,2.019456625,,,,,,,,-1.929720163,-1.744585037
0.908589602,0.804408193,0.899396062,0.703498006,,0.870797952,,,,,,,,0.562731028,0.509954333
2.360797405,2.51118207,2.621243477,1.922339559,,2.497740984,,,,,,,,1.354376078,0.738476336
2.650164127,2.411615849,2.315798759,2.611136436,,2.459192912,,,,,,,,-0.676947594,-0.700785756
-1.823662877,-1.441148281,-1.575685859,-2.716826439,,-1.613499006,,,,,,,,2.125397205,2.120271683
-3.405055761,-3.561287642,-3.719959974,-3.010085583,,-3.562101126,,,,,,,,0.87086463,1.432286143
-0.63146776,-1.01228714,-0.980347812,-0.946361899,,-0.874700904,,,,,,,,1.232976198,0.452181727
1.201601028,1.670499563,1.593719959,0.919337571,,1.48860685,,,,,,,,-1.226936817,-0.636009812
2.500221491,2.509243011,2.554804087,2.021015167,,2.521422863,,,,,,,,0.551992774,0.33857277
-1.233984351,-1.210603237,-1.197254539,-1.322293639,,-1.213947376,,,,,,,,-0.414403468,-0.00528346
1.244990468,0.874440789,0.836533129,0.905214071,,0.985321462,,,,,,,,-1.681964397,-1.41246736
-0.052404158,-0.095647052,0.099800825,0.183612049,,-0.016083462,,,,,,,,-0.895518124,-0.120720699
4.338106155,4.124083042,4.257901192,3.919042349,,4.24003013,,,,,,,,-1.078951955,0.181025177
-2.433451653,-2.109525442,-2.018949032,-3.197476387,,-2.187308709,,,,,,,,-0.251200378,-1.151733041
-1.701692462,-1.749257445,-1.726295471,-1.456125021,,-1.725748459,,,,,,,,1.716375351,1.74057591
-1.65942359,-1.369978547,-1.384098887,-1.514913797,,-1.471167008,,,,,,,,-2.312901974,-2.050029993
-2.505800724,-2.351974726,-2.346558571,-3.303939104,,-2.401444674,,,,,,,,-1.498304844,-2.209559917
0.261686265,0.042360663,-0.01212804,-0.14063856,,0.097306296,,,,,,,,0.405795842,1.289241076
-1.449882269,-1.439090252,-1.406177998,-1.147806168,,-1.431716839,,,,,,,,1.177327633,1.792968869
-0.607035875,-0.568934083,-0.421088248,-0.731187701,,-0.532352736,,,,,,,,-3.305483341,-2.512021542
2.563298941,2.436452627,2.472189903,2.72538352,,2.490647157,,,,,,,,-1.60407114,-1.127189279
0.928495586,0.938604474,1.069003701,0.998229682,,0.978701254,,,,,,,,2.216752291,2.809073448
-0.195568502,-0.012049258,-0.023438573,0.578900695,,-0.077018778,,,,,,,,-1.374849796,-1.249242067
2.209501982,2.060501814,2.110051632,2.603861094,,2.126685143,,,,,,,,2.332265139,1.524856091
-1.988779068,-1.847134948,-1.891599536,-1.058675051,,-1.909171184,,,,,,,,-0.992508471,-1.537979007
-0.136026859,-0.292894483,-0.410787582,1.643664598,,-0.279902975,,,,,,,,-2.090598345,-1.914717793
-2.255239725,-2.05533576,-1.99334538,-2.449553728,,-2.101306955,,,,,,,,-0.696363211,-0.526793242
-2.414245605,-2.268719673,-2.084055901,-2.873505354,,-2.255673726,,,,,,,,-0.377324015,-0.246806711
2.976867914,2.558099508,2.661771536,4.181383133,,2.732246319,,,,,,,,1.264707685,1.341337562
-1.730000138,-1.786868334,-1.768724918,-0.543837428,,-1.761864463,,,,,,,,-0.836446524,-1.644674778
1.715749383,1.622902155,1.94705236,1.841715217,,1.761901299,,,,,,,,-0.594553232,-0.452208161
-1.483622909,-1.451677322,-1.532814741,-1.667881131,,-1.489371657,,,,,,,,1.864051342,2.187283516
-1.570393324,-1.432768345,-1.299677849,-3.14648056,,-1.434279839,,,,,,,,1.212518573,0.399207264
-0.781321526,-0.41291815,-0.585721493,-0.524003506,,-0.59332039,,,,,,,,1.654454708,1.204828262
-1.501131773,-1.225782156,-1.292412043,-2.056241989,,-1.339775324,,,,,,,,0.270061404,-0.407817811
1.483365774,1.290469885,1.2678653,0.789083362,,1.347233653,,,,,,,,0.696240306,0.469826758
-2.87285161,-2.823878765,-2.985737562,-0.867159247,,-2.894155979,,,,,,,,-0.123114303,1.159480453
-0.288373172,-0.510551751,-0.247173846,-0.282118559,,-0.34869959,,,,,,,,0.788225114,-0.807665825
-4.396309853,-4.395401955,-4.606485367,-4.327762604,,-4.466065725,,,,,,,,-0.588264465,0.230972975
-0.863955736,-0.781063795,-0.701856732,-1.32702589,,-0.782292088,,,,,,,,-0.300940841,-0.795476317
-3.233136654,-3.050006866,-3.030333042,-2.963989019,,-3.104492187,,,,,,,,-0.427088499,-0.849143386
1.005372643,0.948644936,0.997198761,1.491858959,,0.98373878,,,,,,,,1.065786481,0.344586611
-1.353329659,-1.418006897,-1.434575558,-1.853154182,,-1.401970704,,,,,,,,0.580077887,0.409150034
0.569921255,0.737378776,0.833666384,1.014710426,,0.713655472,,,,,,,,-1.439486384,-1.414771438
0.570673168,0.577881515,0.487183809,0.101543948,,0.545246164,,,,,,,,-4.624215126,-2.239418507
-1.652339101,-1.611354589,-1.685022473,-0.998662472,,-1.649572055,,,,,,,,1.582355499,1.878741026
0.517178237,0.111415498,0.266466528,0.495299578,,0.298353421,,,,,,,,-0.909917951,0.053981766
2.032502174,1.931993246,2.013360739,0.777479231,,1.99261872,,,,,,,,0.854122102,1.508275509
-2.655040503,-2.291610479,-2.080849409,-1.356779099,,-2.34250013,,,,,,,,-0.344439685,0.17076242
1.647798061,1.850493908,1.792647362,1.846645832,,1.763646444,,,,,,,,-0.704642296,-0.821908414
-3.003049135,-3.21308732,-3.157597065,-2.952764034,,-3.12457784,,,,,,,,-0.647500038,-0.728449106
3.997084856,3.864391088,3.77615428,4.926749229,,3.879210075,,,,,,,,-0.807214022,-1.223272324
-1.190127969,-1.18735981,-1.301239491,0.619882226,,-1.226242423,,,,,,,,-1.447791219,-0.699106097
-2.92399478,-2.87174058,-2.830551863,-2.926707029,,-2.875429074,,,,,,,,-0.176660269,-1.062533736
-1.745877028,-1.844475508,-1.774600506,-1.086946011,,-1.78831768,,,,,,,,1.483760953,1.935522914
3.530208349,3.552073717,3.46086669,3.609537363,,3.514382919,,,,,,,,0.530120134,0.11668089
-0.253191501,-0.217713624,-0.094059497,-0.931933105,,-0.188321541,,,,,,,,-1.533083677,-0.825415909
-2.33625865,-1.978137016,-1.886731148,-1.917187572,,-2.067042271,,,,,,,,-0.4287045,0.62021327
-0.77526778,-0.507935584,-0.788934767,0.903873086,,-0.69071271,,,,,,,,0.724224448,-0.504084468
-0.650395274,-0.55527699,-0.811774135,-1.966709256,,-0.672482133,,,,,,,,-0.712279379,-1.119089365
3.461609602,3.442234993,3.34681201,3.338416338,,3.416885535,,,,,,,,0.870808601,0.755321383
2.554283857,2.650067568,2.577811241,0.70636642,,2.594054222,,,,,,,,1.044309378,1.308123112
1.50908041,1.570937514,1.679303169,0.979836464,,1.586440365,,,,,,,,-0.804546237,-0.458241343
3.259031057,3.141066313,3.111027956,2.730642557,,3.170375109,,,,,,,,0.241983995,0.707532883
0.761522412,0.652189672,0.673572779,0.19108808,,0.695761621,,,,,,,,1.096164465,0.908244967
2.349879026,2.285401106,2.010840654,4.477425098,,2.215373596,,,,,,,,0.527170897,-0.059790656
1.09041214,1.007572412,1.01056087,2.071687937,,1.036181808,,,,,,,,2.059891701,1.704012156
-2.656809568,-2.768264771,-2.582681417,-1.598569989,,-2.669251919,,,,,,,,-0.662657678,0.162004441
-2.200849771,-2.261373281,-2.447437048,-2.19476366,,-2.303220034,,,,,,,,0.810790777,-0.248419151
-0.910590649,-0.854914665,-0.960769296,-2.239459753,,-0.908758203,,,,,,,,-1.450532079,-1.059874773
3.027879953,3.124234915,3.289245367,2.258611441,,3.147120078,,,,,,,,-1.639635086,-2.03457284
3.305707216,3.592460155,3.591687202,4.366380692,,3.496618191,,,,,,,,0.070103124,-0.208019853
-3.44225812,-3.328517914,-3.247805119,-3.706032991,,-3.339527051,,,,,,,,-2.807536364,-2.222095966
-0.191515818,-0.263938874,-0.607421219,0.594464719,,-0.354291971,,,,,,,,-0.931816399,-0.092714503
-0.18012926,-0.218954712,-0.384202987,-0.173085496,,-0.261095653,,,,,,,,1.014317393,0.33874774
-3.317038059,-3.503092766,-3.28751564,-3.243690491,,-3.369215488,,,,,,,,-0.690264821,0.033430293
1.400476098,1.155143976,1.082013369,1.04827857,,1.212544481,,,,,,,,0.822329998,1.776124001
-1.013935566,-0.487452805,-0.37586531,0.072220087,,-0.625751227,,,,,,,,-1.262027502,-1.045821071
0.884163976,0.643486738,0.584580183,0.12079227,,0.704076966,,,,,,,,2.752036572,2.97233057
-1.766454339,-1.360048294,-1.268060088,-1.599522829,,-1.46485424,,,,,,,,0.952108145,1.2043643
0.717273116,0.564073741,0.666269481,0.150269002,,0.649205446,,,,,,,,-0.911898315,-1.418855309
0.627742171,0.864530683,0.919190526,0.798383772,,0.803821127,,,,,,,,-1.570446134,-1.312343717
1.810460329,1.62579596,1.740803242,0.266291678,,1.72568651,,,,,,,,-0.881917655,0.395577282
1.882558823,1.875878811,1.971777439,2.48265028,,1.910071691,,,,,,,,1.075152874,0.855693996
-2.50991869,-2.36634326,-2.357985973,-2.540451527,,-2.411415974,,,,,,,,-0.545888722,-0.256264329
-1.854443192,-1.769228578,-1.849987388,-2.652988911,,-1.824553053,,,,,,,,-0.577324092,0.047524184
2.789292097,2.661452055,2.730729818,2.641575336,,2.72715799,,,,,,,,-0.593853533,-0.260457814
-1.577026248,-1.767223477,-1.686541796,-1.824966073,,-1.676930507,,,,,,,,1.365463734,1.064062357
2.652765751,2.415123463,2.437987328,2.434281826,,2.501958847,,,,,,,,-1.372007728,-0.985527456
3.131323338,3.322955608,3.197686672,3.26671958,,3.217321873,,,,,,,,3.048204422,2.360897303
2.342100143,2.367651224,2.478685856,1.934409976,,2.396145741,,,,,,,,0.537980199,0.529629529
2.050640106,1.937842965,1.785760403,1.135261774,,1.924747825,,,,,,,,0.910058439,1.036574602
0.514058948,0.460236847,0.463004559,0.560555637,,0.479100118,,,,,,,,3.019099474,1.8997612
1.575030088,1.619532108,1.420381188,1.805847645,,1.538314462,,,,,,,,-0.29753238,-0.289760709
1.692986727,1.355281591,1.424043059,1.462857485,,1.490770459,,,,,,,,-1.175753593,-0.367731154
-1.37583828,-1.316506863,-1.485480785,-2.438005447,,-1.392608643,,,,,,,,-0.288391769,-0.648920715
1.209493637,1.332211494,1.111314654,1.569198251,,1.217673262,,,,,,,,-0.253945589,-0.478020221
-0.362665772,-0.471418977,-0.413474917,-0.370210797,,-0.415853222,,,,,,,,0.454105049,0.275241554
1.504167914,1.378515005,1.271815062,2.019245148,,1.38483266,,,,,,,,3.217282534,1.172764063
-2.645541191,-2.758731365,-2.499025822,-3.21790266,,-2.634432793,,,,,,,,-1.678566337,-1.775412202
-1.802240372,-2.093507051,-1.998916507,-1.791633844,,-1.964887977,,,,,,,,0.580066502,0.624579966
-0.014305949,-0.192020893,-0.163506955,-0.340189457,,-0.123277932,,,,,,,,2.267454386,1.333895922
2.435305357,2.474554777,2.31115818,3.285107136,,2.407006105,,,,,,,,-0.672486246,-0.090190336
-0.557391584,-0.370713174,-0.393158764,-0.633792937,,-0.440421174,,,,,,,,1.447344542,-0.054897547
-0.820115924,-0.743713498,-0.790300846,-2.024375439,,-0.784710089,,,,,,,,1.230179667,0.698778808
1.926669002,1.723637104,1.647271991,2.870530844,,1.765859365,,,,,,,,0.153260127,-0.841301978
-0.224141657,-0.209025592,-0.198133931,-0.679512024,,-0.210433727,,,,,,,,1.028892159,1.056815386
-1.902001143,-2.014469862,-1.668239594,-0.952183723,,-1.861570199,,,,,,,,0.030420363,0.309185982
0.837872684,0.719990849,0.738636732,-0.827349544,,0.765500089,,,,,,,,-0.103407107,0.625882506
3.387696266,3.061497211,2.907747269,3.783716202,,3.118980249,,,,,,,,2.208388567,2.049414158
0.840924501,0.923479199,0.670354664,0.092710704,,0.811586122,,,,,,,,0.844735742,0.908305645
-1.40034461,-1.358221054,-1.350374222,-1.586258173,,-1.369646629,,,,,,,,-0.623990297,-0.808074057
1.492092252,1.726571679,1.817515254,2.403692961,,1.678726395,,,,,,,,-0.566126168,0.256466419
0.222914442,0.359030545,0.386303008,0.524520814,,0.322749332,,,,,,,,-0.608125567,-0.113234341
1.299381971,1.274641037,1.386051416,1.367129087,,1.320024808,,,,,,,,1.208320141,1.090306401
0.021380663,0.167761013,0.164897338,0.461599052,,0.118013004,,,,,,,,1.674009681,0.942395031
-0.342304617,-0.360929966,-0.421699762,-0.939861774,,-0.374978115,,,,,,,,0.287348896,0.892534971
-3.205675602,-3.107806444,-3.135297537,-3.163855791,,-3.149593194,,,,,,,,-0.329573452,-0.923416376
-1.158189058,-1.437938094,-1.648154259,-1.085133672,,-1.41476047,,,,,,,,-0.738280535,-0.60409075
-1.67080009,-1.488325834,-1.416359901,-1.537742853,,-1.525161942,,,,,,,,1.051981211,0.276924193
-3.347893953,-3.464472055,-3.531488895,-3.788586855,,-3.447951635,,,,,,,,-0.231737673,-1.284117222
0.862352967,1.251284122,1.371978521,1.644507766,,1.16187187,,,,,,,,-0.331896365,-0.160238698
1.388669014,1.366160631,1.339250922,0.42641449,,1.364693522,,,,,,,,-0.845479965,-0.941831946
-1.856953979,-1.510090232,-1.318551898,-0.465225399,,-1.561865369,,,,,,,,-0.837181151,0.085589021
-3.018528461,-3.165184498,-2.845567942,-1.340396404,,-3.0097603,,,,,,,,-0.966289997,-1.084819913
4.513033867,4.547309875,4.611301422,5.070259571,,4.557215055,,,,,,,,0.576388955,-0.370805323
0.83133775,0.940031588,0.927729487,0.017833486,,0.899699608,,,,,,,,-1.056996346,-0.159574926
-3.46670866,-3.401250839,-3.482440948,-3.43326807,,-3.450133483,,,,,,,,-2.729631424,-1.628658056
3.387490749,3.514952898,3.47057724,3.071886539,,3.457673629,,,,,,,,-1.188197374,-1.546079397
0.716112375,0.283229798,0.242339894,1.656168461,,0.413894023,,,,,,,,0.620826781,-0.516486406
5.258209705,5.221237659,5.186125278,4.360554695,,5.221857548,,,,,,,,2.190634012,1.564687371
2.512608528,2.727364779,2.641580105,4.426252365,,2.62718447,,,,,,,,-1.292715311,-1.27224803
-0.56693697,-0.610526085,-0.6007061,0.474351168,,-0.592723052,,,,,,,,-1.395413399,-0.926519394
2.837312698,3.141735315,2.982473612,3.429399729,,2.987173875,,,,,,,,-0.127587795,-0.294623554
-0.751222432,-0.679868937,-0.457607776,-0.686792612,,-0.629566381,,,,,,,,1.03350091,0.717428803
-1.329694748,-1.316423774,-1.231544852,-1.35503304,,-1.292554458,,,,,,,,-2.013561487,-1.133666992
-0.866478682,-0.915646732,-1.021821737,-0.465237141,,-0.93464905,,,,,,,,0.530247331,0.410704136
0.950213313,1.209306002,1.339958906,0.983975768,,1.16649274,,,,,,,,-0.586347222,-0.606916189
0.320138991,0.222532377,0.380644977,0.43510887,,0.307772115,,,,,,,,1.4605968,2.271751404
0.04131043,0.057770103,0.046682477,0.188644692,,0.04858767,,,,,,,,1.291411519,1.942616343
2.484790325,2.356778383,2.331226349,2.357283592,,2.390931686,,,,,,,,0.300468981,0.036739886
-1.362769842,-1.365035534,-1.655718803,-1.353044271,,-1.461174726,,,,,,,,1.140515327,0.878543615
0.39940995,0.399452746,0.612573683,-0.303703189,,0.470478793,,,,,,,,1.987977386,2.370499849
2.947838783,2.832975388,2.979556084,2.160159826,,2.920123418,,,,,,,,-1.52769649,-0.327728361
-0.229687989,-0.495237648,-0.334096372,0.073156089,,-0.353007336,,,,,,,,-0.020709757,0.896133661
2.198554754,1.996032476,2.080167532,1.081322432,,2.091584921,,,,,,,,0.793697119,0.533542931
1.889684916,2.009600639,1.996373892,2.383251429,,1.965219816,,,,,,,,2.662928343,2.407231808
-1.111474514,-0.706647515,-0.82266438,-0.045780316,,-0.880262136,,,,,,,,-0.074600928,0.005383052
-0.175632209,-0.048015445,-0.11181286,0.531175613,,-0.111820171,,,,,,,,0.003177956,-0.640714765
0.321097285,0.270175606,0.307083517,1.099993944,,0.299452136,,,,,,,,1.584397435,1.103394985
-4.409800053,-4.330447674,-4.299830914,-5.317627907,,-4.34669288,,,,,,,,-0.513871253,0.333697677
2.321517706,2.258118391,2.415039063,2.175121546,,2.331558386,,,,,,,,1.138132095,0.439473867
0.728784502,0.967210174,0.818958163,-0.393995196,,0.838317613,,,,,,,,1.264407635,0.41742292
-2.044728518,-2.131870031,-2.189384937,-1.866914392,,-2.121994495,,,,,,,,1.600710154,1.77444005
0.155775934,0.183554351,0.064376399,1.171763062,,0.134568895,,,,,,,,-0.933299959,-1.211230278
1.52215898,1.463299751,1.400707364,0.817127943,,1.462055365,,,,,,,,-0.550127983,-0.140404299
3.318177938,3.165285826,3.126932621,2.758743763,,3.203465462,,,,,,,,1.173792601,0.363694161
-1.953423262,-1.960767746,-1.942587852,-0.608146667,,-1.95225962,,,,,,,,1.244125724,0.835674107
0.025715619,0.226054013,0.126387924,-1.39547205,,0.126052519,,,,,,,,-0.247945845,-0.002008412
0.097616285,0.018088341,0.12426281,0.806095541,,0.079989145,,,,,,,,0.060936451,0.529793918
2.26893878,2.053555012,2.035615683,1.212238312,,2.119369825,,,,,,,,-0.374693394,-0.019076986
0.891453266,1.004823565,1.232110739,-0.121204689,,1.042795857,,,,,,,,1.562124372,1.664956331
-1.09864819,-0.768998504,-0.589808822,-1.950954914,,-0.819151839,,,,,,,,2.810302734,1.494189978
-2.07122159,-1.974760056,-1.892342091,-2.903870344,,-1.979441245,,,,,,,,-0.138658524,-0.512399316
0.839794278,0.943256378,1.220849633,0.553285837,,1.001300097,,,,,,,,-1.427298307,-0.543882012
-4.82542944,-4.593298435,-4.375518322,-5.831120014,,-4.598082066,,,,,,,,-0.880978703,-1.178914905
1.750115871,1.944946051,1.962890387,2.158862352,,1.885984103,,,,,,,,-0.122896969,-1.05691123
1.198637605,1.17596221,1.043091416,1.926017284,,1.13923041,,,,,,,,-0.222287878,0.050942481
4.211912155,4.289722443,4.113930702,3.296509266,,4.205188433,,,,,,,,0.901548684,-0.345915437
4.251727581,4.091522217,3.912689447,5.312998295,,4.085313082,,,,,,,,1.878944635,1.775170922
-1.895730257,-1.679687858,-1.848704338,-2.298247337,,-1.808040818,,,,,,,,-1.163022399,-1.363375425
-0.685176909,-0.558229327,-0.649833918,-0.864712417,,-0.631080051,,,,,,,,1.436128736,1.206010342
1.267356515,1.048004985,0.979225516,2.140571356,,1.098195672,,,,,,,,1.780660033,0.89494288
2.594661951,2.911889315,2.971373081,1.921829343,,2.825974782,,,,,,,,2.077479839,0.966158807
1.815995336,2.211342335,2.43274498,1.082985163,,2.153360883,,,,,,,,-0.772052288,-1.050795555
1.362698793,1.385662913,1.521381736,1.528048992,,1.423247814,,,,,,,,1.092345953,1.25697577
0.28058055,0.398177981,0.542784452,-0.557941675,,0.407180995,,,,,,,,1.375069141,1.871243596
-2.922082663,-3.033392191,-2.943801641,-2.854833126,,-2.966425498,,,,,,,,-0.962480068,-1.123051524
-2.825879812,-2.742732286,-2.923396111,-2.837685347,,-2.830669403,,,,,,,,-0.282954991,0.294377089
-3.957615137,-3.958052874,-4.110860348,-4.39863205,,-4.008842786,,,,,,,,1.406348586,1.308593869
-0.580249131,-0.628629148,-0.493394911,-0.460433185,,-0.567424397,,,,,,,,-1.557347298,-1.292407751
0.394353151,0.822526693,0.686451197,-0.307471871,,0.63444368,,,,,,,,-0.778606772,0.014484257
3.049582958,3.117711067,2.794263124,2.522575855,,2.987185717,,,,,,,,0.472468287,0.435972035
1.272030711,1.172719121,1.303047061,0.784191549,,1.249265631,,,,,,,,0.219257742,-0.65442276
4.15326786,3.876115084,3.979655504,3.07002306,,4.003012816,,,,,,,,-1.67084837,-0.782889128
0.50159812,0.627948046,0.49315542,0.728847504,,0.540900528,,,,,,,,-2.67549181,-2.465968609
0.662953615,0.172057927,0.158567727,2.258867741,,0.331193089,,,,,,,,-1.12550211,-0.633667946
-1.049762726,-1.277460814,-1.129285932,-2.777749062,,-1.152169824,,,,,,,,-1.629225492,-0.568212569
-3.023849964,-2.864734888,-2.632538557,-3.705515862,,-2.84037447,,,,,,,,1.190545797,0.039227992
3.371515512,3.210364342,3.203154325,3.64155674,,3.26167806,,,,,,,,1.416700721,1.033858657
1.394770265,1.328696966,1.378970742,-0.572917998,,1.367479324,,,,,,,,-2.045296431,-2.45095253
1.348675132,1.321002483,1.144714832,0.856281877,,1.271464149,,,,,,,,-1.709610105,-0.752563179
-0.915510893,-0.786031842,-0.799651146,0.262830555,,-0.833731294,,,,,,,,1.234962463,2.036792994
-3.27941227,-3.199044704,-2.971978426,-2.20010519,,-3.150145133,,,,,,,,-1.25338316,-1.956153393
0.138314009,0.142025232,0.086780965,0.218375251,,0.122373402,,,,,,,,-2.087636471,-1.620446444
0.147179827,0.274896085,0.304686368,0.585607708,,0.242254093,,,,,,,,1.707490683,0.611382484
0.913936019,0.747516811,0.81778264,1.507484436,,0.826411823,,,,,,,,-0.755247831,-0.575357556
-3.741071701,-3.626211643,-3.60659194,-2.148960114,,-3.657958428,,,,,,,,-0.337785006,-0.20287253
0.786245823,1.005048156,1.007923603,0.454957873,,0.933072527,,,,,,,,-0.974708915,-0.719083786
-2.059531212,-2.160136223,-2.196068764,-2.389961481,,-2.138578733,,,,,,,,0.900016785,0.843895435
-0.56730026,-0.431097448,-0.483528316,-1.0227108,,-0.493975341,,,,,,,,0.98560071,0.000489563
2.767108917,2.763003349,2.832048416,2.953081846,,2.787386894,,,,,,,,-0.038976934,0.051153388
0.535951018,0.408089817,0.530430138,0.038445394,,0.491490324,,,,,,,,-1.856057644,-1.908561587
2.911058426,2.551920891,2.42533946,2.285109758,,2.629439592,,,,,,,,0.131498545,-1.090381026
0.488561004,0.660420775,0.7189008,-0.747412503,,0.622627527,,,,,,,,-2.788160324,-2.313547134
0.020837419,-0.021190561,0.124286547,0.697008252,,0.041311135,,,,,,,,1.600210667,1.42707932
-0.662809134,-0.884219885,-1.011771798,-1.043034911,,-0.852933606,,,,,,,,0.494155467,0.857485712
-0.769257188,-0.430085987,-0.242721751,0.920288086,,-0.480688309,,,,,,,,0.371536136,0.635981262
20.63783264,21.52375603,21.78972244,14.75451946,,21.3171037,,,,,,,,18.91042709,24.53571701
0.268039525,0.116113722,0.134489357,-0.463357449,,0.172880868,,,,,,,,0.281816661,0.365344107
0.266901135,0.389662147,0.423456728,0.869593859,,0.36000667,,,,,,,,-0.082746334,0.78063947
-1.502454877,-1.227139354,-1.155343533,-2.100465536,,-1.294979254,,,,,,,,-1.214134693,-0.535622597
-1.04573226,-0.966266453,-1.085369706,-1.829102039,,-1.03245614,,,,,,,,1.729764581,0.935636163
0.494109869,0.452618331,0.515779495,1.406923532,,0.487502565,,,,,,,,1.722000241,1.063293695
4.102320671,4.159499168,4.069544315,4.634512424,,4.110454718,,,,,,,,0.384797931,0.790264845
-0.72984606,-0.81600368,-0.761623025,-0.206307754,,-0.769157588,,,,,,,,-1.709930062,-1.469436049
-0.00877279,-0.146536529,-0.101126015,0.342988461,,-0.085478445,,,,,,,,2.310669899,2.323474407
-0.018317521,-0.297777712,-0.226940036,-0.288041502,,-0.181011756,,,,,,,,2.695098639,2.733511448
-3.570874929,-3.885635853,-3.889012575,-2.299720526,,-3.781841119,,,,,,,,1.272860885,1.275076389
0.790965557,1.114382267,1.122579098,1.680499911,,1.009308974,,,,,,,,0.145743579,0.325209022
-2.358759165,-2.352399588,-2.292229414,-1.644528151,,-2.334462722,,,,,,,,-0.46490413,-0.723601699
0.112577468,-0.077527381,-0.075874574,-0.212579161,,-0.013608163,,,,,,,,-0.340828836,0.603676915
-1.227446437,-0.965684354,-0.860951245,-1.11850071,,-1.018027345,,,,,,,,-2.023784637,-1.282536745
-1.513274908,-1.483674288,-1.266413212,-1.074463606,,-1.421120803,,,,,,,,2.395560265,1.49436307
-2.037749529,-2.080518246,-2.170354128,-2.964142084,,-2.096207301,,,,,,,,5.054483891,3.306986332
-4.67747879,-4.588349819,-4.527124882,-5.530944824,,-4.597651164,,,,,,,,1.456953645,1.582538128
0.856338978,0.849901795,0.786045074,0.82823801,,0.830761949,,,,,,,,0.563495398,0.491256773
-2.205225229,-2.064698219,-2.012733698,-1.976556301,,-2.094219049,,,,,,,,0.106028512,0.775078297
-0.990197539,-1.171804667,-1.284672976,-1.738756776,,-1.148891727,,,,,,,,0.153161466,-0.657987356
-1.921819687,-2.083264828,-1.828562975,-1.932370543,,-1.944549163,,,,,,,,-0.662163675,-1.215002298
3.671680689,3.604971647,3.756400108,3.32920146,,3.677684148,,,,,,,,0.367937922,0.19592461
0.878340423,0.73087275,0.684547186,0.948026478,,0.764586786,,,,,,,,-0.098599091,-0.610429287
1.304589629,1.237066269,1.302378416,1.308138251,,1.281344771,,,,,,,,0.490188897,0.158225343
-4.60449791,-4.829236507,-4.634674072,-3.52189374,,-4.689469496,,,,,,,,0.747703373,0.091425061
5.31897831,5.315526485,5.257710934,4.682396889,,5.297405243,,,,,,,,-1.212072611,0.564440489
1.886241555,1.907609224,1.869019508,1.21619904,,1.887623429,,,,,,,,0.117598355,0.01091601
-0.576006532,-0.559530973,-0.328809381,-0.930664241,,-0.488115629,,,,,,,,1.352101564,1.003747702
-1.391925216,-1.173758745,-1.279202461,-1.129776478,,-1.281628807,,,,,,,,1.237065554,0.829835773
0.324669808,0.433538765,0.466027409,-0.654965103,,0.408078661,,,,,,,,-0.344601929,0.27770406
0.837524891,0.910951018,0.900445938,1.228384733,,0.882973949,,,,,,,,1.997602582,1.236843705
-1.34240818,-1.366526723,-1.479560018,-0.967802525,,-1.396164974,,,,,,,,0.6767205,0.547849834
-0.413993776,-0.353636682,-0.487254441,-0.350642174,,-0.418294966,,,,,,,,-1.516988039,-1.676373601
1.236487985,1.233006001,1.351689339,0.331467271,,1.273727775,,,,,,,,-1.240486264,-0.874254644
1.837553144,1.676374555,1.823783398,1.947847247,,1.779237032,,,,,,,,-3.097491503,-2.208724737
-0.240537822,-0.014273331,-0.019162998,0.16730389,,-0.091324717,,,,,,,,1.51825738,1.743224144
-0.749666572,-0.672742307,-0.481608391,0.539880872,,-0.634672423,,,,,,,,-0.493591577,-0.591048896
-0.522353411,-0.722682595,-0.853069067,-0.169380248,,-0.699368358,,,,,,,,0.864334166,0.190167084
0.711834311,0.765676975,0.587852955,1.286622286,,0.688454747,,,,,,,,-0.109540194,-0.459360957
0.679522276,0.779087007,0.94506681,1.008867621,,0.801225364,,,,,,,,0.582360327,-0.169775546
1.080263019,0.87180388,0.931977153,0.943292022,,0.961348017,,,,,,,,-0.794491053,-0.546151519
0.693199515,0.774722219,0.875036299,0.703983784,,0.780986011,,,,,,,,3.231787205,2.30178237
2.898856401,3.016252756,3.350109339,3.321607351,,3.088406165,,,,,,,,-0.450695992,-1.595687509
-1.153041124,-1.146088243,-1.048381686,-1.310735703,,-1.115837018,,,,,,,,-1.402784467,-0.202150673
1.022747993,1.037988067,0.956163824,1.132606506,,1.005633295,,,,,,,,-0.476494968,-0.468395054
0.104554929,0.301045597,0.407707155,-0.916256607,,0.27110256,,,,,,,,2.123851299,1.768151045
1.8153584,1.806239247,1.764954448,3.222815037,,1.795517365,,,,,,,,0.349479944,0.564105749
2.887330294,2.873804331,2.867191792,3.26710701,,2.876108805,,,,,,,,-0.36197108,-0.050288957
2.278440952,2.150422812,2.000852585,2.271138191,,2.143238783,,,,,,,,1.323963642,2.083830357
0.134465948,0.033633724,0.132135987,-0.318133146,,0.100078553,,,,,,,,-1.020082474,-0.870417297
1.536658883,1.567986965,1.688228607,1.628722191,,1.597624818,,,,,,,,2.027220964,2.141107321
-2.123534679,-1.96276474,-2.009182453,-0.233835548,,-2.031827291,,,,,,,,2.721821785,2.189763546
-2.126624584,-2.216029406,-2.112128019,-2.335816145,,-2.151594003,,,,,,,,2.822957039,2.479790688
0.432384253,0.113888621,0.079853237,-0.731502891,,0.208708704,,,,,,,,1.767039537,1.739237785
-0.007395461,0.02275975,0.019181654,-0.615959108,,0.011515314,,,,,,,,0.120522678,-0.082978293
1.82908535,1.960502625,1.872862339,1.467323303,,1.887483438,,,,,,,,1.163376808,1.690986037
1.30063796,1.569782138,1.455618024,1.170559406,,1.442012707,,,,,,,,-2.306675196,-0.999182463
1.876736641,1.93953228,1.852847815,1.546957016,,1.889705578,,,,,,,,-0.765222967,-1.312788606
0.024324171,0.312811196,0.111170173,0.547911704,,0.14943518,,,,,,,,0.433177084,0.252506018
3.464452744,3.239761353,3.058512211,4.294225693,,3.254242102,,,,,,,,1.851721406,1.978549242
0.007595989,0.119498521,-0.086535737,0.034705378,,0.013519591,,,,,,,,-0.029403917,-0.930768251
2.025523901,2.138014793,1.998937726,1.364075303,,2.054158807,,,,,,,,2.015899181,2.810931683
0.035010822,0.00776876,0.182649598,-0.526439786,,0.07514306,,,,,,,,0.677312434,0.726046503
1.57561183,1.393429756,1.580500841,0.900923669,,1.516514142,,,,,,,,2.871084213,1.516123295
-5.453887939,-5.53664875,-5.672008038,-5.444524288,,-5.554181576,,,,,,,,-0.942334414,-1.455078721
-1.262718201,-1.64457953,-1.674258709,-1.927895904,,-1.52718548,,,,,,,,0.352029413,0.795479536
4.222464561,4.192732334,4.179929733,3.167673111,,4.198375543,,,,,,,,-0.443348646,0.439424694
1.811697483,1.5871948,1.483676195,1.074313641,,1.627522826,,,,,,,,-0.980358481,-0.550221324
0.666925728,0.835895479,0.775431275,0.775594115,,0.759417494,,,,,,,,-0.34011662,-0.750552535
-1.597030163,-1.604834795,-1.559248686,-1.383394003,,-1.587037881,,,,,,,,0.78087914,0.505732477
5.722407818,5.382660389,5.551577091,4.309556961,,5.552215099,,,,,,,,-1.650185823,-1.360350609
2.196542263,2.082089901,2.211270809,2.9158144,,2.163300991,,,,,,,,0.594357669,0.506785929
1.353411198,1.12454021,1.37312758,1.229060292,,1.283692996,,,,,,,,-0.40433073,-0.878664613
-2.338755608,-2.252408028,-2.485629559,-2.911980867,,-2.358931065,,,,,,,,0.946221113,0.957059801
-0.872877777,-0.839132905,-0.745242834,-0.24932,,-0.819084505,,,,,,,,2.934111595,3.651702166
2.774727106,2.61904335,2.740825891,2.521290779,,2.711532116,,,,,,,,-0.060499389,-0.75426209
-1.063125372,-1.053750277,-1.035550833,-1.266235113,,-1.050808827,,,,,,,,0.307883203,0.517436802
-2.595483303,-2.626094818,-2.749253273,-3.013416767,,-2.656943798,,,,,,,,-0.613725245,0.40566501
-3.575054884,-3.450689554,-3.514348745,-3.603028536,,-3.513364395,,,,,,,,-2.951978207,-1.322295666
-5.424182415,-5.438518047,-5.486609459,-6.240724087,,-5.449769974,,,,,,,,-1.937772632,-1.478573322
-1.344227314,-1.208189011,-1.227501273,-2.106252432,,-1.259972533,,,,,,,,-1.299381256,-2.557213545
-1.748955131,-1.637128949,-1.695481777,-1.943143606,,-1.693855286,,,,,,,,1.425891161,0.506730735
-2.707537889,-2.51393199,-2.607156038,-2.628969431,,-2.609541972,,,,,,,,0.158226341,0.555102348
-0.582554519,-0.118378356,-0.055326104,-0.435494393,,-0.252086326,,,,,,,,0.209214002,0.215474278
3.396501303,3.193411827,2.918225288,3.336740494,,3.169379473,,,,,,,,0.422089756,0.501960993
-3.674314022,-3.62952137,-3.492723465,-3.828145742,,-3.598852952,,,,,,,,-0.144373789,-0.292652309
-2.144588709,-2.325180531,-2.222274065,-3.206956148,,-2.230681101,,,,,,,,1.309833884,0.639906228
3.43641305,3.434720278,3.452841043,3.737774372,,3.44132479,,,,,,,,-1.342526793,-0.636992335
-1.155597091,-1.382977843,-1.323474646,-1.740744352,,-1.28734986,,,,,,,,1.916490555,1.333932638
-0.502269626,-0.482718706,-0.577502489,-0.20425877,,-0.520830274,,,,,,,,-2.782552242,-2.593757153
-0.602831364,-0.755559206,-0.987277687,0.133294314,,-0.781889419,,,,,,,,0.312379718,0.339844823
-1.057489157,-1.088381171,-1.342090368,-1.032234192,,-1.162653565,,,,,,,,-1.811493874,-1.590779066
2.938038826,2.874688148,2.653285027,3.372943163,,2.822004,,,,,,,,-0.171779618,-1.216467619
-2.983401775,-3.117435694,-3.188883781,-3.738342762,,-3.09657375,,,,,,,,-0.464708358,-0.127055272
-1.654161334,-1.411347866,-1.608867884,-1.763963938,,-1.558125695,,,,,,,,0.340076506,0.613466203
1.209188461,1.183109999,1.123076677,2.018153191,,1.171791712,,,,,,,,1.988991499,0.952091813
1.911352754,2.036338806,1.897685647,1.712578654,,1.948459069,,,,,,,,0.301865906,-1.286531806
0.589645386,0.702371776,0.698221505,0.41398266,,0.663412889,,,,,,,,0.816993058,0.642996907
1.460576773,1.306258559,1.298215508,0.586594701,,1.355016947,,,,,,,,-0.390161246,-1.597440124
1.955578327,2.228085279,2.198462009,2.261894226,,2.127375205,,,,,,,,0.02854722,0.538478315
-1.001124859,-0.703248501,-0.422293752,-1.263309956,,-0.708889037,,,,,,,,0.969129324,0.75097084
-2.128320932,-1.91901505,-1.915250659,-1.798761964,,-1.98752888,,,,,,,,0.162021041,0.469594896
-0.618550539,-0.948742509,-0.750073671,-0.063874707,,-0.772455573,,,,,,,,-0.799428582,-1.199866414
3.147819281,3.345168352,3.239577293,2.751832485,,3.244188309,,,,,,,,0.707972169,-0.01644963
3.004811525,2.844129562,2.961891413,1.910310745,,2.936944167,,,,,,,,-3.38893652,-1.774927497
-1.161009908,-0.869050086,-0.664974034,-1.664302588,,-0.898344676,,,,,,,,-0.325234145,0.15410617
3.615420818,3.739227295,3.799215555,4.376491547,,3.717954556,,,,,,,,-2.287377834,-1.915595651
2.231691837,2.050222635,2.241221905,0.954564691,,2.174378792,,,,,,,,0.701862752,0.004861116
-1.778009176,-1.698193312,-1.624323368,-1.011800051,,-1.700175285,,,,,,,,-1.860208035,-0.648038924
-4.794618607,-4.853588104,-4.936651707,-5.491611958,,-4.861619473,,,,,,,,0.236723676,1.119361877
-0.863150001,-0.837545276,-0.922308803,-1.816675425,,-0.874334693,,,,,,,,-0.428639561,-0.539682031
-8.686807632,-8.592567444,-8.589541435,-9.673553467,,-8.622972171,,,,,,,,-1.60389185,-1.197207332
2.397913933,2.063333273,2.091888905,2.191061497,,2.184378703,,,,,,,,-0.37829107,-0.639435649
3.888421059,3.96707654,4.080135822,3.08067584,,3.978544474,,,,,,,,-0.013560414,0.715198636
-2.720228195,-2.520342588,-2.50615859,-1.785321593,,-2.582243125,,,,,,,,0.408923626,0.412512749
-2.461990595,-2.63458252,-2.550784111,-3.177153826,,-2.549119075,,,,,,,,-4.222161293,-3.987669468
-1.057914257,-0.960928023,-1.151446819,-1.790653229,,-1.056763033,,,,,,,,1.706807375,-0.253550828
-1.745417118,-1.650443912,-1.717667341,-2.494282007,,-1.704509457,,,,,,,,0.957131267,0.93828094
1.382224441,1.113263249,0.919023395,2.849311829,,1.138170362,,,,,,,,2.032286644,1.000554442
-0.577933788,-0.698450089,-0.443323135,0.660763681,,-0.573235671,,,,,,,,-0.300415784,-0.436862737
-1.149628401,-1.229192495,-1.175648928,-1.651694775,,-1.184823275,,,,,,,,1.725800037,1.083577871
-2.074053049,-1.600931168,-1.788777351,-1.307149649,,-1.821253856,,,,,,,,-2.59503603,-1.961445332
1.731747985,1.650876284,1.410048842,0.363910109,,1.597557704,,,,,,,,-0.469607204,-0.314598352
1.501784086,1.438249469,1.231566429,2.816051006,,1.390533328,,,,,,,,-2.074634075,-2.379352808
0.861138403,0.855600297,0.649750948,0.545542359,,0.788829883,,,,,,,,-1.310642481,-0.950678229
3.071392059,3.206146955,3.001889467,4.118787766,,3.093142827,,,,,,,,-0.651477396,1.253098845
-0.214633822,-0.011255562,-0.446830869,-0.291853607,,-0.224240084,,,,,,,,0.944511652,0.910552561
-4.19928503,-3.99388504,-3.886665344,-3.769861221,,-4.026611805,,,,,,,,-0.570450306,-0.278485835
-0.610182285,-0.462538451,-0.611296535,0.006043792,,-0.56133909,,,,,,,,0.422512949,0.148295
-0.447928578,-0.642597675,-0.717102408,-0.358626604,,-0.602542887,,,,,,,,1.440544605,0.261438489
-1.488207102,-1.723167658,-1.831353426,-1.195477009,,-1.680909395,,,,,,,,0.005739227,0.51766181
1.956489801,1.676033735,1.762941599,1.75552547,,1.798488379,,,,,,,,-2.762183666,-1.437567949
0.120677114,0.020411015,0.277328432,0.054949261,,0.139472187,,,,,,,,-1.164165974,-0.717926145
0.980540574,0.798944414,0.706524193,0.595191181,,0.828669727,,,,,,,,-0.867988408,-1.161664248
-5.432941437,-5.415948868,-5.192847729,-5.4917593,,-5.347246011,,,,,,,,0.727965236,1.877723217
1.721681952,1.657464862,1.683445096,3.392680407,,1.687530637,,,,,,,,-0.038998261,0.327019572
4.339241505,4.043467045,4.132900715,3.650341272,,4.171869755,,,,,,,,2.883949995,2.041188955
-0.305798829,-0.19820863,-0.101855755,-0.013260931,,-0.201954405,,,,,,,,3.218546867,2.698664188
-3.347890854,-3.3412323,-3.584845304,-3.717982292,,-3.424656153,,,,,,,,-0.727995515,-0.671640277
-3.98279953,-4.001546383,-3.872932434,-3.273476601,,-3.952426116,,,,,,,,0.750856221,0.52320528
-1.189252019,-1.473002553,-1.571260333,-1.784199715,,-1.411171635,,,,,,,,0.213178411,0.133080974
-0.844669104,-0.849944711,-0.958756447,1.068213701,,-0.884456754,,,,,,,,2.138087034,1.947624683
3.008539915,3.054036379,3.142579794,3.282196999,,3.068385363,,,,,,,,-0.968475044,-0.755391777
-0.351436108,-0.261749476,-0.209120274,-0.698877096,,-0.274101953,,,,,,,,-0.987322509,-0.207334369
2.362842321,2.342025757,2.346605778,1.986147761,,2.350491285,,,,,,,,-1.439675808,-0.76353842
-0.126080796,-0.257547379,-0.241931871,-0.011810333,,-0.208520015,,,,,,,,-2.066535234,-1.714823127
-0.55576998,-0.541332781,-0.699443638,-0.874185383,,-0.5988488,,,,,,,,-3.916682243,-2.747574329
0.880842268,0.792370617,0.616983175,0.543565631,,0.763398687,,,,,,,,-1.035856724,-1.405658484
2.202976227,2.610667467,2.621096134,3.026051998,,2.478246609,,,,,,,,-0.880094171,-1.947629213
0.144832596,-0.074793726,-0.129641265,0.34740445,,-0.019867465,,,,,,,,2.798873663,2.152567387
0.404808611,0.661416173,0.541163385,-0.747069895,,0.535796056,,,,,,,,1.789490581,1.196056128
-0.249100089,-0.162326276,-0.106471837,-0.706108928,,-0.172632734,,,,,,,,0.515081167,-0.0282754
0.420856476,0.330336571,0.2256217,-0.009911627,,0.325604916,,,,,,,,1.531662226,0.769110322
2.388363361,2.13217473,1.988008499,2.034706593,,2.16951553,,,,,,,,-2.222025633,-0.620459974
-1.094879985,-1.177845955,-1.208779097,-0.540913045,,-1.160501679,,,,,,,,-0.442085892,-1.557183385
1.083077312,0.969218433,0.911001861,1.933356524,,0.987765869,,,,,,,,0.516196251,0.422727466
-0.610661745,-0.75900203,-1.051053286,-0.0386848,,-0.806905687,,,,,,,,-1.355721474,-0.951271117
3.306494474,3.212734699,3.262688875,3.77127099,,3.26063935,,,,,,,,-2.236800432,-1.219338179
-0.446002901,-0.191149384,-0.263726234,-2.905935287,,-0.30029284,,,,,,,,0.022318259,-0.009918317
-1.325512409,-1.33562243,-1.354397893,-1.540047407,,-1.338510911,,,,,,,,-3.780452251,-2.860012054
-0.984558702,-0.694833815,-0.541416943,-1.229896784,,-0.74026982,,,,,,,,-0.718497515,-1.286043167
-0.815191209,-0.772444725,-0.618707657,-0.816108406,,-0.735447864,,,,,,,,-2.002640009,-0.774874151
-0.55526638,-0.196219862,-0.286393046,-1.09510541,,-0.345959763,,,,,,,,1.480260491,1.287668824
1.427569151,1.569728732,1.378898263,2.225140333,,1.458732049,,,,,,,,0.136649087,-0.822966039
1.115264177,1.18968308,1.226703167,2.019421577,,1.177216808,,,,,,,,2.84394598,2.665984631
-1.624006629,-1.869366884,-1.577208996,-1.859318376,,-1.69019417,,,,,,,,-1.802720904,-1.323654175
0.893715799,0.733010471,0.76621598,0.320923686,,0.797647417,,,,,,,,2.324157,1.749671221
-1.250782251,-1.361882687,-1.241090775,-0.643566608,,-1.284585238,,,,,,,,1.519563317,2.200066328
0.114814997,-0.395457387,-0.377254963,1.260531068,,-0.219299118,,,,,,,,-1.039133787,-1.820395589
-5.722535133,-5.387270451,-5.219740868,-4.879235744,,-5.443182151,,,,,,,,0.381310761,2.053024769
3.920992851,3.943852425,4.014861584,2.887724876,,3.959902287,,,,,,,,-0.36841926,0.1020886
2.047155142,2.377203941,2.221242428,1.729392409,,2.215200504,,,,,,,,1.814791679,1.450843334
-0.824045897,-1.107421637,-1.015454054,-1.079590797,,-0.982307196,,,,,,,,-0.572067499,-0.737926185
3.951079845,4.147507191,4.193426132,3.478605509,,4.097337723,,,,,,,,-0.740995824,-1.551971436
2.176978111,2.276313782,2.116182327,2.491822004,,2.18982474,,,,,,,,-0.070336118,-0.199412733
-3.198450804,-3.132224083,-3.157097101,-3.486649752,,-3.162590663,,,,,,,,1.349270582,0.621296823
-2.115742683,-1.821903706,-1.885353088,-2.141049147,,-1.940999826,,,,,,,,-2.623314857,-2.21889019
-1.260430813,-1.524037361,-1.682471752,-0.08088617,,-1.488979975,,,,,,,,3.278462172,2.738385201
-4.51655817,-4.44558382,-4.176260471,-3.93677783,,-4.379467487,,,,,,,,0.438773453,-0.015389502
-1.639023781,-1.545238733,-1.703448534,-1.69823873,,-1.629237016,,,,,,,,-0.11291863,-0.638827264
1.852267623,1.766748428,1.719128013,1.866455674,,1.779381355,,,,,,,,-1.290915251,-0.689557672
-2.062766552,-1.944708467,-1.987518072,-2.562039614,,-1.99833103,,,,,,,,0.385123789,-0.030454829
-0.120157272,-0.132470697,-0.166058391,-0.329508066,,-0.13956212,,,,,,,,0.182412356,1.570054889
2.076669216,1.702681184,1.655650854,2.559997797,,1.811667085,,,,,,,,-0.495613635,0.182543188
0.929641366,1.137811422,1.299028635,1.070050478,,1.122160474,,,,,,,,0.39151147,0.094138481
4.236593246,4.275717735,4.353615284,5.382963181,,4.288642089,,,,,,,,-0.058464214,-0.154854357
-0.76339519,-0.650980592,-0.438507676,-0.764291346,,-0.617627819,,,,,,,,-2.291663408,-1.759055614
-1.389799237,-1.656629324,-1.460108757,-1.958654404,,-1.502179106,,,,,,,,0.594569862,0.978366971
-1.491614342,-1.522248745,-1.524188399,-0.564170718,,-1.512683829,,,,,,,,0.772372544,0.058207005
2.191350937,2.048626184,1.832821488,2.814354897,,2.024266203,,,,,,,,-1.287855387,-0.964300632
0.424258918,0.808413446,0.986028314,0.561780453,,0.739566892,,,,,,,,2.080462933,1.303830147
-2.520597696,-2.663506985,-2.566634178,-2.597882748,,-2.58357962,,,,,,,,1.93911612,1.735959411
-2.673551083,-2.514199972,-2.566338062,-1.528768659,,-2.584696372,,,,,,,,0.698776662,0.162594765
3.941776514,3.94549489,3.979036093,4.332624435,,3.955435832,,,,,,,,0.434945405,2.13734889
0.614257097,0.784792244,0.566349626,1.23529613,,0.655132989,,,,,,,,0.148227319,0.478856385
-1.300336838,-1.254508495,-1.194523931,-1.271771908,,-1.249789755,,,,,,,,-2.044581413,-1.207536459
2.069842815,2.197094917,1.992438555,2.375862122,,2.086458762,,,,,,,,-0.089446113,0.300072104
0.909300387,0.961699784,0.59521091,0.863213241,,0.82207036,,,,,,,,0.224431038,0.167846218
0.461529911,0.452468634,0.445265651,1.057958007,,0.453088065,,,,,,,,-1.971322656,-1.770024776
-1.128039002,-0.960126042,-1.146056533,-0.494216144,,-1.078073859,,,,,,,,0.998696208,0.183820009
-3.005567074,-3.008926392,-3.324536324,-2.129446268,,-3.11300993,,,,,,,,0.384905487,0.165801838
-1.180763006,-1.344420433,-1.44098568,-1.560902357,,-1.322056373,,,,,,,,1.113364458,1.572036028
-3.428143978,-2.910118103,-3.170660019,-3.639559984,,-3.1696407,,,,,,,,-3.197836876,-2.381963491
3.253866673,3.383262873,3.456966877,3.354288101,,3.364698807,,,,,,,,-2.019087315,-1.161972284
0.49818638,0.535795629,0.425574094,0.949654698,,0.486518701,,,,,,,,0.970726609,0.118632808
0.31488049,0.166983932,0.081949316,0.203829557,,0.187937913,,,,,,,,2.721364021,2.490292788
-2.758057594,-2.964627504,-2.736506701,-3.725434303,,-2.8197306,,,,,,,,2.555350065,2.756622791
1.972177386,1.928294778,1.826478243,0.571517646,,1.908983469,,,,,,,,-0.528243661,-0.480254382
-2.183996201,-2.28832674,-2.250886917,-1.84264636,,-2.241069953,,,,,,,,-0.722264767,-1.040963411
-1.864756346,-1.91311717,-1.890289783,-1.843187451,,-1.889387767,,,,,,,,-0.228974223,0.786803603
-0.379945606,-0.311692834,-0.508659482,0.416145891,,-0.400099307,,,,,,,,-0.167604774,-1.008924365
-0.741073608,-1.141262412,-1.154207706,-1.268647671,,-1.012181242,,,,,,,,-0.904691815,-1.107362509
-1.69588089,-1.893183947,-1.98186636,-1.609930992,,-1.856977065,,,,,,,,-1.104394913,-0.800641954
-0.515173137,-0.517614722,-0.761251152,-2.195714712,,-0.598013004,,,,,,,,1.946455002,1.227504253
-1.642128587,-1.803440332,-1.81340754,-2.059789181,,-1.752992153,,,,,,,,-2.14558363,-2.701953173
-0.730455756,-0.691167474,-0.725489378,-0.005596653,,-0.715704203,,,,,,,,0.666692913,0.4684892
2.879935741,2.976064205,2.922910452,3.123681068,,2.926303466,,,,,,,,0.026881747,0.192543358
2.548367262,2.420913219,2.534832478,2.776165009,,2.501370986,,,,,,,,2.5344491,2.074339628
0.522188544,0.415357918,0.200332224,-0.976031661,,0.379292895,,,,,,,,1.603830338,0.171987563
1.566379309,1.705543041,1.445866823,1.812508345,,1.572596391,,,,,,,,-1.605291367,-1.261272669
-5.213873863,-5.334596157,-5.299437523,-5.1620965,,-5.282635848,,,,,,,,-1.150052428,-0.409252226
-3.115560293,-2.972150326,-3.040369034,-3.188219309,,-3.042693218,,,,,,,,0.398087204,-1.109091163
0.388798892,0.154765159,0.121086389,-0.18018572,,0.221550147,,,,,,,,0.091372743,0.773431957
-2.199240923,-2.185869217,-2.290567875,-2.493037462,,-2.225226005,,,,,,,,1.788727999,1.476075649
-0.280791342,-0.390259534,-0.355726779,-1.70960927,,-0.342259218,,,,,,,,-2.145319939,-1.198446751
-0.714259982,-0.402693391,-0.52033484,-0.572960556,,-0.545762738,,,,,,,,-1.171549559,-1.019501567
-2.308560848,-2.011957169,-1.954229712,-2.034649611,,-2.091582576,,,,,,,,2.036326885,1.60542798
2.218781948,2.402773857,2.255580664,3.086060762,,2.292378823,,,,,,,,-0.016426098,0.169253916
2.404340267,2.19348526,2.092115402,2.435660124,,2.22998031,,,,,,,,1.257716537,0.588149488
-0.648897946,-0.664318502,-0.666777909,-0.464516878,,-0.659998119,,,,,,,,1.225073099,0.817311406
0.106496572,0.260224044,0.226502299,0.51049304,,0.197740972,,,,,,,,-0.862912774,-0.081234396
1.143364668,1.025903463,1.25254178,2.075951815,,1.140603304,,,,,,,,-1.029559016,-1.028888106
-0.700426877,-0.589544475,-0.479899079,0.000298671,,-0.58995681,,,,,,,,1.479477406,2.266981602
-0.942939401,-0.721221566,-0.880567789,-0.582255006,,-0.848242919,,,,,,,,0.017388172,-0.198596209
-0.935975909,-0.834832788,-0.966435909,-0.127692282,,-0.912414869,,,,,,,,0.242848694,0.164014846
-3.220675468,-2.893554926,-2.959559917,-3.855963707,,-3.024596771,,,,,,,,-1.65159905,-0.366729736
0.321285784,0.32693249,0.370586932,0.943450928,,0.339601735,,,,,,,,0.026830643,0.039120555
0.445398986,0.540312469,0.276126295,0.55993557,,0.420612584,,,,,,,,-0.469050944,-0.14999947
2.666097164,2.958198547,2.838661671,2.567342997,,2.820985794,,,,,,,,-1.53515029,-1.690640211
1.319678545,1.262780547,1.172455311,0.465740532,,1.251638134,,,,,,,,-2.570527554,-2.2597785
-3.209969997,-2.974420309,-3.010013342,-2.573306799,,-3.064801216,,,,,,,,0.644961715,-0.852242231
1.225917339,1.132880926,1.142299652,0.650623977,,1.167032639,,,,,,,,0.01733014,-0.074912451
-1.34300983,-1.42835927,-1.320542216,-2.451657534,,-1.363970439,,,,,,,,-2.568339109,-1.305003524
-0.877761543,-0.964192688,-1.005026937,0.123606503,,-0.948993723,,,,,,,,0.013619095,-0.590775549
1.20473671,1.385186434,1.289467096,1.564449549,,1.29313008,,,,,,,,-1.069767833,-1.118965149
0.600853503,0.601736605,0.504085779,0.909297824,,0.568891962,,,,,,,,-1.156368136,-1.250516772
1.400337696,1.007944226,1.175581336,1.749087095,,1.194621086,,,,,,,,0.871245027,1.86641705
-2.822037697,-2.811949492,-2.773468256,-3.783735991,,-2.802485148,,,,,,,,-1.443671823,-1.668735385
4.319705486,4.111171246,4.050722122,5.413157463,,4.160532951,,,,,,,,-4.201848984,-3.347604752
-1.63520813,-1.485677481,-1.619409323,-2.260493517,,-1.580098311,,,,,,,,-2.4911201,-2.05344677
-1.009367108,-1.184111357,-1.212345839,0.601899922,,-1.135274768,,,,,,,,0.245591626,-0.491483331
0.281702101,0.243674576,0.308104336,1.983202934,,0.277827005,,,,,,,,2.123837948,0.799633861
0.243282139,0.353545487,0.276256859,0.210183054,,0.291028162,,,,,,,,0.612822056,1.684004307
3.154731274,3.369132519,3.339605808,2.14336729,,3.2878232,,,,,,,,-0.229820594,0.66561991
-0.971844852,-1.040443659,-0.840974033,-0.323187023,,-0.951087515,,,,,,,,-0.079190165,-0.772872925
0.280106276,0.685526788,0.820334375,1.76038599,,0.59532248,,,,,,,,-2.648492575,-1.515141487
0.076329641,-0.054716416,0.140237063,-0.309558034,,0.053950096,,,,,,,,-1.761622667,-1.315921307
0.568885446,0.58290875,0.454027653,0.354879022,,0.535273949,,,,,,,,1.026515603,0.191996202
-1.738741875,-1.788882256,-1.661882043,-2.664893389,,-1.729835391,,,,,,,,1.467187405,1.782397032
1.244708419,1.285015464,1.335841775,0.594712853,,1.288521886,,,,,,,,0.381044805,0.692285061
-0.307597786,-0.560260296,-0.33567661,-0.86214149,,-0.401178231,,,,,,,,1.564455748,0.581448734
1.645880342,1.854565382,2.0440135,1.737412333,,1.848153075,,,,,,,,0.644036353,0.354208022
-2.988712549,-2.919108152,-2.664978981,-2.270774603,,-2.857599894,,,,,,,,0.64147681,-0.05551932
1.882448673,1.801933885,2.065220833,3.315050364,,1.916534464,,,,,,,,-0.80990696,-0.314953178
-1.421705604,-1.584758282,-1.812221289,-0.699214697,,-1.606228391,,,,,,,,0.021830343,-0.142182052
-0.677530766,-0.554637492,-0.436599135,0.08532238,,-0.556255798,,,,,,,,0.643896818,0.524028718
-3.86352706,-3.71712327,-3.688929796,-3.746850252,,-3.756526709,,,,,,,,0.58116138,0.158436745
0.659124076,0.313817084,0.134651467,1.035643339,,0.369197542,,,,,,,,2.795248985,2.791677713
-1.340877652,-1.350206733,-1.310151339,-1.32659626,,-1.333745241,,,,,,,,0.892318726,-0.209994167
4.356018543,4.440663815,4.459261894,3.728294373,,4.418648084,,,,,,,,-2.073852062,-2.074959517
1.907562733,1.658333659,1.649748445,2.45269227,,1.738548279,,,,,,,,-1.091073275,-1.540862799
-2.399740934,-2.49647522,-2.529529333,-2.877007246,,-2.475248496,,,,,,,,1.266492605,0.485337734
-1.595860004,-1.643638134,-1.636903763,-1.129479647,,-1.6254673,,,,,,,,-1.66256094,-1.113997698
1.917369604,1.935737371,2.208060503,2.117839575,,2.02038916,,,,,,,,-0.417844534,-0.752994299
-1.407621026,-1.474749923,-1.381733298,-1.654537916,,-1.421368082,,,,,,,,0.613954663,0.180727124
-0.286055982,-0.459734976,-0.550416112,-0.005335718,,-0.432069023,,,,,,,,-0.573586881,-0.013038605
2.025126219,2.063590527,2.071552753,1.935106397,,2.053423166,,,,,,,,-1.243653536,-0.746120811
3.408021212,3.21737957,3.309686899,2.177362442,,3.311695894,,,,,,,,-0.309558898,0.25526315
1.834893465,1.695513487,1.543331385,1.46103406,,1.691246112,,,,,,,,-1.351759911,-1.300542116
-5.257800102,-4.855923176,-4.708671093,-6.215434074,,-4.940798124,,,,,,,,-0.3237997,-0.374055624
0.282051265,0.737430334,0.661210537,-0.077182502,,0.560230712,,,,,,,,-1.011957884,-0.809945166
2.459389687,2.604930162,2.758007526,1.755800486,,2.607442458,,,,,,,,-0.231985152,-0.187952548
-0.577685714,-0.711296916,-0.790193796,0.12731263,,-0.693058809,,,,,,,,2.110510349,2.921214104
-2.995092154,-2.976913452,-2.966029882,-2.533959389,,-2.979345163,,,,,,,,-0.666211367,0.01287178
-1.98570776,-1.975666761,-1.87644434,-1.809985757,,-1.94593962,,,,,,,,0.780076981,-0.811077833
1.691112638,1.853311419,1.858958483,0.792062581,,1.801127513,,,,,,,,-0.186603725,0.328735322
1.491821647,1.493224621,1.34966743,0.516898215,,1.444904566,,,,,,,,1.115483046,-0.112176768
-5.558907986,-5.244370461,-5.189465046,-6.443207264,,-5.330914497,,,,,,,,0.507156074,-0.520056069
-2.886848688,-3.20287466,-3.193786621,-1.403320074,,-3.094503323,,,,,,,,-0.671587706,0.597756147
-2.349787712,-2.034100771,-2.296501398,-2.311073303,,-2.226796627,,,,,,,,-0.852610111,-0.387696624
0.914531589,1.160183191,0.930014253,2.617957115,,1.001576344,,,,,,,,1.643120527,1.7081213
-0.442124665,-0.704077363,-0.613141239,-0.330992609,,-0.586447755,,,,,,,,0.059539992,-0.274131954
-1.568980217,-1.396454453,-1.266528845,-2.167669058,,-1.410654505,,,,,,,,-0.643147469,-0.243939877
-0.949255705,-0.889541388,-0.708121061,-1.095978498,,-0.848972718,,,,,,,,-2.30134058,-1.762231588
-1.987339377,-1.986343622,-2.060697556,-3.154873848,,-2.011460185,,,,,,,,-0.054211736,0.558554113
1.949972391,2.077236652,2.38117075,1.313183069,,2.136126598,,,,,,,,-1.324659109,-0.323087543
-2.939857721,-2.954885483,-2.770637274,-2.703596592,,-2.888460159,,,,,,,,-0.480109274,-1.441709042
4.732475758,4.732352734,4.517992973,4.408233166,,4.660940488,,,,,,,,1.658842087,1.208047986
-3.56412673,-3.327371359,-3.464931488,-2.875908613,,-3.452143192,,,,,,,,-2.490888596,-1.731979132
0.530526161,0.300727487,0.263076663,0.623489439,,0.36477677,,,,,,,,-0.431787252,0.074296243
1.783708334,1.977238178,1.977683783,2.804654598,,1.912876765,,,,,,,,3.101804256,2.69459343
2.483345747,2.212914705,2.007357836,2.183862209,,2.234539429,,,,,,,,-0.53925842,-0.522025108
1.46213901,1.248124599,1.243785501,1.460397124,,1.31801637,,,,,,,,-1.072320938,-0.856340647
1.601553798,1.84580791,1.657097101,1.509954333,,1.70148627,,,,,,,,-0.945214868,-1.939483643
1.450253725,1.751697898,1.294489503,1.534836531,,1.498813709,,,,,,,,-1.463189483,-2.218808174
3.157207489,3.4627738,3.568570137,2.81027627,,3.396183809,,,,,,,,-2.06382966,-2.630505085
0.260694534,0.305868626,0.128986329,0.363394499,,0.231849829,,,,,,,,-2.197243452,-2.450178146
-3.22522831,-2.946086884,-3.052548885,-3.093695879,,-3.07462136,,,,,,,,1.757223845,2.146168232
-2.724343061,-2.580246687,-2.731399298,-3.549192667,,-2.678663015,,,,,,,,2.921105385,1.470057368
3.410251141,3.625249386,3.522937775,3.064596415,,3.519479434,,,,,,,,0.162007004,-0.017639928
0.505462706,1.149366736,0.990579307,-0.398098469,,0.881802917,,,,,,,,-0.322853208,-0.851521611
0.787515879,0.670764208,0.403101474,1.036443233,,0.62046052,,,,,,,,1.185664654,0.715596676
-0.619548976,-0.838627934,-0.779351413,-1.063110352,,-0.745842775,,,,,,,,-0.364526659,0.464694917
1.16689837,1.400721192,1.418911695,1.55375421,,1.328843753,,,,,,,,-0.439446032,-0.452186853
-2.30626297,-2.600259066,-2.884957075,-3.344378948,,-2.597159704,,,,,,,,1.490024805,1.765167952
-2.329186916,-2.413464785,-2.616466761,-2.034348249,,-2.453039487,,,,,,,,-1.085584402,-1.142816782
-0.778232276,-1.126428723,-0.897186399,-0.740238488,,-0.933949133,,,,,,,,-0.520573139,-0.460791975
3.642848015,3.70491004,3.884289503,2.770036697,,3.744015853,,,,,,,,2.332774878,3.05133152
0.009445369,0.281858981,0.375062376,0.256281137,,0.222122242,,,,,,,,-0.857035756,-1.251513004
-0.60993731,-0.649001122,-0.360088646,-0.722353399,,-0.539675693,,,,,,,,1.028876305,-0.44574067
-0.469650894,-0.471590757,-0.348093271,-1.289739251,,-0.429778308,,,,,,,,0.262895733,0.514986396
-3.251979589,-3.142892361,-3.103801489,-3.984428883,,-3.16622448,,,,,,,,-0.161054134,0.052168518
4.312519073,4.101261139,4.055639744,3.071479797,,4.156473319,,,,,,,,1.00925684,0.733169556
-2.534185886,-2.38663578,-2.523758888,-1.586539626,,-2.481526852,,,,,,,,2.841345072,1.719465733
1.28286171,1.225635529,1.241899014,1.989002466,,1.250132084,,,,,,,,0.962505877,0.577775478
4.819816113,4.870909214,4.857414722,4.23695755,,4.849380016,,,,,,,,-0.111543432,-0.260763347
3.132150888,3.141150951,3.161874771,3.992542505,,3.14505887,,,,,,,,1.417953253,1.623552799
4.488367081,4.287644863,4.187140465,4.621897697,,4.321050803,,,,,,,,-1.696371317,-1.730031729
0.777518272,0.811914921,0.845220864,-1.661841512,,0.811551352,,,,,,,,-0.770102799,-1.1064713
-0.297926486,-0.119566143,-0.176677763,0.959555566,,-0.198056797,,,,,,,,-2.947122097,-1.106350183
3.225934505,2.96100688,2.971251965,3.615143299,,3.052731117,,,,,,,,1.148503423,1.511378765
-4.831357956,-4.750508308,-4.611427307,-3.518039942,,-4.731097857,,,,,,,,-1.918527842,-2.091964245
-0.443434685,-0.918340027,-0.844374657,0.908336639,,-0.735383123,,,,,,,,-1.862184286,-2.160887241
0.878128052,0.826497138,0.849302709,0.250126779,,0.851309299,,,,,,,,-3.358955383,-2.399812937
-1.13312161,-1.190639973,-1.060379505,0.4419204,,-1.128047029,,,,,,,,-0.901544392,-1.004477262
0.117005914,0.403341025,0.473251313,0.865102649,,0.331199418,,,,,,,,-2.69808054,-2.28827858
1.048125744,0.971844077,0.976743937,1.705094576,,0.998904586,,,,,,,,-0.686368048,-0.13532874
-2.401533365,-2.546822548,-2.748898506,-2.605625868,,-2.565751473,,,,,,,,-3.705689907,-2.103185415
-0.714618623,-0.866159856,-0.915355444,-0.485765934,,-0.832044641,,,,,,,,-0.494102895,0.950070024
0.131844401,0.327335209,0.200802535,0.239168048,,0.219994048,,,,,,,,-0.103920758,0.748072624
-3.08608079,-2.885110617,-2.949693441,-4.443502426,,-2.973628283,,,,,,,,0.702653289,0.867292941
2.46531868,2.437250614,2.411877871,2.337928057,,2.438149055,,,,,,,,2.826807499,1.729317188
-4.392458916,-4.389884949,-4.504514694,-4.572865963,,-4.428952853,,,,,,,,0.113305025,-0.626983166
-0.14267391,-0.027722806,-0.173865855,-0.575052619,,-0.11475419,,,,,,,,1.54614687,0.295050621
1.836570024,1.828605175,1.519498348,1.575873137,,1.728224516,,,,,,,,1.370217681,0.919340611
-1.286990285,-1.215598702,-1.093083978,-0.338923454,,-1.198557655,,,,,,,,-1.557241559,-0.961287737
-1.677816987,-1.795645833,-1.619626999,-2.307810307,,-1.697696606,,,,,,,,-0.199161902,-0.259942502
-1.269890428,-1.380895376,-1.301490545,-2.821797848,,-1.31742545,,,,,,,,-2.007861137,-1.304026484
0.597862303,0.533074975,0.609021187,0.937283933,,0.579986155,,,,,,,,-1.969174147,-1.10584271
0.584889531,0.689892471,0.869540095,0.238013849,,0.714774032,,,,,,,,1.577320099,2.721876621
-2.297908545,-2.247240067,-1.929753661,-2.254382849,,-2.158300757,,,,,,,,1.1603055,1.507653356
2.359325647,2.481013298,2.545136213,2.29237175,,2.461825053,,,,,,,,-1.32169795,-1.445972681
3.090259552,3.28527379,3.277290583,2.988978386,,3.217607975,,,,,,,,2.654301405,2.689556599
-0.145798117,0.026259869,-0.230865389,0.54948163,,-0.116801212,,,,,,,,2.343183517,1.35192728
0.781910241,0.830687881,0.795530498,0.580985188,,0.80270954,,,,,,,,1.967472076,1.530301332
0.25012657,-0.017625839,0.130029708,-0.22732091,,0.12084348,,,,,,,,-1.219824314,-1.454594374
-4.170367241,-3.982736588,-4.093840122,-4.52526474,,-4.08231465,,,,,,,,0.59233284,1.426247716
0.988396108,1.355920553,1.399563551,1.106462359,,1.247960071,,,,,,,,1.04321897,0.645946741
-2.566469193,-2.432641268,-2.395366669,-3.210960865,,-2.46482571,,,,,,,,-1.999540091,-1.70274055
-0.494711578,-0.468662381,-0.300498784,-0.743009686,,-0.421290914,,,,,,,,0.319654047,0.494090736
1.411722422,1.615156174,1.613905907,1.039732575,,1.546928167,,,,,,,,-0.745834172,-1.154965997
2.249731064,2.590676785,2.678708553,1.902736425,,2.506372134,,,,,,,,2.690943718,1.105170012
2.169223309,2.04280901,1.934870124,1.993592739,,2.048967481,,,,,,,,1.132322431,0.132389799
0.837647915,0.943393946,0.805563986,1.230398536,,0.862201949,,,,,,,,1.870451927,1.325099468
1.564336658,1.367034078,1.34754622,1.56654191,,1.426305652,,,,,,,,-0.52973181,-0.87654078
0.286700368,0.340880692,0.318915367,0.568604112,,0.315498809,,,,,,,,2.255084753,0.52107507
1.096142888,0.905940771,0.836241364,0.805230975,,0.946108341,,,,,,,,-1.08506155,-0.810923815
0.105375007,0.176403001,0.035269842,0.545970857,,0.105682616,,,,,,,,1.337449789,0.454241276
0.866973519,1.419708729,1.301893473,1.410682559,,1.196191907,,,,,,,,2.546461821,2.270876169
2.024304867,1.837753892,1.749680042,2.747274876,,1.8705796,,,,,,,,-0.425091863,-0.330635846
2.410896778,2.296714067,2.14618063,2.129989862,,2.284597158,,,,,,,,1.439387679,1.811737776
-1.309235811,-1.566435814,-1.330615759,-1.012713552,,-1.402095795,,,,,,,,-1.885071754,-1.307166219
-4.29611063,-4.589766502,-4.245061874,-5.12963295,,-4.376979669,,,,,,,,0.761379242,-0.554051936
1.848520041,1.978354216,1.788719893,2.18687129,,1.871864716,,,,,,,,3.083090544,3.237677574
3.03799057,3.290253639,3.208637238,3.037720203,,3.178960482,,,,,,,,2.089826345,0.637199283
-1.342229128,-1.55796814,-1.470724106,-1.855925202,,-1.456973791,,,,,,,,1.479723811,-0.127770409
-0.790091217,-0.991005242,-1.007069468,0.448204935,,-0.929388642,,,,,,,,1.343132973,-0.143585026
0.029974729,-0.1968458,-0.095843285,1.113735676,,-0.087571452,,,,,,,,-1.124423027,-1.104277372
-2.02772975,-2.149126053,-2.261323929,-1.750430584,,-2.14605991,,,,,,,,0.246807247,1.009061217
2.666722775,2.502502203,2.730216265,3.994787931,,2.633147081,,,,,,,,3.297186375,3.408056021
0.377958268,0.419007123,0.313419163,0.834111691,,0.370128185,,,,,,,,-1.162689447,-1.069063663
1.199869394,0.991204143,1.071150064,1.082907438,,1.087407867,,,,,,,,-0.1373391,0.21589902
0.326121092,0.242359817,0.198616445,0.370353699,,0.255699118,,,,,,,,2.855500698,1.19022584
-1.245990515,-1.648388386,-1.457280517,-1.183425188,,-1.450553139,,,,,,,,-0.257958353,-1.050325871
1.068604946,1.081984282,0.936293185,1.098231196,,1.028960804,,,,,,,,-0.072231025,0.14112848
1.49159956,1.576628566,1.433862209,0.601928532,,1.500696778,,,,,,,,1.58893168,2.192585945
1.390012503,1.194751501,1.210079551,0.80489552,,1.264947851,,,,,,,,-0.493116379,0.320554614
0.342687547,0.427580535,0.621268749,1.187221289,,0.463845611,,,,,,,,-1.998851299,-1.832863927
-0.925534844,-0.705843329,-0.5050506,-0.722677112,,-0.712142924,,,,,,,,1.316913128,0.938807487
1.129282951,1.186928868,1.189412475,2.23405695,,1.168541431,,,,,,,,-0.950523257,0.02427486
-0.245743454,0.28468585,0.3203336,0.74476248,,0.119758666,,,,,,,,0.375601351,1.034718633
-1.155386209,-1.223928809,-0.865833342,-2.01193881,,-1.08171612,,,,,,,,0.505888462,0.794418931
0.355698764,0.60981971,0.68008244,0.931586623,,0.548533638,,,,,,,,0.810216367,1.574471354
1.413238049,1.448657393,1.64219451,2.04621172,,1.501363317,,,,,,,,-0.966240942,-0.406704098
-0.347614139,-0.480724782,-0.330739677,-0.122166276,,-0.386359533,,,,,,,,-0.934625626,-0.400729954
-2.713081837,-2.738591671,-2.819878578,-2.854885578,,-2.757184029,,,,,,,,0.884630561,1.783216
-1.843549967,-1.944080591,-1.824062109,-1.60492754,,-1.870564222,,,,,,,,0.984132051,0.793192565
0.020945579,-0.110166937,0.015299708,1.639458895,,-0.02464055,,,,,,,,0.712350011,2.018210649
1.840041637,1.817698717,1.794593573,2.94101429,,1.817444642,,,,,,,,2.152957439,1.387143135
-2.549113989,-2.300565481,-2.323029757,-1.138442159,,-2.390903076,,,,,,,,0.849510133,1.551501751
2.803502083,2.761992455,2.386574268,2.848392725,,2.650689602,,,,,,,,-0.493360907,-0.59666127
0.275892645,0.157362878,0.144815728,0.557148695,,0.192690417,,,,,,,,-3.064781904,-1.96956861
0.377544373,0.236378998,0.207906246,0.351788104,,0.273943206,,,,,,,,-2.102620125,-2.256521702
1.717991352,1.724210024,1.625604868,2.103842258,,1.689268748,,,,,,,,1.213130236,1.319097757
-0.877145708,-1.182495952,-1.076923728,-1.525062323,,-1.045521796,,,,,,,,-1.297683001,-2.074114323
1.214976788,0.991640687,0.924443245,0.686380863,,1.043686906,,,,,,,,0.079426318,1.231043935
-1.663066983,-1.700759172,-1.695559263,-2.793493032,,-1.686461806,,,,,,,,1.799592733,1.431756377
-2.178104639,-2.255373955,-2.171308994,-1.850111246,,-2.201595863,,,,,,,,0.3403593,1.301356554
0.237445518,0.11594975,0.070522577,-0.655231237,,0.141305948,,,,,,,,0.16590631,-0.687751591
-4.490699768,-4.951785564,-4.947566032,-4.774579048,,-4.796683788,,,,,,,,-0.076340504,0.225645781
0.571689844,0.223333508,0.21507743,-0.093314886,,0.336700261,,,,,,,,1.012288332,1.186157465
-2.438678026,-2.410857916,-2.319157362,-1.057410836,,-2.389564435,,,,,,,,1.697532654,1.32407701
0.574925125,0.864432633,1.07943058,1.077875257,,0.839596113,,,,,,,,0.314734697,1.250030994
-2.812243462,-2.580687046,-2.567630768,-1.245682716,,-2.653520425,,,,,,,,-1.290951371,-1.91982007
6.281896114,6.078711033,6.145882607,4.16067934,,6.168829918,,,,,,,,1.874147177,1.415450931
-0.612572908,-0.748012304,-1.084430575,-0.601770461,,-0.815005263,,,,,,,,1.787415028,2.350488901
2.086668253,1.753599405,1.75335288,2.039115906,,1.86454018,,,,,,,,-1.730323076,-1.782497883
-1.698309898,-1.64009428,-1.656738162,-2.090766668,,-1.665047447,,,,,,,,-1.170915842,-1.442732811
0.860312998,0.7451635,0.694458246,0.780191839,,0.766644915,,,,,,,,-1.17719841,-1.026687741
0.095237315,0.022176355,-0.006229699,0.904961288,,0.037061324,,,,,,,,1.07869184,0.844843507
-1.236545086,-1.247057199,-1.090781689,-0.850825012,,-1.191461325,,,,,,,,-2.139250994,-0.519544899
-2.245696306,-2.512792587,-2.562689781,-1.630498171,,-2.440392892,,,,,,,,-0.956687212,-1.185419559
1.49170661,1.591225147,1.641076326,1.572599053,,1.574669361,,,,,,,,-2.56034112,-1.844842672
0.48322016,0.292400718,0.131895199,-0.077003472,,0.302505359,,,,,,,,-0.370435804,-0.084468812
-0.577440858,-0.572626591,-0.663389206,-0.841263056,,-0.604485552,,,,,,,,0.187010899,-0.504295886
-0.039418563,0.149279609,0.000557803,1.484200239,,0.036806283,,,,,,,,-0.949271679,-0.385629743
-2.522371292,-2.305010796,-2.335180759,-3.977421761,,-2.387520949,,,,,,,,-0.956559062,-0.707739353
-0.874334276,-0.577443242,-0.642101705,0.152414352,,-0.697959741,,,,,,,,0.693944573,1.573066592
-0.186947703,-0.038939029,-0.156550884,-0.294075251,,-0.127479206,,,,,,,,-0.780436575,-0.601078093
-0.13691844,-0.190085337,-0.254966378,-0.307356924,,-0.193990052,,,,,,,,-0.482239455,0.828220546
0.463124603,0.170468763,0.154446706,-0.394204646,,0.262680024,,,,,,,,0.735520482,-0.096591279
-2.169258833,-1.857141256,-2.14569521,-3.439857006,,-2.0573651,,,,,,,,-1.409791708,-1.374239087
-2.437256575,-2.287325382,-2.16944766,-2.823639631,,-2.298009872,,,,,,,,-1.761752844,-2.732728958
0.345242083,0.296735287,0.470921874,0.585487604,,0.370966415,,,,,,,,-2.021671772,-2.606770039
-0.717173874,-1.112543702,-1.284780741,0.350768149,,-1.038166106,,,,,,,,1.486756086,1.462079167
1.132953644,0.809148312,0.848450899,1.705421567,,0.930184285,,,,,,,,-1.587455034,-1.429043293
2.519487381,2.326205969,2.214302301,3.024523258,,2.353331884,,,,,,,,-0.388410687,-0.023602694
1.030740023,1.093498707,0.83908087,1.220087528,,0.9877732,,,,,,,,2.232704401,2.204715967
2.01735878,1.885667086,1.882632494,2.742856503,,1.928552787,,,,,,,,1.714531183,3.099778175
2.20467639,2.259302139,1.944876432,2.532344103,,2.136284987,,,,,,,,-2.659326792,-1.590024233
1.073956013,1.188020587,1.063480616,0.310712427,,1.108485738,,,,,,,,0.35926494,0.17989327
1.59164536,1.637155294,1.738062978,2.188108206,,1.655621211,,,,,,,,-0.942270041,-0.822553098
0.179625377,-0.056011811,-0.00220293,-0.585465193,,0.040470212,,,,,,,,-0.293753535,0.670906663
0.543543041,0.442798018,0.441544265,0.965012968,,0.475961775,,,,,,,,0.124727167,0.144340605
-1.339907885,-1.070033312,-1.162888765,-0.179750755,,-1.190943321,,,,,,,,3.489860773,2.792391777
0.354459107,0.30028069,0.214036927,0.245287865,,0.289592241,,,,,,,,-2.749488831,-2.920042038
0.751480818,0.685028553,0.913128853,-0.598246813,,0.783212741,,,,,,,,1.06608963,0.505683959
0.95383358,1.081797123,1.145986199,0.941247165,,1.060538967,,,,,,,,-2.230414867,-0.514503777
1.329887748,1.746513486,1.717735648,1.978091478,,1.598045627,,,,,,,,-0.152009755,-0.447732985
-2.005365849,-1.893603802,-1.950515985,-1.224607348,,-1.949828545,,,,,,,,-1.283389091,-0.432822227
-1.048838735,-1.143624783,-1.333825827,-2.030961037,,-1.175429781,,,,,,,,-0.238315105,0.026970625
0.867181182,1.196203232,1.319947004,0.382551223,,1.127777139,,,,,,,,0.563420594,0.199100941
-2.87100172,-2.686237335,-2.753831387,-3.695932388,,-2.770356814,,,,,,,,-0.923492432,-0.617336094
-0.026681662,-0.014768273,-0.075790651,-0.355513424,,-0.039080195,,,,,,,,2.766588449,2.115054846
-3.62669611,-3.57667017,-3.579622746,-2.330951214,,-3.594329675,,,,,,,,-1.472221971,-1.947783589
2.690265894,2.453631401,2.466898203,2.613382816,,2.536931833,,,,,,,,0.651644468,0.528443396
0.904451072,0.669587672,0.795502722,1.183460236,,0.789847155,,,,,,,,-1.287458301,-1.534277201
-2.952672243,-2.827932596,-2.654102325,-1.385913849,,-2.811569055,,,,,,,,-0.778903127,-1.037716508
1.870394349,1.526657224,1.482820392,1.23439312,,1.626623988,,,,,,,,-1.249233842,-0.602719367
-1.746981263,-1.668009639,-1.723386884,-1.880072117,,-1.712792595,,,,,,,,-0.107038483,0.665774524
-1.579796553,-1.460844159,-1.436865926,-1.39827764,,-1.492502213,,,,,,,,-0.413768619,-0.777031422
1.752232671,1.379932761,1.503384471,0.693896532,,1.545183301,,,,,,,,2.285983324,2.329121828
1.452193856,1.238767862,1.265756607,1.182073355,,1.318906109,,,,,,,,-0.05078543,-0.529539764
-2.635526896,-2.440556526,-2.346837521,-3.105006218,,-2.474306981,,,,,,,,-1.225673437,-0.695922673
0.026412949,0.112607881,0.24770686,-1.171093822,,0.12890923,,,,,,,,0.805429637,0.781507909
-0.017503701,0.136956185,0.09073732,0.12098179,,0.070063268,,,,,,,,0.630715013,1.952848911
-0.72789824,-0.442683399,-0.492899895,-0.780016422,,-0.554493845,,,,,,,,-1.210676193,-1.398515582
-1.470807672,-1.184412718,-1.37043643,-1.336108804,,-1.341885606,,,,,,,,0.810081244,1.544174314
-1.635539293,-1.640762806,-1.62754035,-2.041056156,,-1.63461415,,,,,,,,-1.770861626,-0.270513892
-0.315660805,-0.346335202,-0.350868523,-1.667743444,,-0.33762151,,,,,,,,-2.426902533,-2.861872673
-0.90448463,-0.924777269,-1.065932989,-2.118215799,,-0.965064963,,,,,,,,1.383122921,0.896440566
-4.231585503,-3.820000887,-3.794428349,-4.450735569,,-3.948671579,,,,,,,,1.481525421,0.999994874
0.502641201,0.528051376,0.535355926,0.266791761,,0.522016168,,,,,,,,0.966379285,-0.686338484
0.462905914,0.704519272,0.613890409,1.280769348,,0.593771865,,,,,,,,1.0138762,0.852621078
-5.079638004,-4.902973175,-4.695556641,-6.560567856,,-4.892722607,,,,,,,,-2.180470467,-2.742179394
-1.924736261,-1.518174529,-1.61577642,-2.114912271,,-1.68622907,,,,,,,,-0.867658615,0.148786426
-0.404457927,-0.442302287,-0.629280627,-0.400499821,,-0.492013613,,,,,,,,2.316021681,0.936722875
0.488047183,0.560102224,0.62002176,0.683494329,,0.556057056,,,,,,,,-0.941943407,-1.335020781
-1.876495361,-1.83249557,-1.735566854,-2.58825016,,-1.814852595,,,,,,,,-1.501696944,-0.952404797
0.762292922,0.742073774,0.716998994,1.049416065,,0.74045523,,,,,,,,-1.738052607,-1.911158562
2.294156075,2.285473824,2.504022598,1.421375036,,2.361217499,,,,,,,,0.108000532,-0.079782099
0.903136253,1.025353909,1.033569455,0.663748384,,0.987353206,,,,,,,,2.224407196,1.63625145
-0.016331643,-0.103372514,-0.095473677,-0.137354881,,-0.071725945,,,,,,,,0.99886775,0.365738958
3.770023108,3.574799061,3.41501379,3.435588598,,3.586611986,,,,,,,,0.11945191,0.731322408
0.46099326,0.736575007,0.720666885,1.596173525,,0.639411718,,,,,,,,1.022381306,0.007101238
3.571493387,3.670372009,3.791288137,3.52489686,,3.677717845,,,,,,,,-1.216373801,-0.272376776
1.877468824,1.852241755,1.908686399,2.207296848,,1.879465659,,,,,,,,-0.8274405,0.465184361
-0.686060011,-0.757187426,-0.766977847,-0.897183299,,-0.736741761,,,,,,,,-1.129478693,-0.666556001
-1.086996317,-1.33044517,-1.272398353,-0.724329233,,-1.229946613,,,,,,,,-0.855319262,-0.617770791
-0.497540891,-0.460960895,-0.405563831,-0.024381116,,-0.454688539,,,,,,,,-0.812787294,-0.699022651
0.504627347,0.634614527,0.557125568,1.579796553,,0.565455814,,,,,,,,1.30959785,0.420067072
0.73988682,0.622173131,0.400013149,1.806570172,,0.5873577,,,,,,,,-2.233994484,-2.578907013
-1.722846508,-1.668158412,-1.869132519,-1.147941351,,-1.753379146,,,,,,,,0.857964516,0.763918281
1.52534771,1.229033709,1.181023836,1.131989121,,1.311801751,,,,,,,,-0.244440153,0.110575937
1.243971348,1.688578367,1.631570816,-0.104682311,,1.52137351,,,,,,,,-0.228342861,-0.234548956
4.792533875,4.795367718,4.788192272,4.60134697,,4.792031288,,,,,,,,0.47035414,0.674270093
2.271826267,2.50569582,2.361588717,2.057620049,,2.379703601,,,,,,,,2.329485416,0.680188835
3.086685658,3.110067844,2.926391363,2.59881115,,3.041048288,,,,,,,,-0.040212542,0.650471091
3.374101162,3.469351292,3.337869883,3.186705112,,3.393774112,,,,,,,,0.04361324,-0.611898184
-4.489807606,-4.385045528,-4.513530731,-5.372489929,,-4.462794622,,,,,,,,0.902257204,1.697696686
-2.185553312,-1.89691329,-1.915773749,-2.779612541,,-1.999413451,,,,,,,,-2.364191532,-2.904604912
1.169119954,1.197094083,1.049070477,0.043836266,,1.138428171,,,,,,,,1.568657398,1.780864954
-1.246052027,-1.180446744,-1.162603378,-1.418315649,,-1.196367383,,,,,,,,0.399678975,-0.535081983
1.507947087,1.408277512,1.499607921,0.955051482,,1.471944173,,,,,,,,1.548660755,0.118918657
-1.606631279,-1.617282629,-1.675115585,-1.206755638,,-1.633009831,,,,,,,,-0.684549034,-0.130160287
-3.488697052,-3.206692696,-3.137532473,-3.748701334,,-3.27764074,,,,,,,,-3.993131876,-2.284140587
-1.915167928,-1.53047359,-1.468458176,-2.583600521,,-1.638033231,,,,,,,,-0.406169951,0.383608282
-1.766855955,-1.846841097,-1.875293612,-0.045885187,,-1.829663555,,,,,,,,2.602968216,2.328828573
-1.858687401,-1.776714563,-1.767508745,-2.824475288,,-1.800970236,,,,,,,,1.778372645,1.563938141
3.143185854,3.335353374,3.318436384,2.903024435,,3.265658538,,,,,,,,-2.50475049,-2.25041008
2.858012199,3.202957869,3.21260643,1.882299185,,3.091192166,,,,,,,,0.734413505,0.857145309
0.974155128,1.190703511,1.212301016,1.770121694,,1.125719885,,,,,,,,-0.221599087,-0.310853302
-1.46324873,-1.67518568,-1.856878161,-1.967848063,,-1.665104191,,,,,,,,-2.194163799,-1.649789929
-0.940567374,-1.154268622,-1.038833499,-1.469859958,,-1.044556499,,,,,,,,-2.114215851,-1.4133811
1.714361191,1.736252785,1.704106092,0.886622787,,1.718240023,,,,,,,,3.067909241,2.877485752
0.838794351,0.869917095,0.948380172,0.631789863,,0.885697206,,,,,,,,0.714185119,0.563411713
-0.812681198,-0.802031517,-0.533217311,0.707234263,,-0.715976675,,,,,,,,-0.117215976,0.551779509
1.2096982,1.331624031,1.365506053,0.669567168,,1.302276095,,,,,,,,0.419917494,-0.399102509
-1.594937563,-1.370407343,-1.22408247,-1.081878901,,-1.396475792,,,,,,,,-0.362803757,-0.592118502
2.04199934,1.771230221,1.636414647,1.226520538,,1.816548069,,,,,,,,-0.147969499,0.795408726
-1.759341478,-1.908188581,-1.93650794,-0.995248914,,-1.868012667,,,,,,,,0.803913414,1.377553463
-0.87662077,-0.755577147,-0.600120425,-0.400686443,,-0.744106114,,,,,,,,-2.162205935,-2.539537907
-2.601957798,-2.535255194,-2.582105637,-1.663709044,,-2.573106209,,,,,,,,-0.513874471,0.245032966
0.4669981,0.638892889,0.536734939,0.485415161,,0.547541976,,,,,,,,-1.124937057,-1.380467772
-1.172442198,-1.205186367,-1.307816029,-1.471947193,,-1.228481531,,,,,,,,0.83923924,1.099342465
-2.744525433,-3.348255873,-3.354831934,-3.180223942,,-3.149204413,,,,,,,,-0.037245438,1.96050632
-0.769635916,-0.787232518,-0.822345257,-1.348365784,,-0.79307123,,,,,,,,-0.022608936,0.342771947
2.277339697,2.014001846,2.294124603,2.693499088,,2.195155382,,,,,,,,-0.088205069,-1.100217223
-2.049095869,-1.812143803,-1.752715826,-2.294950724,,-1.871318499,,,,,,,,0.076632828,1.096611738
3.978292465,3.916196823,3.7422719,3.74958086,,3.878920396,,,,,,,,-0.911373496,-0.317777187
2.139048576,2.10397768,2.139207363,2.012189865,,2.127411207,,,,,,,,-1.046616793,-0.29261151
-0.196019843,0.047931954,0.066823021,-0.654750228,,-0.027088289,,,,,,,,-1.600819945,-1.399841785
-1.578511119,-1.63459301,-1.276462555,-1.573372126,,-1.496522228,,,,,,,,1.401217461,0.162206247
-3.404024601,-3.313339949,-3.228208065,-3.451491117,,-3.315190872,,,,,,,,0.92310071,1.016063333
-3.98421669,-3.85249424,-3.979068279,-2.628574371,,-3.93859307,,,,,,,,-2.570064306,-1.993111253
0.303978533,0.299691796,0.294986516,0.835488975,,0.299552282,,,,,,,,0.083646968,-0.251188874
0.189385578,0.068017349,0.208028287,-1.883017182,,0.155143738,,,,,,,,0.450628519,0.320618302
0.513484895,0.472937316,0.358035058,-0.267223895,,0.448152423,,,,,,,,0.933012724,1.548571587
0.604379773,0.761890173,0.877328157,2.622268677,,0.747866035,,,,,,,,0.189174056,-0.574528575
0.045212045,0.17238152,0.206053704,0.084983051,,0.141215757,,,,,,,,2.109092236,1.096720695
-4.421701431,-4.114989758,-4.094756126,-4.198867321,,-4.210482438,,,,,,,,-1.876641273,-1.284282446
-0.579116642,-0.715745866,-0.65367651,-0.082987875,,-0.649513006,,,,,,,,0.09508574,-0.618321896
-0.788092017,-0.786699414,-0.95846045,-0.509610057,,-0.844417294,,,,,,,,-0.904646814,-0.546057284
-4.544439793,-4.311296463,-4.156689167,-4.333148003,,-4.337475141,,,,,,,,-1.306996107,-1.326516151
0.193887144,0.113012075,0.400272995,-0.261170089,,0.235724072,,,,,,,,-1.232983947,-1.6656394
5.091280937,4.824765205,5.170247078,5.203802109,,5.028764407,,,,,,,,0.441026419,0.368469298
-0.521182299,-0.471558362,-0.403454512,-1.291434884,,-0.465398391,,,,,,,,-1.655431271,-2.601588964
-2.80096221,-2.678119421,-2.605923414,-3.512831688,,-2.695001682,,,,,,,,0.059305757,1.490391374
-0.855035841,-0.702689409,-0.698541045,-0.618906438,,-0.752088765,,,,,,,,-1.696896195,-1.654678702
-1.777158856,-1.932220459,-1.736234069,-1.290731072,,-1.815204461,,,,,,,,0.99058485,1.444765329
1.576020956,1.752411127,1.656310439,0.699603677,,1.661580841,,,,,,,,0.668928087,1.677261114
1.357245564,1.519164205,1.474365354,0.934256732,,1.450258374,,,,,,,,0.83852756,0.752858758
2.918905973,3.038806915,2.905186892,3.66585803,,2.954299927,,,,,,,,1.556157112,0.086134411
2.034606695,1.785428762,1.865473032,0.423678577,,1.895169497,,,,,,,,-0.116369091,0.214248598
-3.121094704,-2.907520294,-2.971553326,-3.736294031,,-3.000056108,,,,,,,,1.82639122,-0.310528398
0.653533816,0.583282351,0.674465775,0.746319056,,0.637093981,,,,,,,,2.229231834,1.86925149
-4.345517635,-4.688696861,-4.725233555,-4.238242149,,-4.586482684,,,,,,,,0.984564543,1.331100464
-0.308200538,-0.041802198,-0.1456514,-0.378522784,,-0.165218045,,,,,,,,-1.969213724,-1.283327103
3.506271362,3.123156786,3.099495411,3.333199739,,3.24297452,,,,,,,,-0.404163033,-0.365254104
1.016495943,0.877634346,0.818956971,0.266636074,,0.90436242,,,,,,,,0.499639571,0.898835003
-2.359878302,-2.774586678,-2.419558525,-2.121992588,,-2.518007835,,,,,,,,1.366539598,0.439101577
-2.339785576,-2.312488317,-2.221567154,-2.204926014,,-2.291280349,,,,,,,,-0.686794698,-1.067276597
9.44384861,10.01338482,9.57734108,8.977069855,,9.678191503,,,,,,,,2.946530342,0.699592888
-1.680900574,-1.646556616,-1.554374456,-1.48368609,,-1.627277215,,,,,,,,-1.715687513,-1.052997828
-1.184532881,-1.457921028,-1.695552349,-0.695371032,,-1.446002086,,,,,,,,1.228420019,1.818144917
-2.524891376,-2.565488577,-2.435648918,-3.107559204,,-2.508676291,,,,,,,,0.508144975,0.175013438
-1.143143058,-1.281896114,-1.392689824,-1.123946428,,-1.272576332,,,,,,,,-1.048604012,-1.27080369
0.519795537,0.043947421,-0.045824338,0.42700991,,0.17263954,,,,,,,,4.991271973,3.494181871
4.808327198,4.962821484,5.009669304,4.651099682,,4.926939329,,,,,,,,-0.741290808,-1.056266785
-2.138909817,-2.03958869,-2.058507442,-2.432844162,,-2.079001983,,,,,,,,-1.446914196,-1.494780779
-1.980675459,-1.837982893,-2.008481741,-2.093706608,,-1.942380031,,,,,,,,-3.798436642,-3.177463293
0.2081981,-0.097161561,-0.157590568,0.013367474,,-0.01551801,,,,,,,,-0.704323888,-0.711305916
1.184541225,1.272459865,1.158481956,1.785368443,,1.205161015,,,,,,,,-0.005600326,-0.338735282
4.031485558,4.043983459,3.957240105,3.503361225,,4.010903041,,,,,,,,0.179161325,-0.016400196
0.240373611,0.289778471,0.172886759,-0.380135953,,0.23434628,,,,,,,,-3.918682098,-3.012188435
-1.680049777,-1.694965005,-1.888123512,-1.626953602,,-1.754379431,,,,,,,,1.353368402,1.506527543
-1.702340364,-1.894170165,-1.780182242,-2.879700899,,-1.792230924,,,,,,,,0.058129817,-0.164908469
1.25704813,1.123147488,1.115666747,1.224673748,,1.165287455,,,,,,,,0.980485559,0.876042962
-1.201993465,-0.838558972,-0.731551349,-0.743903697,,-0.924034595,,,,,,,,-0.221705586,0.667214215
0.180046648,0.261869252,0.233309269,1.135512948,,0.225075056,,,,,,,,-1.811451197,-2.320851803
2.285575867,2.603192329,2.371062994,0.343314648,,2.41994373,,,,,,,,-3.389437437,-2.912559748
0.764206946,1.054739237,1.004689574,1.204410195,,0.941211919,,,,,,,,0.842487514,1.413071156
2.113210917,2.09316206,1.833980799,3.736436844,,2.013451258,,,,,,,,-0.190961435,-0.408541888
-2.31261301,-2.353925228,-2.213877201,-2.452313423,,-2.293471813,,,,,,,,0.94669199,1.890151978
3.063495874,2.747249126,3.020752907,2.376287699,,2.943832636,,,,,,,,-0.784094453,-1.659431696
0.995522678,0.706425011,0.616765618,1.807734489,,0.772904436,,,,,,,,-0.718233943,-1.029320121
1.933726668,1.877345324,1.691414118,2.102352142,,1.834162037,,,,,,,,-0.843138278,-0.765425444
0.31952545,0.264884442,0.120591193,0.071838848,,0.235000362,,,,,,,,0.30886519,0.727476418
2.789937019,2.813527346,2.650246382,2.527832985,,2.751236916,,,,,,,,1.316734791,2.388451099
-1.543453693,-1.773318887,-1.780716658,-0.86529851,,-1.699163079,,,,,,,,0.398126155,0.859310806
-3.60827136,-3.565078974,-3.636647463,-3.270050287,,-3.603332599,,,,,,,,0.581491351,0.047109686
1.761411071,1.638755798,1.828220129,0.746006668,,1.742795666,,,,,,,,-1.378417253,-1.279578924
1.222338915,1.318072796,1.395128012,0.505352139,,1.311846574,,,,,,,,-0.594724238,-0.522464752
-2.002590895,-1.452541113,-1.535974503,-0.976039767,,-1.66370217,,,,,,,,2.140179157,1.885628462
1.75393939,1.754658461,1.790532112,2.809993267,,1.766376654,,,,,,,,1.70750618,0.467207968
0.008614361,0.010022581,0.11082834,0.898993313,,0.043155094,,,,,,,,-0.209166497,0.388999313
-0.845904827,-1.045001388,-0.899303973,0.402741253,,-0.930070062,,,,,,,,1.809725642,1.679717779
-3.611684561,-3.62740612,-3.703649759,-4.085879803,,-3.647580147,,,,,,,,1.084872484,1.546634674
-2.192226887,-2.369903564,-2.378204823,-1.654228926,,-2.313445091,,,,,,,,-1.840394497,-1.611090541
1.278868318,0.920725942,0.929422379,1.560187578,,1.043005546,,,,,,,,-0.720426381,-0.524281144
-2.295189857,-2.324479342,-2.280601025,-0.496130675,,-2.300090075,,,,,,,,1.672827244,1.755979061
1.941066504,1.860657454,1.709555387,2.198181868,,1.837093115,,,,,,,,-0.713384688,-0.133710057
2.329235315,2.144429684,2.188153744,2.381938219,,2.220606248,,,,,,,,0.567758083,0.893354833
-0.9849841,-0.969007194,-0.869622827,-0.941460669,,-0.941204707,,,,,,,,1.053403974,1.961824536
-1.265736818,-1.612708807,-1.764521956,-1.389840961,,-1.547655861,,,,,,,,2.20864296,1.99655664
1.417890906,1.471237779,1.558115125,2.860143661,,1.482414603,,,,,,,,-1.344971657,-1.120308399
-2.307684183,-2.178789854,-2.134186506,-1.485498309,,-2.206886848,,,,,,,,1.450579882,1.509663105
0.57363677,0.682393193,1.038482428,0.311707437,,0.764837464,,,,,,,,0.355935097,0.539346755
-4.845578671,-4.53450489,-4.368384361,-5.087636948,,-4.582822641,,,,,,,,-1.125188351,-0.645062327
-1.734727502,-1.829739809,-1.96054709,-0.719896793,,-1.841671467,,,,,,,,-1.047489285,-0.277647704
-2.600198507,-2.183531284,-2.261222601,-2.232184172,,-2.348317464,,,,,,,,-3.057940483,-2.148172379
1.086168528,1.018953085,1.023139954,1.429387569,,1.042753855,,,,,,,,4.284573078,2.893607616
0.596683562,0.391607165,0.385144234,1.911889553,,0.457811654,,,,,,,,-1.535304546,-1.121072054
-0.04240264,-0.057155766,0.133850664,0.216269836,,0.011430753,,,,,,,,-0.740392745,-0.392015517
0.428610831,0.612356901,0.420568019,-0.539250553,,0.487178584,,,,,,,,1.474998951,-0.013600633
3.365636826,2.982071638,2.956810236,2.800629139,,3.101506233,,,,,,,,0.420140415,0.481303871
0.426404893,0.561296046,0.499644101,1.037529111,,0.49578168,,,,,,,,0.813838243,1.022797823
4.12174511,4.372048855,4.43487215,5.155328751,,4.309555372,,,,,,,,0.851810217,0.504971147
1.4468081,1.852012992,1.776309609,1.338875771,,1.691710234,,,,,,,,-1.126736999,-1.240733981
-0.263429552,-0.226995587,-0.242927194,0.240187198,,-0.244450778,,,,,,,,-1.562947512,-1.28198576
-1.555090427,-1.889169812,-1.534997821,-1.556789756,,-1.659752687,,,,,,,,0.640729308,0.786566317
-1.340290308,-1.509992599,-1.633857965,-1.63617897,,-1.494713624,,,,,,,,-1.68022573,-1.759551406
4.80213356,4.908138275,4.885213375,4.423267841,,4.865161737,,,,,,,,1.590669155,-0.093739189
-0.226717085,-0.327966481,-0.067160875,-0.685408533,,-0.20728148,,,,,,,,0.199511111,0.63518697
-1.211771011,-1.380507231,-1.374938726,-0.082648486,,-1.322405656,,,,,,,,-1.546332121,-0.793707967
-1.676851988,-1.541757464,-1.395078897,-2.002089739,,-1.537896117,,,,,,,,-1.671249866,0.317486316
-0.508532286,-0.27473098,-0.053583086,-0.677519739,,-0.278948784,,,,,,,,-1.675068855,-1.530132294
0.014946342,-0.149773717,-0.152566224,-0.527306497,,-0.095797867,,,,,,,,0.283527523,-0.056315225
-1.277610779,-1.37404418,-1.589022398,-1.266222119,,-1.413559119,,,,,,,,-0.126256734,1.076809406
0.562558472,0.524690628,0.465531468,-0.056814075,,0.517593523,,,,,,,,3.783830881,1.838721871
-1.848532319,-1.83266902,-1.848672748,-3.531592131,,-1.843291362,,,,,,,,1.268569231,0.917458534
-1.606193304,-1.433945894,-1.425038815,-1.572201848,,-1.488392671,,,,,,,,0.227762043,1.273415685
-1.887509465,-1.965319633,-1.84366858,-2.265220404,,-1.89883256,,,,,,,,0.178083092,-0.326332569
2.263672352,2.025160074,2.057731867,2.798854113,,2.115521431,,,,,,,,-0.080977954,-0.417720795
-4.465453625,-4.423439503,-4.174145222,-4.605804443,,-4.354346116,,,,,,,,-2.968498707,-2.137730598
2.685916424,3.022236347,2.902286053,3.95968771,,2.870146275,,,,,,,,-1.682514429,-1.111296654
0.527908742,0.831958652,0.779273748,0.158824623,,0.713047047,,,,,,,,-1.227514148,-2.091533184
2.989354372,3.013430595,3.193287849,3.113888979,,3.065357606,,,,,,,,-0.205515206,-0.117349431
3.787138939,3.823177099,4.032722473,3.780064821,,3.881012837,,,,,,,,1.353156447,2.39071846
-1.88814497,-2.052499771,-2.074979305,-1.438327074,,-2.005208015,,,,,,,,1.411827564,0.850527287
0.206048548,-0.237139583,-0.273988485,-0.64891994,,-0.101693173,,,,,,,,2.163178444,1.550445795
1.922788262,1.802229524,1.677336335,0.90579319,,1.800784707,,,,,,,,-0.776478171,-1.33421576
4.988759995,5.0488801,5.157036304,6.209709644,,5.064892133,,,,,,,,-0.814844131,-0.344456524
-0.022839248,0.06249392,-0.114178032,0.304522634,,-0.02484112,,,,,,,,-0.509144843,0.276801467
0.373374075,-0.093907155,-0.040396944,-0.057056546,,0.079689992,,,,,,,,2.338156223,1.454627991
1.431975722,1.383771896,1.465093851,1.062462211,,1.426947157,,,,,,,,0.533873796,-0.255499482
-0.402723104,-0.374256521,-0.350929409,0.206704885,,-0.375969678,,,,,,,,-0.134289697,-0.173536509
1.749411106,1.990065694,2.023768187,1.469021082,,1.921081662,,,,,,,,-0.195331722,-0.88736558
-0.471295536,-0.059010506,-0.049165726,1.238978148,,-0.193157256,,,,,,,,-1.958833218,-0.239151284
0.171082288,0.187493145,0.474842668,0.253284037,,0.277806034,,,,,,,,0.7230708,0.273988783
-0.815125346,-0.966044307,-1.009551167,-0.697438359,,-0.930240273,,,,,,,,-1.922569513,-0.714817345
-0.003276922,-0.202431619,-0.07269866,0.946245074,,-0.0928024,,,,,,,,1.913891554,0.923676491
4.052186012,3.849153519,3.678400517,3.99072504,,3.859913349,,,,,,,,-0.576574266,-0.977549732
1.978397727,1.720131993,1.82000947,1.767693043,,1.839513063,,,,,,,,0.553381324,-0.04134769
0.563264072,0.755604208,0.857020319,-0.556817055,,0.725296199,,,,,,,,-1.187640786,-2.179866076
1.99939537,1.653139591,1.836681604,1.852679253,,1.829738855,,,,,,,,0.697251201,1.802596807
-1.758273363,-1.805089712,-1.925081968,-1.983326197,,-1.829481681,,,,,,,,1.354646683,2.804888487
1.773656607,1.613400698,1.5382967,3.086354971,,1.641784668,,,,,,,,0.116962269,-0.70850265
1.846735001,1.994562268,1.613838792,2.732428074,,1.818378687,,,,,,,,0.577699184,0.190464422
0.829590917,0.697555542,0.557668149,1.057586908,,0.694938203,,,,,,,,0.275378436,0.085469425
-1.176172733,-0.9347893,-0.965553522,-1.420388103,,-1.025505185,,,,,,,,0.364371598,0.260271013
0.591610074,0.901775062,0.949879348,-0.257431537,,0.814421495,,,,,,,,0.375913292,0.944930792
0.192485079,0.27230221,0.229477882,-0.684461832,,0.231421724,,,,,,,,-3.362280607,-2.639641047
-0.52347517,-0.445270181,-0.524783432,-0.737897098,,-0.497842928,,,,,,,,-0.349805146,-0.115106821
0.893502235,0.866586924,0.814245522,0.164329946,,0.85811156,,,,,,,,0.148532093,-0.026487719
2.611217022,2.475237131,2.410036325,2.922199249,,2.49883016,,,,,,,,-0.99017489,-0.556262851
-2.742436171,-3.193371773,-3.16812706,-0.605338693,,-3.034645001,,,,,,,,-7.097706318,-8.346360207
0.22406888,0.032050774,-0.038087845,-0.280026883,,0.07267727,,,,,,,,0.750446856,0.937448084
3.147523165,3.112396955,3.152891874,2.401232004,,3.137603998,,,,,,,,-0.597438693,-0.377974629
-0.017035306,-0.079474241,0.002935424,-0.460063934,,-0.031191374,,,,,,,,2.136787891,0.836030006
-0.759199679,-0.835670412,-0.729024947,-0.962448597,,-0.774631679,,,,,,,,-1.083609581,-0.204556763
2.648456573,2.335959911,2.504618645,2.79611516,,2.496345043,,,,,,,,1.532891393,-0.405253083
-1.317644954,-1.427563906,-1.255161881,-1.038101912,,-1.333456914,,,,,,,,1.944707155,0.984695554
9.307481766,9.276990891,9.389867783,11.06617737,,9.324780146,,,,,,,,0.581324875,0.640638113
2.12147975,2.115379572,1.994041324,1.655855417,,2.076966882,,,,,,,,1.90090847,1.608358145
0.8423599,0.993828654,1.051184535,1.085067391,,0.962457697,,,,,,,,0.741209328,-0.149907723
1.229083657,1.267305493,1.279464364,1.426093698,,1.258617838,,,,,,,,1.202216029,0.212797329
-1.298702955,-1.338249803,-1.460924745,-0.390099585,,-1.365959167,,,,,,,,0.055815037,-0.232595265
-1.687438965,-1.379555702,-1.515027761,-3.123816252,,-1.52734081,,,,,,,,-0.486520231,0.364813387
-1.448435068,-1.355953455,-1.563454151,-0.006661892,,-1.455947558,,,,,,,,-1.167888761,-0.802242637
0.872063041,1.037196517,0.919833302,1.317920685,,0.943030953,,,,,,,,0.129109532,0.080554396
-4.233403683,-4.382018566,-4.493392467,-3.335911036,,-4.369604905,,,,,,,,-1.087426662,-0.519330084
0.321643114,-0.009849206,0.213471159,-0.306481272,,0.175088356,,,,,,,,0.828646958,-0.483322501
-3.130877495,-3.004669905,-2.959834099,-3.481581926,,-3.031793833,,,,,,,,-0.04942587,0.470388055
-1.005285978,-0.673407793,-0.543883502,-1.218690157,,-0.740859091,,,,,,,,0.49719277,0.370247126
-4.693238735,-4.850625515,-4.894256592,-3.819534302,,-4.812706947,,,,,,,,2.423598766,2.433062077
-2.253501892,-2.187488317,-2.127893448,-2.01564312,,-2.189627886,,,,,,,,1.992560625,1.874174237
3.665916443,3.620727777,3.386999369,3.36747694,,3.557881196,,,,,,,,-0.186072141,-0.319414973
-0.018845916,-0.129181027,-0.168083072,-0.779430807,,-0.105370005,,,,,,,,0.828188539,1.056050777
4.286416054,4.096036434,4.221562862,3.936365128,,4.20133845,,,,,,,,0.991971612,0.517286062
-3.085177898,-3.155539513,-2.954765558,-4.849941254,,-3.06516099,,,,,,,,-0.782145739,-0.713917732
-3.504707575,-3.57642746,-3.590480804,-2.423721075,,-3.55720528,,,,,,,,-2.461220741,-1.088893056
7.809582233,8.259565353,8.173870087,9.256313324,,8.081005891,,,,,,,,-1.453103542,-1.411672115
-0.889835954,-0.966876566,-0.948744297,-0.5101192,,-0.935152272,,,,,,,,-0.969548464,0.483344972
2.17713666,2.148870707,1.94524169,2.505668163,,2.090416352,,,,,,,,0.175681114,-0.448694199
1.55561161,1.819309115,1.894119263,1.873775959,,1.756346663,,,,,,,,-1.377232313,-0.898870289
-0.580249906,-0.652169704,-0.726254106,-0.501412272,,-0.652891239,,,,,,,,1.637078762,0.360301971
0.044376433,0.073828906,0.197980255,0.369325131,,0.105395198,,,,,,,,0.978730142,1.897282004
5.246095657,4.956139088,5.065699577,4.420019627,,5.089311441,,,,,,,,-2.922047615,-2.13590765
-3.428888798,-3.18667841,-3.025669336,-4.634485722,,-3.213745515,,,,,,,,1.594965935,0.757326007
-0.161850035,-0.218629673,-0.194420874,-1.709958792,,-0.191633527,,,,,,,,0.614356637,0.32319811
1.414046288,1.232641697,1.203292966,1.567024469,,1.283326983,,,,,,,,5.486697674,4.624771595
0.150574863,0.368839055,0.431460977,-0.117986992,,0.316958298,,,,,,,,-0.092298865,1.23844564
0.9691028,1.057302117,1.074138284,1.977736831,,1.0335144,,,,,,,,0.301016331,0.542085946
-0.599661112,-0.428967863,-0.424594551,-1.513475418,,-0.484407842,,,,,,,,1.390465975,1.055922747
0.496884972,0.576263666,0.686880291,0.219345152,,0.58667631,,,,,,,,1.099783659,0.897105038
-0.064085066,-0.279241264,-0.395724505,0.130450353,,-0.246350278,,,,,,,,-0.829550385,-0.160401464
1.470070124,1.436125994,1.334669352,0.593173862,,1.413621823,,,,,,,,1.730051041,1.800122261
-0.451668203,-0.589545071,-0.362181246,-0.441681385,,-0.467798173,,,,,,,,-2.741850853,-0.44213289
1.744644046,1.714340568,1.793685436,1.085179925,,1.750890017,,,,,,,,2.634840012,2.043095112
2.148692608,2.117834568,2.015879869,2.635462761,,2.094135682,,,,,,,,-1.404126883,0.075119644
-0.11191985,-0.07738167,0.042245045,0.85265255,,-0.049018825,,,,,,,,-1.034264207,0.718022168
1.881173372,2.025635242,2.111918449,2.245663643,,2.006242355,,,,,,,,-0.100912988,-0.162917882
0.225049183,0.129139304,0.26146239,0.870687842,,0.205216959,,,,,,,,-0.382799894,-0.410264015
-1.904754162,-1.982535124,-2.236394644,-1.986497283,,-2.041227976,,,,,,,,-1.85597527,-1.009995937
0.746425748,1.099347949,0.968233585,1.191193342,,0.938002427,,,,,,,,-1.393458366,-0.550878525
3.339443922,3.749030828,3.70461607,4.234488964,,3.59769694,,,,,,,,1.238197684,0.945244908
3.28645134,3.012933254,3.085207939,3.766908169,,3.128197511,,,,,,,,2.455884218,2.283517361
4.298975945,4.159490585,4.229053497,4.255874634,,4.229173342,,,,,,,,2.547950745,2.83740449
-4.502160072,-4.459935188,-4.531293869,-4.911391735,,-4.497796377,,,,,,,,1.229674816,0.800032735
1.156392336,1.119574308,1.092740059,2.089841127,,1.122902234,,,,,,,,2.628684521,2.584967613
4.134142399,3.968878031,3.926101208,2.552070141,,4.009707212,,,,,,,,-0.195207179,0.341946363
-0.640577435,-0.799048543,-0.840792775,-1.382228017,,-0.760139585,,,,,,,,0.460512936,1.02243185
1.92258966,1.608411312,1.576547861,0.49082467,,1.702516278,,,,,,,,-1.012579203,-2.003690481
1.744994879,1.73854208,1.755357265,1.001219273,,1.746298075,,,,,,,,-0.970806241,-0.101064637
-1.900592923,-2.121953011,-2.062278748,-2.034468889,,-2.028274894,,,,,,,,-2.826488972,-2.378016949
-4.944187164,-4.956798077,-5.19503355,-6.308046341,,-5.032006264,,,,,,,,-2.166700363,-2.135928392
0.298897773,0.010174388,0.120259874,-0.226186126,,0.143110678,,,,,,,,-1.533655882,-0.753912926
-0.746487677,-0.573541641,-0.542739511,-1.232308149,,-0.620922943,,,,,,,,-0.319001079,-0.589670777
-1.829840899,-1.839413047,-1.959653497,-1.515461206,,-1.876302481,,,,,,,,0.001215912,0.009998843
0.737347007,0.777924836,0.775518656,0.640048981,,0.763596833,,,,,,,,1.644626021,1.356821775
-1.114428282,-1.072811961,-1.07619381,-0.943099022,,-1.087811351,,,,,,,,-0.303261161,-0.435534894
-0.977884173,-1.050161839,-1.069675684,-0.143702805,,-1.032573899,,,,,,,,-0.868663967,-0.816565752
3.426761866,3.254094839,3.412661791,2.44547534,,3.364506165,,,,,,,,-2.833476543,-2.481062889
-0.215060294,-0.048123121,-0.093449652,-0.680963278,,-0.118877689,,,,,,,,1.261532307,0.627880692
-0.28040278,-0.670391023,-0.566416502,-0.792666554,,-0.505736768,,,,,,,,-0.446549714,-0.972511053
1.610176325,1.941268921,1.757055759,1.554902673,,1.769500335,,,,,,,,-1.058771372,-1.225174189
-1.48657167,-1.623617887,-1.684269309,-1.118993163,,-1.598152955,,,,,,,,-1.889995456,-2.224415779
1.951864362,1.755966306,1.86493516,3.250279427,,1.857588609,,,,,,,,-0.132775754,-0.656205297
4.077261925,4.160996437,3.965943813,5.656799316,,4.068067392,,,,,,,,0.706225991,0.57420969
-4.863746643,-4.591919899,-4.618113995,-3.671299219,,-4.691260179,,,,,,,,-1.222644687,-0.519363523
-2.195152998,-2.164075851,-2.045710802,-2.12351656,,-2.134979884,,,,,,,,-0.311471015,-0.936280012
0.336110562,0.483058542,0.520491421,1.160018802,,0.446553508,,,,,,,,-0.235184684,-0.684837162
2.733077765,2.680126905,2.490550518,3.236240864,,2.634585063,,,,,,,,-0.437007427,-1.04720664
-2.309909821,-2.123384237,-2.224663734,-2.858252764,,-2.219319264,,,,,,,,0.710642934,1.158736467
-0.046424627,-0.076396585,-0.124893665,-0.924700081,,-0.082571626,,,,,,,,-1.92959094,-1.394920111
0.428411514,0.3783032,0.326006472,0.539827824,,0.377573729,,,,,,,,1.040724874,0.562070012
-2.474472046,-2.296249151,-2.272043467,-1.58793366,,-2.347588221,,,,,,,,-2.974256516,-2.125635386
1.554203987,1.478649139,1.757456064,1.947659135,,1.59676973,,,,,,,,2.263185978,2.440697193
1.283186793,1.134391189,0.999302685,1.745281219,,1.138960222,,,,,,,,-0.393099904,0.376043528
-1.816978216,-1.788551569,-1.94795084,-1.877968907,,-1.851160208,,,,,,,,-0.86743623,-0.30419606
-2.881966114,-3.31942749,-3.179253101,-2.585775137,,-3.126882235,,,,,,,,-1.017582655,-1.12635076
-1.556367159,-1.475167632,-1.348387003,-1.7797544,,-1.459973931,,,,,,,,0.492413282,-0.429103136
-2.84355998,-3.275454998,-3.487318277,-4.275060654,,-3.202111085,,,,,,,,-2.76894474,-0.958375812
1.103901267,0.782671332,0.679049015,0.872074366,,0.855207205,,,,,,,,-0.882906795,-1.712558866
-0.077045083,-0.150207043,-0.164230824,0.424470067,,-0.130494316,,,,,,,,-1.0934937,-0.873391986
0.456734478,0.564169884,0.481114864,0.03183715,,0.500673076,,,,,,,,0.562217712,0.423412591
0.608946323,0.303792268,0.280017674,0.121320859,,0.397585422,,,,,,,,-1.74874115,-1.192731738
-0.455972791,-0.405543566,-0.789875209,-0.33767134,,-0.550463855,,,,,,,,1.989836216,1.420132637
-2.862933636,-2.889264584,-2.898969889,-2.966086149,,-2.883722703,,,,,,,,-0.294686168,-0.387640983
0.025789559,0.142471611,-0.060655177,0.391639739,,0.035868665,,,,,,,,0.037143767,0.996649683
0.304541379,0.341776699,0.317856699,-0.274364173,,0.321391592,,,,,,,,-2.066437721,-1.754031181
0.078999273,-0.054103948,0.067437761,0.546077847,,0.030777695,,,,,,,,0.794620097,-0.1702649
0.998622596,1.283566236,1.292812467,-0.236068264,,1.1916671,,,,,,,,-0.954656005,-0.941296935
2.476537228,2.526148558,2.58563447,1.435826421,,2.529440085,,,,,,,,-2.567345619,-2.177276134
3.229569912,3.068900108,3.179659843,2.975510359,,3.159376621,,,,,,,,1.026120663,0.480934381
2.477704525,2.609147549,2.740943909,2.778634787,,2.609265327,,,,,,,,-1.626664042,-0.495224446
1.112620473,1.377711296,1.331622362,1.038146257,,1.27398471,,,,,,,,0.12033163,0.380460501
-1.898850679,-1.789753199,-1.580181599,-2.772226334,,-1.756261826,,,,,,,,0.22137168,0.593420386
-1.1961025,-1.424747586,-1.711936831,-1.235420704,,-1.444262306,,,,,,,,0.9048962,0.963286757
-0.332633495,-0.06706211,0.025932282,-0.891954958,,-0.124587774,,,,,,,,-0.741548419,-0.27341643
4.997997761,4.927607059,5.017509937,5.782581329,,4.981038253,,,,,,,,-2.177278996,-0.439419448
0.886607409,1.176050186,1.188296914,1.998937845,,1.083651503,,,,,,,,1.708922267,1.503730655
1.443953753,1.415864468,1.29088068,1.795339465,,1.3835663,,,,,,,,1.203564405,1.43196404
0.76047045,0.818787992,0.91908884,0.280104488,,0.832782427,,,,,,,,-0.691706181,-0.313546479
1.147908092,1.315915227,1.412402511,1.258413076,,1.292075276,,,,,,,,-0.302488029,-0.929736018
0.728450656,0.603330731,0.705374718,1.42822361,,0.679052035,,,,,,,,-1.326011658,-0.283179849
-1.84373641,-1.665040612,-1.735675097,-2.656815529,,-1.748150706,,,,,,,,1.293052197,0.030340996
-1.2404145,-1.342282891,-1.320481658,-2.177453041,,-1.301059683,,,,,,,,0.235802457,-0.720475018
1.174407125,0.974464893,0.72113508,1.394116163,,0.956669033,,,,,,,,-0.203692153,0.425066262
2.714093685,2.975531816,2.896809816,3.819792747,,2.862145106,,,,,,,,0.639400363,-0.515408218
5.22335434,5.255171776,5.206992626,5.782032967,,5.228506247,,,,,,,,4.306568623,2.815264702
-0.787549138,-0.445640266,-0.268401444,0.605758011,,-0.500530283,,,,,,,,0.028451815,0.399696022
2.668603897,2.32656312,2.477292776,2.394997358,,2.490819931,,,,,,,,0.673214614,0.909757018
-2.807375431,-2.71393919,-2.848349094,-1.711826921,,-2.789887905,,,,,,,,-1.742555857,-0.384302169
4.103437901,4.052715302,3.936501265,4.535992146,,4.030884822,,,,,,,,1.608552217,1.246877193
-2.634852886,-2.622147083,-2.720880032,-1.69022727,,-2.659293334,,,,,,,,0.467249751,0.895143628
-2.890863419,-3.122299671,-3.038063526,-2.862689734,,-3.017075539,,,,,,,,-1.570017099,-0.33941111
-2.435703993,-2.51392293,-2.66617918,-1.988192558,,-2.538602034,,,,,,,,-2.784088135,-2.451006413
3.961954117,3.864971638,3.981929302,4.87677145,,3.936285019,,,,,,,,0.115355954,-1.07028842
-2.061183929,-1.90030694,-1.969506502,-1.499247551,,-1.976999124,,,,,,,,-0.151908383,-0.021456257
4.440036297,4.292459011,4.409389019,4.039110184,,4.380628109,,,,,,,,-0.598783731,-0.725692093
2.019913435,2.171023846,2.313308954,1.869123936,,2.168082078,,,,,,,,0.577550173,2.302570581
-2.154148817,-1.839626312,-1.706739068,-0.83994621,,-1.900171399,,,,,,,,-0.406956851,-0.472000599
-1.78514564,-1.911394596,-1.822193027,-0.881514549,,-1.839577754,,,,,,,,2.256737232,1.258298159
-5.025587082,-4.991838932,-5.157507896,-4.513095379,,-5.058311303,,,,,,,,0.185093418,-0.835961878
0.528455675,0.101175278,0.192033559,0.189566642,,0.273888171,,,,,,,,-0.041864678,-0.116597638
-1.466262937,-1.067230105,-1.275804758,-1.340824246,,-1.269765933,,,,,,,,0.115659617,0.025587186
0.828360617,0.920636952,0.966656864,2.007102728,,0.905218144,,,,,,,,-2.339298725,-0.947389483
-3.01362896,-3.214759588,-3.297121763,-4.79365921,,-3.175170104,,,,,,,,-0.453466684,-0.227851108
0.787308216,0.863527834,0.660358846,1.12582612,,0.770398299,,,,,,,,-0.010778949,1.085438967
0.205051661,0.21629405,0.245629072,0.358338773,,0.222324928,,,,,,,,0.254594237,1.184845567
-1.510833621,-1.618975997,-1.556364775,-2.152010202,,-1.562058131,,,,,,,,-0.172371686,0.422535688
-2.190126181,-1.83590734,-1.811178803,-2.156037092,,-1.945737441,,,,,,,,-1.752340913,-2.011695862
1.643492222,2.060882092,2.140923023,1.493991256,,1.948432446,,,,,,,,1.786948204,1.702690125
-0.412296474,-0.488319129,-0.271396488,-1.298377633,,-0.390670697,,,,,,,,-0.775917649,0.164760858
1.743021131,1.536552906,1.377485037,1.217674255,,1.552353024,,,,,,,,-0.327225506,-0.420265347
-2.208998442,-2.104655743,-2.090086699,-0.770106196,,-2.134580294,,,,,,,,-0.378483355,0.358967483
-2.016641378,-1.772408009,-2.168159723,-1.863079429,,-1.98573637,,,,,,,,-1.852454543,-2.011767864
-1.046140671,-0.907772303,-0.901527405,-1.102797627,,-0.951813459,,,,,,,,-0.667556643,-0.0664033
1.073705673,0.662165701,0.447152346,1.641657829,,0.727674574,,,,,,,,-0.79418385,-0.006622195
-2.280705214,-2.185535669,-2.282145262,-2.478637457,,-2.249462048,,,,,,,,0.189952493,1.815027952
0.533391237,0.470815063,0.581679106,1.626163483,,0.528628469,,,,,,,,-0.848125041,-0.574998319
-3.082130432,-2.681135654,-2.731087685,-2.458752632,,-2.831451257,,,,,,,,1.924098253,0.63872087
1.148039579,1.255568385,1.185394883,0.643996119,,1.196334283,,,,,,,,-0.746136963,-0.241518363
4.70459938,5.088075638,5.165194035,4.114133358,,4.985956351,,,,,,,,0.530939102,0.088345811
-0.434324712,-0.441476762,-0.328946173,-0.096850425,,-0.401582549,,,,,,,,-0.567086875,0.358231604
-1.629992962,-1.686390877,-1.726390839,-1.695295572,,-1.680924892,,,,,,,,-0.202939585,0.289787024
0.391887784,0.218032837,0.447033465,-0.566933513,,0.352318029,,,,,,,,-1.056601524,-0.262276709
-2.494792223,-2.713338137,-2.498946667,-3.257467985,,-2.569025675,,,,,,,,0.486430675,0.108743571
-0.103566825,0.092549086,-0.034010291,-1.522067428,,-0.015009344,,,,,,,,0.27379781,-0.81957376
1.556145549,2.117564678,2.086736917,2.397795916,,1.920149048,,,,,,,,-0.348286569,-1.146022081
-2.436795235,-2.471904755,-2.309208393,-2.845631599,,-2.405969461,,,,,,,,2.463306427,3.215143681
-2.351774216,-2.359745026,-2.44345665,-2.405685902,,-2.384991964,,,,,,,,-1.282218933,-1.710475564
-1.884921551,-1.754535437,-1.730443239,-1.032556176,,-1.789966742,,,,,,,,-0.249165356,-0.230593726
-0.099374041,-0.460145324,-0.363110691,-0.161942944,,-0.307543352,,,,,,,,-0.922582269,-1.225970268
0.429047048,0.43943283,0.318714708,-0.318630755,,0.395731529,,,,,,,,2.569301605,1.330848575
1.710648298,1.427893877,1.440528274,1.139280081,,1.526356816,,,,,,,,0.773452282,-0.155285209
-0.676407456,-0.623158038,-0.907233834,-1.016985774,,-0.735599776,,,,,,,,-2.012199163,-1.49712348
0.900119364,0.881945193,0.835824847,0.612777114,,0.872629801,,,,,,,,-1.604661107,-2.079815149
-0.554443538,-0.557615936,-0.681623042,0.7197932,,-0.597894172,,,,,,,,1.374872923,0.462477595
-2.921897411,-2.863918543,-2.815386534,-2.513026237,,-2.867067496,,,,,,,,-0.165564612,0.25112927
-0.424317539,-0.557289779,-0.455451131,0.439160258,,-0.479019483,,,,,,,,-0.836684823,0.360374987
-1.813931346,-1.868899465,-1.806370378,-2.896286011,,-1.829733729,,,,,,,,-0.283899128,-0.394666731
0.508512795,0.632287383,0.569246292,1.125600219,,0.57001549,,,,,,,,0.77335006,0.527316511
0.699492455,0.949219584,0.906269252,0.320627689,,0.85166043,,,,,,,,1.999383211,0.41279161
0.537616432,1.04128623,1.082822084,1.157534122,,0.887241582,,,,,,,,-1.355801821,-0.836244047
3.967291355,4.047740459,3.935484886,3.110550642,,3.983505567,,,,,,,,-2.047018528,-1.880795002
0.56858629,0.617646933,0.779876471,-0.239340961,,0.655369898,,,,,,,,0.334570408,0.330331743
-1.803646445,-1.696490884,-1.871326089,-1.659150004,,-1.790487806,,,,,,,,0.727163076,0.31005314
-3.80692625,-3.687502384,-3.729896069,-3.757584572,,-3.741441568,,,,,,,,-1.106289983,-0.494925886
4.30453968,4.212934971,4.209402561,4.39533186,,4.242292404,,,,,,,,0.169982865,1.222061992
0.534504652,0.672278285,0.758048773,0.561578214,,0.654943903,,,,,,,,0.91008842,0.810290217
0.086057365,0.21540451,0.002324015,-0.423134804,,0.101261963,,,,,,,,-1.104164124,-2.578072309
-1.997187734,-1.940930009,-2.049658298,-2.305569649,,-1.995925347,,,,,,,,0.15738818,-0.222071886
-1.896380544,-1.787145257,-1.956675172,-1.817643642,,-1.880066991,,,,,,,,1.744859934,1.096910954
-4.413764477,-4.272400379,-4.285335541,-4.432795525,,-4.323833466,,,,,,,,0.490504444,0.021842308
-0.057743028,-0.120979562,-0.090063408,-0.433031619,,-0.089595333,,,,,,,,0.316739529,-0.067824766
-4.370136738,-4.447481632,-4.601043701,-4.081432343,,-4.472887357,,,,,,,,-1.398700953,-0.939056695
-0.018111438,0.167154804,0.165055364,0.716141582,,0.104699577,,,,,,,,0.662663221,0.493208468
0.341880083,0.629594266,0.815372884,0.609389722,,0.595615745,,,,,,,,-1.484171152,-2.105954647
1.762545466,1.98781383,1.887356639,1.410290122,,1.879238645,,,,,,,,2.211737156,1.331379771
-0.345984876,-0.695471048,-0.590372503,-0.850538969,,-0.543942809,,,,,,,,2.485022306,2.117260456
-4.143373489,-4.097161293,-4.299488068,-5.098660946,,-4.180007617,,,,,,,,0.56838268,-0.183321223
-1.926755309,-1.613956571,-1.659453154,-1.541447163,,-1.733388344,,,,,,,,-1.703006983,-0.228862405
2.699872732,3.160400629,3.175885201,1.717181683,,3.012052854,,,,,,,,1.046542168,1.058376312
-5.262400627,-5.07865715,-5.159873962,-3.843039513,,-5.166977247,,,,,,,,0.213581741,0.382425934
-49.14516449,-50.49208069,-51.39176941,-41.70097351,,-50.34300486,,,,,,,,-29.60800362,-35.00736618
0.13671276,-0.054556638,-0.063388541,0.675299108,,0.00625586,,,,,,,,1.620640755,0.517745852
0.69005698,0.521457851,0.584078729,-0.158328772,,0.598531187,,,,,,,,0.002883554,0.814425349
-1.573721409,-1.630123019,-1.499539018,0.446318269,,-1.567794482,,,,,,,,2.67467165,2.293940544
0.600572169,0.659271657,0.424810648,0.223089576,,0.561551491,,,,,,,,0.974725902,2.199817419
-4.323424339,-4.27352953,-4.203404427,-4.271934032,,-4.266786098,,,,,,,,1.436068535,1.055544734
1.719063997,1.721399426,1.689969182,2.121066809,,1.710144202,,,,,,,,0.522408426,0.406849891
0.311290026,0.502473354,0.557194769,0.316504538,,0.45698605,,,,,,,,-2.501374245,-2.686736584
-1.971131682,-2.158008337,-2.205747843,-1.407242894,,-2.111629287,,,,,,,,-0.39453423,-0.814276934
-1.500762939,-1.345385551,-1.762972593,-3.049201727,,-1.536373695,,,,,,,,1.293374538,0.712630749
0.963027,1.275182605,1.208555698,1.428816319,,1.148921768,,,,,,,,1.309919953,1.250283241
0.705640614,0.389636695,0.567627609,0.197825059,,0.554301639,,,,,,,,2.41774559,2.458211899
-3.213593483,-3.334115744,-3.227650881,-3.096656084,,-3.258453369,,,,,,,,0.426393747,0.064339459
-3.075247765,-2.920578957,-2.719356298,-3.648598433,,-2.905061007,,,,,,,,0.119765334,-0.710742652
-2.186533928,-2.484576702,-2.744672298,-2.600752831,,-2.471927643,,,,,,,,-2.368795872,-2.249462128
-2.66441083,-2.735999346,-2.592286587,-1.95666182,,-2.664232254,,,,,,,,-1.869164467,-1.408397675
0.234630138,0.111461073,-0.010371387,-0.338869452,,0.111906608,,,,,,,,-2.339949608,-2.093238831
0.979040623,0.789924383,0.637077093,1.109539986,,0.802014033,,,,,,,,-0.964422226,-0.636131585
1.636059642,1.684814692,1.567156315,2.396985054,,1.629343549,,,,,,,,-0.264820278,0.07779479
0.235489428,0.368109196,0.37386027,-1.252982736,,0.325819631,,,,,,,,-2.679586411,-1.068740129
3.819871664,3.789701939,4.128337383,3.905120611,,3.912636995,,,,,,,,0.400358438,1.413235545
2.863954306,2.478881121,2.637939215,3.158022165,,2.660258214,,,,,,,,-1.745893717,-0.498687476
2.285191536,2.586740732,2.358908176,2.3035779,,2.410280148,,,,,,,,0.546730757,0.306334317
1.642247438,1.637280583,1.708408952,1.241349936,,1.662645658,,,,,,,,-0.923613548,-1.450172901
-2.297015905,-2.141757727,-1.920434117,-2.371920109,,-2.119735916,,,,,,,,-1.406460285,-1.567808151
1.739601374,1.881394625,2.096262217,0.956190765,,1.905752738,,,,,,,,2.402647018,1.170985699
0.245036095,0.366471052,0.406465799,-0.382955045,,0.339324315,,,,,,,,-0.094084047,-0.025680088
-0.105140731,-0.102356717,-0.278762668,0.55117172,,-0.162086705,,,,,,,,0.586919308,0.896108508
2.863029003,2.674468756,2.712396622,1.333212018,,2.749964794,,,,,,,,-0.200078487,-0.164257005
-3.573949814,-3.549477577,-3.693864822,-3.477291822,,-3.605764071,,,,,,,,1.106696129,1.219950557
-3.765009165,-3.499331713,-3.358317137,-3.846633434,,-3.540886005,,,,,,,,-1.268036485,-0.055897132
-2.355586529,-2.272924423,-2.284019709,-1.204601645,,-2.304176887,,,,,,,,0.334619284,-0.107708707
-0.279031038,-0.226497412,-0.03283596,-0.433448195,,-0.179454803,,,,,,,,0.807960987,-0.388603628
-0.47588259,-0.551399589,-0.60623455,-1.363579512,,-0.544505576,,,,,,,,0.569624066,0.423573524
-2.157009602,-2.223327398,-2.050695896,-3.540365696,,-2.143677632,,,,,,,,0.753425777,-0.120968118
1.053536654,1.092712641,1.086582661,1.73145926,,1.077610652,,,,,,,,-0.677126408,-0.527694464
1.312999606,1.327472329,1.375176072,1.928482175,,1.338549336,,,,,,,,2.08365345,1.506321073
0.34863925,0.412939847,0.455650926,-1.078722715,,0.405743341,,,,,,,,1.57829392,-0.000494331
6.21605444,6.264643669,6.323851109,5.773310184,,6.268183072,,,,,,,,0.044791132,0.561475039
-3.892741203,-3.976508617,-4.05073595,-3.734853983,,-3.97332859,,,,,,,,-1.182692051,-0.359714717
0.022235841,-0.104409099,-0.162574589,0.004201993,,-0.081582616,,,,,,,,-2.182002068,-0.854764104
-2.989891291,-3.197486877,-3.177283525,-2.956461906,,-3.121553898,,,,,,,,0.516457856,0.428440779
-2.545290232,-3.037778378,-3.136980534,-3.841331244,,-2.906683048,,,,,,,,1.959898829,1.465960979
1.400720119,1.533097267,1.487812281,1.856608629,,1.473876556,,,,,,,,-0.545029879,-0.412342131
-4.552902222,-4.179632664,-4.130452156,-4.301429749,,-4.287662347,,,,,,,,0.454486489,-2.091865063
0.963648319,0.997417212,0.690331161,-1.045202732,,0.883798897,,,,,,,,0.350337327,0.016118243
3.490385532,3.242311954,3.404698372,2.517161608,,3.379131953,,,,,,,,0.839704573,0.242706984
0.008226067,-0.104900837,-0.170979738,-0.603783488,,-0.089218169,,,,,,,,-0.42854479,-1.234046936
1.486886501,1.577648401,1.379452467,1.901768684,,1.481329123,,,,,,,,3.593952656,3.183841705
2.166202068,2.115466833,1.884032726,1.697354078,,2.055233876,,,,,,,,1.07528019,1.039618492
0.991736829,1.110277414,0.957165062,1.948670864,,1.019726435,,,,,,,,-2.66541791,-2.463173866
-0.107495844,-0.256858349,-0.07690984,-0.658253253,,-0.147088011,,,,,,,,-1.404088736,-1.505114794
0.230274618,0.106395632,0.221334815,1.018846631,,0.186001688,,,,,,,,-0.088659108,-0.027208477
1.773814321,1.624043584,1.85498333,2.540410757,,1.750947078,,,,,,,,-1.927263737,-1.028102517
-1.910533071,-2.273661375,-2.057382345,-1.79559958,,-2.080525597,,,,,,,,-0.695525289,-0.149740815
-2.17703867,-2.391652584,-2.663790703,-3.386008739,,-2.410827319,,,,,,,,0.614048183,1.044683695
1.935161352,2.246058226,2.425611258,2.274156094,,2.202276945,,,,,,,,1.068672895,0.001639888
0.745221794,0.657689214,0.524727404,2.107592106,,0.642546137,,,,,,,,-2.670360327,-1.707553864
2.790878296,2.854569912,2.473592281,2.545626163,,2.70634683,,,,,,,,-0.050449371,0.446389735
1.139893293,0.932918429,0.886827826,1.357335806,,0.986546516,,,,,,,,-0.587551951,-0.717798233
3.026278496,2.768059969,2.787781239,3.054127455,,2.860706568,,,,,,,,2.246664762,1.477766752
1.847017288,1.699016809,1.769456387,1.050357103,,1.771830161,,,,,,,,-0.978524327,-0.926648915
0.544688225,0.523955524,0.754620135,2.352339745,,0.607754628,,,,,,,,-0.735278785,-0.355952471
-2.212730169,-1.794788599,-1.893942833,-2.166142702,,-1.967153867,,,,,,,,0.284904242,1.002509117
-2.975536108,-3.117940426,-2.935381889,-2.095170259,,-3.009619474,,,,,,,,-0.671319902,-0.225708023
-9.755912781,-9.799207687,-10.06578922,-10.24737072,,-9.873636564,,,,,,,,0.395768732,1.420342088
-3.044134855,-3.11726594,-2.970986366,-2.128440857,,-3.044129054,,,,,,,,-0.738761902,-0.363916606
-2.363507986,-2.399075508,-2.604908228,-2.704277515,,-2.455830574,,,,,,,,-0.96686697,-1.57954967
-3.492931128,-3.257415771,-3.251615047,-3.597324133,,-3.333987315,,,,,,,,0.758976579,1.070540667
-0.138560295,-0.215655416,-0.168271542,-0.525881886,,-0.174162418,,,,,,,,-0.218871474,0.411090732
-0.401021242,-0.916831434,-0.911627948,-0.410243243,,-0.743160208,,,,,,,,-0.021654457,-1.025128484
2.469509363,2.652740002,2.744414091,3.211545944,,2.622221152,,,,,,,,0.292610586,0.54194206
2.831566811,2.625729561,2.534697533,1.610427022,,2.663997968,,,,,,,,0.162000269,0.595994532
-3.956357956,-3.559853077,-3.656759262,-3.190935373,,-3.724323432,,,,,,,,0.018995076,1.347993255
1.179905772,1.147442102,1.170736551,1.529607654,,1.166028142,,,,,,,,-2.462853432,-0.81518656
-0.206520066,-0.187825695,-0.105735376,0.510776639,,-0.166693712,,,,,,,,2.012694359,2.204306602
-0.028790772,-0.25133121,-0.143017113,0.32249549,,-0.141046365,,,,,,,,0.102653943,-0.106305361
2.242379665,2.201366663,2.118442297,1.918210506,,2.187396208,,,,,,,,1.389710307,1.224557042
-0.419235349,-0.586828113,-0.40446502,-0.12885049,,-0.47017616,,,,,,,,-0.96383816,-0.95909667
-1.429237008,-1.587206364,-1.521791697,-0.414403081,,-1.512745023,,,,,,,,-0.729356885,-0.409971684
-1.298077464,-1.265813589,-1.319447517,-1.351143718,,-1.29444619,,,,,,,,0.132564977,1.199501157
-0.650166512,-0.609410405,-0.423162252,-0.714027405,,-0.560913056,,,,,,,,0.348460376,0.734665334
0.4537597,0.41885379,0.440673918,0.644816637,,0.437762469,,,,,,,,-1.891181707,-1.138176084
-2.260921001,-2.159894943,-2.070908546,-3.073277712,,-2.163908164,,,,,,,,-0.622601807,0.27082181
-0.975034654,-0.811428905,-0.828576982,-2.5022614,,-0.87168018,,,,,,,,-0.906851292,-0.612747133
1.169156551,1.159739017,1.20219326,0.709779978,,1.17702961,,,,,,,,0.685778916,0.701950192
1.908300281,1.768856406,1.844464898,2.319015026,,1.840540528,,,,,,,,-1.530253053,-1.401814818
3.511120319,3.401843071,3.361162186,5.243128777,,3.424708525,,,,,,,,-0.682066917,-1.1033324
-3.240692854,-3.227106571,-3.323468685,-2.581791639,,-3.263756037,,,,,,,,-0.805095196,-0.742696404
-0.106691062,-0.341808945,-0.561192811,-0.960862637,,-0.336564273,,,,,,,,-0.838103771,-0.824690342
0.307418942,0.41124022,0.270410389,0.804549336,,0.32968985,,,,,,,,0.529913962,1.663307667
0.429418325,0.04258395,-0.011295088,0.295653522,,0.153569063,,,,,,,,-0.936991215,-0.177158505
-4.551997185,-4.196559429,-4.186991692,-5.275969505,,-4.311849435,,,,,,,,0.179728419,1.115040302
0.821335316,0.65083611,0.705418587,0.38740766,,0.725863338,,,,,,,,-1.120026827,-0.449697286
1.06409657,1.200680137,1.022806883,0.280572891,,1.095861197,,,,,,,,-0.592780232,-0.439736009
1.491795659,1.448560476,1.14970839,0.758962035,,1.363354842,,,,,,,,-1.206171751,-0.975788474
-0.834952593,-0.933350444,-1.053617001,-0.832234263,,-0.940640012,,,,,,,,1.579138041,1.074432731
-0.534010291,-0.738536596,-0.709119916,-1.162492037,,-0.660555601,,,,,,,,1.045624256,0.697138488
-0.790572643,-0.70640111,-0.652299404,-0.376827776,,-0.716424386,,,,,,,,1.056526899,0.274697155
-1.815131426,-1.562589884,-1.737160921,-2.462062359,,-1.704960744,,,,,,,,-2.013529778,-2.353050709
0.984047174,1.164140821,1.080546141,0.391635001,,1.076244712,,,,,,,,1.496948481,0.929703593
2.208378792,2.182356119,2.309210777,4.060240269,,2.233315229,,,,,,,,0.23385936,-0.606040955
1.947869778,1.944859266,1.958950758,1.458473206,,1.950559934,,,,,,,,2.434078932,2.045324564
4.763891697,4.777490616,4.431912899,5.942704201,,4.657765071,,,,,,,,2.21469593,2.750201702
0.073551476,-0.2009601,-0.22399956,0.737883806,,-0.117136061,,,,,,,,-1.457365274,-0.960150063
2.085601807,1.836424112,1.789704919,2.296213865,,1.903910279,,,,,,,,0.239492118,0.353588134
0.951510668,0.467821777,0.591199756,1.17346549,,0.6701774,,,,,,,,0.202266797,-0.251328766
2.441329479,2.388734341,2.390909433,1.013753176,,2.406991084,,,,,,,,0.103902847,0.751987517
-0.387473106,-0.145870149,-0.10568887,0.223064378,,-0.213010708,,,,,,,,1.737082958,1.733332872
2.6272614,2.540579796,2.583410025,2.537610769,,2.583750407,,,,,,,,-0.408646911,0.274789214
-0.834094644,-0.825383782,-0.793001473,0.720774174,,-0.8174933,,,,,,,,1.148918867,0.911037207
1.266295552,1.282460928,1.259662747,1.24857688,,1.269473076,,,,,,,,0.005810127,-0.004586756
-0.673486412,-0.858546853,-0.715013981,-1.500702143,,-0.749015749,,,,,,,,1.84424305,1.942113638
1.328112006,1.341228604,1.340982318,2.017154932,,1.336774309,,,,,,,,-0.260891616,0.179816142
-0.008755282,0.145364374,0.196850419,-1.250669718,,0.11115317,,,,,,,,-1.284535527,-0.639247835
3.890562534,4.327016354,4.356308937,3.116871119,,4.191295942,,,,,,,,0.560643315,1.075051069
1.924290538,2.308821917,2.279156446,1.907229424,,2.1707563,,,,,,,,-0.714852571,-0.415336251
-0.162173867,0.146840841,-0.034879297,-0.840263367,,-0.016737441,,,,,,,,-0.861215055,-0.403170645
-0.880261302,-0.896122336,-0.898760915,-0.169760913,,-0.891714851,,,,,,,,0.435657024,0.2197005
0.362508923,0.151356965,-0.037910789,-0.816497326,,0.1586517,,,,,,,,2.182208538,0.6047194
-1.201000333,-1.201321721,-0.976732016,-0.035912693,,-1.126351357,,,,,,,,0.708615839,-0.07413625
1.977654934,2.032724857,1.861395597,0.837715566,,1.957258463,,,,,,,,0.850190401,0.399918854
0.917915344,1.06090188,1.016819358,1.881618142,,0.998545527,,,,,,,,0.451766849,0.051238954
0.058048919,0.008262023,0.008105464,-1.229836941,,0.024805469,,,,,,,,1.10742557,1.250971317
-3.857655287,-4.149422646,-4.246212959,-4.493794441,,-4.084430297,,,,,,,,-3.51437974,-3.954302311
0.683531582,0.565822423,0.672692478,0.715556502,,0.640682161,,,,,,,,1.155015111,0.703267753
-1.15831542,-1.163836956,-0.965196431,-1.360101223,,-1.095782936,,,,,,,,-0.92697072,-1.653371811
0.088653445,0.115180135,0.456460834,-0.471909702,,0.220098138,,,,,,,,-1.42511642,-0.619307756
1.002757907,0.915084779,0.932469308,1.08620441,,0.950103998,,,,,,,,1.289879918,1.728688478
-3.490041018,-3.606833935,-3.674265146,-5.177275658,,-3.590380033,,,,,,,,-0.059074745,1.93138814
-3.269917727,-3.207764387,-3.053975582,-4.260315418,,-3.177219232,,,,,,,,2.095098972,2.151666403
-3.676405191,-3.260723829,-3.180348635,-3.341965437,,-3.372492552,,,,,,,,-0.709777117,-0.800413966
-2.021952152,-2.291893244,-2.237707138,-2.263532877,,-2.183850845,,,,,,,,-0.417922914,-0.310347855
0.520294666,0.977340579,1.215953231,0.183664754,,0.904529492,,,,,,,,0.672569275,-0.195845559
-1.637099743,-1.501271963,-1.616091251,-0.988505483,,-1.584820986,,,,,,,,-1.368805647,-0.851871133
-3.059566021,-3.348240376,-3.337724924,-3.570161343,,-3.24851044,,,,,,,,-1.82621181,-1.263391137
-7.689063072,-8.126616478,-7.969936371,-8.863353729,,-7.92853864,,,,,,,,-3.385652065,-0.76911974
0.339545012,0.425031185,0.32253772,-0.029818535,,0.362371306,,,,,,,,1.597701669,1.588946342
2.607049227,2.529380083,2.63180685,1.715720773,,2.589412053,,,,,,,,0.518479586,0.598123968
2.898752689,2.989639997,2.937114954,2.922265291,,2.94183588,,,,,,,,2.453979492,2.420805454
1.236353397,1.189342618,1.234851599,1.605779886,,1.220182538,,,,,,,,-0.225812435,0.410777092
0.137120843,0.417045116,0.196139097,0.791248798,,0.250101686,,,,,,,,0.447905838,1.767960787
1.226568103,1.207655191,1.087999582,2.041800022,,1.174074292,,,,,,,,-1.467671037,-1.498943806
-1.187149286,-0.93516165,-0.765655816,-1.496401668,,-0.962655584,,,,,,,,0.643122315,0.475175232
-1.439067483,-1.443297625,-1.371564865,-2.195134401,,-1.417976658,,,,,,,,-1.654496193,-1.024295211
-1.535312653,-1.619143009,-1.636390686,-3.041098833,,-1.596948783,,,,,,,,-0.067883581,0.868672609
-0.942852676,-0.784500301,-0.801179707,-0.933879197,,-0.842844228,,,,,,,,1.660162091,0.408308506
-1.06670475,-0.819529414,-0.963572264,-1.274087191,,-0.949935476,,,,,,,,-0.069099873,-0.152624786
-0.433202356,-0.710792899,-0.652955174,-1.024711132,,-0.598983477,,,,,,,,2.914322853,1.928168654
-1.098824978,-1.178004026,-1.368614793,-1.344671726,,-1.215147932,,,,,,,,1.928031683,2.072847843
-1.888146877,-1.33071363,-1.567716599,-1.807973742,,-1.595525702,,,,,,,,-0.126630038,-1.325331569
2.867180824,3.238491535,3.3546772,2.145239115,,3.153449853,,,,,,,,-0.590187669,0.42351079
-0.677441299,-0.415164113,-0.584262073,-0.656162858,,-0.558955828,,,,,,,,2.82780838,2.207117558
-0.502876103,-0.540556669,-0.603597999,-0.21594274,,-0.549010257,,,,,,,,0.520093679,0.124811687
0.576404274,0.410786569,0.414472759,0.474677145,,0.4672212,,,,,,,,0.883614182,-0.328720659
-0.452106535,-0.680783987,-0.716493487,0.744862795,,-0.616461337,,,,,,,,-2.916723728,-2.221549034
-3.457083225,-3.256034136,-3.545686007,-3.452857018,,-3.419601123,,,,,,,,-1.569380045,-1.275841713
1.237951636,1.18726027,1.293527246,1.388408184,,1.239579717,,,,,,,,0.659384072,1.183563709
1.177418828,1.276305437,1.39828527,1.34085381,,1.284003178,,,,,,,,1.91682744,1.325880527
-1.876491666,-1.910722852,-1.997271895,-1.80322659,,-1.928162138,,,,,,,,-1.960255146,-1.698582888
-0.431195259,-0.235693693,-0.077882424,-0.171443105,,-0.248257125,,,,,,,,0.893037319,0.749974012
-0.794764519,-0.743956447,-0.826704502,-0.610229194,,-0.788475156,,,,,,,,-1.320280194,-1.203828573
2.362869978,2.500057936,2.461874485,1.753206015,,2.4416008,,,,,,,,1.299399614,1.336102486
-6.353557587,-6.145121574,-6.127490997,-5.624349594,,-6.208723386,,,,,,,,-2.560423613,-1.266660333
-3.146220922,-3.14659071,-3.107293367,-3.528161049,,-3.133368333,,,,,,,,0.888614953,1.216995597
0.678780973,0.665803611,0.641323745,0.583247304,,0.661969443,,,,,,,,-0.995158494,0.480959386
2.135294199,2.273173332,2.204677105,2.025746584,,2.204381545,,,,,,,,0.827395916,0.670815408
-1.676666021,-1.78102231,-1.45079124,-2.121239901,,-1.636159857,,,,,,,,-0.560959935,-1.57600975
-0.899976492,-1.075240254,-1.096426964,-0.540658474,,-1.023881237,,,,,,,,-0.682369113,-1.643988371
-0.778463125,-0.770650983,-0.453973264,-0.133592978,,-0.667695791,,,,,,,,-1.303589106,-2.014984608
-0.437759638,-0.696155667,-0.458963633,-0.707026899,,-0.530959646,,,,,,,,0.37675634,1.107536316
-2.084861755,-2.035491228,-2.039188623,-0.460231155,,-2.053180536,,,,,,,,-1.603738308,-0.710357308
-1.725129247,-1.726723194,-1.677019358,-1.924763441,,-1.709623933,,,,,,,,-0.266300917,-0.2441127
0.465063274,0.524854779,0.721983373,0.482319355,,0.570633809,,,,,,,,-0.337440848,-0.365466535
-1.906288862,-1.869724751,-1.939124942,-1.583754182,,-1.905046185,,,,,,,,0.278599709,-0.835250735
4.220204353,4.129468918,4.236626148,3.619054317,,4.19543314,,,,,,,,0.230094552,1.152026534
-1.292877674,-1.452950239,-1.565146446,-0.544737816,,-1.436991453,,,,,,,,-0.631144047,0.265944242
-1.579594851,-1.729573965,-1.805948734,-1.572869182,,-1.705039183,,,,,,,,-0.597053885,-1.320163488
2.891365051,2.773671627,3.020522594,3.808144808,,2.895186424,,,,,,,,1.647238493,1.650251031
1.308783054,1.238592386,1.240907788,0.903649747,,1.262761076,,,,,,,,-0.177063808,-0.698634744
-0.13637343,-0.105026931,0.095288932,-0.266422004,,-0.04870381,,,,,,,,0.183469981,0.190597057
-1.982837915,-2.194144964,-1.950069904,-1.024530649,,-2.042350928,,,,,,,,-1.846197367,-0.961803317
0.037430882,-0.385042757,-0.45271194,-0.456874758,,-0.266774605,,,,,,,,-2.745409966,-1.639891505
4.427052021,4.662524223,4.58226347,4.434269428,,4.557279905,,,,,,,,1.181519985,0.938912868
-0.265137732,-0.037363172,0.001762636,0.351447254,,-0.100246089,,,,,,,,-1.583363771,-1.39358747
-2.174363852,-2.188525677,-2.264601946,-1.89563942,,-2.209163825,,,,,,,,0.598395646,0.61979574
-0.845422983,-0.52428925,-0.398504585,-0.69793123,,-0.589405606,,,,,,,,0.045682937,-0.375065893
0.052236214,-0.130068332,-0.118264347,-1.149054766,,-0.065365488,,,,,,,,-1.353886127,-1.579687715
0.650600314,0.639850914,0.632821918,0.496749222,,0.641091049,,,,,,,,0.180797637,0.11417415
-1.090901971,-1.02056694,-1.064425945,-0.776649892,,-1.058631619,,,,,,,,0.056301221,-0.755727768
0.859575748,0.659152091,0.99142468,1.685404181,,0.836717506,,,,,,,,0.619374514,1.127463341
-1.069699645,-0.737759113,-0.952889085,-2.24303627,,-0.920115948,,,,,,,,0.735530317,0.799696922
-2.353550673,-2.384488344,-2.3864429,-1.562682033,,-2.374827305,,,,,,,,1.092565894,-0.474339724
-0.950015545,-0.854843974,-0.866810203,-0.90146482,,-0.890556574,,,,,,,,0.128086433,-0.390297145
1.443419695,1.305546522,1.307311296,0.814874709,,1.352092505,,,,,,,,-0.717356265,0.044847231
1.785597801,1.699009418,1.581901312,0.665325284,,1.688836177,,,,,,,,0.099043861,-0.729879737
-2.953165054,-2.986711502,-3.190912247,-3.232801914,,-3.043596268,,,,,,,,-1.343030691,-1.475969553
-1.081403852,-0.779313922,-0.827153802,-0.886639655,,-0.895957192,,,,,,,,-0.941422939,-1.489509463
-1.211849809,-1.268933654,-0.968480229,-0.020788744,,-1.149754564,,,,,,,,0.12653783,0.483565718
0.887314796,0.443936467,0.596842349,1.383518219,,0.642697871,,,,,,,,-0.711657465,-0.507690847
0.361040354,0.527045727,0.271430552,-0.885444582,,0.386505544,,,,,,,,2.083116055,1.455454707
0.299264967,0.090743482,0.096102059,-0.121394783,,0.162036836,,,,,,,,0.563100934,-0.341136694
-1.623156786,-1.541798115,-1.451670766,-2.104156494,,-1.538875222,,,,,,,,-0.478033304,-0.09574005
-0.148265183,-0.16717571,-0.151449919,-0.741406441,,-0.155630271,,,,,,,,-1.601701498,-1.746044397
3.094116688,3.286651611,3.207799911,1.877145648,,3.196189404,,,,,,,,-0.941318333,-0.871926546
-0.328584611,-0.198372155,-0.324478567,-0.129796818,,-0.283811778,,,,,,,,0.293233991,-0.623836637
2.938577652,2.683629513,2.628706455,4.303423882,,2.75030454,,,,,,,,0.612359047,0.517242312
0.617698789,0.618518054,0.723843455,0.721000671,,0.653353433,,,,,,,,1.869498968,1.589542389
3.344870806,3.496837616,3.516009569,2.399316788,,3.452572664,,,,,,,,3.481739521,2.576618671
4.855834007,4.950036049,4.740840435,4.925000191,,4.848903497,,,,,,,,0.705432355,-1.391109467
1.50790596,1.171111465,1.097046375,0.855392218,,1.258687933,,,,,,,,0.920749903,1.128621578
0.812597752,0.732819319,0.734809875,0.536330819,,0.760075649,,,,,,,,0.236002371,0.021813765
0.149526492,-0.202385962,-0.284430295,0.183808982,,-0.112429922,,,,,,,,0.897042692,-0.067965209
0.470903277,0.865296662,0.695939481,1.166599751,,0.677379807,,,,,,,,-3.048219681,-2.026889324
0.663610399,0.762552977,0.645749331,-0.924685121,,0.690637569,,,,,,,,-0.620755494,-1.629537582
-1.885775924,-1.815237641,-1.70582068,-3.293473482,,-1.802278082,,,,,,,,-1.044592381,0.19092977
-1.334849119,-1.661151409,-1.685419083,-1.885181665,,-1.560473204,,,,,,,,0.626979589,0.051026084
4.972477913,4.714016438,4.941503048,6.368035793,,4.875999133,,,,,,,,0.46551466,0.305537939
-2.300876617,-2.231859684,-1.918297648,-2.645954132,,-2.15034465,,,,,,,,0.363454282,0.56385833
0.041450247,0.130941883,-0.042691849,-0.278773487,,0.043233427,,,,,,,,0.330642134,0.297695756
-1.054104567,-1.301979542,-1.455257177,-0.993006468,,-1.270447095,,,,,,,,-2.200170755,-2.061853886
-3.428980589,-3.567106009,-3.45327425,-3.01819253,,-3.483120282,,,,,,,,0.454182655,0.332052648
0.428512573,0.596243501,0.635564804,-0.379025877,,0.553440293,,,,,,,,1.621903658,0.959644139
-2.683247089,-2.542325735,-2.714234829,-1.31627655,,-2.646602551,,,,,,,,0.478346765,0.641707659
0.750637591,0.689777911,0.519690216,1.042350054,,0.653368572,,,,,,,,2.904320717,2.33416748
-0.982495666,-1.005830526,-0.933256269,-1.611119509,,-0.97386082,,,,,,,,-2.665630817,-1.981820345
1.124708891,0.984994411,1.101112247,0.434411466,,1.07027185,,,,,,,,2.05006361,1.612581491
0.548261404,0.496350408,0.533259749,1.089382768,,0.525957187,,,,,,,,0.204000384,-0.145101696
-3.375034809,-3.259854555,-3.138269663,-3.336040497,,-3.257719676,,,,,,,,-0.584705532,0.070742026
3.844118118,3.824762344,3.791693687,4.161914825,,3.820191383,,,,,,,,0.159438193,-0.461429149
0.942741096,1.029257774,0.93890518,0.281102717,,0.97030135,,,,,,,,-0.5071491,0.052995667
0.29406926,0.391390443,0.394652903,-0.033925876,,0.360037535,,,,,,,,-1.304561973,-2.09205246
-2.13956809,-2.074534893,-2.068396807,-2.180059195,,-2.094166597,,,,,,,,0.567004442,0.543031037
-2.026037693,-1.930432439,-2.146562576,-2.404238701,,-2.034344236,,,,,,,,0.245700777,0.851686597
-2.114854336,-1.810665369,-1.785633087,-2.247192144,,-1.903717597,,,,,,,,0.953263521,0.08739166
-0.869566917,-0.78297925,-0.883490026,0.240347356,,-0.845345398,,,,,,,,-0.352628767,-0.489885837
-2.5149858,-2.83067131,-2.750861168,-2.267467976,,-2.698839426,,,,,,,,-1.844735384,-2.037818193
-0.212988883,-0.582255721,-0.70774138,-0.480097294,,-0.500995328,,,,,,,,3.380253792,2.597394466
-2.430066109,-2.31437993,-2.150253057,-3.063915014,,-2.298233032,,,,,,,,1.277549386,1.336627722
-0.456447423,-0.370354861,-0.267382145,0.037682176,,-0.364728143,,,,,,,,-1.87055409,-2.026735783
-1.934787631,-1.908742309,-1.75720346,-1.482240081,,-1.866911133,,,,,,,,-1.638492107,-1.07892549
1.660164356,1.385124803,1.261170506,1.616508842,,1.435486555,,,,,,,,-0.451496363,-0.082718745
1.566449404,1.664034128,1.679981589,1.761621475,,1.636821707,,,,,,,,0.660469234,1.170829415
2.391524792,2.390188456,2.334493637,2.005205154,,2.372068961,,,,,,,,1.550170779,1.9978863
-1.395099998,-1.388955235,-1.375456333,-1.447663069,,-1.386503855,,,,,,,,1.927964211,2.114293575
-0.611732006,-0.842037499,-0.63530618,-0.376597255,,-0.696358562,,,,,,,,1.443256617,0.865110397
-1.618607759,-1.804882646,-1.85404563,-1.702256322,,-1.759178678,,,,,,,,-1.659179211,-1.633709669
-3.589874744,-3.215407848,-3.133476734,-3.100857496,,-3.312919776,,,,,,,,0.70182246,1.018859744
-0.654574454,-0.407157153,-0.384454221,-1.1250453,,-0.482061942,,,,,,,,0.017939486,-0.266718179
-0.769112945,-0.769814968,-0.790323853,-0.638406157,,-0.776417255,,,,,,,,0.468526393,1.130568147
-1.179697037,-1.030571818,-1.251953959,-0.476723343,,-1.154074272,,,,,,,,-0.109425947,0.53100574
-3.696969509,-3.657226324,-3.514686108,-5.516091824,,-3.622960647,,,,,,,,-0.282078028,0.083217502
1.460847855,1.610460162,1.691326261,1.306171894,,1.587544759,,,,,,,,-0.722746253,0.915706992
0.775999606,0.752809584,0.811582327,-0.247067913,,0.780130506,,,,,,,,0.25807023,0.851515591
-2.20017767,-2.103344917,-1.88065505,-2.600574255,,-2.061392546,,,,,,,,0.174957842,0.09846358
-1.480415106,-1.44075048,-1.519109726,-2.138621092,,-1.48009177,,,,,,,,-1.031908989,-1.309476852
-4.563994884,-4.685626507,-4.929539204,-2.527305841,,-4.726386865,,,,,,,,1.153393984,0.775879622
0.632909417,0.921767831,1.130305767,1.272785902,,0.894994338,,,,,,,,-0.448156506,-0.009329271
-2.080496311,-1.934981227,-1.938534379,-2.002192736,,-1.984670639,,,,,,,,4.601463318,2.923537016
0.999955177,1.068958282,1.029495835,0.689894557,,1.032803098,,,,,,,,0.884842575,0.340766609
1.42851603,1.103667498,0.962012887,0.869115889,,1.164732138,,,,,,,,-2.041988373,-1.244719863
-1.928029418,-1.87149632,-1.753833294,-0.940395832,,-1.851119677,,,,,,,,2.405466557,1.023723245
3.237000942,3.58823204,3.576472282,2.818970919,,3.467235088,,,,,,,,3.524310112,3.250187397
0.96416378,1.104160786,0.867717922,2.076438427,,0.978680829,,,,,,,,-2.084594727,-2.940797806
-5.074856281,-5.068147182,-4.915567875,-6.121272087,,-5.01952378,,,,,,,,-2.254484653,-1.598626733
-2.508017302,-2.745695114,-2.664717913,-1.730805159,,-2.639476776,,,,,,,,-2.00045228,-0.505402565
-2.316179991,-2.39041543,-2.244333506,-2.117982626,,-2.316976309,,,,,,,,-0.413642615,-0.346887112
-3.48657608,-3.460939884,-3.372508049,-2.737611771,,-3.440008005,,,,,,,,-0.650364995,-0.995142221
-2.458549976,-2.382889271,-2.319702625,-1.693560243,,-2.387047291,,,,,,,,0.269389659,0.841365218
-0.839690864,-0.557392061,-0.509016991,-0.674107671,,-0.635366639,,,,,,,,0.057551846,-0.092535615
-1.976339102,-2.051488638,-2.050471783,-0.337860197,,-2.026099841,,,,,,,,0.675074458,1.34745574
-1.021224856,-0.913313746,-1.058659434,-0.792485476,,-0.997732679,,,,,,,,-0.712044895,-1.238112211
1.484258413,1.779831648,1.731185436,0.771626651,,1.665091832,,,,,,,,-1.567931652,-2.478298664
1.553291082,1.738382578,1.668197632,1.224550128,,1.653290431,,,,,,,,1.242939353,1.455725551
1.615060449,1.581970453,1.481053233,1.75478375,,1.559361378,,,,,,,,-0.139160857,0.28834042
-3.020771503,-3.181324005,-3.290869236,-4.00112772,,-3.164321582,,,,,,,,2.902893543,2.558008909
-0.460683078,-0.27698788,-0.230866224,0.172838241,,-0.322845727,,,,,,,,-1.036632299,-1.132677317
0.901853323,0.721687555,0.816968322,-0.363092244,,0.813503067,,,,,,,,0.436478406,0.078151919
1.927202463,1.93850255,1.876151562,2.825347662,,1.913952192,,,,,,,,1.098291159,0.976805091
-0.87782222,-1.074407697,-1.081983566,-0.890212238,,-1.011404494,,,,,,,,-1.902043819,-1.719695807
-1.167049646,-1.532696366,-1.411400795,-1.233907461,,-1.370382269,,,,,,,,0.689231277,-0.463514447
0.288691074,0.188770264,0.240163267,0.559331775,,0.239208202,,,,,,,,0.907783151,0.981985688
0.948850453,1.017132521,1.084417343,0.437491983,,1.016800106,,,,,,,,1.555669308,0.371322334
-3.620933056,-3.616773605,-3.485852242,-3.570748329,,-3.574519634,,,,,,,,0.919923663,1.616570592
-0.459822953,-0.353403866,-0.087913245,-1.617460132,,-0.300380021,,,,,,,,-0.601414084,0.450131297
-0.433033407,-0.39181459,-0.514296412,-0.580859125,,-0.44638147,,,,,,,,-0.198000088,-1.544447899
0.85685575,1.144306183,1.128645062,1.748224258,,1.043268998,,,,,,,,-0.223980725,0.266830981
-0.298838198,-0.521042287,-0.533516824,0.608024597,,-0.451132437,,,,,,,,1.785677671,0.381159812
-1.220280886,-1.267576814,-1.167138934,-0.044323415,,-1.218332211,,,,,,,,-0.270986378,-0.209054857
3.894593477,3.647114992,3.661304951,3.852624655,,3.734337807,,,,,,,,-0.602365196,0.867493629
-0.766076088,-0.692877889,-0.583648324,-1.759022474,,-0.680867434,,,,,,,,1.093987942,0.222609997
17.68538284,18.72611237,19.43671036,5.768142223,,18.61606852,,,,,,,,40.01683807,53.19055176
-2.138082743,-2.45928669,-2.549904346,-2.924847126,,-2.382424593,,,,,,,,2.189105749,1.725092888
1.629377723,1.493106723,1.637891889,2.389302731,,1.586792111,,,,,,,,0.786374688,1.138451338
1.474296808,1.384251595,1.221899271,0.331863403,,1.360149225,,,,,,,,0.457379878,1.427123308
-1.036611319,-0.813103616,-0.918383598,-1.882176876,,-0.922699511,,,,,,,,-2.189327478,-1.78337574
-0.436268985,-0.102380961,-0.203538209,-0.36916703,,-0.247396052,,,,,,,,1.247743368,2.302468538
2.057172537,1.941844225,1.862424135,2.631854773,,1.953813632,,,,,,,,-0.514374852,-0.453157485
1.632269382,1.846062183,1.791322231,0.072693825,,1.756551266,,,,,,,,0.241294205,-0.418920398
4.642200947,4.57911396,4.581561089,3.796059132,,4.600958665,,,,,,,,-0.422382206,0.376066804
-4.499659061,-4.643743992,-4.681811333,-3.493885756,,-4.608404795,,,,,,,,0.694491923,0.474743724
-1.231492996,-1.282091022,-1.106620312,-1.223702192,,-1.206734776,,,,,,,,1.068470716,0.876793444
-1.836794615,-2.052752018,-2.042453051,-2.86903286,,-1.977333228,,,,,,,,0.287630647,-0.195985824
1.383847952,1.172433496,1.159045219,2.614334583,,1.238442222,,,,,,,,-0.076551326,0.457263798
3.783144474,3.90241909,3.743640423,2.943222523,,3.809734662,,,,,,,,-2.460184813,-1.450975776
-0.27936393,-0.460086346,-0.316864997,-0.901967645,,-0.352105091,,,,,,,,-0.789777517,-1.437875509
1.759242773,1.981668949,2.016543388,1.900607347,,1.919151704,,,,,,,,0.366199732,-0.824208438
1.203657269,1.326165438,1.340103626,2.394526958,,1.289975444,,,,,,,,0.757118165,0.24142909
-2.020454884,-2.095460176,-2.131033421,-1.319016218,,-2.08231616,,,,,,,,-1.611240029,-0.118469857
-1.086761951,-0.886831284,-0.944004059,0.179471582,,-0.972532431,,,,,,,,1.745386124,3.477391243
-1.301641583,-1.32280302,-1.307308316,-0.08424592,,-1.310584307,,,,,,,,0.257534534,0.649625421
-2.137550831,-1.849067688,-1.936949492,-2.571717501,,-1.97452267,,,,,,,,-2.516930103,-1.423875332
2.505861282,2.648620605,2.482528687,1.430229425,,2.545670191,,,,,,,,0.665998578,0.573169112
-0.011943638,-0.014802516,0.009449005,1.10660696,,-0.005765716,,,,,,,,-0.731145918,-0.219617069
0.72184515,0.773780942,0.806813002,1.049794436,,0.767479698,,,,,,,,0.763091683,0.502865553
-0.871360421,-0.892726898,-0.737477064,-2.09962821,,-0.833854795,,,,,,,,-0.484316289,-1.264356852
-2.843035221,-2.902022123,-2.876444101,-2.49500227,,-2.873833815,,,,,,,,-0.571367502,-0.082907915
0.806506515,0.553011537,0.740635812,0.443576097,,0.700051288,,,,,,,,2.563187122,1.367762685
-1.236036897,-1.277426124,-1.401122808,-1.280022383,,-1.304861943,,,,,,,,0.97202003,0.418193698
1.622855902,1.864229321,1.892992258,1.366266608,,1.79335916,,,,,,,,0.942802131,1.45651567
3.920101643,3.517843485,3.551509142,2.303822517,,3.663151423,,,,,,,,2.0935812,1.705874205
-0.2353196,-0.268829197,0.045159921,0.078990161,,-0.152996292,,,,,,,,-0.377905726,0.37845099
2.090688944,1.965342045,2.055368185,2.743419409,,2.037133058,,,,,,,,-2.069786549,-2.22285223
-2.981382132,-2.870710611,-2.852656841,-3.062313795,,-2.901583195,,,,,,,,0.238645509,0.868917763
-1.12050724,-1.004839897,-1.237523437,-2.094956875,,-1.120956858,,,,,,,,-0.278158933,-0.263577819
0.085667253,0.047019307,0.182425886,0.325067222,,0.105037482,,,,,,,,0.6110636,0.942604065
-2.340895653,-2.317640066,-2.120108128,-1.881484151,,-2.259547949,,,,,,,,-1.946467042,-1.656169891
-0.229780853,-0.155768037,-0.24105531,-2.319082499,,-0.208868066,,,,,,,,-0.376900613,-0.269794852
-0.956102848,-0.910728693,-0.91433537,-1.118917465,,-0.927055637,,,,,,,,-0.635304809,-0.208864331
-1.952568054,-1.868969917,-1.798774958,-1.871863484,,-1.873437643,,,,,,,,-0.963796318,-0.970155001
-2.408057451,-2.381221533,-2.438923359,-3.341475725,,-2.409400781,,,,,,,,-0.542221665,0.01875326
0.191488981,-0.031120092,-0.333487481,0.025535136,,-0.057706197,,,,,,,,0.426259995,0.705995858
0.39920637,0.591432929,0.608744264,0.082285225,,0.533127854,,,,,,,,-0.617369592,-0.292821795
1.393261194,1.448124409,1.442884445,0.620604873,,1.428090016,,,,,,,,-0.123327881,-0.204129875
-0.829101026,-0.667059243,-0.65100497,-0.299544543,,-0.715721746,,,,,,,,0.846922517,1.299091578
0.776538849,0.739276528,0.646354437,1.812481046,,0.720723271,,,,,,,,0.620443046,-0.683485627
1.635381818,1.379569411,1.555292368,2.022361279,,1.523414532,,,,,,,,-0.839059114,-0.61609298
0.494691879,0.400481969,0.459896535,0.324223101,,0.451690127,,,,,,,,1.958715677,1.846288443
-0.684612393,-0.351301491,-0.39130044,-1.512225986,,-0.475738108,,,,,,,,1.862027049,0.498244196
0.093466476,0.253073215,0.089560509,-0.270242125,,0.145366733,,,,,,,,1.141899228,0.695419848
16.54203987,16.60702133,16.6179409,17.98470116,,16.5890007,,,,,,,,-2.441341877,-2.778958797
-1.638303518,-1.54797864,-1.424653888,-0.893153489,,-1.536978682,,,,,,,,-0.878908396,-0.200337499
-0.069520183,-0.114893205,-0.043903731,-0.302472919,,-0.076105706,,,,,,,,0.146576524,1.024065375
0.564846992,0.823422492,0.912411332,0.52434206,,0.766893605,,,,,,,,-1.351586938,-0.784888983
0.430594027,0.499337673,0.696238279,-0.465162933,,0.54205666,,,,,,,,-1.839347363,-2.334963322
-1.166106582,-1.609379768,-1.869455338,-2.667590857,,-1.548313896,,,,,,,,-0.310824275,-1.059217691
-0.263689876,-0.092512943,-0.077306345,0.362103164,,-0.144503055,,,,,,,,1.604535103,1.98362875
0.324693322,0.225046098,0.237947941,0.391303569,,0.262562454,,,,,,,,-0.70762372,-0.068649828
-1.375582933,-1.707872152,-1.737108946,-2.974582672,,-1.606854677,,,,,,,,-1.118682146,-1.367152929
-1.901989937,-2.052851915,-1.908640862,-1.776078343,,-1.954494238,,,,,,,,-2.582598686,-1.141528845
2.596125841,2.469574451,2.518577814,3.659621716,,2.528092702,,,,,,,,1.446300268,1.705980062
-0.717158496,-0.986850619,-0.878793597,0.125909686,,-0.860934238,,,,,,,,0.823774278,1.620557308
-0.923337102,-0.82806623,-1.131626725,-0.941606462,,-0.961010019,,,,,,,,1.424577594,0.887867391
3.307862997,3.557765484,3.47081399,4.095540047,,3.445480824,,,,,,,,-1.620759845,-1.352400541
-0.008580821,-0.054286383,-0.017370069,-0.892613947,,-0.026745758,,,,,,,,1.378335595,0.738147974
0.111610353,0.598293185,0.44227618,0.327954769,,0.384059906,,,,,,,,0.339716911,0.020546511
9.273530006,9.457687378,9.366528511,9.141386032,,9.365915298,,,,,,,,3.898409843,4.454759121
-2.002228737,-2.178943396,-1.729215622,-1.846701145,,-1.970129251,,,,,,,,-1.032966495,-0.682423174
1.406702757,1.245399952,1.29550457,1.982471824,,1.315869093,,,,,,,,2.230647326,3.749302387
-2.095444918,-1.901105642,-1.873354077,-2.19571805,,-1.956634879,,,,,,,,-1.019995451,-0.566647947
-2.654043913,-2.516710758,-2.591827631,-3.518144608,,-2.587527434,,,,,,,,-1.904426694,-0.796340644
1.227293968,1.366065025,1.157322168,1.027083993,,1.250227054,,,,,,,,0.889372706,1.179696202
-0.134769619,-0.144935429,-0.190568268,-0.571842909,,-0.156757772,,,,,,,,1.704132318,0.911817133
-2.359242916,-2.218811274,-2.401721478,-1.293174744,,-2.326591889,,,,,,,,-1.205239773,-1.508487105
0.552178144,0.551206172,0.597636759,0.216605842,,0.567007025,,,,,,,,-1.028140187,-0.47279501
5.582517624,5.367283344,5.218812466,5.338798523,,5.389537811,,,,,,,,1.418068409,0.709577858
0.137469918,0.192485884,0.255426675,-0.200717494,,0.195127492,,,,,,,,-0.102788493,-0.674202442
-0.773288071,-0.854689777,-0.776243627,-2.352321625,,-0.801407158,,,,,,,,-0.460436225,0.158459857
-1.726142645,-1.750202417,-1.757869482,-1.534787893,,-1.744738181,,,,,,,,-0.234853879,-0.542437732
-1.585529566,-1.4896276,-1.403314114,-1.070339084,,-1.49282376,,,,,,,,1.848224521,0.849782526
-2.227399111,-2.388362169,-2.491047859,-1.055894136,,-2.36893638,,,,,,,,-1.052155972,-0.995199025
-1.63130188,-1.41211772,-1.728995323,-0.842963159,,-1.590804974,,,,,,,,1.246944666,0.916258335
-0.655812442,-0.743604481,-0.824953079,-0.035017699,,-0.741456668,,,,,,,,-3.232574701,-3.24349761
-2.41018939,-2.430281401,-2.510096788,-2.25784874,,-2.450189193,,,,,,,,-0.338779151,0.319243759
0.020535201,0.174824536,0.171483964,-1.096606612,,0.122281233,,,,,,,,-1.339860201,-1.435364604
1.973465443,2.141152382,2.084532261,1.23668313,,2.066383362,,,,,,,,2.111988068,1.662931681
-2.211482525,-2.268335104,-2.556694269,-2.968498945,,-2.345503966,,,,,,,,-2.04095006,-1.245415211
1.004111767,0.622408688,0.594550133,2.510266781,,0.740356863,,,,,,,,-0.772044539,-0.259271681
-0.682227075,-0.770519435,-0.642579198,-1.264506221,,-0.698441903,,,,,,,,-0.77831459,-1.027523518
1.702103496,1.790796757,1.872894168,1.680898309,,1.78859814,,,,,,,,-1.303360581,-0.680954814
-1.548789024,-1.437685013,-1.391522884,-3.169660568,,-1.459332307,,,,,,,,-1.734260201,-0.664704442
3.714693069,3.72997117,3.749409914,3.416805506,,3.731358051,,,,,,,,0.178670853,0.861894131
-1.947085142,-2.001129627,-1.960773945,-3.445455074,,-1.969662905,,,,,,,,-2.483347178,-2.428852558
-11.6562891,-11.64014721,-11.67650795,-11.38386726,,-11.65764809,,,,,,,,-1.918208361,0.640382767
-2.208364964,-2.230073929,-2.239844322,-2.853399515,,-2.226094405,,,,,,,,-0.00992924,-0.429597974
-0.994799614,-1.142788172,-1.231733799,-1.339016199,,-1.123107195,,,,,,,,-0.486633122,0.550658703
-1.872734189,-1.975898623,-2.028479815,-1.559745908,,-1.959037542,,,,,,,,-1.0001719,0.115336075
-0.339087129,-0.525219798,-0.615363121,-1.365074873,,-0.493223349,,,,,,,,-0.285440087,-1.062914252
0.463546216,0.708125532,0.623198688,-0.380628347,,0.598290145,,,,,,,,0.40547052,-0.538516998
-0.476036817,-0.161829203,-0.300029039,0.944411039,,-0.312631687,,,,,,,,0.184539601,0.550147295
-1.249679923,-1.295596004,-1.37301898,-0.830306888,,-1.306098302,,,,,,,,-2.05748105,-1.104244232
-2.41275835,-2.477309227,-2.448359013,-1.892502427,,-2.446142197,,,,,,,,0.592693508,0.188906938
-0.416253775,-0.090344816,0.0843108,1.433501482,,-0.140762597,,,,,,,,-1.657385468,-0.397824585
1.242872477,1.306077719,1.455452085,0.795874596,,1.33480076,,,,,,,,-0.531575203,-0.498628527
-2.677508593,-2.678610086,-2.480236292,-2.683601379,,-2.612118324,,,,,,,,-0.050204471,-0.334463179
0.410803974,0.489824712,0.737236738,1.257955074,,0.545955141,,,,,,,,-0.026008666,0.962705255
2.003904819,1.849876404,2.177116871,1.821045876,,2.010299365,,,,,,,,0.677738667,0.657283604
3.943809986,4.01906395,3.959555149,3.983221292,,3.974143028,,,,,,,,0.120406464,-0.311540544
-0.485179126,-0.926724136,-0.770855963,0.089651793,,-0.727586408,,,,,,,,-0.14741227,0.741507888
-1.115107059,-1.133029461,-1.131040335,-1.320816517,,-1.126392285,,,,,,,,-0.361130953,-0.936608613
3.043757439,3.114156485,3.223235846,3.362408876,,3.127049923,,,,,,,,-1.622404814,-1.940708637
-3.286491156,-3.255032778,-3.104228497,-2.566482306,,-3.21525081,,,,,,,,-1.859553576,-1.168844342
-0.375130117,-0.440779865,-0.311141342,-0.982625425,,-0.375683775,,,,,,,,-0.311854064,-0.233570993
-3.03305006,-3.052689075,-3.122431755,-3.24162364,,-3.069390297,,,,,,,,0.872900724,1.286873221
0.639428735,0.506683826,0.402563691,-0.176352054,,0.516225417,,,,,,,,1.98913312,1.253043532
1.927062035,1.95893836,1.859268785,3.356396914,,1.915089726,,,,,,,,0.571832538,0.495833814
1.726393342,1.489467382,1.497833252,1.823381782,,1.571231325,,,,,,,,1.322626829,1.421973705
0.243447244,0.402627349,0.566459417,0.713119507,,0.404178003,,,,,,,,0.990554094,0.624448776
0.300330162,0.313309431,0.526954532,0.121781737,,0.380198042,,,,,,,,0.261876374,0.032949224
-2.099376678,-2.159146309,-1.769985199,-1.783517122,,-2.009502729,,,,,,,,0.77734673,2.598541737
0.484236658,0.477397382,0.451586902,0.695426226,,0.471073647,,,,,,,,-0.083217427,0.945607543
-2.286369801,-2.144643784,-2.177453995,-0.969127655,,-2.202822526,,,,,,,,0.253130227,-0.701688707
0.630869508,0.565397084,0.666941643,0.781384468,,0.621069411,,,,,,,,-1.985204935,-2.271204472
4.116516113,4.157362461,3.939144611,3.946310997,,4.071007729,,,,,,,,1.765907049,0.615785658
0.436566412,0.427142322,0.28210026,1.849482059,,0.381936332,,,,,,,,0.943163395,0.206674933
-1.008190632,-1.025437713,-0.872307539,-1.531571269,,-0.968645295,,,,,,,,-1.760938406,-2.267371178
1.038604259,1.22201705,1.122044325,0.50451076,,1.127555211,,,,,,,,1.980710745,0.96811974
0.928271592,0.775519431,0.896153152,-0.062973507,,0.866648058,,,,,,,,-0.455244124,-0.07735873
1.872721672,2.065861225,2.030457497,2.740921736,,1.989680131,,,,,,,,0.934099317,1.327980518
2.697087526,2.727419138,2.41762948,2.398828745,,2.614045382,,,,,,,,-0.926931977,-0.879904747
1.197138548,1.322384357,1.390977502,0.726541698,,1.303500136,,,,,,,,-0.76361227,-0.47486949
-0.158259928,-0.518844128,-0.564647794,1.365460396,,-0.413917283,,,,,,,,0.466398835,-0.123877436
-0.106630832,-0.031912148,0.245383114,0.246289685,,0.035613378,,,,,,,,0.980523646,1.146912098
1.980885029,2.067718983,2.026604414,2.449111223,,2.025069475,,,,,,,,0.674611986,1.40835309
3.016703129,2.739746571,2.622588634,3.704925299,,2.793012778,,,,,,,,0.551349759,0.144139007
2.975091696,2.719723463,2.652708769,1.463575363,,2.782507976,,,,,,,,-0.967032194,-0.307457864
3.011085272,2.937179089,3.006334066,2.789150238,,2.984866142,,,,,,,,0.854694247,0.998929501
0.228582352,0.19829005,0.169035643,0.641067028,,0.198636015,,,,,,,,-0.42074281,-1.119029045
-3.255515099,-3.507624865,-3.333740473,-4.010452271,,-3.365626812,,,,,,,,-0.674401522,0.399376601
-1.671462297,-1.676179886,-1.454478621,-2.472048044,,-1.600706935,,,,,,,,-1.639729261,-1.630727768
1.060316324,1.131823301,1.19890511,1.780110359,,1.130348245,,,,,,,,-1.24059844,-1.002867579
3.558628559,3.372302294,3.385870457,3.501065969,,3.43893377,,,,,,,,-1.067079186,-0.718986869
-1.64763999,-1.24834764,-1.082568526,-0.873410702,,-1.326185385,,,,,,,,0.406083643,-0.155243725
1.962369204,2.298584938,2.318539858,2.164560318,,2.193164666,,,,,,,,0.862021804,1.601755619
2.31353426,2.451466084,2.479885101,3.209052324,,2.414961815,,,,,,,,0.618565321,0.606885076
2.027638435,1.819131374,1.905484915,2.423625231,,1.917418242,,,,,,,,1.573176622,1.405842543
-2.214732647,-2.014017105,-2.07225132,-2.954616785,,-2.100333691,,,,,,,,1.643572807,1.344011426
1.766457081,1.93041265,1.997511864,0.819190204,,1.898127198,,,,,,,,0.673729599,1.001787424
0.469361603,0.26893723,0.588754117,0.927817047,,0.442350984,,,,,,,,-0.285455346,-0.708130181
3.857124567,4.100238323,4.015006065,4.138572216,,3.990789652,,,,,,,,1.705586433,1.736039996
-0.458280563,-0.515095174,-0.340953112,-1.613076091,,-0.438109616,,,,,,,,2.894815922,1.690060735
-0.316336572,-0.298567176,-0.063035965,-0.438183069,,-0.225979904,,,,,,,,-0.14015922,-0.947078049
-0.582710981,-0.676843584,-0.597570717,0.138210982,,-0.619041761,,,,,,,,-1.017086029,-1.26765883
0.405752003,0.371851504,0.328039348,0.347135425,,0.368547618,,,,,,,,-0.140871972,0.452422619
-0.883197844,-0.752820194,-0.404371321,-0.258538961,,-0.680129786,,,,,,,,2.040844917,1.761062622
1.817867517,1.934678197,1.924710751,2.215595484,,1.892418822,,,,,,,,0.571608067,0.106197752
-1.678448677,-1.591637135,-1.674990654,-1.843321323,,-1.648358822,,,,,,,,-0.584413826,-1.109027863
0.776477695,0.842749953,0.735082984,0.463792801,,0.784770211,,,,,,,,2.060754299,1.691801786
2.155464888,2.412644625,2.287352324,1.843024731,,2.285153945,,,,,,,,-0.299791098,0.114424959
0.099059463,0.157863677,0.041326225,0.483067334,,0.099416455,,,,,,,,-1.322262287,-0.744858086
-2.247998238,-2.319819212,-2.303158522,-0.562392652,,-2.290325324,,,,,,,,-0.827123523,-0.165979549
-2.871044159,-2.665782452,-2.687172413,-4.462741375,,-2.741333008,,,,,,,,0.073293716,-0.360745072
-0.243019581,-0.468956232,-0.452462912,-1.665670991,,-0.388146242,,,,,,,,1.447177172,1.826449275
-1.280046582,-0.921799302,-1.029883742,-1.427090168,,-1.077243209,,,,,,,,-2.393693209,-0.714206934
-2.446509838,-2.534107685,-2.410421371,-1.063952923,,-2.463679632,,,,,,,,1.074526906,1.44438529
-8.717681885,-8.706096649,-8.602122307,-7.935746193,,-8.67530028,,,,,,,,-1.434720874,-1.111015439
-2.363450527,-2.43743372,-2.514428616,-3.412762165,,-2.438437621,,,,,,,,-0.65130645,-0.937265635
3.041511297,2.748738289,2.752824545,2.454654694,,2.847691377,,,,,,,,-1.062677383,0.254390359
-0.374665022,-0.369588315,-0.379387915,0.299963832,,-0.374547084,,,,,,,,-1.692510605,-1.491311073
-2.002105713,-1.993157148,-1.917408466,-2.22546792,,-1.970890443,,,,,,,,1.314184904,1.903406143
-1.684267998,-1.483195066,-1.338840604,-1.779162407,,-1.502101223,,,,,,,,1.885496616,2.164694309
-0.623181105,-0.76554364,-1.007260442,0.94462359,,-0.798661729,,,,,,,,0.225086331,0.286864311
1.220411301,1.179177761,1.191679001,1.414354682,,1.197089354,,,,,,,,0.482444495,-0.215747416
-3.058929682,-2.859418631,-3.031596184,-2.850546837,,-2.983314832,,,,,,,,1.423107147,0.232967064
1.73058176,1.475010633,1.304794788,2.072890759,,1.503462394,,,,,,,,3.358438969,2.370247364
0.820084095,0.938770294,0.93707788,1.468322873,,0.89864409,,,,,,,,0.386051893,-0.224224165
0.800827026,0.694780231,0.706451893,0.430485457,,0.734019717,,,,,,,,-1.395823956,-2.033630371
2.17534256,2.247659206,2.361841202,2.616870403,,2.261614323,,,,,,,,0.487309575,1.982794642
1.259911299,1.459628344,1.227071285,0.312167764,,1.315536976,,,,,,,,-1.85081923,-1.3964324
-2.468714714,-2.450531244,-2.335564852,-2.007328987,,-2.41827027,,,,,,,,1.05965066,1.110796928
1.100345731,1.22107625,1.214333177,1.072802305,,1.178585052,,,,,,,,0.838709056,1.101321936
-1.712498426,-1.909798384,-1.825234413,-1.600089192,,-1.815843741,,,,,,,,-0.389978707,-0.274378955
0.162797481,0.441862285,0.415164292,-0.05765295,,0.339941353,,,,,,,,-1.040441036,-0.68240416
-1.436662197,-1.176370263,-0.982966185,-2.262602329,,-1.198666215,,,,,,,,0.831994057,-0.186803937
2.938027382,3.081630707,2.934617519,1.362469435,,2.984758536,,,,,,,,-1.124393344,-0.411304295
5.392443657,5.59881115,5.582698822,5.24585247,,5.52465121,,,,,,,,-0.530510128,-0.342970908
-0.395441741,-0.463227957,-0.402550727,0.02176968,,-0.420406808,,,,,,,,-0.86203295,-1.683255315
-4.001671791,-3.93692112,-4.085095882,-4.342502117,,-4.007896264,,,,,,,,1.633069634,0.376133025
1.226368308,1.246155143,1.487991452,1.161675215,,1.320171634,,,,,,,,1.181614876,0.672420382
3.714400291,3.643291235,3.829989195,3.430395842,,3.729226907,,,,,,,,-0.536745071,-0.355953217
-1.667306542,-1.664270997,-1.591936946,-1.249145746,,-1.641171495,,,,,,,,-0.124486201,0.859991431
-4.292115211,-4.462721348,-4.318854809,-3.264661312,,-4.357897123,,,,,,,,-1.729826808,-1.705937862
1.966392279,2.317072392,2.285185099,0.836268783,,2.189549923,,,,,,,,-0.850900471,-0.475087345
-2.77504158,-2.545388699,-2.424928665,-2.269690752,,-2.581786315,,,,,,,,-1.219926476,-0.892645121
0.265208364,0.241293162,0.098786809,0.347815514,,0.201762778,,,,,,,,1.21532321,1.050493002
0.327137649,0.455415666,0.269296288,0.237233192,,0.350616535,,,,,,,,0.691182911,0.948905945
0.615076363,0.912275493,0.796672583,1.88950932,,0.774674813,,,,,,,,-0.787873626,-2.061025143
-2.56029892,-2.632588387,-2.430060148,-3.334794283,,-2.540982485,,,,,,,,0.568665504,-0.539755344
-0.260194361,-0.337259352,-0.306325138,-0.490570396,,-0.301259617,,,,,,,,1.783544898,1.505328536
1.651108027,1.979809999,1.888305187,1.121576071,,1.839741071,,,,,,,,-0.526016951,-1.105459452
0.571763515,0.182337791,0.073503554,0.010771558,,0.275868287,,,,,,,,0.467563212,0.806815028
3.190384865,3.163144588,3.174888134,3.40918684,,3.176139196,,,,,,,,0.60435468,1.334700584
-0.428992659,-0.48711887,-0.571778953,-0.918447971,,-0.495963494,,,,,,,,-0.34778887,0.133370519
-1.491013885,-1.574878573,-1.397770762,-1.998841882,,-1.48788774,,,,,,,,-0.205207199,-0.309235334
-2.668491364,-2.793984652,-2.745906591,-1.69718039,,-2.736127536,,,,,,,,1.486574411,0.612189293
1.10521102,1.066566467,1.162192345,0.866276026,,1.111323277,,,,,,,,0.612565219,1.301180363
0.969143271,1.057771921,0.988186002,1.269829154,,1.005033731,,,,,,,,-2.206451416,-3.441549301
1.249902725,1.254589796,1.149970174,0.832005739,,1.218154232,,,,,,,,1.573340774,1.342473626
2.122470856,2.058118343,2.090208054,2.521884203,,2.090265751,,,,,,,,0.570747077,0.277419746
2.145001411,2.172377825,2.079968214,1.317824244,,2.13244915,,,,,,,,1.315456986,1.094391108
-2.05124712,-2.130565166,-2.139957428,-2.312186718,,-2.107256571,,,,,,,,-2.132447243,-0.984687328
-0.898930848,-1.00536108,-0.942648411,-2.039899588,,-0.948980113,,,,,,,,-0.752824485,-0.009591699
-0.593324363,-0.411687046,-0.560379267,0.040055953,,-0.521796892,,,,,,,,0.777592778,0.473551393
0.332467258,0.557692587,0.239802301,0.117124155,,0.376654049,,,,,,,,-1.074998617,-0.932629049
-0.900139689,-0.8532722,-0.624010563,-1.350239635,,-0.792474151,,,,,,,,-0.413842499,-0.22725977
-0.251672477,-0.436418533,-0.390290678,0.773729801,,-0.359460562,,,,,,,,3.698242903,1.698977828
0.841412127,0.936977267,1.007827997,0.508318305,,0.92873913,,,,,,,,0.881717563,-0.588855863
0.1031515,0.333072364,0.424471915,1.177322388,,0.286898593,,,,,,,,-1.365396738,-0.695238769
1.099564195,1.252401829,1.112778068,2.220441341,,1.154914697,,,,,,,,0.059210971,-0.485465407
0.819935501,0.767195046,0.717841089,0.956108153,,0.768323878,,,,,,,,0.719612718,0.231449157
-0.355004489,-0.184867412,0.054453611,1.006217241,,-0.161806097,,,,,,,,1.611665845,0.791477203
0.833814919,0.705964804,0.711448133,0.980023146,,0.750409285,,,,,,,,0.331736803,1.056607246
0.277078182,0.16949144,0.459024698,0.416570723,,0.301864773,,,,,,,,-0.175575539,0.378902137
0.855091155,0.792705417,0.465843499,0.089285523,,0.70454669,,,,,,,,-1.320876479,-1.82700491
-1.986938834,-1.894071698,-1.747490406,-2.309745789,,-1.876166979,,,,,,,,-0.827281535,0.530139208
3.609614849,3.735579491,3.642058372,4.165782452,,3.662417571,,,,,,,,-0.619697511,0.206271082
0.512066126,0.32797417,0.198203132,-0.211896464,,0.346081143,,,,,,,,1.656465769,0.948208928
3.909671783,3.681999207,3.88902235,4.86413002,,3.82689778,,,,,,,,2.006400108,2.155151129
0.872280717,0.93573606,1.141212225,1.117539525,,0.983076334,,,,,,,,-0.799045622,-0.507920265
-1.079883218,-1.073789716,-1.124902844,-0.855878711,,-1.092858593,,,,,,,,-1.151461601,-0.715573907
6.083884716,6.474372387,6.438039303,5.508931637,,6.332098802,,,,,,,,1.338702917,0.733927131
0.179376811,-0.079415888,-0.116913348,0.171723485,,-0.005650808,,,,,,,,0.335807085,-0.282400429
-0.254670501,-0.078052044,-0.149885297,-0.607570529,,-0.16086928,,,,,,,,-0.411742508,0.252772599
-2.988353968,-3.097628593,-2.94130969,-1.759226203,,-3.009097417,,,,,,,,0.289617211,-0.083147228
1.743813634,1.616621256,1.643325448,1.162386656,,1.667920113,,,,,,,,-0.579997182,-0.888155103
2.079292297,1.987771511,2.13822937,1.658043146,,2.06843106,,,,,,,,0.362276882,0.386770785
1.11033833,0.797639728,0.802979589,-0.79684335,,0.903652549,,,,,,,,1.389084339,1.568416476
-0.161400318,-0.159466982,-0.013163313,1.1159724,,-0.111343538,,,,,,,,0.319320321,0.383725077
-2.731460571,-2.817620754,-2.741842031,-1.655989647,,-2.763641119,,,,,,,,-0.641641617,-0.462998331
3.017246962,2.936415911,3.03046298,2.221736193,,2.994708618,,,,,,,,3.719024897,3.009475231
-3.291007519,-3.131829977,-3.125517368,-3.444443226,,-3.182784955,,,,,,,,0.790765285,0.206132323
1.345772147,1.80098772,1.717602491,1.921158671,,1.62145412,,,,,,,,0.365714908,0.55632782
0.394097686,0.087262064,0.136949718,-0.406077832,,0.206103156,,,,,,,,1.020283699,0.732046247
-0.737258792,-0.61625123,-0.753282428,0.280483961,,-0.70226415,,,,,,,,-0.409386247,0.455211043
-0.027076319,0.114555679,0.071024179,-0.122610927,,0.052834513,,,,,,,,-1.732081175,-0.378410637
-0.283187032,-0.505632281,-0.423476785,-1.404033422,,-0.404098699,,,,,,,,-1.723087549,-1.268418074
4.568883896,4.509748459,4.55691433,4.675457954,,4.545182228,,,,,,,,-0.60500294,-1.471062183
0.315957278,0.442684263,0.517875195,0.456874996,,0.425505579,,,,,,,,-0.527274489,-0.160246864
-0.89065975,-0.665017188,-0.501721025,-0.257863909,,-0.685799321,,,,,,,,-0.040360853,-1.262229204
-5.06320858,-4.907494545,-5.069344521,-3.137393951,,-5.013349215,,,,,,,,-0.858790159,-0.859276772
-1.892418981,-1.756864667,-1.871983647,-2.410327911,,-1.840422432,,,,,,,,0.288388848,0.303829193
-2.135722637,-2.278935671,-2.204758167,-2.827515364,,-2.206472158,,,,,,,,-0.167334795,-0.62968421
-2.986169577,-3.275438547,-3.280388832,-3.112029552,,-3.180665652,,,,,,,,-1.279617786,-0.9978441
0.248592615,0.396626323,0.619444132,-0.150141448,,0.421554357,,,,,,,,1.093820572,0.439146578
0.063875094,0.50921154,0.639015973,0.464713395,,0.404034202,,,,,,,,-1.009887934,-0.258850098
-1.361913085,-1.042421222,-1.0576334,0.195864826,,-1.153989236,,,,,,,,-1.022845268,-0.410778999
-1.073403478,-1.096686721,-1.192973733,-0.821765065,,-1.12102131,,,,,,,,-1.208763719,-1.388368845
1.022219896,0.750326514,0.486304432,1.52967608,,0.752950281,,,,,,,,-0.478196144,-2.42916441
-0.73311317,-0.98471123,-1.069952846,-0.443489879,,-0.929259082,,,,,,,,-2.050785065,-1.870723963
0.494329482,0.71905005,0.455542654,-0.622219741,,0.556307395,,,,,,,,1.566642046,1.029507637
1.234794736,1.121518612,1.189970851,1.303321004,,1.182094733,,,,,,,,-2.364349365,-2.098736048
-1.582883239,-1.779678583,-1.801002741,-1.18629396,,-1.721188188,,,,,,,,1.460368276,0.423980594
-4.219081402,-4.464040279,-4.222989559,-4.912541389,,-4.30203708,,,,,,,,-0.32133612,-0.061655283
-1.935142994,-1.813442469,-1.783950925,-2.116800785,,-1.844178796,,,,,,,,1.930335045,1.366889358
0.601394594,0.62558049,0.457155526,0.43057248,,0.56137687,,,,,,,,-0.050247312,0.426382542
-2.41360116,-2.585653305,-2.493971109,-2.811801434,,-2.497741858,,,,,,,,2.129667044,2.061491013
5.065430641,4.709807396,4.892276764,4.816630363,,4.8891716,,,,,,,,-1.139357686,-0.942578077
-0.750528455,-0.528425992,-0.454563558,-0.796839952,,-0.577839335,,,,,,,,-3.311001539,-2.179115057
-1.487559199,-1.889094114,-1.834891796,-1.551210403,,-1.737181703,,,,,,,,-3.823266983,-3.426994801
1.705515623,1.38716352,1.322626114,2.543824673,,1.471768419,,,,,,,,-0.719276547,-1.262693405
0.291997612,0.474263966,0.573611319,-0.207441121,,0.446624299,,,,,,,,0.512310386,-0.739879131
-3.219430685,-3.246427298,-3.188485622,-3.917660236,,-3.218114535,,,,,,,,1.18007803,0.757515907
0.80335784,0.807796359,0.804232299,-0.061769873,,0.805128833,,,,,,,,1.630656481,0.616191566
0.377083004,0.60530901,0.503729463,-0.072199903,,0.495373825,,,,,,,,1.650268316,1.163043261
5.614368916,5.514574528,5.419420242,5.189669132,,5.516121229,,,,,,,,0.163958684,0.539806068
2.284891844,2.481237411,2.458455563,2.579493284,,2.408194939,,,,,,,,1.808538914,1.396896124
-0.080648005,-0.322558045,-0.067315102,-0.332798421,,-0.156840384,,,,,,,,1.823783159,-0.082863063
2.535012722,2.462713957,2.454492092,2.326110125,,2.484072924,,,,,,,,0.370409191,0.244200349
1.198670506,1.187890053,1.037637591,0.729804099,,1.141399384,,,,,,,,-0.683408141,-0.770801961
2.95519042,3.346520662,3.185693502,3.641434669,,3.162468195,,,,,,,,-3.249544144,-1.951321363
-0.889592707,-0.701671779,-0.71364367,-2.124030113,,-0.768302719,,,,,,,,0.60213697,0.790701985
-1.665789485,-1.567144275,-1.56139338,-2.361870289,,-1.598109047,,,,,,,,-1.584769726,-1.767838001
3.074688435,3.010491848,3.190724134,3.439359426,,3.091968139,,,,,,,,0.699222505,0.689545155
1.497075915,1.366440535,1.599948287,2.414904594,,1.487821579,,,,,,,,-1.175952435,-1.405433774
1.336999297,1.274881363,1.150957227,1.461189628,,1.254279296,,,,,,,,-0.936896265,-2.253866911
-2.160564184,-2.178379297,-2.149490118,-2.265590668,,-2.1628112,,,,,,,,0.321038097,0.254429817
0.001445819,-0.164733097,-0.10923776,-0.69220376,,-0.09084168,,,,,,,,-0.454685688,-0.650727451
-0.003861129,0.151182413,0.166941345,-0.364102423,,0.10475421,,,,,,,,-1.180129528,-0.257641494
-1.134251118,-1.144830942,-1.327331781,-2.677547216,,-1.202137947,,,,,,,,0.626840055,0.832828283
0.634600043,0.834908664,1.014753103,1.431240797,,0.82808727,,,,,,,,-0.62563616,-0.233002275
1.042257786,0.846229851,0.885118544,1.263341784,,0.924535394,,,,,,,,1.593167782,1.18789196
0.605832338,0.387801468,0.173637867,-0.511450529,,0.389090558,,,,,,,,-1.417758703,0.653866291
-1.130528212,-1.460923553,-1.480694175,-1.115602493,,-1.35738198,,,,,,,,1.325699329,-0.311976373
0.737539649,0.624529839,0.464027405,0.506591022,,0.608698964,,,,,,,,0.440457493,0.76814568
0.7428298,0.970033109,0.835971653,2.12802434,,0.849611521,,,,,,,,0.915452957,0.84596765
0.07770738,-0.114840001,-0.108039707,0.291996181,,-0.048390776,,,,,,,,0.212623134,0.928161621
-0.139703095,-0.048911303,-0.008951396,1.037540674,,-0.065855265,,,,,,,,-2.463639975,-2.081994295
-1.784837246,-1.95349884,-2.064142227,-2.225394249,,-1.934159438,,,,,,,,-0.531681478,0.210387722
2.879452705,2.807869434,2.715360403,3.300029755,,2.800894181,,,,,,,,0.496346265,0.741608322
-2.560925722,-2.667914867,-2.642029285,-3.215442657,,-2.623623292,,,,,,,,-1.660616159,-0.774117708
0.78469944,0.814072132,0.684989095,0.603310585,,0.761253556,,,,,,,,2.354843616,1.43652916
-1.301024437,-1.240581274,-1.147952557,-1.195639372,,-1.229852756,,,,,,,,0.310943574,0.0243278
0.600027204,0.984494328,0.983698606,1.084814548,,0.85607338,,,,,,,,1.137085199,1.201464891
-2.679689646,-2.658947229,-2.627051353,-2.083821535,,-2.65522941,,,,,,,,-1.092075706,-1.358622313
3.742768288,4.04515934,4.185647964,3.971092701,,3.991191864,,,,,,,,-0.258906782,0.075720474
-1.335261703,-1.542857409,-1.68784976,-1.608781815,,-1.521989624,,,,,,,,-1.21711874,-1.322666407
-1.407584071,-1.163612485,-0.99017179,-1.594668746,,-1.187122782,,,,,,,,1.673108816,0.985427499
-0.291354567,-0.153214738,-0.124634326,0.379408985,,-0.189734543,,,,,,,,0.658803403,0.245732814
-0.60853982,-0.486272633,-0.50054425,-1.361546874,,-0.531785568,,,,,,,,-0.289749026,-0.373196393
-0.87822032,-1.1208812,-0.861588597,-0.253949404,,-0.953563372,,,,,,,,0.90502125,-0.391085863
-0.599990368,-0.453019977,-0.644255757,-0.61772269,,-0.565755367,,,,,,,,2.378376961,1.634764433
2.233937979,2.551119804,2.571014404,2.695206881,,2.452024062,,,,,,,,1.710183144,1.839768648
-0.507669747,-0.801489353,-0.858033538,-0.538822055,,-0.722397546,,,,,,,,1.073215961,0.685868561
-3.880524874,-3.610851526,-3.547961473,-4.468855381,,-3.679779291,,,,,,,,2.57981801,1.012001514
-1.154435039,-1.118445754,-1.198346734,-0.819975972,,-1.157075842,,,,,,,,1.503905773,0.600649953
-2.651592255,-2.555897713,-2.620057106,-3.145414352,,-2.609182358,,,,,,,,-1.627080083,-1.121997595
1.743157148,1.683627844,1.821946621,1.620924115,,1.749577204,,,,,,,,-2.06516695,-1.869853258
-0.321904421,-0.649523437,-0.81056273,-1.163896799,,-0.593996863,,,,,,,,-0.610656679,-0.570615351
1.241191626,1.23417449,1.325815797,-0.26335746,,1.267060637,,,,,,,,-2.293119669,-1.573195457
0.370977193,0.582971931,0.650500715,0.01358366,,0.534816613,,,,,,,,-0.594531775,-1.475852132
-1.6063205,-1.40414381,-1.334349036,-1.283581853,,-1.448271116,,,,,,,,2.268626213,0.973624587
3.19128108,3.252946377,3.315294743,2.869614124,,3.253174067,,,,,,,,0.42474243,0.560965955
-0.410610795,-0.398469448,-0.261198878,-0.09380883,,-0.356759707,,,,,,,,-1.55138123,-1.979960918
0.041519597,0.108623393,0.166050106,-0.554929614,,0.105397699,,,,,,,,0.410576165,0.064702831
-2.239881039,-2.242473841,-2.396904469,-1.967374802,,-2.293086449,,,,,,,,-0.753742635,-0.301793456
1.327612758,1.405014396,1.580816269,2.53333497,,1.437814474,,,,,,,,-0.169065863,0.4095698
0.745687604,0.574891686,0.513991356,2.063655853,,0.611523549,,,,,,,,0.816814601,-0.498519123
2.890642881,2.876864433,2.887195587,3.473914385,,2.884900967,,,,,,,,1.624680042,0.803293645
1.340055585,1.368071198,1.34796989,0.894886374,,1.352032224,,,,,,,,0.441978842,0.230160818
2.398384333,2.461727381,2.273185968,2.108421564,,2.377765894,,,,,,,,-2.198748112,-2.690311909
4.542681217,4.164015293,4.064638138,4.986744404,,4.257111549,,,,,,,,-0.331145942,-0.290898025
-0.517689228,-0.50066632,-0.379251242,-0.544741273,,-0.46586893,,,,,,,,2.615804434,2.724143028
0.964701533,0.884474516,0.87378335,1.746994972,,0.907653133,,,,,,,,1.616862535,0.398791313
1.035944223,1.126123428,1.293843746,1.516353369,,1.151970466,,,,,,,,1.430205941,1.342069268
-0.104450792,0.277780652,0.385272324,-0.482936114,,0.186200728,,,,,,,,1.716279745,1.30875349
1.551906586,1.576100349,1.572962999,0.439078003,,1.566989978,,,,,,,,1.733603954,2.013559341
-0.05249466,0.07863272,0.195817873,-0.703636825,,0.073985311,,,,,,,,0.026603445,0.076576769
-1.751664639,-1.794708014,-1.886064172,-1.360503554,,-1.810812275,,,,,,,,-0.398975223,0.715061069
1.537697196,1.284747362,1.207198143,2.545152426,,1.343214234,,,,,,,,0.252425075,-0.570867121
3.654561043,3.904087543,3.812185049,4.576334476,,3.790277878,,,,,,,,2.09218955,1.600865602
-0.315047145,-0.210772753,-0.409237504,-1.691086411,,-0.311685801,,,,,,,,-0.336071461,-0.239719599
2.512350559,2.640856028,2.563696623,1.740976572,,2.57230107,,,,,,,,1.534735203,1.766212583
-1.490176558,-1.901812792,-2.042146444,-2.237840414,,-1.811378598,,,,,,,,-0.302107066,-1.239439964
4.505185604,4.639317989,4.805820465,3.697533131,,4.65010802,,,,,,,,-0.437371135,1.054689527
0.714298964,0.564453125,0.571308911,1.337578893,,0.616687,,,,,,,,1.687424421,1.842020512
2.204469681,1.964620948,1.89796114,2.765529633,,2.022350589,,,,,,,,-0.313595653,-0.528501391
1.453246593,1.36027956,1.306536674,2.719484806,,1.373354276,,,,,,,,0.701137841,0.889095426
-0.486875951,-0.462402225,-0.228768364,-0.861873806,,-0.39268218,,,,,,,,2.383339405,2.413208246
0.005664825,-0.172111571,-0.317634702,-0.600042164,,-0.161360482,,,,,,,,2.508018494,2.061366796
0.998378038,0.937750459,1.047088623,0.606721401,,0.994405707,,,,,,,,0.403513223,-1.056555986
0.728325605,0.879033923,0.772927642,1.510700226,,0.793429057,,,,,,,,-1.086343288,-1.505742073
0.331025749,0.536809087,0.51506114,0.802748263,,0.460965325,,,,,,,,-1.188377619,-0.637691915
0.353571206,0.532369733,0.674626708,1.514356613,,0.520189216,,,,,,,,0.898514032,0.163798675
2.60759902,2.306891441,2.155634642,1.606131077,,2.356708368,,,,,,,,1.286798,1.818006277
1.827840686,1.716766357,1.81967783,2.979560137,,1.788094958,,,,,,,,-1.049150705,-1.100502968
-0.188836485,-0.039285205,-0.044239346,0.203503937,,-0.090787012,,,,,,,,1.313910723,0.500143766
-3.694091797,-3.539291143,-3.658085585,-3.625919342,,-3.630489508,,,,,,,,1.769417524,0.698343098
-0.541296601,-0.619813442,-0.700161099,0.87430656,,-0.620423714,,,,,,,,0.068265222,0.397863626
-0.321100593,-0.337513596,-0.496301204,-0.630525231,,-0.384971797,,,,,,,,-1.236488342,-0.862962723
-2.093148708,-2.078393936,-1.88845861,-1.587755203,,-2.020000418,,,,,,,,-0.903597355,-0.129000425
4.777050495,4.934836388,4.742640495,5.512883663,,4.818175793,,,,,,,,1.940326333,1.567260861
0.16883029,0.243496686,0.303961307,-0.495712698,,0.238762761,,,,,,,,-0.349251449,-0.697737634
-1.946286917,-1.846886992,-1.8806144,-2.45832324,,-1.89126277,,,,,,,,-0.325321794,0.191258579
-0.19213593,-0.157592177,-0.336895764,-0.286897063,,-0.228874624,,,,,,,,-0.135715812,1.721857429
1.08079946,1.142022252,1.167854428,0.185450733,,1.13022538,,,,,,,,-3.062979221,-3.093497753
-4.893628597,-5.055503368,-5.096735954,-5.172638893,,-5.015289307,,,,,,,,-1.201993227,-1.385656118
-1.162887335,-1.005471349,-0.908269763,-1.931611657,,-1.025542816,,,,,,,,1.989509583,1.043394327
0.459364116,0.602221966,0.667996287,0.881958723,,0.576527456,,,,,,,,1.277308702,1.365142107
-0.619620919,-0.537059605,-0.54508239,-0.845820308,,-0.567254305,,,,,,,,-0.020723542,-0.307817072
-0.70524776,-0.608739376,-0.78996408,-0.584619999,,-0.701317072,,,,,,,,-1.048238277,-2.515444279
-4.185522079,-4.028918743,-4.150074959,-4.284593582,,-4.12150526,,,,,,,,0.30902651,0.379994571
5.978413105,5.970240593,5.9783988,7.318397999,,5.975684166,,,,,,,,-0.946309507,-0.400217026
2.98861742,2.846559048,2.991655827,2.745101213,,2.942277431,,,,,,,,-0.937913418,-1.374108315
0.623338103,0.787422895,0.862765312,0.787270606,,0.757842104,,,,,,,,1.058877468,0.364059657
-0.019514479,0.003325682,0.364017606,0.336225986,,0.115942936,,,,,,,,-1.736644983,-1.203468561
-2.728796721,-2.572498798,-2.539423227,-2.444559574,,-2.613572915,,,,,,,,-1.803124547,-0.571252704
1.771696568,1.839113474,1.816366911,2.626439333,,1.809058984,,,,,,,,0.225524366,0.751652479
3.681419373,3.766057014,3.614590645,2.997027159,,3.687355677,,,,,,,,0.665769279,-0.125908762
-0.919515491,-1.140571594,-0.972345054,-1.857877851,,-1.010810713,,,,,,,,0.904215097,0.553893089
-4.185526371,-4.414236546,-4.299786568,-2.601760626,,-4.299849828,,,,,,,,-0.006547339,0.341844082
1.054691076,1.360189676,1.295866728,0.270553023,,1.236915827,,,,,,,,-0.929786205,-0.506626964
0.614725232,0.811442375,0.762818336,0.702950716,,0.729661981,,,,,,,,1.729512691,1.201418161
-0.777579129,-0.745640814,-0.686198175,-0.759891868,,-0.736472706,,,,,,,,2.042272091,1.18996501
5.128852844,5.042780876,5.01901722,5.879464626,,5.063550313,,,,,,,,0.134591922,0.298530877
-2.306401253,-2.412133217,-2.302989006,-2.058263063,,-2.340507825,,,,,,,,-0.345273018,-0.107632712
5.005874634,4.967316628,4.881086349,5.894656658,,4.95142587,,,,,,,,2.813350201,1.25013721
3.723019838,3.430920601,3.363763094,3.34356761,,3.505901178,,,,,,,,-0.892900467,-1.250969887
-0.843621016,-0.714472115,-0.713447213,0.249770895,,-0.757180115,,,,,,,,-1.850587964,-1.512618899
-2.071605206,-2.103834867,-2.08686924,-2.784529686,,-2.087436438,,,,,,,,1.602632999,1.344014168
-0.947489202,-1.061893582,-1.053334832,0.000687391,,-1.020905872,,,,,,,,-2.053957462,-2.391657352
1.040062547,0.761448741,0.734687686,1.559844255,,0.845399658,,,,,,,,0.664589524,1.584815979
2.711907387,2.772748947,2.633372068,2.151281834,,2.706009467,,,,,,,,-0.546480775,1.007655621
-3.869887114,-4.052194595,-4.083624363,-3.975481272,,-4.001902024,,,,,,,,0.172295496,0.339168131
6.792750835,6.58262682,6.666577339,5.442036629,,6.680651665,,,,,,,,0.320873588,-0.04010433
3.57268405,3.199293613,3.262431383,4.182887077,,3.344803015,,,,,,,,0.063289955,0.018050529
-0.917046905,-0.929348707,-1.120787263,-0.82807678,,-0.989060958,,,,,,,,-1.075786352,-0.918778419
-0.734713256,-0.7614066,-0.734529316,-0.25912863,,-0.743549724,,,,,,,,-1.151593208,-1.272962809
-1.143837929,-1.05609107,-1.081537247,-0.598800778,,-1.093822082,,,,,,,,1.321593881,0.314462483
-4.59278965,-4.922982693,-4.830388069,-4.774378777,,-4.782053471,,,,,,,,-0.920847893,-0.367910653
-0.4472875,-0.345941246,-0.353805631,0.247918606,,-0.382344792,,,,,,,,1.318095088,2.098459721
-0.244812936,-0.042780459,-0.046903729,-0.301445931,,-0.111499041,,,,,,,,0.138467818,0.243022218
-1.580162406,-1.63677752,-1.53020823,-1.599923372,,-1.582382719,,,,,,,,-0.821822584,-1.578542352
0.021543264,-0.202381939,-0.313321978,-0.276193321,,-0.164720217,,,,,,,,0.425959945,0.94197607
3.111312628,3.073524237,2.994365454,2.213633299,,3.059734106,,,,,,,,-1.313925028,-0.291111737
4.270477772,4.159291267,4.151204109,3.855834961,,4.193657716,,,,,,,,-0.994287789,-0.777669549
-1.24192524,-1.199996352,-1.003808737,-1.102213621,,-1.148576776,,,,,,,,0.278248608,0.634222567
1.602943063,1.460831881,1.676116109,0.036991149,,1.579963684,,,,,,,,-0.154349849,-0.828519464
0.781939507,0.67234683,0.550496936,0.204798192,,0.668261091,,,,,,,,-0.932306528,-0.625974655
-2.36634469,-2.521320581,-2.580243349,-2.929581881,,-2.489302874,,,,,,,,-0.82442522,-0.926717281
-0.828592122,-0.749341965,-0.693295777,-0.848171949,,-0.757076621,,,,,,,,-2.072354317,-2.326412916
0.487782806,0.684727192,0.481583893,1.761700392,,0.55136463,,,,,,,,-0.653969228,-0.744344115
4.95483923,4.887388229,4.817961216,4.142828941,,4.886729558,,,,,,,,0.50292027,1.269440532
1.001988292,0.723679125,0.715296566,1.436570883,,0.813654661,,,,,,,,-1.774778128,-1.45297575
2.35736084,2.132791996,2.139913082,1.290386438,,2.210021973,,,,,,,,0.520002365,0.692169905
-0.567664742,-0.572992265,-0.60483402,1.073596239,,-0.581830343,,,,,,,,-1.202176094,-1.621454358
0.652109385,0.534095466,0.639127016,0.495197713,,0.608443956,,,,,,,,-0.390153706,0.420141935
-1.603984952,-1.720995307,-1.483148694,-2.359658241,,-1.602709651,,,,,,,,4.039203167,3.237737417
0.505657792,0.56240809,0.559441566,-0.014684055,,0.542502483,,,,,,,,1.017721891,1.293561935
0.62498033,0.277116984,0.186436623,-0.063486233,,0.362844646,,,,,,,,2.100497723,1.069642544
-3.208653212,-3.021109581,-3.111872911,-3.64223814,,-3.113878568,,,,,,,,-0.076348573,1.040112019
-0.262323737,-0.525449455,-0.464310616,-0.467281014,,-0.417361269,,,,,,,,1.175767899,-0.159017518
0.748392045,0.819205642,0.911283016,-0.428366184,,0.826293568,,,,,,,,-1.345070481,-2.364353657
-0.329115242,-0.156309396,0.146423101,-1.080045104,,-0.113000512,,,,,,,,-1.638124466,-0.208064571
-2.472447872,-2.50428009,-2.501736879,-3.289698124,,-2.492821614,,,,,,,,-1.142421007,-1.526129484
-0.154497325,-0.004809529,-0.038870066,-1.107895136,,-0.066058973,,,,,,,,-0.028372671,-1.212821007
0.216506153,0.308903575,0.236219823,-0.673148572,,0.253876517,,,,,,,,-0.758024812,-1.402215838
-2.989816666,-3.358674288,-3.064877987,-3.846183777,,-3.137789647,,,,,,,,0.655442715,0.91198355
0.865259588,0.899298191,0.910271227,1.954445243,,0.891609669,,,,,,,,0.155407459,-0.052055337
-2.887225866,-2.638482094,-2.631018639,-4.296286106,,-2.718908866,,,,,,,,1.393535614,0.486267388
2.744501114,2.766316891,2.699097872,2.888034105,,2.736638625,,,,,,,,1.319805145,0.896355033
0.82169944,1.065722704,1.033887386,0.771684468,,0.973769844,,,,,,,,-1.441678166,-1.630014896
-0.150614738,-0.07147868,-0.267574817,-0.802003741,,-0.163222745,,,,,,,,0.018880606,0.116791189
1.864277124,1.779108763,1.744425297,1.405768991,,1.795937061,,,,,,,,-0.069588766,-0.759562731
0.389902413,0.635435224,0.676906466,1.905540228,,0.567414701,,,,,,,,-2.022738934,-1.015130758
1.672428966,1.82327795,1.647692323,1.893430471,,1.714466413,,,,,,,,-0.997652829,-1.847004175
-2.434257269,-2.356305361,-2.306824923,-1.931551337,,-2.365795851,,,,,,,,-1.228260994,-0.99774611
0.35687831,0.255861759,0.207666844,0.792063296,,0.273468971,,,,,,,,2.470983505,2.07624197
-2.683440208,-2.660587788,-2.741261959,-2.719349146,,-2.695096652,,,,,,,,3.117756605,2.946492195
-1.8078655,-1.812872648,-2.012534142,-1.512337208,,-1.87775743,,,,,,,,-1.114014626,-1.270285964
0.251158774,0.435415626,0.478495717,1.358929515,,0.388356706,,,,,,,,0.377127588,0.84226948
3.248111486,3.326886415,3.254276514,3.073627234,,3.276424805,,,,,,,,1.403618813,1.17660284
-0.33362323,-0.564376295,-0.390487731,-0.795186281,,-0.429495752,,,,,,,,-2.87571764,-2.184409618
2.790449142,2.672107697,2.640412807,2.990300417,,2.700989882,,,,,,,,1.842025995,1.378393292
-2.861149311,-2.590059519,-2.750089407,-2.183586359,,-2.733766079,,,,,,,,-1.616233468,-0.993286371
-1.055962443,-1.046295166,-1.137111187,-2.066429377,,-1.079789599,,,,,,,,1.704458475,0.46397388
1.356528759,1.367658377,1.386586189,0.899977565,,1.370257775,,,,,,,,-0.260678142,-1.151919365
3.008860826,3.163460016,3.103335619,3.842774391,,3.091885487,,,,,,,,0.248587176,1.350917339
-1.90489769,-2.042725563,-2.006519794,-2.655791998,,-1.984714349,,,,,,,,0.98777318,-0.536656439
0.303300858,0.444736958,0.445422471,2.019200802,,0.397820095,,,,,,,,-1.778649926,-1.883455038
0.266686797,0.543353677,0.627455473,-0.141327918,,0.479165316,,,,,,,,-0.970408678,-0.239571288
0.555300772,0.419935822,0.416829705,1.137766957,,0.4640221,,,,,,,,-0.017061211,0.26000005
-0.228406191,-0.24608469,-0.095433533,-0.047818646,,-0.189974805,,,,,,,,-0.731351495,-0.872871995
-0.047002167,-0.018986762,-0.119149715,-1.001806021,,-0.061712881,,,,,,,,1.441065669,0.088376097
-3.038892984,-2.988441944,-2.8729949,-1.552144527,,-2.966776609,,,,,,,,-2.130726337,-2.104064465
0.668132424,0.815006435,0.792145491,0.961548746,,0.758428117,,,,,,,,1.876579762,1.262805223
-2.147215605,-2.165894032,-2.006940126,-1.584809184,,-2.106683254,,,,,,,,-0.275664389,-0.920663536
-2.445781231,-2.302770615,-2.420928478,-3.290851116,,-2.389826775,,,,,,,,1.979277134,2.183628321
-0.202623576,0.084590755,-0.00801675,-0.766613662,,-0.042016524,,,,,,,,-2.408946037,-3.306353092
-1.645631194,-1.562265038,-1.652457476,-1.44878006,,-1.620117903,,,,,,,,-0.494455725,0.103779562
0.27338627,0.217382193,0.425162703,0.189904109,,0.305310388,,,,,,,,0.584610641,-0.105922997
0.401214093,0.513069749,0.53384006,-0.605361223,,0.482707967,,,,,,,,-2.710537434,-2.593047857
0.957626224,0.46727562,0.660164177,1.160569668,,0.695022007,,,,,,,,0.57803452,0.318028241
-4.039658546,-4.006524563,-3.912777185,-3.701015711,,-3.986320098,,,,,,,,-0.114711039,-0.16459617
-0.596558571,-0.384763986,-0.301764131,-0.556857109,,-0.427695562,,,,,,,,-0.460357606,-0.273109674
-0.326926708,-0.193511531,-0.475194663,0.71729815,,-0.331877634,,,,,,,,0.575774431,-0.366647124
-0.690769196,-0.874724746,-0.862548232,-0.69586277,,-0.809347391,,,,,,,,1.061571121,0.583040357
-2.308357477,-2.296004772,-2.262909889,-1.23840189,,-2.289090713,,,,,,,,1.598270059,1.094514966
0.839034259,0.689785361,0.731763601,1.593792439,,0.753527741,,,,,,,,-0.479948401,-0.553227782
0.560302973,0.678070366,0.576157868,1.111719966,,0.604843736,,,,,,,,-0.490283936,0.057476085
-2.542337179,-2.731804132,-2.570430279,-3.467967033,,-2.614857197,,,,,,,,-1.896534801,-1.464236259
-1.433355331,-1.416772842,-1.520892859,-0.345441967,,-1.457007011,,,,,,,,-2.872586727,-3.008041382
-1.571865678,-1.665651798,-1.559784532,-1.670663714,,-1.599100669,,,,,,,,-1.507835388,0.006071314
0.740411162,0.701876402,0.619292974,0.250155449,,0.687193513,,,,,,,,1.69035089,-0.021366686
-0.752525806,-0.648465157,-0.650487483,-1.303175449,,-0.683826149,,,,,,,,0.0372857,0.422762096
-2.797432184,-2.892411947,-2.721694708,-4.661300659,,-2.80384628,,,,,,,,0.69338429,2.079862118
-0.333741814,-0.621464849,-0.593284905,-0.894175231,,-0.516163856,,,,,,,,-2.416503429,-2.352170706
0.700067997,1.082493067,0.991174281,0.31346488,,0.924578448,,,,,,,,0.40850684,1.017149091
1.330199361,1.283471942,1.138111472,1.823381782,,1.250594258,,,,,,,,1.024651527,0.629750609
0.338071585,0.461852908,0.49627465,0.756788194,,0.432066381,,,,,,,,0.205266446,0.831919611
0.231998011,0.08946982,0.24250482,0.789787889,,0.187990884,,,,,,,,0.601795137,0.893593073
-3.610561609,-3.441243649,-3.219540358,-2.944618702,,-3.423781872,,,,,,,,-1.55352366,-0.832128525
0.136661246,0.237457857,0.181022748,-0.729185104,,0.185047284,,,,,,,,0.019331247,-0.015548036
-0.118008286,-0.048460212,-0.316090435,-0.45567584,,-0.160852977,,,,,,,,0.384950429,0.49717629
1.082083941,1.385591507,1.229140639,0.135024846,,1.232272029,,,,,,,,0.359719962,-0.086139344
-0.011145234,-0.052841485,-0.129169464,-0.223879948,,-0.064385394,,,,,,,,-0.025545344,-0.467265218
0.666892231,0.647284329,0.529741406,-0.075239971,,0.614639322,,,,,,,,0.353930771,0.240656585
-2.660087824,-2.573409319,-2.375390053,-2.940612555,,-2.536295732,,,,,,,,-2.647609711,-1.930527329
4.027028561,3.939533234,3.983281612,4.770501614,,3.983281136,,,,,,,,0.068384558,0.618684173
-1.384638071,-1.406957269,-1.218947291,-2.453401566,,-1.336847544,,,,,,,,0.9598701,1.116556048
1.442740321,1.425420642,1.529393792,1.593236208,,1.465851585,,,,,,,,-1.720306039,-1.349816084
-0.144044697,0.186483949,0.122628286,-0.248828113,,0.055022513,,,,,,,,1.527808905,-0.11814636
0.409969389,0.187926978,0.227037624,1.272929668,,0.274977997,,,,,,,,0.343091756,0.16516903
0.051886916,0.222112,0.212307096,-0.845141768,,0.162102004,,,,,,,,0.871344745,1.751191616
2.565390825,2.392527103,2.532639503,1.976805568,,2.496852477,,,,,,,,0.519460738,0.786940694
-1.409819126,-1.438997507,-1.34334898,-0.884155631,,-1.397388538,,,,,,,,0.553224683,0.449356377
2.387956858,2.297879457,2.271667004,1.260867238,,2.319167773,,,,,,,,-0.99408561,-0.816127181
-0.765808105,-0.598375499,-0.727320671,0.072159216,,-0.697168092,,,,,,,,0.488913059,1.581763744
-3.323014498,-3.366604805,-3.33202076,-3.238944769,,-3.340546687,,,,,,,,0.549247861,0.37498346
-0.758562446,-0.660823822,-0.670508623,-0.025114894,,-0.69663163,,,,,,,,0.000860231,0.568665802
0.367330968,0.48168835,0.293361843,0.617875755,,0.38079372,,,,,,,,-0.672064424,-0.582860231
8.248622894,8.301698685,8.322212219,6.63395977,,8.290844599,,,,,,,,1.880799651,1.70909214
-2.183716536,-2.112689018,-2.085668564,-1.068017125,,-2.127358039,,,,,,,,0.593340158,1.192474008
0.346923947,0.447305858,0.195749044,0.939089477,,0.32999295,,,,,,,,-0.142150372,-0.754268408
1.76382184,1.505834222,1.559518456,2.694840193,,1.60972484,,,,,,,,-1.100032806,0.387663901
-1.783387423,-2.016721964,-1.852585912,-1.474559188,,-1.884231766,,,,,,,,1.030360579,0.501466513
-1.526456356,-1.809683323,-1.717872143,-2.517189741,,-1.684670607,,,,,,,,-2.092055321,-0.699626684
-4.076972961,-3.939214945,-3.935171366,-4.597703457,,-3.983786424,,,,,,,,0.079142094,-0.725004852
0.6508165,0.862307012,0.622956812,0.239414126,,0.712026775,,,,,,,,-0.409263939,-0.409854263
-4.032245159,-3.657769918,-3.734335423,-4.129327297,,-3.808116833,,,,,,,,-0.017952144,0.49646619
-0.907354891,-1.081802607,-1.093337655,-0.309112519,,-1.027498384,,,,,,,,-0.946766853,-1.182010174
1.376850128,1.414169431,1.436410069,0.996757686,,1.409143209,,,,,,,,2.465164661,1.963561058
1.594910622,1.697398186,1.710605383,2.090279102,,1.667638063,,,,,,,,-0.64730829,-1.118386984
-1.288654089,-1.523414135,-1.502311707,-0.096168399,,-1.438126643,,,,,,,,0.28411141,0.063917816
0.935829997,0.740663052,0.677470803,1.247105598,,0.784654617,,,,,,,,-2.006912947,-1.303781748
1.321949005,1.381364942,1.152702332,1.476791978,,1.285338759,,,,,,,,1.895003676,1.453367829
0.177102715,-0.010853859,-0.084129691,-0.315012783,,0.027373055,,,,,,,,-0.735848725,-0.672296762
-1.446144581,-1.56467247,-1.359051704,-0.630695164,,-1.456622918,,,,,,,,-0.459288239,0.489441454
-0.133909166,-0.271259248,-0.017408907,0.565332413,,-0.140859107,,,,,,,,-1.163729072,-0.70085305
0.726029515,0.886876404,0.784118235,0.723451197,,0.799008052,,,,,,,,1.455675602,0.346478432
-1.548225403,-1.692417383,-1.600117922,-0.028701842,,-1.613586903,,,,,,,,0.091721058,-0.66823566
1.847184062,1.7609303,1.606385708,2.487227917,,1.73816669,,,,,,,,0.732020736,-0.164130628
-2.782465696,-2.655742168,-2.774944782,-3.046391487,,-2.737717549,,,,,,,,1.642551661,1.827218175
-2.87039876,-3.014704227,-3.036825895,-2.498078823,,-2.973976294,,,,,,,,0.321567982,1.726471901
0.986884713,0.600193143,0.657503366,1.235103726,,0.748193741,,,,,,,,-0.613313556,0.104838096
1.68230319,1.847951651,1.819274783,1.237491608,,1.783176541,,,,,,,,1.344675899,0.702162504
0.602128088,0.236163735,0.280283928,1.250298023,,0.372858584,,,,,,,,0.174011678,1.188311338
-1.12830627,-0.818877578,-0.995243549,-0.823015392,,-0.980809132,,,,,,,,-1.763036251,-1.29690361
-4.28845644,-3.977534056,-3.908606529,-3.070636988,,-4.058199008,,,,,,,,-1.415890694,-0.660337925
-1.244345427,-1.421585917,-1.432535768,-1.889273763,,-1.366155704,,,,,,,,2.85543108,1.878715515
-2.553860426,-2.334778786,-2.355764627,-2.722715139,,-2.41480128,,,,,,,,1.086506724,0.13675724
1.384023786,1.29449296,1.346358299,0.116844378,,1.341625015,,,,,,,,1.60907042,0.251767814
1.720974803,1.51121664,1.215140462,2.488538742,,1.482443968,,,,,,,,0.911831856,0.729606688
-3.584606886,-3.332182884,-3.310783148,-3.98743391,,-3.409190973,,,,,,,,-0.991777778,-1.697185516
1.676212549,1.922378302,1.985360146,1.962914944,,1.861316999,,,,,,,,0.119360983,-0.346817881
4.227421761,4.258399487,4.137594223,3.335558176,,4.207805157,,,,,,,,-0.476191401,-0.870239019
-0.436954558,-0.653545737,-0.37299633,-1.708238482,,-0.487832208,,,,,,,,0.26045388,0.009293407
-1.490510225,-1.456853986,-1.480377436,-1.569568157,,-1.475913882,,,,,,,,-2.758256912,-3.540986538
-1.341408014,-1.556256175,-1.494473219,-1.856812716,,-1.464045803,,,,,,,,-2.833515644,-1.087435961
-1.516460061,-1.681069374,-1.562813759,-1.952664137,,-1.586781065,,,,,,,,1.40454793,0.311937839
-2.820053816,-2.78963542,-2.382757187,-3.353428602,,-2.664148808,,,,,,,,0.895513177,-0.32180196
4.548092842,4.628012657,4.430482388,3.248427868,,4.535529296,,,,,,,,0.690467715,0.666485488
-3.92997694,-3.607029915,-3.262210846,-3.131375313,,-3.599739234,,,,,,,,1.384797454,1.537944317
-1.365508556,-1.370666265,-1.153844714,-1.466305375,,-1.296673179,,,,,,,,0.011511967,-0.330210924
2.038984299,2.04705143,1.986525297,1.560961246,,2.024187009,,,,,,,,-1.025857329,-0.093987837
0.634436071,0.539096475,0.538324893,0.619840443,,0.570619146,,,,,,,,1.980245829,1.268903971
-1.598944306,-1.56499517,-1.648369312,-1.575858235,,-1.604102929,,,,,,,,1.366680384,0.702207863
2.648581505,2.348922014,2.303890228,3.808218002,,2.433797916,,,,,,,,-0.636613965,-0.386533409
-0.859858751,-1.079457402,-1.067911386,-0.391267419,,-1.00240918,,,,,,,,-1.336361408,-0.47074005
0.17516613,0.128976703,0.319432497,0.247652262,,0.207858443,,,,,,,,-0.189372092,0.288332015
3.365399837,3.251190424,3.335066795,3.162998199,,3.317219019,,,,,,,,2.305999517,2.245043278
3.907674313,3.703714848,3.662679672,3.910452127,,3.758022944,,,,,,,,-1.494158506,-1.742037773
-2.254053354,-2.223261595,-2.181564331,-2.291050673,,-2.219626427,,,,,,,,-1.318836451,-0.41362983
-0.375114918,-0.425864816,-0.347761154,0.504736841,,-0.382913629,,,,,,,,-0.888658166,-1.4100492
2.162579536,2.037401199,2.097651482,1.241089463,,2.099210739,,,,,,,,0.565258324,1.17776525
-1.182187796,-1.53650701,-1.639107227,-0.015122849,,-1.452600678,,,,,,,,-0.995856822,-0.890190661
1.381565571,1.325732946,1.380984306,1.346610069,,1.362760941,,,,,,,,0.468128622,-0.915265322
3.877328396,4.026665211,4.041334629,3.510759354,,3.981776079,,,,,,,,-0.417857677,-0.019831032
-0.007615238,-0.181653127,-0.290385514,0.09916386,,-0.159884627,,,,,,,,-2.03055048,-0.870171487
-0.543585777,-0.833571851,-0.753563643,-0.564119101,,-0.710240424,,,,,,,,-1.402179837,0.360463411
-1.679944992,-1.804647923,-1.775662541,-2.460653782,,-1.753418485,,,,,,,,-0.809905052,-1.462221146
-3.69239521,-3.567716837,-3.595025539,-3.863943338,,-3.618379196,,,,,,,,0.880868912,0.62310195
0.903303683,0.979015768,0.721490324,0.802845776,,0.867936591,,,,,,,,2.034139633,2.229667187
0.196409106,0.30604589,0.321166694,0.207390696,,0.274540563,,,,,,,,0.149036452,0.033892468
5.672161102,5.682425499,5.505031586,6.354844093,,5.619872729,,,,,,,,-4.44896841,-3.639663696
2.43829298,2.118111134,2.27374506,2.32997942,,2.276716391,,,,,,,,-0.851363182,-0.041606128
15.83868027,16.20521545,16.08160019,16.69921303,,16.04183197,,,,,,,,-4.783545494,-9.446920395
2.548799515,2.494621754,2.513573408,1.991056442,,2.518998226,,,,,,,,0.190914899,0.707008958
0.78640759,0.8654266,0.675227225,0.538404703,,0.775687138,,,,,,,,0.42206949,0.548155606
1.952384949,2.325632811,2.171981812,2.813122988,,2.149999857,,,,,,,,1.389985561,0.403961867
1.138763428,1.051825047,0.851460218,1.587823749,,1.014016231,,,,,,,,-0.932352066,-1.102840185
-2.686493397,-2.656177521,-2.64850235,-1.821822047,,-2.663724422,,,,,,,,0.823770046,-0.52075398
0.898934484,0.894056141,0.890118122,1.660371184,,0.894369582,,,,,,,,2.54329133,1.052917242
2.662758112,2.595944405,2.423485756,4.023591042,,2.560729424,,,,,,,,0.637885213,-0.148170352
-1.621870279,-1.551990032,-1.744461298,-0.191758707,,-1.639440536,,,,,,,,-0.134393856,0.269102722
1.06013751,1.013213992,0.870426536,1.480728984,,0.981259346,,,,,,,,1.872008085,1.362876296
0.406605542,0.036090367,-0.111353338,0.65560168,,0.110447523,,,,,,,,0.114196301,0.886757016
1.367654324,1.508386731,1.54948771,2.165455341,,1.475176255,,,,,,,,3.37792778,2.445456743
-3.207139254,-3.333388567,-3.093024254,-3.043307066,,-3.211184025,,,,,,,,-1.333292484,-0.787177086
-3.820223808,-3.693062544,-3.655546904,-3.723949432,,-3.722944419,,,,,,,,-1.364864945,-1.871602297
-1.781895518,-1.539927244,-1.610325456,-1.359316707,,-1.644049406,,,,,,,,1.387977839,1.35512042
-4.905024529,-4.918181419,-4.930819511,-4.414325714,,-4.918008486,,,,,,,,-3.272829533,-2.790479183
1.141866922,0.90027082,0.672429621,2.180487156,,0.904855788,,,,,,,,0.056377932,-0.547336698
1.671286583,1.916076899,1.574000359,1.729595304,,1.720454613,,,,,,,,-0.973123431,-0.676662803
-2.519304752,-2.070947647,-1.862446666,-2.905273914,,-2.150899688,,,,,,,,-3.316009521,-2.326794386
-0.710003912,-0.410915285,-0.278129965,-0.293959439,,-0.466349721,,,,,,,,0.613740921,0.683684349
-1.628171682,-1.569307327,-1.649646878,-1.810622692,,-1.615708629,,,,,,,,0.157037288,0.427830338
0.264730006,0.216212466,-0.046008609,0.225267559,,0.144977955,,,,,,,,1.583008766,0.820067286
-0.403583556,-0.134728834,-0.125278786,0.250359178,,-0.221197059,,,,,,,,1.554210186,1.074875236
0.016627669,0.079555631,-0.104041874,-0.297414601,,-0.002619525,,,,,,,,1.236513138,0.435048938
0.096678168,0.221084476,0.055523373,0.1197493,,0.124428672,,,,,,,,-4.312565804,-2.304569006
-0.517981768,-0.453161925,-0.285680264,0.469711721,,-0.418941319,,,,,,,,-0.249690399,0.199195892
-1.167834163,-1.016058922,-1.198468447,-0.740023434,,-1.127453844,,,,,,,,0.995205939,0.775391579
-2.067167759,-1.855980515,-1.948225617,-2.021324396,,-1.957124631,,,,,,,,-1.484717131,-1.990968227
0.395897329,0.331097275,0.368145525,0.696601093,,0.36504671,,,,,,,,1.996163607,1.079409957
-1.219381332,-1.165313005,-1.237542152,-1.370755911,,-1.207412163,,,,,,,,-0.633900762,-1.043608904
-0.401150435,-0.403368741,-0.281006247,-0.945481896,,-0.361841808,,,,,,,,-0.263241112,0.357500941
0.318303645,0.461939335,0.755385995,-0.152074337,,0.511876325,,,,,,,,1.866011858,1.331249952
0.711830914,1.216848135,1.116195679,1.415411234,,1.014958243,,,,,,,,0.473946452,0.014021643
1.825555801,1.867569685,1.76544714,2.70798564,,1.819524209,,,,,,,,-0.306102157,0.881161511
0.201219589,0.356376737,0.434748888,0.793835282,,0.330781738,,,,,,,,-0.143994659,0.434348822
0.842079699,0.742121279,0.742663324,0.157415181,,0.775621434,,,,,,,,1.019874811,1.044193268
0.062738784,-0.453483075,-0.286575288,-0.440874964,,-0.225773193,,,,,,,,2.324182272,1.227470875
-1.030795336,-1.076557875,-1.169673443,-0.600031316,,-1.092342218,,,,,,,,-1.458813667,-1.506366491
1.680022359,1.829609632,1.723344088,3.287202597,,1.74432536,,,,,,,,-0.917210519,-1.693984985
-0.181406289,-0.15812704,0.026055902,0.54600054,,-0.104492476,,,,,,,,1.379284143,0.702085257
1.07331109,0.916111469,0.661387205,-0.108548462,,0.883603255,,,,,,,,-2.055552244,-2.025612354
2.772810221,2.49380374,2.4748559,4.147798538,,2.580489953,,,,,,,,-0.195034772,0.496407211
-2.338846445,-2.25506258,-2.174905062,-0.813381851,,-2.256271362,,,,,,,,-0.093269326,-0.200766444
-2.913345337,-2.44199276,-2.55873394,-2.840147495,,-2.638024012,,,,,,,,0.312355518,0.306166053
-1.064602375,-0.890696645,-0.864607096,-2.097225666,,-0.939968705,,,,,,,,-2.098049164,-1.218932867
0.319641709,0.429948211,0.323309422,-1.351410389,,0.357633114,,,,,,,,-0.602001965,0.11792855
-2.479863882,-2.344929457,-2.231237888,-2.698134184,,-2.352010409,,,,,,,,-0.352973819,0.523990273
-1.833824396,-2.020446777,-2.091618061,-1.532757998,,-1.981963078,,,,,,,,1.829735756,2.008480072
3.092778921,3.196341515,3.005857944,2.929871082,,3.098326127,,,,,,,,0.777893662,1.100050688
-2.388645172,-2.455397367,-2.389725447,-1.628031015,,-2.411255995,,,,,,,,0.608929396,0.523608565
2.754683495,2.8000741,2.888707638,2.553492308,,2.814488411,,,,,,,,1.084826827,0.758786559
3.22497654,3.1217134,3.087088108,3.511572361,,3.144592683,,,,,,,,0.183914334,0.180142075
-0.454080164,-0.538377345,-0.513502657,-0.898283601,,-0.501986722,,,,,,,,-0.977606654,-1.217214108
-1.283150673,-1.030080199,-1.170843363,-2.392881393,,-1.161358078,,,,,,,,1.405440688,0.94017005
-1.051258326,-0.619842887,-0.416775882,-1.584000111,,-0.695959032,,,,,,,,0.882512271,-0.025989234
-2.801011562,-2.807280302,-2.754348516,-1.72778666,,-2.787546794,,,,,,,,0.311497033,0.206175312
-0.103993297,0.059185743,-0.0603441,-0.440359473,,-0.035050551,,,,,,,,0.440806001,0.964833975
-0.25090903,-0.355804682,-0.344260097,-0.468632132,,-0.31699127,,,,,,,,-1.041016698,-0.183342934
-1.610852718,-1.336523294,-1.278241754,-2.22928524,,-1.408539255,,,,,,,,1.882367373,1.132095575
3.416899204,3.286641359,3.159602642,3.429553032,,3.287714402,,,,,,,,-0.597975314,0.344995499
-0.728675246,-0.773488522,-0.710361838,-0.725351274,,-0.737508535,,,,,,,,-2.698569775,-1.169837475
2.43905735,2.219014168,2.048295975,1.824629545,,2.235455831,,,,,,,,4.682670593,4.072199821
-0.730051816,-0.894593775,-0.84433943,-1.520433545,,-0.822995007,,,,,,,,0.724419594,-0.213068515
-0.758521974,-0.736152649,-0.742799401,0.023646347,,-0.745824675,,,,,,,,-0.770310938,-0.789444923
1.086123347,0.914725661,1.104817629,-0.153985038,,1.035222212,,,,,,,,-0.589739919,0.532398522
2.232406139,2.131856203,2.178898096,2.070899725,,2.18105348,,,,,,,,-0.478716642,-0.823204875
-0.952780664,-1.212599277,-1.31900239,-2.240300655,,-1.161460777,,,,,,,,0.304862648,1.688463092
1.966283321,1.806370497,1.574748874,1.692224622,,1.782467564,,,,,,,,0.566619754,1.02058208
4.04224205,3.872929096,3.922005177,4.520802975,,3.945725441,,,,,,,,0.2940332,-0.422950298
0.831852674,1.033401132,1.144170046,2.203370571,,1.003141284,,,,,,,,-1.225472689,-0.245141745
-0.358681023,-0.202994198,-0.310627759,-0.550803125,,-0.29076766,,,,,,,,-0.466545165,-0.438475579
1.057909727,0.740674853,0.74945122,2.331163406,,0.849345267,,,,,,,,-0.028519377,-0.207927406
-0.179962486,-0.183777779,-0.225958914,0.419593841,,-0.196566393,,,,,,,,-1.311796069,-0.73801589
-1.477328897,-1.56690371,-1.696670175,-1.490766525,,-1.580300927,,,,,,,,0.936519146,0.454982638
4.334978104,4.40467453,4.451198101,3.731714964,,4.396950245,,,,,,,,-0.528375983,-1.321105123
-2.050914049,-1.886580348,-1.756059527,-1.19331491,,-1.897851308,,,,,,,,2.519919395,1.210352421
1.53073287,1.522365808,1.458601952,1.705744982,,1.50390021,,,,,,,,0.77998215,1.312962651
1.554807544,1.577090979,1.634481668,2.052029848,,1.588793397,,,,,,,,0.939881086,0.162807524
-1.027092099,-1.008865595,-1.16488266,-0.54827261,,-1.066946785,,,,,,,,-0.199482694,-2.190140963
0.208034754,0.330744326,0.157753646,0.547074676,,0.232177575,,,,,,,,0.674261332,1.090923548
2.795693398,2.746395111,2.814223528,3.535010099,,2.785437346,,,,,,,,-2.230455875,-1.610179305
-2.691605568,-2.851098537,-2.717718124,-2.460703611,,-2.753474077,,,,,,,,1.353787184,1.50790906
0.829367399,0.752897263,0.767846227,0.598126471,,0.783370296,,,,,,,,-0.102191925,0.301500916
4.033828735,4.015550613,4.110459328,5.109082222,,4.053279559,,,,,,,,-0.559344053,0.685125947
0.768840969,0.831106067,0.767680883,0.155142158,,0.789209306,,,,,,,,2.365942478,1.424375057
0.617055058,0.406451792,0.502714753,1.759623766,,0.508740534,,,,,,,,-1.630013466,-2.737471104
-0.107056081,-0.57505697,-0.785668015,-0.460265577,,-0.489260356,,,,,,,,3.898863316,2.560774326
0.114865005,0.132742286,-0.011882484,-0.391605765,,0.078574936,,,,,,,,-0.332465589,-1.059278369
-1.797741413,-1.886798859,-1.596926928,-0.696939826,,-1.760489066,,,,,,,,-0.05709137,0.787509203
-0.760015249,-0.699630022,-0.91068244,-1.6868999,,-0.790109237,,,,,,,,-0.986687541,-1.205268383
-2.013783216,-1.863080502,-2.105951786,-1.145098209,,-1.994271835,,,,,,,,-2.089833736,-1.228496552
0.489749223,0.342139035,0.302522212,0.906141698,,0.378136824,,,,,,,,2.889481068,1.472105742
0.334023118,0.562865734,0.602027655,1.016521692,,0.499638836,,,,,,,,0.177777827,0.3710787
-1.822627306,-1.300380349,-1.174085259,-1.944857955,,-1.432364305,,,,,,,,0.175967857,-0.053718731
1.433453798,1.453428745,1.304286957,0.624869406,,1.3970565,,,,,,,,-0.274327308,0.132868305
0.820369363,0.588898063,0.529945195,0.541291118,,0.646404207,,,,,,,,-1.365632296,-0.520532489
-1.464056015,-1.599953771,-1.466973782,-2.334608793,,-1.510327856,,,,,,,,-0.188940644,-0.983201683
3.087442398,2.997414112,2.929601669,3.16729784,,3.004819393,,,,,,,,-0.098662749,0.075220414
0.840318203,0.871513247,0.840838075,0.544455647,,0.850889842,,,,,,,,0.92556262,0.780763626
3.823755741,3.816581488,3.967325926,2.639079094,,3.869221052,,,,,,,,0.376767784,-0.868225992
-1.011799455,-1.239573956,-1.197412968,-0.879256606,,-1.149595459,,,,,,,,-1.321480513,-1.442586184
-0.832522571,-0.847904503,-1.021409631,-1.422535896,,-0.900612235,,,,,,,,1.135391712,0.000788376
0.41249609,0.210437462,0.15065828,0.930529356,,0.257863944,,,,,,,,-1.298677206,-0.609639406
-1.320356607,-1.219903708,-1.308850288,-0.622865438,,-1.283036868,,,,,,,,-1.858851194,-1.102998972
-0.994524598,-0.841527581,-1.022942305,-1.861199617,,-0.952998161,,,,,,,,0.858754992,-0.203910306
-1.624189734,-1.42083931,-1.446478009,-2.935092688,,-1.497169018,,,,,,,,0.380690455,0.996882319
-4.215000153,-4.156037331,-4.223760605,-5.010207653,,-4.198266029,,,,,,,,0.504331529,-0.308964908
2.288160801,2.148030519,2.239402771,2.256901741,,2.22519803,,,,,,,,0.44418782,0.773530722
-1.190681219,-1.2843225,-1.269386292,-1.577835202,,-1.248130004,,,,,,,,-0.920831621,-0.095985577
-4.490231514,-4.523364544,-4.552387714,-4.56433773,,-4.521994591,,,,,,,,-1.514612436,-0.920657396
1.428720713,1.47597003,1.506992579,1.062187195,,1.470561107,,,,,,,,-0.472627282,-0.854479074
-0.061933964,0.354246914,0.163274929,0.626141429,,0.151862626,,,,,,,,2.2062397,1.645382404
1.963008046,2.145722866,1.982990146,1.430068254,,2.030573686,,,,,,,,1.410995245,1.858416319
-0.866376579,-0.523381293,-0.637772918,-1.400867701,,-0.675843596,,,,,,,,-0.384754747,-1.670460463
-1.57928586,-1.58667922,-1.595261693,-2.502769709,,-1.587075591,,,,,,,,-0.407518774,0.17756772
-0.618327022,-0.685894489,-1.008304477,0.751434684,,-0.770841996,,,,,,,,-1.408768654,-0.951320231
-2.734899282,-2.666488171,-2.752143145,-3.5920434,,-2.717843533,,,,,,,,2.792784214,2.672819138
1.208741069,1.025327325,1.017010927,0.579198003,,1.083693107,,,,,,,,0.328540981,-1.170840979
2.552937031,2.58114171,2.568182707,1.754429936,,2.567420483,,,,,,,,-0.389365196,-1.590283751
-1.472969651,-1.411568046,-1.270669103,-0.674355924,,-1.385068933,,,,,,,,1.461854458,0.617261529
-2.398642063,-2.267805815,-2.258529902,-2.507338285,,-2.308325926,,,,,,,,-2.266102314,-0.953935564
1.328137755,1.133500695,1.431671023,1.484335184,,1.297769825,,,,,,,,-1.226878405,-1.631306887
-2.543365955,-2.539474964,-2.418677092,-2.00164938,,-2.500506004,,,,,,,,2.052975416,1.883344412
2.07020998,1.866459131,1.888537169,3.235245943,,1.941735427,,,,,,,,0.820111275,0.020126607
3.374403715,3.132770538,3.110864639,1.85789597,,3.206012964,,,,,,,,0.653105497,-0.113689572
1.312242627,1.394213676,1.479595184,1.076591492,,1.395350496,,,,,,,,-0.580759227,-0.838539839
-0.026016146,0.045011267,-0.187207937,-0.589163184,,-0.056070939,,,,,,,,0.439977765,-0.39462617
-1.299724102,-1.328016758,-1.366055012,-1.134799361,,-1.331265291,,,,,,,,-0.409793139,0.148094609
1.8377707,1.820157528,1.767501116,1.009646416,,1.808476448,,,,,,,,1.252393961,0.526403189
-2.374043703,-2.418861389,-2.508654594,-3.203854322,,-2.433853229,,,,,,,,-1.061894178,-1.444890022
2.592505455,2.486198902,2.65890789,2.222245216,,2.579204082,,,,,,,,-0.036760971,0.064287238
0.083568558,0.041632235,0.121218815,-0.462100983,,0.08213987,,,,,,,,-0.47578007,-0.142509937
1.045264602,1.052236676,1.00843215,1.961123705,,1.035311143,,,,,,,,0.1673823,-0.547627747
33.66649246,34.39933777,34.89897537,29.60769653,,34.32160187,,,,,,,,16.74007988,21.22050667
-1.928737402,-2.064037561,-2.078686476,-2.627741814,,-2.02382048,,,,,,,,-0.920298874,-1.730947256
-0.351218492,-0.14362511,-0.073729396,-1.403559923,,-0.189524333,,,,,,,,-2.515888453,-2.500771046
-0.410099745,-0.34588176,-0.324207366,-1.566698909,,-0.360062957,,,,,,,,0.932837784,1.091669321
1.728997231,1.73249352,1.597909927,-0.880126357,,1.686466893,,,,,,,,-0.316363156,-0.726090074
1.486302018,1.614971042,1.647164941,1.946709871,,1.582812667,,,,,,,,1.811675072,1.377619743
-0.483504862,-0.441172332,-0.447098821,0.850775898,,-0.457258672,,,,,,,,0.241802841,0.32449469
1.383432269,1.482414842,1.673511505,-0.088287488,,1.513119539,,,,,,,,-2.621322155,-1.39798665
-0.711018145,-0.630164564,-0.563426256,-0.834908128,,-0.634869655,,,,,,,,0.114934206,0.240517423
-1.184473038,-1.003962278,-0.887772202,-0.91594249,,-1.025402506,,,,,,,,0.997631431,1.360350847
4.405366421,4.2940135,4.151931286,5.272014618,,4.283770402,,,,,,,,1.99706161,1.291394472
1.965743065,2.196177959,2.179396152,2.827684641,,2.113772392,,,,,,,,0.685237288,0.823649108
1.15479362,1.062763929,0.772027493,-1.091988564,,0.996528347,,,,,,,,-0.28072533,-0.609444022
-0.181917384,-0.258330643,-0.582819045,-0.54892087,,-0.341022357,,,,,,,,3.075217247,1.667514682
0.281657428,0.479866147,0.389688492,0.783833504,,0.383737355,,,,,,,,-0.095876455,-0.643311858
-0.237538591,-0.376491189,-0.356687963,1.07595706,,-0.323572581,,,,,,,,0.81329596,0.885818481
0.190042481,0.28311947,0.264709264,-0.29580307,,0.245957072,,,,,,,,-1.666871786,-2.455080032
-4.711489677,-4.618395329,-4.785292625,-5.082151413,,-4.70505921,,,,,,,,-0.141115263,0.29047662
-0.388560236,-0.400130808,-0.259459704,-0.833008766,,-0.349383583,,,,,,,,0.259463429,-0.120927781
-0.324222624,-0.314402699,-0.312949479,0.045666397,,-0.317191601,,,,,,,,-1.779827833,-2.308695316
-1.039732337,-0.924264312,-0.94906193,-0.50374651,,-0.971019526,,,,,,,,0.545673251,0.308671474
-0.075613141,0.116776288,0.186593473,0.004238091,,0.075918873,,,,,,,,-1.82973218,-1.895956516
2.082864285,2.264782429,2.265960217,1.332597494,,2.204535643,,,,,,,,-2.64236331,-2.134727001
-0.531687737,-0.774503827,-0.631133556,-1.054016709,,-0.64577504,,,,,,,,1.233751178,0.264064491
3.786933899,3.659124613,3.507112741,2.951883316,,3.651057084,,,,,,,,0.205650941,0.534172416
0.250492454,0.134469479,0.087094545,0.655795872,,0.157352159,,,,,,,,-0.955426335,-0.938948691
0.928285778,0.797444642,0.850785315,0.95491606,,0.858838578,,,,,,,,2.052515745,2.086097717
0.055905819,0.100227609,0.033727042,-0.181703135,,0.063286824,,,,,,,,0.279906332,-0.172372609
2.508936405,2.755954981,2.810568094,2.344088316,,2.691819827,,,,,,,,1.228583813,0.648418725
-7.449847698,-7.391401768,-7.330535412,-6.155385017,,-7.390594959,,,,,,,,-0.354467988,-0.57813704
2.112431049,2.064973354,1.877513051,3.884044647,,2.018305818,,,,,,,,2.747854233,2.133326054
-3.592913628,-3.556294918,-3.649654865,-4.080669403,,-3.599621137,,,,,,,,-0.240772069,-0.093789227
1.368994117,1.470671654,1.498499632,0.914574265,,1.446055134,,,,,,,,0.467534482,-0.619705439
1.822502017,1.667567611,1.521205187,1.563401341,,1.670424938,,,,,,,,-0.751118481,-0.725593388
-1.390341759,-1.441974878,-1.19461,-1.426679492,,-1.342308879,,,,,,,,-0.856812537,-0.133778065
5.212038517,5.230721474,4.903465748,4.02684927,,5.11540858,,,,,,,,-0.502683282,0.060368419
-2.873515606,-2.84614253,-2.788702726,-3.612303495,,-2.836120288,,,,,,,,-0.777819037,-0.253515482
2.020283461,2.023635626,2.206997156,2.778140306,,2.083638748,,,,,,,,1.502755165,0.582979798
-2.484745502,-2.059799433,-2.071062326,-2.904742479,,-2.205202421,,,,,,,,-0.664917231,-0.48230952
-1.801848412,-1.714107275,-1.576413989,-1.676234126,,-1.697456559,,,,,,,,0.271106482,-0.302289754
-0.822823524,-0.705556154,-0.735707164,-0.604915261,,-0.754695614,,,,,,,,2.501894951,1.404509187
-1.051789284,-0.973877251,-0.959342539,-0.343265295,,-0.995003025,,,,,,,,2.233837843,1.810200453
-0.457291305,-0.453491479,-0.475854784,-1.297901511,,-0.462212523,,,,,,,,-0.645930648,-0.357599437
2.984652758,2.669737101,2.688252449,3.264162064,,2.780880769,,,,,,,,0.765730858,0.692726493
-4.248498917,-3.889752865,-3.955820084,-3.117519379,,-4.031357288,,,,,,,,-2.752187252,-1.984144211
-4.081027985,-3.890025616,-4.000451565,-4.97744751,,-3.990501722,,,,,,,,-0.661591411,0.12248034
-0.294126421,-0.352096587,-0.418632299,0.416065544,,-0.354951769,,,,,,,,0.874327302,0.311913788
-0.208659828,-0.328256309,-0.315065503,0.715805829,,-0.28399388,,,,,,,,-1.154803753,-0.56936419
-2.38152194,-2.524880171,-2.562670231,-1.673306584,,-2.489690781,,,,,,,,1.296983957,0.775242209
1.905125022,1.768605947,1.607765317,1.948646426,,1.760498762,,,,,,,,1.541746855,1.98741293
-2.86159277,-2.844680548,-2.80188942,-2.185231686,,-2.836054246,,,,,,,,0.514734566,0.392609656
2.866309881,2.852504015,2.815381527,3.044750929,,2.844731808,,,,,,,,1.960625648,1.020629287
1.711320162,1.830319405,1.963710308,1.243576765,,1.835116625,,,,,,,,0.947819352,1.011871099
-1.974547982,-1.789465189,-1.548943043,-1.750029564,,-1.770985405,,,,,,,,-2.978408337,-3.186733961
-1.206936121,-1.118510842,-0.955540061,-0.948728323,,-1.093662341,,,,,,,,-1.652768493,-0.365872294
-1.992284179,-1.884124398,-1.848837852,-1.653035998,,-1.908415476,,,,,,,,0.037069123,-0.618046165
-2.47346735,-2.340056658,-2.427612543,-2.601860046,,-2.413712184,,,,,,,,0.250902206,1.159969807
-0.773305476,-0.838583708,-0.563918233,-0.808279634,,-0.725269139,,,,,,,,-2.221989393,-1.400485992
2.38064146,2.482926846,2.387870312,3.019179583,,2.417146206,,,,,,,,0.917819738,1.112955213
1.931636572,1.970650911,1.821846485,2.615130901,,1.908044656,,,,,,,,1.167306662,0.462159246
-0.904175699,-0.704077661,-0.707545161,-1.666213989,,-0.77193284,,,,,,,,-2.253864765,-2.600590229
2.674803257,2.242735863,2.408620834,3.086433887,,2.442053318,,,,,,,,0.752894998,1.180850983
-0.084620893,-0.238509461,-0.156390697,-0.641828656,,-0.15984035,,,,,,,,-2.035233259,-1.618705034
1.697665215,1.426182032,1.361824632,1.458109975,,1.495223959,,,,,,,,2.997817993,2.486860752
1.760605454,1.590831637,1.691177487,0.528059602,,1.680871526,,,,,,,,1.07158041,2.549665689
-0.097648233,-0.400647938,-0.379567564,0.361435503,,-0.292621245,,,,,,,,0.197631419,-0.680464625
1.879107714,1.685238838,1.603164434,1.487428546,,1.722503662,,,,,,,,-1.099068999,-2.403973579
-3.123729706,-3.316649199,-3.244479418,-3.831433296,,-3.228286107,,,,,,,,-1.458709717,-1.331990242
-1.872200727,-2.399848223,-2.170633316,-3.115291119,,-2.147560755,,,,,,,,1.314823389,1.528306246
0.60066247,0.27033034,0.190242127,-0.789804518,,0.353744979,,,,,,,,-1.797520638,-1.075210214
0.757217169,0.578211427,0.414745688,0.330620319,,0.583391428,,,,,,,,-0.705495059,-0.162571639
0.511924505,0.141833216,0.165672004,0.841815412,,0.273143242,,,,,,,,-2.704669952,-1.667766333
-1.226893663,-1.33644259,-1.370931387,-0.506750226,,-1.311422547,,,,,,,,-1.171334743,-1.624028444
1.301234007,1.269060969,1.120550156,0.098091871,,1.230281711,,,,,,,,0.392881572,0.499128163
3.594715357,3.432099342,3.571817398,4.145498276,,3.532877366,,,,,,,,1.298519611,1.280721426
-0.638542175,-0.565697312,-0.582121074,-0.972760677,,-0.595453521,,,,,,,,-0.328268051,-1.141071558
-0.355708778,-0.492373645,-0.329238534,-1.104921579,,-0.392440319,,,,,,,,0.448972195,0.719109952
-2.13203311,-1.908362269,-2.037991285,-1.21552217,,-2.026128888,,,,,,,,0.699883342,0.801362514
-0.743297517,-0.693969607,-0.861128628,-0.727432132,,-0.766131918,,,,,,,,-1.526248217,-0.982018352
-1.358627915,-1.535145283,-1.441829443,-1.338045001,,-1.44520088,,,,,,,,-0.339440107,0.118847027
2.594152451,2.332640648,2.376432419,2.885452747,,2.434408506,,,,,,,,-0.825531185,-1.414458394
2.616782188,2.392936945,2.192363501,2.444620132,,2.400694211,,,,,,,,1.417798519,1.800714493
-0.228253454,-0.127913475,-0.015451416,0.081066251,,-0.123872782,,,,,,,,-0.031752199,-1.133626699
1.49830842,1.351935625,1.499639034,0.375425726,,1.449961027,,,,,,,,-1.569948196,-0.364227176
-1.59671092,-1.441914558,-1.290042281,-1.870619535,,-1.442889253,,,,,,,,0.796809673,2.42762661
1.841250896,1.94331193,1.800706029,1.786727309,,1.861756285,,,,,,,,1.096303821,0.863652766
-0.868594229,-1.037213087,-1.050797939,-1.321620345,,-0.985535085,,,,,,,,0.469284177,0.773208976
-1.648515701,-1.648536444,-1.508399129,-1.343629599,,-1.601817091,,,,,,,,-2.454570532,-1.914875746
-0.305977285,-0.430330336,-0.250100553,0.593935132,,-0.328802725,,,,,,,,-0.009108827,-0.005975209
-1.438379049,-1.518583894,-1.450436831,-0.408885926,,-1.469133258,,,,,,,,-0.778133452,-1.026424289
-0.089649171,-0.014723063,0.186037853,-1.60387063,,0.027221873,,,,,,,,0.457271159,-0.666950464
3.374729872,3.410368443,3.278530836,4.174888611,,3.35454305,,,,,,,,-3.35006237,-2.029239178
0.422320664,0.794241428,1.078063011,0.462053657,,0.764875034,,,,,,,,0.243240207,0.333860546
0.718262613,0.223028839,0.265198052,0.712709308,,0.402163168,,,,,,,,-0.71094346,0.198787019
-2.463568449,-2.520152092,-2.543135881,-2.739043474,,-2.508952141,,,,,,,,1.294455886,0.899344206
-2.267198086,-2.259593487,-2.202056408,-1.419065714,,-2.242949327,,,,,,,,-0.201648235,-0.155252159
1.476535797,1.149794221,1.372933745,2.088731766,,1.333087921,,,,,,,,-0.600757718,-1.282278419
2.021188259,2.108403444,2.138756752,2.245741367,,2.089449485,,,,,,,,0.334797204,-0.513559937
-1.522328138,-1.452013731,-1.559223056,-2.29852438,,-1.511188308,,,,,,,,-0.428555429,0.592211723
-1.833368301,-1.866171718,-1.843232632,-1.902429104,,-1.847590884,,,,,,,,0.170238346,0.446694851
2.659038305,2.548375845,2.431554079,1.857532978,,2.546322743,,,,,,,,-1.806647778,-1.64158392
0.680345714,0.815615177,0.853854418,-0.168047488,,0.78327177,,,,,,,,0.139452353,1.133761764
-1.752295256,-1.630116701,-1.963236332,-1.548464417,,-1.781882763,,,,,,,,-1.264953732,-1.788039088
-3.504299164,-3.640187263,-3.61029768,-3.23153162,,-3.584928036,,,,,,,,0.296956062,0.030389369
-0.949971676,-1.068283439,-0.915992856,0.183949471,,-0.978082657,,,,,,,,-2.449353218,-1.68771565
2.57460022,2.669958353,2.590361357,3.253464937,,2.611639977,,,,,,,,-1.587925434,-0.809573054
1.413075686,1.40699625,1.315754175,1.436934471,,1.378608704,,,,,,,,1.373380303,1.659042239
1.019218326,1.169662118,1.100400805,0.204693079,,1.096427083,,,,,,,,0.342264682,-0.239419371
1.425180793,1.428665161,1.454831362,2.246459246,,1.436225772,,,,,,,,1.132181644,0.022195116
-3.766087294,-3.728625774,-3.741860628,-3.939483166,,-3.745524565,,,,,,,,-1.059813499,-0.942745686
3.41474247,3.507185459,3.450914621,3.923576593,,3.457614183,,,,,,,,1.886112928,0.784114122
1.846858144,1.860465884,1.707960963,1.700193405,,1.805094997,,,,,,,,0.855052352,1.215259552
-1.449720621,-1.195514679,-1.354104757,-1.663726807,,-1.333113352,,,,,,,,-0.335265756,-0.651786268
1.867640495,1.891563773,2.159519196,1.774165392,,1.972907821,,,,,,,,0.849838853,0.806514978
1.735031962,1.984753251,2.197779894,0.905749261,,1.972521702,,,,,,,,0.73680985,-0.103149839
1.232915163,1.22210598,1.223077059,0.883054972,,1.226032734,,,,,,,,-0.530697584,-0.029470418
0.30936271,0.654795349,0.763136208,-0.740472376,,0.575764755,,,,,,,,1.615217209,1.658220649
0.079789072,0.030566782,-0.072500512,0.523075104,,0.012618447,,,,,,,,-2.2038517,-1.86837244
-0.396373689,-0.079178393,-0.237975568,0.539523363,,-0.23784255,,,,,,,,-1.396383405,-1.035938978
0.524001122,0.667105377,0.479539573,1.270181179,,0.556882024,,,,,,,,-1.501401663,-1.686132669
-2.205896139,-2.241913795,-2.247334719,-2.44148612,,-2.231714884,,,,,,,,-1.765325069,-0.698760092
-1.451658845,-1.683689117,-1.769011855,-0.850219667,,-1.634786606,,,,,,,,-0.332867444,0.097471297
3.32834816,3.037785292,3.382524729,2.303370476,,3.249552727,,,,,,,,-2.119832516,-0.811557531
-3.438988924,-3.806846142,-3.838733912,-4.986810684,,-3.694856326,,,,,,,,-1.058362722,0.222318605
-1.956022978,-1.977748156,-1.866147041,-1.780935049,,-1.933306058,,,,,,,,1.862354994,2.499364614
-2.638302803,-2.749265671,-2.541212559,-3.124536753,,-2.642927011,,,,,,,,-0.09329617,-0.282768726
-0.77558291,-0.946381092,-0.878033996,-1.875011325,,-0.866665999,,,,,,,,2.308622837,1.834749699
2.07876873,1.985292912,1.879418612,2.427345991,,1.981160084,,,,,,,,0.369250238,0.557039618
1.165902615,1.139563203,1.2083323,1.597907662,,1.171266039,,,,,,,,0.983525574,0.554723501
6.301352978,6.237204075,6.547911167,6.068867207,,6.362156073,,,,,,,,1.880857944,1.09027195
0.023202822,-0.0494553,-0.057684198,1.620102286,,-0.027978892,,,,,,,,-0.170908615,-0.737692356
0.766122341,0.69240123,0.418724418,0.278381348,,0.62574933,,,,,,,,1.505280018,1.343104839
-0.250503302,-0.369273603,-0.194669902,-0.759017408,,-0.271482269,,,,,,,,-2.731246948,-0.472635597
-0.882879138,-0.581000328,-0.443875134,-1.624857426,,-0.6359182,,,,,,,,1.390939474,0.764338374
-1.072401643,-1.031333208,-1.183431983,-0.244499564,,-1.095722278,,,,,,,,1.053304911,1.037247419
-0.14463912,-0.200880036,-0.237872243,0.46432364,,-0.194463799,,,,,,,,-0.521652877,-0.597037315
0.106132418,-0.139889002,-0.200524539,-1.140886664,,-0.078093708,,,,,,,,-1.540128708,0.383802116
0.821126342,0.694137573,0.628942311,0.523899615,,0.714735409,,,,,,,,-0.259232581,-0.838660359
3.758118629,3.531587124,3.634411335,3.683182478,,3.641372363,,,,,,,,2.239130259,2.514199734
1.875649571,1.829499722,2.05049634,1.669987559,,1.918548544,,,,,,,,-0.464025259,-0.444421142
4.41163969,4.145188332,4.119083881,5.095765591,,4.225303968,,,,,,,,-1.023472309,-1.607345581
2.63863802,2.498417616,2.787786484,2.589478493,,2.64161404,,,,,,,,-0.199188903,0.124131747
0.290602088,0.117440745,-0.049828902,1.241325378,,0.119404644,,,,,,,,0.577597976,1.433015466
1.901314378,1.691832304,1.452563405,2.361047268,,1.681903362,,,,,,,,-0.93889606,-2.212814808
0.06306161,0.294813871,0.399644256,-0.45918259,,0.252506579,,,,,,,,0.261002392,0.457622081
0.519680023,0.643013954,0.66422987,1.332624435,,0.608974616,,,,,,,,-0.553567231,0.062983222
1.534610152,1.62911272,1.805717826,1.4203794,,1.656480233,,,,,,,,-1.585533977,-0.098093919
0.996987939,1.121172667,1.179179668,1.178964376,,1.099113425,,,,,,,,0.42919296,-0.583684266
0.977855682,1.07487905,1.135794878,0.780551136,,1.062843204,,,,,,,,-1.822753668,-1.422440052
2.750638485,2.782460928,2.985443592,3.099104643,,2.839514335,,,,,,,,1.700216889,1.711132884
0.848345101,0.736502588,0.653406143,1.073316216,,0.746084611,,,,,,,,-4.169113159,-3.062548161
0.570007741,0.782559156,0.747240007,0.915145874,,0.699935635,,,,,,,,-1.898160934,-1.903864384
2.325137615,2.336526871,2.446410656,2.430943966,,2.369358381,,,,,,,,-1.53113699,-0.591228247
-0.870243192,-0.831674457,-0.801226377,-0.650016963,,-0.834381342,,,,,,,,0.00489489,-0.150867701
-1.144671917,-1.195389986,-1.193890572,-1.178973556,,-1.177984158,,,,,,,,-0.27553916,0.157221228
2.065083265,1.952988029,1.906516552,1.574625611,,1.974862615,,,,,,,,0.056847915,-0.318554074
2.61626339,2.957406998,2.890263557,2.122759104,,2.821311315,,,,,,,,0.338302344,-0.077447593
-0.736209512,-0.521559715,-0.527587831,-2.083891869,,-0.595119019,,,,,,,,-0.147874102,0.394595861
-2.984212399,-2.749427795,-2.683619738,-2.914948463,,-2.805753311,,,,,,,,-0.371071607,-0.591398776
0.775462091,0.6507532,0.465556324,1.938585997,,0.630590538,,,,,,,,-1.457345247,-1.573237658
3.260634661,2.881147861,2.762499094,2.759188414,,2.968093872,,,,,,,,2.242040396,1.936899424
0.798615217,0.822001934,0.56908834,-0.879974365,,0.72990183,,,,,,,,1.030423045,0.669087946
3.001935244,2.904661179,3.156417608,4.117908001,,3.021004677,,,,,,,,-0.240457445,1.098815084
-0.861908555,-1.308494329,-1.205223083,-0.553251386,,-1.125208656,,,,,,,,0.618056834,-0.029181667
-0.71745497,-0.477945268,-0.420925051,-0.7503438,,-0.538775096,,,,,,,,1.231255174,0.372063994
0.540661693,0.539674759,0.413708061,1.87034595,,0.498014838,,,,,,,,2.353814363,2.422892809
-3.258738756,-2.956301689,-3.276791573,-2.752234936,,-3.163944006,,,,,,,,0.048927963,0.025357276
3.485729933,3.360912085,3.246313572,2.946287155,,3.36431853,,,,,,,,-0.292947561,-0.274164379
-0.747860789,-0.657513618,-0.763367832,-0.352662832,,-0.72291408,,,,,,,,-0.544635296,-0.457951337
1.555425048,1.380381584,1.471314669,0.36316815,,1.469040434,,,,,,,,-0.739955664,-1.396691442
1.154083014,1.5807271,1.642328262,1.126588702,,1.459046125,,,,,,,,0.611361206,0.923679054
0.988648415,1.084855795,1.479555607,1.477644563,,1.184353272,,,,,,,,0.265042871,0.363119692
-1.369318724,-1.425810337,-1.548288107,-1.543768287,,-1.447805723,,,,,,,,-1.414016128,-0.886825562
2.744842768,2.736577511,2.88714695,3.425503016,,2.789522409,,,,,,,,-0.513012826,-0.890861511
4.057544231,3.91727972,4.007321358,2.206604958,,3.994048436,,,,,,,,0.495552957,0.136107922
-0.548293531,-0.36487022,-0.566757977,-1.083649397,,-0.493307243,,,,,,,,0.844539464,0.114041433
-1.268507361,-1.086363554,-1.101094961,-1.503211975,,-1.151988626,,,,,,,,-2.097843647,-1.276095867
-3.448696852,-3.488611221,-3.336992502,-3.266488075,,-3.424766858,,,,,,,,-0.602496266,-0.695533693
2.464791775,2.13782382,1.958300233,2.314913273,,2.186971943,,,,,,,,-1.144253373,-0.863294244
-9.35390377,-8.930530548,-8.920139313,-8.382131577,,-9.06819121,,,,,,,,-3.444747448,-3.384661436
0.263800383,0.193037301,0.026945591,-1.391272306,,0.161261092,,,,,,,,-1.228823423,-1.809984922
-2.375934601,-2.286186218,-2.490353584,-2.689091206,,-2.384158134,,,,,,,,-1.898087263,-0.973511457
2.193591833,2.079392195,2.077578306,0.602479339,,2.116854111,,,,,,,,0.481255949,-0.656141639
2.364202023,2.475641251,2.394773006,1.875131845,,2.41153876,,,,,,,,1.769273877,1.920269966
2.826497078,2.817882061,2.758834839,2.884423733,,2.801071326,,,,,,,,1.014866114,0.658241391
-1.994058967,-2.149274349,-2.240798712,-1.607365966,,-2.128044009,,,,,,,,-1.517030001,-1.562581301
-4.426876545,-4.403628349,-4.151444435,-5.044004917,,-4.327316443,,,,,,,,-1.101915359,-0.213422
1.163817763,1.068399668,1.138881445,0.693856716,,1.123699625,,,,,,,,-1.475803256,-1.725935102
-2.141058922,-1.938062191,-1.959683776,-0.815094292,,-2.012934963,,,,,,,,0.326637119,-0.579874754
3.079587936,3.167649269,3.057577372,3.711856127,,3.101604859,,,,,,,,-1.999511957,-1.991952538
2.230152607,2.578229666,2.307738543,2.623829842,,2.372040272,,,,,,,,-1.444796562,-1.393955231
0.292935967,0.188939065,-0.061274238,1.132988691,,0.140200265,,,,,,,,-1.374656677,-1.03412962
-1.26500082,-0.978892982,-1.034183264,-1.099915028,,-1.092692355,,,,,,,,2.038335323,2.662926912
1.149724126,0.99305141,1.070166945,1.941114426,,1.070980827,,,,,,,,2.043625116,1.532242179
-1.871081114,-1.750611544,-1.690508366,-0.80447346,,-1.770733674,,,,,,,,0.689511299,-0.341387093
1.57480669,1.715794444,1.748320699,1.636227489,,1.679640611,,,,,,,,-3.791604996,-3.49965167
1.292048335,1.199032187,1.213757634,1.879215717,,1.234946052,,,,,,,,2.239940643,2.347857952
2.418725967,2.617655993,2.533016443,1.341574669,,2.523132801,,,,,,,,-0.249474555,-0.830817163
-1.034582853,-0.904775143,-1.057568431,-1.255850196,,-0.998975476,,,,,,,,-0.144443095,0.382474303
-1.685460329,-1.603205323,-1.605287552,-2.030075073,,-1.631317735,,,,,,,,-1.176540494,-1.437155008
-4.097362041,-3.751433134,-3.599903822,-3.949185848,,-3.816232999,,,,,,,,1.040188432,0.871591926
-0.287739098,-0.092485666,0.002745092,-0.627810419,,-0.125826557,,,,,,,,0.65995872,0.505581081
-0.608479917,-0.799294233,-0.507382452,-0.729528427,,-0.638385534,,,,,,,,-0.751299143,-1.086517692
-0.83360976,-0.936773121,-1.024705648,-1.285363317,,-0.931696177,,,,,,,,1.914229631,1.347768426
1.40867281,1.682464242,1.716162205,0.926246762,,1.602433085,,,,,,,,-1.70345068,-1.473367929
-0.526072383,-0.497138262,-0.504545927,-0.506396413,,-0.509252191,,,,,,,,0.199013337,0.58282125
-0.007980883,0.185282707,0.080740929,1.821232796,,0.086014251,,,,,,,,0.913772643,0.646597981
-0.918947399,-0.797872424,-0.674861848,-1.199260712,,-0.797227224,,,,,,,,0.757782698,0.430445075
-2.932496786,-2.747663975,-2.846852064,-2.924225807,,-2.842337608,,,,,,,,-0.042794704,0.013937518
2.55314064,2.702670097,2.85538435,2.442564964,,2.703731696,,,,,,,,1.535996675,0.861534119
1.783824325,2.231001377,2.158353806,1.309004188,,2.057726502,,,,,,,,-0.284017444,-0.53568089
-0.563910544,-0.675108135,-0.500215232,-0.5866431,,-0.579744637,,,,,,,,-1.022893786,-0.60190165
1.207078457,0.747995675,0.870908737,1.934064627,,0.94199429,,,,,,,,3.497583389,2.988324165
0.665273666,0.709188938,0.797944427,0.059012473,,0.724135677,,,,,,,,-0.390339375,-0.348976314
-0.2141065,-0.198090851,-0.256451428,-0.112017125,,-0.222882926,,,,,,,,1.692663074,1.785299063
1.46538043,1.549922943,1.48709178,0.995936215,,1.500798384,,,,,,,,1.117206812,0.851987123
1.352490067,1.578966618,1.360212684,1.31972909,,1.430556456,,,,,,,,0.187337905,-0.048306048
-2.888478279,-3.044612885,-3.224047184,-2.13941431,,-3.052379449,,,,,,,,-1.957312346,-0.359392613
1.401485205,1.809285283,1.770408034,3.321006536,,1.660392841,,,,,,,,-0.399470955,-0.112762049
2.241253138,2.087705374,2.165201664,1.830390811,,2.164720058,,,,,,,,1.501901269,1.053183794
-1.494029045,-1.425671935,-1.382213593,-2.16598773,,-1.433971524,,,,,,,,-1.587524652,-1.25145483
0.378860652,0.364879787,0.34733355,0.182302058,,0.36369133,,,,,,,,-0.279770523,0.228604645
1.090453863,1.240550756,1.19581008,2.334980249,,1.1756049,,,,,,,,2.214021683,1.68693018
-2.563107252,-2.354912996,-2.615959406,-1.572135687,,-2.511326551,,,,,,,,-0.820994616,-1.121776819
0.659630299,0.544483662,0.64369458,1.076171517,,0.61593618,,,,,,,,0.541672707,-0.384529233
-0.886769295,-1.008734107,-0.919801354,-1.630769491,,-0.938434919,,,,,,,,3.266403913,2.792119026
0.576707482,0.399470478,0.735312104,1.261128426,,0.570496688,,,,,,,,2.564012527,2.307926416
3.04812026,2.792202473,2.834880114,3.659517765,,2.891734282,,,,,,,,2.685227394,-0.036967784
-3.645946264,-3.89763236,-4.050111294,-3.288505077,,-3.864563306,,,,,,,,-0.274604499,-0.391063571
2.643213034,2.614601374,2.604934692,3.000585318,,2.620916367,,,,,,,,0.644685745,0.101143904
1.36373651,1.333399773,1.113374233,0.583709955,,1.270170172,,,,,,,,0.723769605,0.087787271
-1.08867979,-1.218097568,-1.229300022,-1.465753913,,-1.17869246,,,,,,,,-0.374496639,-0.660629511
0.850490749,0.599415064,0.720610917,1.823092341,,0.723505576,,,,,,,,0.564473271,0.624029517
-4.247635365,-4.12980938,-4.130759716,-2.881703377,,-4.169401487,,,,,,,,1.445087671,1.009158134
1.146579742,0.994418025,1.166028261,2.202202559,,1.10234201,,,,,,,,4.397285461,3.228244781
-1.296483755,-1.417225242,-1.337845206,-2.029076815,,-1.350518068,,,,,,,,-2.23549509,-4.068799019
0.527294695,0.182809472,0.292767733,0.456769973,,0.334290634,,,,,,,,-2.235638142,-1.391219616
-0.170501649,-0.434724212,-0.328793466,-0.062594086,,-0.311339776,,,,,,,,0.662236631,0.24816525
-0.842637122,-0.82033968,-0.686439812,-0.665021658,,-0.783138871,,,,,,,,-0.167281434,-0.079134598
-0.403079242,-0.213203877,-0.190011114,0.339325786,,-0.268764744,,,,,,,,-0.546517253,-0.803095996
5.440437794,5.494179249,5.456101894,5.829359055,,5.463572979,,,,,,,,0.648598313,0.901112676
0.865233302,0.758677721,0.625368237,0.432016611,,0.749759754,,,,,,,,-3.816035748,-1.943813801
0.066593371,0.024265235,0.224073127,0.385351807,,0.104977245,,,,,,,,0.596480727,1.168857813
-1.677024245,-1.658241868,-1.65519309,-1.851148725,,-1.663486401,,,,,,,,0.393330872,0.832525015
1.041358709,0.871183515,1.065238714,-0.363028586,,0.992593646,,,,,,,,1.639459729,1.561878681
-1.965016723,-2.10549736,-2.184684753,-2.580755234,,-2.085066279,,,,,,,,0.055175424,-0.106355011
4.082382202,3.894204617,3.930729628,2.851340294,,3.969105482,,,,,,,,-1.441447258,-1.932378292
1.879732251,1.77034843,1.773290992,1.241619468,,1.807790558,,,,,,,,-0.28757143,-1.226351619
-1.39272809,-1.347933173,-1.542413235,-3.048712254,,-1.427691499,,,,,,,,0.292233706,1.299303532
-2.499224663,-2.118732452,-2.206048012,-1.586800575,,-2.274668376,,,,,,,,0.781210661,2.142330408
-2.681560993,-2.65703249,-2.804034233,-2.992816448,,-2.714209239,,,,,,,,2.623198748,1.913088679
-2.72912693,-2.564128399,-2.507754564,-3.443753242,,-2.600336631,,,,,,,,-0.978039145,-0.092329651
1.564848304,1.679053664,1.664464355,0.699937582,,1.636122108,,,,,,,,0.416235924,-0.096263573
0.247563213,0.335417062,0.301022977,0.094600588,,0.294667751,,,,,,,,0.328668356,-0.385667741
2.278441429,2.308877707,2.384700775,3.195168495,,2.324006637,,,,,,,,2.959358215,1.726560354
1.276680231,0.931599855,0.946274519,2.124465466,,1.051518202,,,,,,,,0.349013984,0.859757125
0.963219047,0.85793817,0.574965596,0.829220593,,0.798707604,,,,,,,,2.486332417,1.175539374
-1.204460859,-1.57424736,-1.574956298,-1.210342526,,-1.451221506,,,,,,,,-1.97967577,-1.372244835
0.765706778,0.813490629,0.759392738,2.202574253,,0.779530048,,,,,,,,-0.553925753,-0.61615169
0.480705947,0.478072494,0.205279231,0.317443609,,0.388019224,,,,,,,,-1.217357635,-0.887461901
1.384317756,1.494143724,1.50576508,0.390781552,,1.461408854,,,,,,,,2.648053169,3.112535954
-0.096892893,-0.425201774,-0.378329277,0.632306814,,-0.300141315,,,,,,,,1.73781085,0.671696842
-0.930810332,-1.013527632,-0.947207093,-1.329972863,,-0.963848352,,,,,,,,-0.638893723,-1.056101441
-0.654948294,-0.813370645,-0.624795914,-1.64396441,,-0.697704951,,,,,,,,1.760656118,0.834615469
3.306689501,3.491900444,3.286331177,3.544351578,,3.361640374,,,,,,,,-1.526274681,-2.090500355
-4.641371727,-4.610298157,-4.652492046,-4.215289593,,-4.634720643,,,,,,,,1.615261316,1.189878941
3.427139521,3.206916571,3.071978807,2.081942558,,3.235344966,,,,,,,,0.899937689,1.420397043
1.002875566,0.971151829,1.039544225,-0.47292161,,1.004523873,,,,,,,,-0.48402524,-0.261844337
1.264704466,1.366791248,1.224680066,1.082933545,,1.285391927,,,,,,,,3.434449673,2.784371853
-0.26333937,-0.426789016,-0.365108281,-0.519120097,,-0.351745556,,,,,,,,-0.363785297,-0.541169107
0.219771042,0.044426396,0.158217207,0.447137415,,0.140804882,,,,,,,,1.425437927,0.651901245
-0.633077264,-1.040150404,-0.984470129,-0.408040076,,-0.885899266,,,,,,,,0.638852119,0.117541105
-0.3900837,-0.425078899,-0.480981052,0.773234189,,-0.432047884,,,,,,,,0.850253165,0.864578366
-1.227002621,-1.428009868,-1.449803233,-2.043931961,,-1.368271907,,,,,,,,0.023881428,-0.306638449
4.412451744,4.228507519,4.303407192,4.619580746,,4.314788818,,,,,,,,0.976224065,1.171490908
0.011560261,0.068124473,0.259780705,-0.63290751,,0.113155146,,,,,,,,2.503144264,2.0724895
-2.778105021,-2.433577538,-2.55877161,-4.399015427,,-2.590151389,,,,,,,,-3.304188728,-2.743232727
0.380049229,0.309337497,0.344672561,0.33749631,,0.344686429,,,,,,,,0.159243777,0.652636945
-2.485519886,-2.313715696,-2.407630444,-1.689850211,,-2.402288675,,,,,,,,-0.83750385,-0.995102882
3.054939508,3.058316708,3.228689671,3.747389317,,3.113981962,,,,,,,,-0.506523728,-0.641186893
2.861649036,2.712500334,2.679225206,3.040594101,,2.751124859,,,,,,,,0.222224891,-0.456696153
-1.333619118,-1.331004739,-1.323177338,-0.784746647,,-1.329267065,,,,,,,,-3.989540577,-3.68406105
-1.300867558,-1.212446451,-1.184472084,-0.552180409,,-1.232595364,,,,,,,,-1.48416698,-1.257320166
1.13721633,1.1816504,1.093036771,1.942795873,,1.137301167,,,,,,,,0.754196525,-0.579554319
1.164812922,1.285128355,1.366275311,2.705123425,,1.272072196,,,,,,,,0.37100023,0.203548014
-1.013493776,-0.668878078,-0.712615132,-1.823736191,,-0.798328996,,,,,,,,-0.977346897,-0.024706952
-1.670812368,-1.518677711,-1.606850266,-2.333612919,,-1.598780115,,,,,,,,2.198727131,2.098678827
0.607250035,0.071703941,0.059547827,1.177605748,,0.246167267,,,,,,,,0.151239365,0.260597169
-1.228895307,-0.95010078,-0.982079029,0.343823642,,-1.053691705,,,,,,,,0.049356312,0.313870937
2.770715237,2.835416079,2.922208309,2.815302372,,2.842779875,,,,,,,,-0.196597278,-0.396524608
-0.909078002,-0.882156789,-0.565372586,-0.131518975,,-0.785535793,,,,,,,,0.902175367,0.284309328
2.156555414,2.123878717,2.122474432,2.005082846,,2.134302855,,,,,,,,-0.135723144,0.686856031
4.470357895,3.886279583,4.028031349,3.375952721,,4.128222942,,,,,,,,-0.780655086,-0.973885059
1.913968921,2.098184347,1.844277024,1.703720331,,1.952143431,,,,,,,,0.63841778,-0.220034152
1.072878003,1.218811154,1.058127046,1.963225842,,1.116605401,,,,,,,,0.192159295,0.093757384
-0.234986246,-0.119594991,0.03114599,-1.19593668,,-0.107811749,,,,,,,,1.922174454,1.757626414
3.752359152,3.436798334,3.607423067,3.585507154,,3.598860184,,,,,,,,1.176785469,1.132397652
0.838326693,1.008009911,0.912325621,0.467597842,,0.919554075,,,,,,,,0.625411749,-0.296780169
0.826791227,0.807482302,0.669759393,1.137670159,,0.768010974,,,,,,,,-0.182202786,-0.280274749
-0.483170897,-0.47092095,-0.486712009,0.616757631,,-0.480267952,,,,,,,,3.762761116,2.203207493
-1.474028111,-1.200310946,-1.114762664,-1.201320648,,-1.263033907,,,,,,,,-0.166837171,-0.782984793
1.880919814,1.99150598,1.986941457,2.662224293,,1.953122417,,,,,,,,0.614007175,0.205695376
-0.599534512,-0.507890463,-0.707931101,-1.279470921,,-0.605118692,,,,,,,,0.680900395,1.659335613
1.251365542,1.125427961,1.040619016,0.754576206,,1.139137506,,,,,,,,-0.025255993,1.013563037
-0.895692825,-0.75494653,-0.684349775,0.245012611,,-0.77832971,,,,,,,,0.053037517,0.592779636
-3.583833694,-3.568509579,-3.491667032,-4.689239502,,-3.548003435,,,,,,,,-1.23694241,-1.124962568
-1.275164604,-1.56321466,-1.632303238,0.136531264,,-1.490227501,,,,,,,,2.146183968,2.158840656
2.47213769,2.521001339,2.619949818,2.276377678,,2.537696282,,,,,,,,1.756421566,1.126903057
-1.099790931,-1.166481495,-1.169987559,-1.394063234,,-1.145419995,,,,,,,,-3.376264095,-1.904302597
0.649049997,1.193504572,1.109392881,1.754129529,,0.983982484,,,,,,,,2.514103889,2.784773111
-4.299380302,-4.356235981,-4.305341721,-3.276383877,,-4.320319335,,,,,,,,-0.92887938,-2.178146124
-0.95203948,-0.93384409,-0.803063035,-0.746305287,,-0.896315535,,,,,,,,-1.015668392,-1.380777597
2.374273539,2.534680843,2.686739683,2.248407841,,2.531898022,,,,,,,,-0.246344373,-0.80736351
-2.602970839,-2.480701685,-2.747781992,-2.046556473,,-2.610484838,,,,,,,,2.048780918,1.958919048
1.671509743,1.574107766,1.573342085,1.934199095,,1.606319865,,,,,,,,-2.145276308,-2.064063549
3.28371644,3.453123331,3.520561457,4.122900009,,3.419133743,,,,,,,,3.043306112,2.838611603
-1.510141134,-1.410802841,-1.699777603,-1.532902479,,-1.540240526,,,,,,,,-0.865969419,0.247253433
2.508435488,2.53507185,2.273890018,2.375082493,,2.439132452,,,,,,,,-1.250235796,-1.8543998
2.289750099,2.321960211,2.349097967,2.183883429,,2.320269426,,,,,,,,-1.69852376,-0.381646723
0.681215823,0.816967547,0.677339792,0.094420761,,0.725174387,,,,,,,,2.079299927,2.319122314
2.275584221,1.976626396,2.19126606,0.985119224,,2.147825559,,,,,,,,0.339949399,0.099422112
1.536685824,1.73826468,1.66057539,2.03783226,,1.645175298,,,,,,,,2.654468775,2.311575413
0.281594902,0.227120921,0.350660056,0.388811648,,0.286458626,,,,,,,,-0.269363463,-0.012419567
0.460590899,0.374966264,0.277147174,-0.422929883,,0.370901446,,,,,,,,0.339320511,-0.319111586
3.538139343,3.853444338,3.817490339,2.537506819,,3.736358007,,,,,,,,1.112247467,0.59544313
1.251095057,1.036228776,0.941201091,1.08750248,,1.076174974,,,,,,,,1.277448177,0.275381863
4.55012989,4.49681282,4.42347765,2.463281631,,4.49014012,,,,,,,,-1.827607989,-1.133534789
3.457640648,3.369804144,3.342404604,3.06994319,,3.389949799,,,,,,,,1.987853289,1.096595287
-2.730336905,-2.555489302,-2.566351891,-2.600821972,,-2.617392699,,,,,,,,0.384839654,0.828351438
-2.367871523,-2.029081106,-2.187489033,-1.809248686,,-2.194813887,,,,,,,,2.364023209,0.759390056
1.316623569,0.954234421,0.998353124,2.458695889,,1.089737038,,,,,,,,0.590103626,-0.679525018
0.629355788,0.783546388,0.87081641,-0.070745766,,0.761239529,,,,,,,,0.568163991,0.603579521
-1.58155489,-1.76839304,-1.78520751,-1.040957093,,-1.71171848,,,,,,,,3.714808941,3.526236773
-3.705924511,-3.316513777,-3.302483082,-3.269641876,,-3.441640457,,,,,,,,-1.590302944,-1.550886631
-1.72365272,-1.803319573,-1.946118951,-1.184592366,,-1.824363748,,,,,,,,-2.043786049,-1.914331675
0.532952309,0.481029421,0.579253554,-0.221913517,,0.531078428,,,,,,,,1.03676784,1.173606515
-0.263645589,-0.389695942,-0.298783749,-0.480643451,,-0.317375094,,,,,,,,1.170691013,0.912142754
-0.65510267,-0.531173885,-0.856303155,-0.839224279,,-0.680859903,,,,,,,,1.226917148,1.039155483
2.047672749,1.769077778,1.701654673,1.681200504,,1.8394684,,,,,,,,-1.497263312,-1.061093092
-0.890175045,-0.839430273,-1.022009134,-1.328315973,,-0.917204817,,,,,,,,2.110496521,0.67844969
-2.775434971,-2.727458954,-2.703700542,-2.656723976,,-2.735531489,,,,,,,,-3.037150621,-2.618121147
0.948500276,0.8295995,0.703220367,1.269801378,,0.827106714,,,,,,,,0.138348982,-0.237237245
0.073395662,0.103422359,-0.096002355,0.187718004,,0.026938555,,,,,,,,1.248150945,2.691999435
2.406082153,2.10718441,2.214978695,3.271743298,,2.242748419,,,,,,,,-0.590920687,-0.279635668
1.571332097,1.739614725,1.657672405,1.813058019,,1.656206409,,,,,,,,0.223892242,-0.214972794
0.933668852,0.822682023,0.921220422,1.736110926,,0.892523766,,,,,,,,-0.146891594,0.610871494
-0.968454719,-1.220162034,-1.434724689,0.108125567,,-1.20778048,,,,,,,,-1.453901529,-1.607822895
0.029569924,0.145265758,0.018615693,0.510079265,,0.064483792,,,,,,,,0.733887613,0.769356668
5.561642647,5.263197422,5.4205966,5.623352528,,5.415145556,,,,,,,,1.787452579,0.744632065
-0.680089355,-0.653720617,-0.469828486,-1.68064177,,-0.601212819,,,,,,,,-0.244417593,-0.015272215
0.047664836,-0.025457948,0.163337976,1.410794854,,0.061848288,,,,,,,,-0.464697123,-0.940965891
-1.848220229,-1.721702218,-1.682420492,-1.160959959,,-1.75078098,,,,,,,,0.32244724,0.421204686
-0.627739429,-0.673132837,-0.757330716,-0.522796392,,-0.686067661,,,,,,,,0.638145208,-0.036547966
0.482590407,0.326823801,0.20476833,0.408073962,,0.338060846,,,,,,,,0.111783735,-0.555386186
0.455050379,0.223261222,0.210505247,0.315140247,,0.296272283,,,,,,,,0.338703722,1.227972269
3.216362238,3.545429945,3.498809099,3.082817554,,3.420200427,,,,,,,,0.971840501,0.935539126
0.191724181,0.191699266,0.117129207,-0.821946144,,0.166850885,,,,,,,,-0.278091967,0.597750068
0.767046452,0.885191321,0.690078676,0.806757987,,0.78077215,,,,,,,,-0.755755484,0.023849312
4.476509094,4.310341835,4.331320763,3.979016304,,4.372723897,,,,,,,,-0.186169595,0.098150164
-0.329141766,-0.076634221,0.073091693,-0.344841123,,-0.110894764,,,,,,,,0.178089708,0.036105916
-1.566455841,-1.70852685,-1.551307201,-0.580568612,,-1.608763297,,,,,,,,-0.496166646,-0.938204527
1.302528143,1.594977379,1.629328489,0.362832248,,1.50894467,,,,,,,,-2.121554613,-0.885227323
-0.661496043,-0.66981113,-0.648785591,0.821010649,,-0.660030921,,,,,,,,-0.596569657,-0.157190979
2.018086195,2.165611744,2.038484573,2.213228226,,2.074060837,,,,,,,,-0.049495347,0.727313221
1.666917205,1.774487734,1.743960738,2.408204317,,1.728455226,,,,,,,,-0.766877353,-0.074305534
1.630460262,1.74515295,1.669655323,1.891121387,,1.681756179,,,,,,,,0.492905319,-0.097121358
2.723057747,2.595348835,2.538183212,3.920006752,,2.618863265,,,,,,,,-0.808271885,0.078803867
-1.11761868,-1.048971653,-0.964850187,-0.851335287,,-1.043813507,,,,,,,,-2.043143988,-1.907452345
-1.463298917,-1.619729638,-1.606284261,0.612230957,,-1.563104272,,,,,,,,-0.903862953,-0.055195332
-2.032891989,-1.881655216,-1.765437126,-1.727908373,,-1.89332811,,,,,,,,1.25487721,0.291515589
3.586844206,3.523753405,3.498692513,2.998864412,,3.536430041,,,,,,,,-0.378101349,-0.757402658
2.99856472,2.9187181,2.868922234,3.71589613,,2.928735018,,,,,,,,1.130361199,0.777519822
0.737382889,0.514817357,0.451990217,0.76906234,,0.568063488,,,,,,,,-0.964466274,-0.03249675
-2.530786991,-2.521565914,-2.458011627,-2.934562206,,-2.503454844,,,,,,,,-0.122685418,-0.408018231
1.324688196,1.111448288,1.127792001,0.532034874,,1.187976162,,,,,,,,0.462580383,-0.130854398
-0.140808031,0.048076689,-0.042041004,-0.329734027,,-0.044924115,,,,,,,,-1.467435718,-0.792841434
2.894695759,2.598432779,2.528658867,3.842635155,,2.673929135,,,,,,,,0.349268436,0.48824656
1.44003582,1.409276247,1.40124023,1.183639288,,1.416850766,,,,,,,,-1.679900169,-1.309627771
1.800513983,1.781884193,2.022199154,2.812289476,,1.86819911,,,,,,,,-1.377057195,-0.733114839
-0.029707074,0.21303317,0.295527816,0.359885901,,0.15961797,,,,,,,,-0.227582037,-0.102927119
-1.730463624,-1.709718108,-1.822883248,-0.938639879,,-1.754354994,,,,,,,,-1.741576314,-0.045479871
-2.162813902,-2.241802216,-2.488636732,-3.35592103,,-2.29775095,,,,,,,,-1.265688062,0.154226691
1.387180209,1.327947497,1.394935727,2.139705658,,1.370021145,,,,,,,,2.109519005,1.862359762
-0.511794925,-0.436022997,-0.53926754,-1.395501852,,-0.495695154,,,,,,,,0.509689569,0.797451496
-1.258800268,-1.361150503,-1.448288083,-0.31027621,,-1.356079618,,,,,,,,-1.129125357,-1.2092309
-3.438405991,-3.831019163,-3.694968939,-3.528612614,,-3.654798031,,,,,,,,1.79373765,2.353042364
-0.634774208,-0.398321033,-0.291965634,-0.700809956,,-0.441686958,,,,,,,,1.470728993,1.336721063
0.933970273,1.087839723,0.900080323,1.36043036,,0.973963439,,,,,,,,-0.168807104,-0.40406698
-2.566688061,-2.441193581,-2.213093996,-2.438385248,,-2.406991879,,,,,,,,0.300128609,-0.651004851
-1.794725657,-1.821859121,-1.787162781,-1.403783798,,-1.801249186,,,,,,,,0.159994245,-0.462095976
1.586133838,1.187584043,1.250868201,0.269929171,,1.341528694,,,,,,,,-1.6898247,-1.60359323
-0.059339523,-0.076987237,0.096287549,0.200962812,,-0.013346404,,,,,,,,-2.270696878,-1.249991298
0.390392184,0.345316708,0.355490446,-1.393510342,,0.363733113,,,,,,,,0.395101815,-0.629500031
1.340171814,1.218562603,1.147408605,1.962732553,,1.235381007,,,,,,,,2.00335741,1.093821287
-0.585533977,-0.475442499,-0.676506996,-0.466445625,,-0.579161157,,,,,,,,-0.478924215,-0.989751935
-1.160082102,-1.453445435,-1.430841446,-1.644627929,,-1.348122994,,,,,,,,0.038499631,-1.201853037
-0.133056864,-0.42961961,-0.381554425,-0.581406116,,-0.314743633,,,,,,,,0.333384156,2.158265352
0.636747777,0.588250339,0.554947734,0.79207176,,0.593315283,,,,,,,,-0.213297755,-0.701877356
-0.701536238,-0.819364011,-0.830154061,-1.934125662,,-0.78368477,,,,,,,,-1.597046137,-0.900711417
2.595031023,2.712469339,2.784056902,2.897644758,,2.697185755,,,,,,,,0.526117146,0.181694031
-1.580579281,-1.390368581,-1.298084497,-1.022109032,,-1.423010786,,,,,,,,-2.140143633,-1.700139165
0.52814126,0.242895246,0.240411401,-0.327698857,,0.337149302,,,,,,,,-1.250549555,-0.418922991
0.970978141,0.89856267,0.984168768,1.143703222,,0.951236526,,,,,,,,2.206654549,1.231822014
0.017736331,0.053216085,0.048704013,1.135352731,,0.039885476,,,,,,,,-3.087580204,-2.48113966
1.389624834,1.216577411,1.275458336,0.872349381,,1.29388686,,,,,,,,-1.343148232,-0.82963568
2.972678423,3.345462084,3.519568682,1.972093821,,3.279236396,,,,,,,,1.049463391,0.846277237
-0.507662952,-0.721990466,-0.59336412,-0.617368519,,-0.607672513,,,,,,,,0.930089414,-0.173827946
1.024237156,0.865338624,0.874988019,2.228387833,,0.921521266,,,,,,,,-0.516184092,-0.702075422
-4.512204647,-4.4392519,-4.420044422,-4.412035465,,-4.45716699,,,,,,,,-0.558364987,-0.8876701
1.450847387,1.199654341,1.322912574,1.600127697,,1.324471434,,,,,,,,-1.546697021,-1.27375412
9.315419197,9.465755463,9.369132996,12.16446495,,9.383435885,,,,,,,,-6.157567024,-10.21387386
-0.106121451,-0.173239499,-0.083916008,0.261298627,,-0.121092319,,,,,,,,-0.342231154,-0.013010368
-1.485871196,-1.502207875,-1.397494078,-2.418294907,,-1.461857716,,,,,,,,1.911711454,1.563415408
2.016874313,2.01782918,1.938809872,2.964986086,,1.991171122,,,,,,,,-0.199242368,0.115527898
-1.915648937,-1.936368942,-1.779482603,-1.539633155,,-1.877166828,,,,,,,,-2.631404161,-2.257943392
-0.707438231,-0.742203355,-0.656761527,-2.713777542,,-0.702134371,,,,,,,,-0.233631402,0.009223521
0.320521832,0.265331566,0.580499291,-0.13690944,,0.38878423,,,,,,,,-0.899272323,-0.675026655
1.722961664,2.044788599,2.087436914,0.726640165,,1.951729059,,,,,,,,2.59016633,1.612255812
-1.550568223,-1.621836543,-1.433893919,-1.270269156,,-1.535432895,,,,,,,,-0.272534311,0.11077641
0.680263758,0.882378817,0.90613246,2.106482983,,0.822925011,,,,,,,,-0.451593697,0.669344246
0.565356433,0.562318146,0.610722005,0.859916508,,0.579465528,,,,,,,,0.024472281,0.796630144
-0.797692895,-0.867967486,-0.903523803,-0.670524061,,-0.856394728,,,,,,,,-2.407112837,-1.777913809
4.317943573,4.26595974,4.316173553,3.440892935,,4.300025622,,,,,,,,-1.057501078,-1.553387403
0.521738887,0.614527225,0.621067405,1.051724911,,0.585777839,,,,,,,,-0.817469835,-1.692358017
5.123786926,5.192651749,5.273558617,5.76276207,,5.196665764,,,,,,,,0.222644061,0.053426787
5.027008533,4.666873932,4.957332611,5.352023125,,4.883738359,,,,,,,,1.43409121,1.389236689
-0.47602427,-0.64574194,-0.764255404,-0.344077349,,-0.628673871,,,,,,,,0.751957715,-0.176573768
0.624948382,0.687667251,0.866650939,-0.746501267,,0.726422191,,,,,,,,1.419461846,0.90364182
-0.933062255,-1.157234907,-1.22838366,-2.023439884,,-1.106226941,,,,,,,,0.068563923,0.35114938
-1.391528487,-1.573586702,-1.488452673,-1.177246332,,-1.484522621,,,,,,,,0.565822959,0.731468797
1.878641844,2.1399436,2.0501647,2.561480045,,2.022916714,,,,,,,,1.984511137,0.612140536
0.611057878,0.566732526,0.44876498,0.57499063,,0.542185128,,,,,,,,0.783335567,0.055256791
-0.820036709,-1.053383112,-1.296198726,-1.797995806,,-1.056539516,,,,,,,,-0.481500626,-0.533677936
0.343876392,-0.019933894,0.202025712,-0.351952016,,0.175322736,,,,,,,,2.062938929,1.179219246
4.205260277,4.092972755,4.237671852,5.034907818,,4.178634961,,,,,,,,0.499805868,-0.399151236
-1.047741413,-0.949704051,-0.718473911,-0.979005694,,-0.905306458,,,,,,,,0.240135819,-0.52636826
0.314643294,0.204678133,0.376061082,0.573018312,,0.298460836,,,,,,,,0.61177367,-0.040305611
0.717759311,1.007660985,1.108548522,0.214522123,,0.944656273,,,,,,,,1.074018955,0.826793194
-0.340357929,-0.592318654,-0.643195271,0.227090135,,-0.525290618,,,,,,,,1.270569086,1.17822051
-1.404032707,-1.23815608,-1.189847946,-1.486320972,,-1.277345578,,,,,,,,-0.454894871,0.525242448
-2.313513517,-2.158932686,-2.473183393,-1.690535426,,-2.315209866,,,,,,,,1.092030048,-0.608496368
0.513610363,0.859149754,0.942022383,-0.48572427,,0.771594167,,,,,,,,1.12798965,2.081779957
0.305668712,0.184341356,0.238352895,-0.593488097,,0.242787654,,,,,,,,0.838681579,1.182387829
0.719407201,0.648209453,0.591514707,0.211632684,,0.653043787,,,,,,,,-0.8471632,-0.223482102
1.376193166,1.264906526,1.234501481,0.385196149,,1.291867057,,,,,,,,-0.949129701,-0.1790196
0.470553279,0.469801426,0.615326762,2.665236235,,0.518560489,,,,,,,,-1.760433555,-1.320813537
-0.793904066,-0.970773458,-0.948470831,-0.019890308,,-0.904382785,,,,,,,,-0.780720949,-0.150512755
1.309663057,1.404991388,1.61532414,1.555264235,,1.443326195,,,,,,,,2.430376768,2.456796885
1.349295855,1.330257416,1.277905941,1.058042526,,1.31915307,,,,,,,,-0.114032179,0.643342316
-1.7999084,-1.951568961,-1.884578705,-1.276047349,,-1.878685355,,,,,,,,-0.444210947,0.415713072
1.39861083,1.255450845,1.18817997,2.112113714,,1.280747215,,,,,,,,-0.591890037,-0.080499388
2.729444981,2.966230392,2.823829889,4.251856804,,2.839835087,,,,,,,,-0.075013645,0.20121178
-2.736838102,-3.032227039,-3.05783534,-1.952541828,,-2.942300161,,,,,,,,-0.801237345,-0.796317697
-3.09877634,-3.068365097,-2.964216232,-2.587750435,,-3.04378589,,,,,,,,-0.946279466,-1.472967744
-1.359338641,-1.502765298,-1.63121736,-0.182196826,,-1.497773767,,,,,,,,3.328876019,3.968963385
-0.631961703,-0.30065465,-0.235907078,-0.497714818,,-0.38950781,,,,,,,,-1.323192716,-1.176100969
-3.933511496,-4.308290482,-4.244744301,-3.278517246,,-4.162182093,,,,,,,,-0.415944606,-0.641860604
-4.107488155,-3.9331882,-3.914058208,-4.893155575,,-3.984911521,,,,,,,,-0.756316721,-1.470944643
-0.104314804,-0.272922099,-0.286764801,0.380210668,,-0.221333901,,,,,,,,1.823522806,0.630472422
-2.576507092,-2.536865234,-2.509090424,-2.754181147,,-2.540820916,,,,,,,,-1.698545933,-0.509255588
-0.568162203,-0.556887269,-0.542218566,-0.303410083,,-0.555756013,,,,,,,,-1.013931751,-1.470536947
0.854851246,0.873014808,1.141525745,-0.122190893,,0.956463933,,,,,,,,1.890010238,0.521595538
2.505636454,2.544912815,2.740546465,2.168654919,,2.597031911,,,,,,,,-1.158466816,-0.986709118
-3.383448601,-3.372849464,-3.512974262,-3.084306479,,-3.423090776,,,,,,,,-0.813990355,0.392767847
-1.781634927,-2.165986538,-2.113432646,-1.91873455,,-2.02035137,,,,,,,,-2.609330893,-1.4055022
1.018070459,1.065679431,1.221399546,0.273096502,,1.101716479,,,,,,,,-1.686861038,-1.708990812
-1.010611057,-1.312211037,-1.173633575,-0.771083415,,-1.165485223,,,,,,,,2.392280102,0.650747895
1.071484566,1.09006691,1.067625523,1.015914917,,1.076392333,,,,,,,,-0.779598594,0.167464823
2.481684208,2.48201108,2.570198774,3.630036831,,2.511298021,,,,,,,,-0.482685804,-0.257262051
-2.487290144,-2.513700485,-2.31105423,-2.094074011,,-2.437348286,,,,,,,,-0.209277242,0.861260533
-1.95995748,-2.151149273,-2.304785728,-1.123091936,,-2.138630827,,,,,,,,1.168236732,0.361222625
-3.01077795,-3.012700319,-2.826017141,-3.449825764,,-2.949831804,,,,,,,,-0.143069118,0.914546192
0.551045477,0.47197634,0.614700973,0.777505398,,0.545907597,,,,,,,,-0.747963965,-0.414949417
3.701483011,3.680753469,3.644270182,3.678669214,,3.675502221,,,,,,,,-0.41383034,-1.149363995
3.50813508,3.611910582,3.400268793,3.269104004,,3.506771485,,,,,,,,-1.25297904,-1.066464663
0.367020369,0.667339444,0.60442853,0.324294567,,0.546262781,,,,,,,,1.853835702,2.018515587
0.436171532,0.422210753,0.696573615,0.702166319,,0.518318633,,,,,,,,-0.162715882,-0.188476667
-6.015505791,-6.181377411,-6.254237652,-4.801179886,,-6.150373618,,,,,,,,-0.773128808,-0.993946433
1.234756231,1.12712574,1.289637327,0.748416901,,1.2171731,,,,,,,,-0.666623652,0.456236064
-2.357107162,-2.199990511,-2.098421812,-2.358756542,,-2.218506495,,,,,,,,-0.039690018,-0.341640085
-1.625136018,-1.783114433,-1.802909374,-2.277052641,,-1.737053275,,,,,,,,3.427050829,1.40205884
-1.377069473,-1.634975314,-1.422800541,-0.712952673,,-1.478281776,,,,,,,,-0.569758832,0.417998731
-2.678168297,-2.87942934,-2.973390341,-2.953656197,,-2.843662659,,,,,,,,-0.317532212,1.368901014
-3.259683371,-2.91699028,-2.745069742,-2.950371265,,-2.973914464,,,,,,,,-2.033520222,-1.842823505
-3.382962942,-3.678238153,-3.53057766,-3.157127619,,-3.530592918,,,,,,,,-1.991622925,-1.102147818
-0.299081743,-0.048281886,-0.236098051,0.698653936,,-0.194487227,,,,,,,,-0.359048367,0.33887738
-0.071322605,0.210125014,0.43488282,-0.658409357,,0.19122841,,,,,,,,-1.186143398,-1.532088041
1.83314538,1.71634388,1.798198104,2.161805391,,1.782562455,,,,,,,,3.096600533,2.007303238
0.927051604,1.068184137,0.966104805,0.361957431,,0.987113516,,,,,,,,1.0893538,-0.073698997
3.09733057,2.874716997,2.801471949,2.253618956,,2.924506505,,,,,,,,-1.541534781,-1.628107309
3.019041061,2.81620121,2.827349424,1.871398211,,2.887530565,,,,,,,,-3.348836184,-4.771195412
3.006809473,2.79612565,2.695712566,3.603939533,,2.832882563,,,,,,,,2.008034706,1.463938236
2.483882904,2.340199471,2.471079826,3.2730124,,2.431720734,,,,,,,,1.856659651,2.789092541
1.670382619,1.571748972,1.779401302,2.48304987,,1.673844298,,,,,,,,-0.159650981,-0.170429409
-2.13513875,-2.344115973,-2.339076757,-2.890958309,,-2.27277716,,,,,,,,3.072888136,2.074365854
-1.946166635,-2.083400726,-2.136731148,-2.862352133,,-2.055432836,,,,,,,,-1.061635852,-1.122234344
1.275777459,1.528932333,1.268442392,2.451250553,,1.357717395,,,,,,,,-0.624819994,-0.128768802
-1.165874243,-1.005713463,-1.117991686,-3.514913559,,-1.096526464,,,,,,,,1.220980406,0.677765727
-1.58290875,-1.653140903,-1.377907753,-1.445981383,,-1.537985802,,,,,,,,1.628593326,1.53839469
-0.76494503,-0.668135762,-0.666866302,-1.184613347,,-0.699982365,,,,,,,,2.150193453,2.711595297
-0.30836755,-0.573567808,-0.597380579,-1.261172295,,-0.493105312,,,,,,,,-1.635592461,-1.164465189
-1.058309078,-0.973499119,-0.992628515,-1.523827195,,-1.008145571,,,,,,,,0.416272581,-0.329092711
2.653527498,2.554026842,2.689129829,3.694114923,,2.632228057,,,,,,,,1.922174335,1.178022504
-5.129042149,-5.049657822,-5.059361458,-5.634285927,,-5.079353809,,,,,,,,-2.313663483,-1.83902812
-3.747275591,-3.571532488,-3.818926573,-4.514758587,,-3.712578217,,,,,,,,-1.917121768,-1.732641935
0.223185658,0.36010921,0.40476653,-0.050436981,,0.329353799,,,,,,,,-3.39424324,-2.223743916
-0.121865302,-0.370908171,-0.410056591,1.154471755,,-0.300943355,,,,,,,,0.022261731,-0.403551161
-1.082282543,-1.322366238,-1.332971811,-0.65702486,,-1.245873531,,,,,,,,-0.169631436,-1.447150469
2.215218782,1.926237702,1.726397872,0.711197317,,1.955951452,,,,,,,,0.843316793,0.876735568
-0.366228759,-0.078261375,-0.167864442,-1.180282831,,-0.204118192,,,,,,,,1.168164015,0.261484087
-1.127985835,-1.121489525,-1.002249599,-1.223920703,,-1.083908319,,,,,,,,-0.455353796,0.056091327
2.566120625,2.051811457,2.10532093,2.315263748,,2.241084337,,,,,,,,0.945005298,0.373875737
1.1386199,1.448007822,1.619567871,0.971118927,,1.402065198,,,,,,,,3.317997456,3.492099762
1.965236783,1.930335879,1.856137633,2.966599941,,1.917236765,,,,,,,,1.050558567,-0.00940676
0.40197733,0.403630525,0.664585769,-0.517055154,,0.490064541,,,,,,,,-0.395093352,0.657966256
3.055545807,2.879568577,2.988483429,2.155851364,,2.974532604,,,,,,,,2.677785873,0.972607315
3.274568558,3.155994892,2.968010426,3.589482069,,3.132857958,,,,,,,,0.26039055,0.853534341
0.318150252,0.203155696,-0.050347537,0.380103111,,0.156986137,,,,,,,,-1.236281872,-2.359651566
-2.288490057,-2.206545591,-2.166428089,-3.90894556,,-2.220487912,,,,,,,,0.595922709,-0.635137081
-0.456811666,-0.431461841,-0.566034079,-0.28002876,,-0.484769195,,,,,,,,0.648426473,0.338464558
-0.966160178,-1.101291418,-1.198837042,-0.272246271,,-1.088762879,,,,,,,,-2.331745625,-1.647911072
1.019090295,1.017798185,1.010522962,1.825091004,,1.015803814,,,,,,,,-0.22086063,-0.144355819
-2.80356431,-2.546796799,-2.595826149,-2.691588879,,-2.648729086,,,,,,,,-0.351825655,-1.182249546
3.480419874,3.353425503,3.386084795,2.095837593,,3.406643391,,,,,,,,2.086094856,1.808186054
0.829784155,0.926063061,1.259926677,1.895057917,,1.005257964,,,,,,,,-0.49191016,-0.386823237
-2.920670986,-3.096801281,-3.331304789,-2.788520813,,-3.116259019,,,,,,,,0.429223061,1.066055775
0.305927157,0.460139453,0.552689731,0.012742572,,0.439585447,,,,,,,,-0.605977774,0.188039675
-2.105962515,-2.294349909,-2.070966721,-1.480455875,,-2.157093048,,,,,,,,-0.291376829,-1.135495663
-2.128151655,-2.114789724,-1.963700771,-2.465416431,,-2.068880717,,,,,,,,0.95820713,1.206995726
0.16106014,0.207701743,0.234438449,-0.279734194,,0.201066777,,,,,,,,1.520769119,1.144672871
3.195559263,2.989309549,2.9227736,3.444194794,,3.035880804,,,,,,,,1.88326633,2.08626914
-0.660782993,-0.626464963,-0.5687415,-0.6881212,,-0.618663152,,,,,,,,-1.618391275,-0.061035953
0.249155432,0.253368765,0.293689162,0.430200577,,0.265404453,,,,,,,,1.328830957,0.941380441
-2.536851883,-2.507547379,-2.643511534,-3.229911566,,-2.562636932,,,,,,,,-0.801003814,-0.091086343
2.454102278,2.528335094,2.485831022,2.966028214,,2.489422798,,,,,,,,0.41336149,0.471414983
0.886585474,0.663928509,0.742531896,2.248058081,,0.764348626,,,,,,,,-0.412249863,1.095861197
-1.029798865,-0.890741825,-0.957270324,-1.232428432,,-0.959270338,,,,,,,,-0.501216114,-1.071136475
-1.642367482,-1.374871612,-1.477393389,0.038216323,,-1.498210828,,,,,,,,0.917969465,0.770620167
-1.625680208,-1.718249321,-1.562944889,-2.420375347,,-1.635624806,,,,,,,,0.520592213,-0.043915689
-0.277109176,-0.136686325,-0.1793437,-0.322185934,,-0.197713067,,,,,,,,-0.247756451,-0.56241715
-0.770468354,-0.431918949,-0.223892242,-0.000902534,,-0.475426515,,,,,,,,0.943040848,1.785312176
1.101332068,1.198329449,1.273965001,0.830125332,,1.191208839,,,,,,,,3.85705328,2.360271931
-1.199412346,-1.47840631,-1.396599174,-2.012207985,,-1.358139277,,,,,,,,1.454511404,0.303687483
-1.009573817,-1.043943286,-1.01505065,-0.763477564,,-1.022855918,,,,,,,,0.623963773,0.780071497
3.02624321,3.257145882,3.319698334,3.752214909,,3.201029142,,,,,,,,-0.642775953,-1.203156114
-0.858788908,-0.693331659,-0.860428631,-1.59677577,,-0.804183066,,,,,,,,-0.371939898,-1.031510115
4.886367798,5.03568697,4.796461105,3.602636099,,4.906171958,,,,,,,,-1.022139072,-0.321396053
-0.201288685,-0.016984411,0.223913774,0.77367568,,0.001880226,,,,,,,,-2.773304462,-1.766689777
0.29448989,0.08309418,-0.123876095,0.491036415,,0.084569325,,,,,,,,-0.177696675,-0.702406764
3.42239213,3.509914875,3.173619509,2.944732189,,3.368642171,,,,,,,,-0.597931921,0.045967743
1.227341652,1.210831285,1.045508146,-0.904107273,,1.161227028,,,,,,,,1.011120915,2.973686695
-2.030955791,-1.787249207,-1.642294407,-1.79736948,,-1.820166469,,,,,,,,2.569864273,2.187150478
-1.060353398,-1.090465546,-1.325316191,-1.288624644,,-1.158711712,,,,,,,,0.163123161,0.18923746
-2.377582788,-2.319656849,-2.325307131,-2.893948317,,-2.340848923,,,,,,,,0.416244388,1.160503387
2.659200191,2.20501709,2.382251501,1.773221374,,2.415489594,,,,,,,,-0.727996886,-0.930181384
0.843691468,0.708730519,0.704636276,0.631163657,,0.752352754,,,,,,,,-0.676505685,0.273798138
-2.748261929,-2.818618059,-2.601720333,-2.813532352,,-2.722866774,,,,,,,,-0.842460871,-0.399805605
0.296933353,0.550140619,0.561017036,0.102033198,,0.46936367,,,,,,,,-1.435036898,-1.790786266
-0.399814427,-0.231417403,-0.258490026,-0.183445975,,-0.296573952,,,,,,,,0.733675897,0.384162188
0.759259045,0.801642537,0.836479306,-0.327348202,,0.799126963,,,,,,,,-0.55847472,-1.405893087
-3.941873312,-3.745875359,-3.542300224,-4.645928383,,-3.743349632,,,,,,,,0.621217728,0.551375747
0.511222124,0.380621314,0.272813231,-0.386461794,,0.38821889,,,,,,,,0.557046831,0.646862388
-0.363942266,-0.647151709,-0.666755259,-1.143889666,,-0.559283078,,,,,,,,-0.042982996,-1.053201675
3.727729559,3.392701387,3.521548033,2.694806099,,3.547326326,,,,,,,,-0.423460364,-2.156438112
0.36133635,0.37429145,0.406869799,0.386119485,,0.380832533,,,,,,,,1.78951335,0.732295632
-0.520721436,-0.288845539,-0.497561425,0.396718472,,-0.435709467,,,,,,,,-1.786980867,-1.339244008
0.030933201,-0.260039151,-0.292176247,-0.326734781,,-0.173760732,,,,,,,,-2.187604904,-2.098143339
-1.719565392,-1.794286251,-1.711300611,-2.103111506,,-1.741717418,,,,,,,,0.232583582,-0.165898979
2.698212862,2.847367764,2.763949394,2.749607801,,2.76984334,,,,,,,,-1.399166107,-0.554934204
1.049360871,1.296602726,1.32674253,-0.195052564,,1.224235376,,,,,,,,-0.333317757,-1.623686552
-1.595171571,-1.887488365,-1.831593394,-2.533430099,,-1.771417777,,,,,,,,0.819690585,0.010947306
-1.944590569,-2.060654879,-2.134181499,-1.656181216,,-2.046475649,,,,,,,,-0.614207625,0.089633226
-2.070391893,-2.431368589,-2.440585375,-1.67828846,,-2.314115286,,,,,,,,0.203224495,0.879570603
2.448391676,2.422641039,2.294148207,1.926496863,,2.388393641,,,,,,,,1.599969745,1.201381922
-0.639564276,-0.734809875,-0.935673475,-1.440922976,,-0.770015875,,,,,,,,-0.109755546,-0.25811404
-0.525359452,-0.301582932,-0.366611481,-1.14822495,,-0.397851288,,,,,,,,0.247631669,0.527052999
1.821217179,1.542669535,1.599190474,0.345868111,,1.654359063,,,,,,,,0.822442651,1.372510672
2.728057384,2.670418262,2.722886324,3.542122126,,2.707120657,,,,,,,,-0.692347407,0.50012362
0.483459413,0.503305972,0.557431817,1.387543201,,0.514732401,,,,,,,,-2.056633949,-1.622787952
-0.281371653,-0.426539838,0.172079891,-0.839259982,,-0.178610533,,,,,,,,-0.280001074,-1.216124058
3.044202328,2.850688219,2.82992053,2.668582201,,2.908270359,,,,,,,,0.488689929,-0.450847924
-0.02941516,-0.125045329,-0.332514346,-0.427470535,,-0.162324945,,,,,,,,-0.567523956,-0.878239393
2.778942108,2.603326321,2.596505404,2.237386942,,2.659591277,,,,,,,,-1.929687738,-2.301720619
0.087417573,0.005895019,0.120012254,0.9659729,,0.071108282,,,,,,,,-0.622714996,-0.872654557
-4.965172291,-5.049891472,-4.792647839,-4.061536789,,-4.935903867,,,,,,,,1.082267284,1.29993391
-0.708589196,-1.063593149,-1.179288387,0.528320611,,-0.983823578,,,,,,,,-2.131559849,-2.013403177
1.230114698,1.104711533,1.0691818,-0.096753731,,1.134669344,,,,,,,,1.414932013,1.819812059
1.770551443,2.040534496,2.084914923,2.51663518,,1.965333621,,,,,,,,0.639309406,0.966046691
-2.621725082,-2.591403246,-2.587653637,-2.204036474,,-2.600260655,,,,,,,,-2.870838642,-2.381951332
-1.436358571,-1.237649679,-1.32171011,-1.172205448,,-1.33190612,,,,,,,,-1.411819935,-0.988054454
0.148038223,0.135011762,0.204520077,0.305131048,,0.162523354,,,,,,,,-0.740210652,0.275294185
1.347858429,1.425844073,1.452311277,0.898412585,,1.40867126,,,,,,,,-0.187439471,-0.646497607
-0.95255512,-0.874586642,-0.647761166,-1.87861979,,-0.824967643,,,,,,,,1.027984858,0.689196289
1.975897551,2.016010761,2.061247826,2.078410625,,2.017718712,,,,,,,,-0.519282818,-1.171051025
-0.260922223,-0.509339571,-0.271531343,1.710161805,,-0.347264379,,,,,,,,0.678626418,-0.108984157
-4.752722263,-4.501601696,-4.498063564,-4.075431824,,-4.584129175,,,,,,,,0.315390587,-0.675331235
-1.154800296,-0.883107066,-0.929394722,-0.090288877,,-0.989100695,,,,,,,,-0.510531068,-1.02652359
-3.554085732,-3.386293173,-3.315714359,-3.166325569,,-3.418697755,,,,,,,,-1.277697802,-1.220665455
3.422847509,3.580782413,3.641161919,3.344444513,,3.548263947,,,,,,,,0.953028321,-0.078788653
-0.159607321,-0.173708022,-0.311071843,-0.828625381,,-0.214795729,,,,,,,,1.401292086,0.882968485
-0.455448031,-0.634369016,-0.67403698,-1.157231927,,-0.587951342,,,,,,,,-0.773905516,-0.174115211
0.474761814,0.314485759,0.409362823,0.712150931,,0.399536798,,,,,,,,-0.454835057,-0.158860132
0.104112819,0.066357836,0.170477673,0.377181619,,0.113649443,,,,,,,,-0.038954198,-0.206588656
-0.713546991,-1.028658867,-1.066107035,-2.656651497,,-0.936104298,,,,,,,,1.829611778,1.999099255
-1.64748764,-1.701290846,-1.898054838,-2.637133598,,-1.748944441,,,,,,,,-1.319945693,-1.647797227
-0.905272841,-0.808762312,-0.729307055,-0.15665403,,-0.814447403,,,,,,,,0.428750813,0.358919978
-0.457120329,-0.605599821,-0.614880502,-0.259174943,,-0.559200217,,,,,,,,-0.124378547,-0.679512918
3.415641785,3.445490122,3.467598915,2.645433187,,3.442910274,,,,,,,,-0.819879293,0.414336681
2.050513983,2.281611443,2.377193928,3.000985384,,2.236439784,,,,,,,,-1.481431723,0.814855397
1.310264707,1.309905529,1.315549493,2.527154207,,1.311906576,,,,,,,,-0.623709083,-1.287089825
-0.362582266,-0.635501146,-0.554524481,-0.326142669,,-0.517535965,,,,,,,,0.292743087,-0.573798239
-1.366741657,-1.690689325,-1.827294588,-1.345092177,,-1.628241857,,,,,,,,-0.377796322,-0.309821069
-1.757453084,-1.688914657,-1.499619961,-1.929447532,,-1.648662567,,,,,,,,-0.458258271,-1.669100165
1.904923677,1.699949145,1.76348412,2.507143259,,1.789452314,,,,,,,,-0.479328632,0.760035515
-1.064117432,-1.377640486,-1.336984158,-1.454242229,,-1.259580692,,,,,,,,-2.034264565,-1.331142664
-0.179567084,-0.450305939,-0.249588668,-0.660081744,,-0.293153897,,,,,,,,-0.09752778,0.041456364
-0.182090968,-0.390051663,-0.499745548,0.205271035,,-0.35729606,,,,,,,,0.536897123,0.192976788
0.6075899,0.610457301,0.354007244,1.002069354,,0.524018149,,,,,,,,-0.397033989,-0.15935719
-0.85159415,-0.930918038,-0.876942694,-1.072122931,,-0.886484961,,,,,,,,-1.015923738,-1.143716693
1.176157594,1.682990074,1.65068543,0.810675859,,1.503277699,,,,,,,,-0.491619289,-0.029664531
0.168930069,0.089746058,0.120526358,-0.340372533,,0.126400828,,,,,,,,1.985769272,1.538276196
2.724135399,2.487733603,2.685519934,2.531816244,,2.632462978,,,,,,,,2.350009441,1.558282137
2.038683891,1.96539259,1.857151508,2.518550158,,1.953742663,,,,,,,,-0.627498806,-0.087859489
1.371613979,1.172108293,1.026978016,0.429815769,,1.190233429,,,,,,,,1.472797275,0.300648153
-1.117302895,-1.074152946,-1.076118708,-0.422244191,,-1.089191516,,,,,,,,-0.87385422,-0.271508247
4.056883335,4.090287209,3.611002922,5.411118507,,3.919391155,,,,,,,,0.494853526,0.58187151
-2.624474525,-2.599165916,-2.663316011,-2.3812356,,-2.628985484,,,,,,,,0.461475968,0.176899746
1.075805902,1.073158264,1.199631333,2.03299284,,1.1161985,,,,,,,,1.38477397,0.972743928
0.785253048,0.89863646,0.858872831,2.233633995,,0.847587446,,,,,,,,0.771225095,0.641475201
1.417336822,1.436794043,1.542223454,0.307584077,,1.465451439,,,,,,,,1.025078535,0.862598419
5.645552158,5.363676548,5.255283833,5.227385044,,5.42150418,,,,,,,,0.877101421,0.994255424
4.09146452,4.177714825,4.1276021,3.644223213,,4.132260482,,,,,,,,0.17850171,0.879155636
2.11300993,2.438630581,2.123394012,2.011563063,,2.225011508,,,,,,,,1.886501193,1.526935458
0.765463352,0.987891078,1.288472891,0.706834912,,1.01394244,,,,,,,,-2.30230093,-1.091968894
-0.434727222,-0.590893745,-0.533558607,-0.800087392,,-0.519726525,,,,,,,,-0.451972693,-0.870500207
-3.55090785,-3.615094423,-3.617282391,-3.325465441,,-3.594428221,,,,,,,,-0.946107507,-0.416730374
-2.831317425,-2.624550581,-2.644070148,-3.080426216,,-2.699979385,,,,,,,,0.002114736,-0.013689995
-0.55335176,-0.338722765,-0.374841392,-0.10424614,,-0.422305306,,,,,,,,2.636791945,2.069364786
-2.357769966,-2.369827986,-2.485464811,-3.325888395,,-2.404354254,,,,,,,,1.716902614,1.037729502
-2.443389893,-2.358647108,-2.515153408,-3.239902735,,-2.43906347,,,,,,,,-0.333181173,0.00681445
-2.500421047,-2.455475569,-2.42389369,-1.554101229,,-2.459930102,,,,,,,,-0.46715343,-1.381171465
3.090215206,2.947352171,3.034045219,2.629622221,,3.023870866,,,,,,,,0.74330771,-0.343859822
1.369495034,1.355373859,1.266029119,1.816659451,,1.330299338,,,,,,,,-0.100819424,-0.954810321
-5.858325958,-5.844745159,-5.785309315,-6.100382328,,-5.829460144,,,,,,,,-1.105602503,-1.438354015
0.456723511,0.547707677,0.376844525,1.262046814,,0.460425238,,,,,,,,-0.287708014,-1.224221706
-0.361517221,-0.146655738,-0.183084399,-0.343041748,,-0.230419119,,,,,,,,-1.837300062,-1.255471587
-1.112752557,-0.910312057,-0.974135518,-0.680974483,,-0.99906671,,,,,,,,1.365789652,0.97025454
-0.083523035,0.164473444,0.409687936,0.996481299,,0.163546115,,,,,,,,2.310397148,0.8917346
0.848881185,0.517213643,0.40558964,0.152737021,,0.590561489,,,,,,,,-2.033429861,-2.448471785
3.016907215,3.172284126,3.219890118,2.739049911,,3.136360486,,,,,,,,-0.741516709,0.305586934
-2.153442144,-2.262830496,-2.247415304,-3.146801472,,-2.221229315,,,,,,,,0.577268898,0.366958708
-1.571083546,-1.566865325,-1.472670794,-0.997278988,,-1.536873221,,,,,,,,0.037962377,-0.308296889
-1.631798625,-1.698550701,-1.456779242,-0.790859401,,-1.595709523,,,,,,,,-0.204277679,-1.421323776
0.655427754,0.582363844,0.671954632,0.478140652,,0.636582077,,,,,,,,-2.081397057,-2.126012564
-0.881775737,-0.767127812,-0.908489466,-1.818272471,,-0.852464338,,,,,,,,-4.106954575,-3.261436939
2.485666752,2.508483648,2.268342257,1.274149179,,2.420830886,,,,,,,,-1.812874794,-1.300772429
0.490972519,0.678012073,0.843835592,0.099376202,,0.670940061,,,,,,,,-0.756224692,-0.102488458
-1.361740828,-1.283422589,-1.290384531,-1.243330717,,-1.311849316,,,,,,,,-1.796987772,-1.366272926
1.507772207,1.799102068,1.702901602,1.841968298,,1.669925292,,,,,,,,1.357263207,1.980609179
-3.15399909,-3.140106916,-3.121613026,-2.653877258,,-3.138573011,,,,,,,,0.529372096,-0.203328878
0.563617706,0.443205535,0.436774611,-0.038006254,,0.481199284,,,,,,,,1.032824516,0.707902908
-2.179899216,-1.788068295,-1.89190495,-3.110213041,,-1.95329082,,,,,,,,3.048163414,3.530299664
6.19403553,6.047676563,5.985189915,6.713460445,,6.075634003,,,,,,,,0.278349727,0.008370608
-0.426557392,-0.438693255,-0.365377605,0.325621665,,-0.410209417,,,,,,,,2.703364849,2.345254421
0.452583551,0.536322474,0.39509052,0.217964217,,0.461332182,,,,,,,,-0.132426634,-1.036067963
0.592299223,0.529821396,0.619073629,1.516357541,,0.580398083,,,,,,,,0.210909933,-0.075014576
1.528455138,1.717590928,1.424623489,1.842622519,,1.556889852,,,,,,,,0.805181384,0.832435787
1.926575303,2.226506472,2.144671679,2.467983246,,2.099251151,,,,,,,,2.019436359,1.394958377
4.349696636,4.242976665,4.061148167,4.259889603,,4.217940489,,,,,,,,4.428154469,2.594169855
2.241233349,2.377142429,2.475168705,2.172065735,,2.364514828,,,,,,,,0.053575605,-0.491773218
-1.007673025,-1.053058982,-1.304538727,-2.213589191,,-1.121756911,,,,,,,,-0.902287006,-0.614492536
0.150821894,0.224145979,0.340229392,0.218697965,,0.238399088,,,,,,,,1.204822063,-0.03746593
-0.138272792,-0.454691201,-0.238721788,0.265562177,,-0.277228594,,,,,,,,1.043483019,0.28514874
2.069155693,2.361612558,2.34575057,2.716010809,,2.258839607,,,,,,,,-1.091240406,-0.097835012
-1.768647909,-1.729965925,-1.475858212,-1.050846457,,-1.658157349,,,,,,,,0.861675024,0.607980132
0.473968536,0.412095696,0.186632037,0.966539264,,0.357565423,,,,,,,,-0.110940948,0.237617955
-2.20548296,-2.11362648,-2.037353516,-2.341048002,,-2.118820985,,,,,,,,-1.286831617,-1.169610858
0.784156024,0.766195595,0.813402712,1.45486331,,0.787918111,,,,,,,,1.298539162,1.295914531
1.850895882,1.751959443,1.77613759,2.579115629,,1.792997638,,,,,,,,0.451119363,1.231041908
-0.130051821,-0.276155949,-0.067574054,0.888616085,,-0.157927275,,,,,,,,1.129953504,0.201283574
-1.446666837,-1.411334395,-1.439049721,-1.798218012,,-1.432350318,,,,,,,,0.990846634,0.983701766
0.878953099,0.760662556,0.88824594,1.013988853,,0.842620532,,,,,,,,1.103219509,0.942206264
2.153356314,2.095551968,2.024382114,2.066130161,,2.091096799,,,,,,,,2.037992001,1.09608376
-1.808359146,-1.668636918,-1.760857463,-0.930366516,,-1.745951176,,,,,,,,1.192649841,0.053340085
1.905108929,1.752257347,1.809436321,3.453851938,,1.822267532,,,,,,,,1.061695814,1.105725884
2.482625961,2.224460363,2.14584589,3.05659771,,2.284310738,,,,,,,,-0.235447869,0.129623115
3.175935745,3.31424427,3.268268585,2.565036297,,3.2528162,,,,,,,,-2.307963371,-2.390002728
-0.01474607,-0.018661618,-0.054856986,-0.214652538,,-0.029421558,,,,,,,,-0.160147905,0.124204367
2.33126235,2.489997864,2.614153862,2.736913204,,2.478471359,,,,,,,,-0.590535402,-0.196087152
1.067489743,0.992226958,0.951139092,0.996354103,,1.003618598,,,,,,,,1.650887012,1.539810658
-1.951887369,-1.804701686,-1.839121103,-0.153390631,,-1.865236719,,,,,,,,0.756117582,1.183984041
-3.906752586,-3.951040506,-4.041903973,-4.706778526,,-3.966565688,,,,,,,,-1.138723493,-0.13174364
-3.307166576,-3.323165894,-3.231961012,-2.926313877,,-3.287431161,,,,,,,,0.115060255,0.36435461
-0.066758186,-0.254789233,-0.131518066,-0.351530403,,-0.151021828,,,,,,,,1.116508007,0.67088902
,,,,,,,,,,,,,,
,,,,,,,,,,,,,,
,,,,0.949574441,,,,18.27,,,,,,
,,,,,,,,,,,,,,
,0.9971,0.996,0.9509,,4.34,5.15,18.03,,,,,,,
,,0.9985,0.9485,,,3.17,18.48,,,,,,,
,,,0.9467,,,,18.79,,,,,,,