-0.2881825566291809,0.5778886079788208,0.7820886969566345,0.7747079730033875,2.036811590194702,1.0715770721435547,1.8486473560333252
1.2252709865570068,-0.1278296262025833,0.7107024788856506,0.25514787435531616,0.7299744486808777,1.0357704162597656,-0.046476490795612335
2.317211389541626,2.3101906776428223,1.944434642791748,2.865384578704834,2.4914278984069824,3.185215950012207,1.6491565704345703
2.9622902870178223,6.95904541015625,4.197015285491943,6.093040466308594,4.099425792694092,5.922463893890381,3.7519640922546387
-0.7506675720214844,-0.41802090406417847,0.6542341709136963,-0.43524259328842163,-0.4721461534500122,-1.0203698873519897,0.4298437833786011
1.321427345275879,1.6142339706420898,1.9943411350250244,0.6198863983154297,1.6535978317260742,1.58163583278656,3.3173410892486572
-3.2224466800689697,-3.480563163757324,-3.501065254211426,-3.893063545227051,-3.5387887954711914,-3.826636791229248,-3.5929007530212402
1.7579628229141235,1.8652803897857666,1.997313380241394,2.7001218795776367,2.0809614658355713,3.059317111968994,2.5509541034698486
-0.3068714141845703,0.28268855810165405,0.8362427949905396,0.887907862663269,1.0994887351989746,1.6087584495544434,1.7096644639968872
1.259592056274414,2.2110252380371094,2.5431578159332275,2.2167656421661377,2.2544894218444824,1.9723817110061646,2.5989599227905273
-3.4730870723724365,-1.9976717233657837,-0.9282867908477783,-2.5073513984680176,-2.1579973697662354,-2.4601969718933105,-0.8123876452445984
-2.115779399871826,-2.2997684478759766,-1.2771285772323608,-2.7778754234313965,-2.8590633869171143,-2.5949974060058594,-2.7369160652160645
0.33682361245155334,-0.11960312724113464,0.5956606864929199,0.3228302299976349,1.447570562362671,0.19407761096954346,1.9948686361312866
-0.76179438829422,-1.1932005882263184,-0.9338499903678894,-0.21863743662834167,-0.604895293712616,-0.04888083040714264,-0.9866838455200195
1.1390118598937988,0.18148885667324066,-0.28718703985214233,-0.4200400710105896,-0.4101991057395935,-1.1605726480484009,-1.267417073249817
0.6619334816932678,0.8602055311203003,0.5284830331802368,1.0402131080627441,0.8372433185577393,0.9754267930984497,1.1980394124984741
-3.3116605281829834,-2.9140713214874268,-2.23237943649292,-2.270923137664795,-1.6558630466461182,-1.3040486574172974,-2.4116883277893066
-2.8134398460388184,-2.0926246643066406,-2.978311538696289,-1.5855076313018799,-2.581392526626587,-2.076223134994507,-1.9091390371322632
3.0172455310821533,3.403562307357788,3.3970017433166504,3.2247848510742188,3.1714797019958496,3.305152654647827,3.710503578186035
-0.7556239366531372,-2.270817518234253,-2.294600009918213,-1.6758496761322021,-1.9977309703826904,-1.917363166809082,-2.0888748168945312
-0.08255118131637573,0.006307393312454224,-0.6675935983657837,-0.5872256755828857,-1.9534798860549927,-1.3392393589019775,-1.7283368110656738
1.8401439189910889,2.2173774242401123,2.665961503982544,0.9220606684684753,1.6281499862670898,0.9825416803359985,1.8570917844772339
-0.8036835789680481,-0.5137225985527039,-0.1871960461139679,-0.17509987950325012,-0.9849293231964111,0.5207381844520569,-0.8179308772087097
0.3281189203262329,-0.5322684645652771,0.5129238963127136,-0.5310383439064026,0.16556864976882935,-0.8377484679222107,-0.16871967911720276
-5.584563255310059,-4.0230536460876465,-3.4068658351898193,-4.447547912597656,-3.808243989944458,-4.799772262573242,-1.6860296726226807
-0.7526352405548096,-0.6310755610466003,-0.07541991770267487,-0.5519378185272217,-1.585239052772522,-0.6925815343856812,-0.9198609590530396
0.39136531949043274,0.9981982111930847,0.10748834908008575,-0.5964481234550476,0.013794168829917908,-0.2885079085826874,0.29512205719947815
2.934816837310791,2.128352403640747,1.0665533542633057,0.4658445119857788,0.3862966299057007,0.8422613739967346,0.2806069552898407
-0.42570972442626953,-1.5200424194335938,-0.8445013165473938,-0.9992914795875549,-1.6520752906799316,-1.1391150951385498,-0.912750244140625
-3.6412858963012695,-2.3866043090820312,-2.3215103149414062,-2.843491554260254,-2.1749210357666016,-2.8268849849700928,-1.4604326486587524
3.965656042098999,2.4053561687469482,3.0505542755126953,1.134846568107605,2.4213476181030273,1.1381268501281738,1.0102567672729492
2.1021130084991455,0.585428774356842,0.245402991771698,0.41772228479385376,0.21577757596969604,0.687118649482727,-0.2583765685558319
2.410163402557373,2.4133074283599854,1.9970653057098389,2.306081771850586,1.742891550064087,1.2477680444717407,2.142253875732422
-0.06045062839984894,1.2543091773986816,1.4166851043701172,1.314175009727478,1.5585590600967407,1.5897220373153687,1.4465845823287964
0.1789388358592987,-0.35288506746292114,-0.5447838306427002,0.36837565898895264,0.07765714824199677,0.4151202440261841,-0.8406751155853271
-3.333979845046997,-4.157007694244385,-4.343166828155518,-5.201790809631348,-3.9757699966430664,-5.449455261230469,-3.7876250743865967
-0.6825122833251953,-1.3200914859771729,-0.0560401976108551,0.3195565938949585,0.06123131513595581,0.012026488780975342,-0.3829013407230377
0.8108459711074829,-0.6255510449409485,-0.1845528781414032,-1.225029706954956,-0.27122512459754944,-0.5456957221031189,-0.7729028463363647
-1.688997507095337,-1.1488773822784424,0.5577097535133362,-0.9869116544723511,-0.06370609998703003,-1.0763003826141357,1.3952587842941284
-0.8115710616111755,-0.00817669928073883,-0.9465024471282959,-0.7406622171401978,-1.8092268705368042,-1.1367610692977905,-1.0291454792022705
2.1075878143310547,2.2206532955169678,2.124703884124756,2.3887696266174316,2.3043012619018555,2.1821093559265137,2.654759407043457
0.4175894856452942,0.6312242150306702,-0.0013652145862579346,-0.25518012046813965,-0.35810020565986633,-0.04728969931602478,-1.1908729076385498
1.321366786956787,1.7911001443862915,1.8567066192626953,2.2421443462371826,1.8714680671691895,2.5931386947631836,1.488072156906128
2.272930383682251,1.9892916679382324,1.1947364807128906,1.1450190544128418,0.9518901109695435,0.7862339019775391,0.07779252529144287
-0.8711376786231995,0.5699272155761719,0.48135852813720703,0.47315776348114014,1.5884668827056885,0.5887891054153442,1.8325976133346558
0.1453523337841034,-0.22186920046806335,1.310450792312622,0.6811930537223816,1.3051202297210693,0.6565393805503845,1.5274404287338257
-5.183661460876465,-3.8262393474578857,-1.9890546798706055,-2.932967185974121,-2.299865245819092,-2.6500394344329834,-0.5653170347213745
2.445157289505005,1.1955400705337524,1.7924561500549316,1.560732126235962,1.2131718397140503,0.8826794028282166,1.697901725769043
1.157511591911316,0.30791130661964417,0.7870945334434509,0.4662380516529083,0.5497837662696838,0.40395042300224304,0.06296384334564209
-3.2928428649902344,-2.1744906902313232,-2.5435266494750977,-3.6067609786987305,-3.8695967197418213,-3.724442481994629,-2.5223231315612793
1.6058862209320068,2.450639247894287,1.9954948425292969,2.424396514892578,2.1250674724578857,1.7855541706085205,2.0217695236206055
-0.5532004237174988,1.9157224893569946,1.541765809059143,2.504539728164673,1.4187536239624023,1.506912350654602,2.389334201812744
-0.036583900451660156,-0.39890721440315247,-0.5653835535049438,-0.8040269613265991,0.7520755529403687,-0.22217988967895508,-0.8180853128433228
4.35325813293457,4.555499076843262,3.905174732208252,5.3386759757995605,3.4791431427001953,5.024174690246582,3.5504212379455566
-0.9454665184020996,-0.5506323575973511,-1.4936223030090332,0.003024384379386902,-1.4936223030090332,-0.3991609811782837,-1.5946707725524902
-5.15755033493042,-4.088160514831543,-4.113583087921143,-3.846646785736084,-4.0389556884765625,-4.357146739959717,-2.2487614154815674
-1.4938799142837524,-1.1386945247650146,-0.7245539426803589,-0.581654965877533,-0.5166636109352112,-0.3624885082244873,0.031593650579452515
2.674940347671509,1.943070650100708,1.6154484748840332,0.8124874234199524,1.4720370769500732,1.0827038288116455,1.3305376768112183
2.5552899837493896,2.782832384109497,2.836137533187866,3.4667794704437256,2.8853423595428467,3.3347465991973877,2.8639822006225586
2.519092082977295,2.213279962539673,1.8405532836914062,1.836452841758728,1.5597783327102661,1.5529100894927979,0.7184011936187744
-3.224888324737549,-1.994651198387146,-1.6756399869918823,-1.7016775608062744,-3.1452243328094482,-2.2062320709228516,-2.4558815956115723
0.5618034601211548,1.7873046398162842,1.9004757404327393,1.8069865703582764,2.481092691421509,1.9513206481933594,2.6002399921417236
0.8505555391311646,1.3994238376617432,0.18385973572731018,1.2600101232528687,0.7003052234649658,0.8507899045944214,-0.532583475112915
3.164890766143799,3.51442289352417,2.205984592437744,2.5637450218200684,2.1071648597717285,2.199629068374634,1.9065059423446655
0.37705910205841064,-0.3111705780029297,-0.6841021180152893,0.41665080189704895,-0.8862520456314087,-0.14694949984550476,-1.6177356243133545
-2.5645461082458496,-1.9276050329208374,-2.6945853233337402,-1.9452368021011353,-3.277252435684204,-2.363990306854248,-2.5565593242645264
-2.817020893096924,-0.7028582096099854,-0.8463722467422485,-0.9849658012390137,-1.0973167419433594,-1.241650938987732,-0.01141105592250824
-0.3077707588672638,-1.2366060018539429,-1.1562381982803345,-1.0939120054244995,-0.5366674065589905,-0.4434857964515686,0.09985619783401489
-0.36679375171661377,0.09856858104467392,-0.30747368931770325,-0.6683090925216675,-1.1738886833190918,-0.9147433042526245,-1.2591370344161987
0.7165448665618896,0.723069429397583,0.40208491683006287,1.0707836151123047,1.5082964897155762,1.607526183128357,0.25318068265914917
2.893465757369995,1.5447112321853638,1.4602431058883667,2.1411147117614746,2.0279438495635986,2.80558443069458,2.2563583850860596
-3.590538501739502,-3.4232966899871826,-1.305029273033142,-2.3795394897460938,-1.4686353206634521,-2.764772415161133,-0.5012837648391724
0.046461205929517746,-0.7464708089828491,-0.7468808889389038,-1.1979249715805054,-1.2791129350662231,-1.0363692045211792,-1.232452392578125
1.907292366027832,1.042923092842102,1.7712571620941162,2.1155881881713867,3.383432626724243,2.2267091274261475,2.297548770904541
-2.3191537857055664,-2.577162027359009,-2.334815263748169,-2.8018639087677,-2.7639353275299072,-3.212724208831787,-3.3010079860687256
1.5694173574447632,1.8965038061141968,0.8964158296585083,2.246677875518799,1.4889239072799683,1.8768218755722046,-0.07432173192501068
-0.6977776288986206,-0.48347899317741394,0.605792760848999,0.4864710569381714,0.8862602710723877,0.5430566072463989,1.5544040203094482
-2.599165916442871,-2.712484121322632,-2.2290468215942383,-1.7404837608337402,-1.4060959815979004,-1.7552452087402344,-1.1734416484832764
3.8125181198120117,3.3539912700653076,3.503117799758911,3.6332030296325684,3.1965103149414062,3.2072737216949463,3.1461377143859863
-2.1057236194610596,-1.229726791381836,-2.1379401683807373,-1.7668794393539429,-3.3971991539001465,-2.425198793411255,-4.0170416831970215
0.5385059118270874,1.5232160091400146,1.7011733055114746,2.5212535858154297,2.4802498817443848,3.233083724975586,2.882784843444824
0.31325894594192505,-0.11426928639411926,-1.4058955907821655,-0.6701724529266357,-1.164381980895996,-0.9099521636962891,-1.768366813659668
-4.7174835205078125,-5.2677483558654785,-4.523935317993164,-4.875749588012695,-3.7633109092712402,-3.956439733505249,-2.9926342964172363
-2.63350510597229,-2.3291594982147217,-2.22049880027771,-2.6826140880584717,-1.4507511854171753,-2.7055764198303223,-1.333048701286316
1.9826558828353882,0.3236488103866577,0.9391191601753235,1.022767424583435,1.5905704498291016,0.9206673502922058,1.2607144117355347
-1.8840914964675903,-2.328601360321045,-3.2577524185180664,-3.2151083946228027,-4.176242351531982,-4.25661039352417,-3.874476909637451
0.7273048162460327,1.8441177606582642,3.145585060119629,2.328784942626953,3.7114408016204834,1.8350969552993774,3.787501335144043
-3.451237440109253,-1.4693742990493774,-2.2658772468566895,-1.5628634691238403,-2.315697193145752,-1.6907960176467896,-0.9928650856018066
-0.7802871465682983,-0.8811824321746826,-0.18985477089881897,-1.3263148069381714,-1.4937825202941895,-1.7471873760223389,-1.2683329582214355
0.524194061756134,0.1437753289937973,-0.15821927785873413,0.44156700372695923,2.0755772590637207,1.0603175163269043,1.025061011314392
0.897541344165802,1.3625502586364746,1.742862582206726,1.058300256729126,1.9040082693099976,1.73302161693573,1.9706315994262695
4.716328144073486,2.245398998260498,2.8087940216064453,2.0904037952423096,3.0437471866607666,2.1092655658721924,2.2184410095214844
-0.29328715801239014,-0.6659489274024963,-0.8053625822067261,-0.08866357058286667,-0.8582577705383301,-0.25027066469192505,-1.7093318700790405
2.3393216133117676,2.172309398651123,1.930385708808899,1.9738500118255615,0.9762222170829773,2.201012134552002,0.9604330062866211
-0.4433341920375824,-0.720219612121582,0.9900579452514648,-1.075519323348999,0.19457998871803284,-0.8573011159896851,1.3546448945999146
2.4318246841430664,0.5808503031730652,1.5138968229293823,0.8406108021736145,1.433323860168457,1.2239129543304443,0.7369637489318848
0.23431718349456787,0.6583013534545898,-0.5611581206321716,-0.6095428466796875,-0.7916007041931152,-0.4135436713695526,-0.8283377289772034
-1.8508037328720093,-1.185089111328125,-2.1318719387054443,-1.6738569736480713,-1.8165509700775146,-2.082667112350464,-1.817420482635498
3.044760227203369,3.094038248062134,2.930842399597168,2.038937568664551,2.3356688022613525,2.138388156890869,2.612684726715088
-2.4179673194885254,0.9409748911857605,-0.5076969861984253,0.20782314240932465,-1.37308669090271,-0.9153794050216675,-1.0523635149002075
1.2731696367263794,1.102828860282898,0.6091405153274536,0.8897104859352112,0.5703917145729065,0.8799720406532288,0.4514574706554413
-1.962364673614502,-1.6857441663742065,-2.872195243835449,-1.9354585409164429,-2.4674856662750244,-2.004960536956787,-3.0212931632995605
-4.625681400299072,-3.5981664657592773,-3.2104732990264893,-4.146800518035889,-4.469912052154541,-3.8954455852508545,-3.482496738433838
-1.3049763441085815,-0.2506260275840759,0.8310599327087402,-0.05298670381307602,-0.3211529552936554,-0.13007426261901855,-0.0300462543964386
0.25359708070755005,0.6362817287445068,2.283823251724243,0.814649224281311,2.252660036087036,0.7379716634750366,2.352736711502075
-3.9428603649139404,-2.0508484840393066,-0.7747008800506592,-0.9493780136108398,-0.9789009094238281,-0.5787016153335571,0.5749866962432861
-4.506325721740723,-2.7156124114990234,-1.3493587970733643,-2.0447869300842285,-1.8758503198623657,-1.9291555881500244,-1.0479075908660889
0.5610527396202087,0.2881251573562622,0.12226392328739166,1.4063045978546143,-0.23309996724128723,0.7067762017250061,-0.478017121553421
-2.0143611431121826,-1.3070955276489258,-0.21915659308433533,-1.65265691280365,-0.7476983666419983,-1.2616835832595825,-0.9623074531555176
2.5829975605010986,2.3083901405334473,2.2460641860961914,1.057460069656372,1.2259225845336914,0.717434287071228,0.8998671174049377
-0.3042483627796173,-0.8039308786392212,0.1649940013885498,0.1444920301437378,0.706247091293335,-0.5175178050994873,1.1551513671875
2.097966432571411,0.9641517996788025,1.2599620819091797,2.4273464679718018,2.196903705596924,1.8049055337905884,1.1470977067947388
-2.96645450592041,-2.0595176219940186,-1.6806403398513794,-2.8726272583007812,-2.101341724395752,-2.9234721660614014,-0.44939374923706055
-0.38566699624061584,-0.02137952297925949,-1.3458092212677002,-0.13906103372573853,0.15985824167728424,0.42023372650146484,-1.2453670501708984
2.0626156330108643,0.3551742434501648,1.631629228591919,2.1462297439575195,2.664520263671875,2.4135756492614746,2.2904233932495117
-8.7532958984375,-13.755951881408691,-9.858929634094238,-13.647701263427734,-9.749039649963379,-13.132691383361816,-9.186129570007324
2.223287582397461,2.1110024452209473,2.3382670879364014,2.3132545948028564,1.7941436767578125,2.456768751144409,1.6001540422439575
-1.935296893119812,-0.24356073141098022,-2.7861173152923584,-1.7503557205200195,-2.8418827056884766,-1.5863397121429443,-2.301426649093628
1.9968502521514893,1.6194241046905518,1.7235743999481201,1.701432228088379,2.8397035598754883,1.949096441268921,2.387063980102539
0.44688165187835693,-0.513443648815155,-1.8001497983932495,-2.1618051528930664,-2.3545238971710205,-1.3540260791778564,-2.3950536251068115
2.1244802474975586,1.8846983909606934,1.2380650043487549,1.9576857089996338,2.2332324981689453,2.0491244792938232,2.1854851245880127
1.349651575088501,0.9101725220680237,1.541224479675293,1.2615768909454346,1.2213928699493408,0.9880801439285278,0.9873420000076294
-0.16580598056316376,0.8122977018356323,-1.1837780475616455,-0.12451596558094025,-1.3043296337127686,-0.2408904880285263,-1.6095134019851685
1.8855481147766113,0.9653050899505615,2.1039867401123047,1.6138862371444702,0.2444545030593872,1.412692666053772,0.8270869851112366
1.529266357421875,0.9138094782829285,2.2562811374664307,2.2940049171447754,1.322414517402649,2.115227222442627,2.5946621894836426
0.7443094849586487,0.6750288605690002,0.48887062072753906,0.5470963716506958,-0.4763639569282532,-0.9274080395698547,0.1180536299943924
0.3582940995693207,0.1082940399646759,-0.8159365057945251,0.06770004332065582,0.29896271228790283,0.10624383389949799,-0.10642126947641373
-1.669651746749878,-0.40308046340942383,-0.4104611873626709,-0.9943584203720093,-0.39651980996131897,-1.1710857152938843,-0.02119588851928711
2.3840227127075195,1.02830171585083,0.9225113391876221,-0.64753258228302,-0.17680639028549194,-1.2101078033447266,-0.41176339983940125
-1.540999174118042,-0.20937922596931458,-0.46134886145591736,0.3029659688472748,-0.26801493763923645,0.00958225131034851,-0.27191218733787537
2.8022477626800537,1.8650494813919067,1.9650992155075073,1.024954080581665,2.302152156829834,1.3945283889770508,1.7087191343307495
-0.6250311732292175,0.5658578872680664,-0.3497617840766907,-0.7052665948867798,-0.8602617383003235,-0.23208022117614746,-0.7603192925453186
2.0816192626953125,1.0703014135360718,1.8600387573242188,1.8001729249954224,2.875298023223877,2.1487069129943848,3.538703680038452
2.95205020904541,2.791552782058716,2.986732006072998,2.2888433933258057,2.6201560497283936,1.830418586730957,1.8343875408172607
-0.6026255488395691,0.43421393632888794,-0.5470121502876282,-0.691346287727356,-0.7585928440093994,-0.532660722732544,-0.4813709259033203
-1.7362463474273682,-2.4318900108337402,-2.2518820762634277,-2.392526149749756,-1.7890493869781494,-2.1018075942993164,-1.9215490818023682
2.5210862159729004,2.881608486175537,1.2000339031219482,2.6011412143707275,2.007607936859131,2.787299394607544,1.3863004446029663
-2.599600076675415,-2.4130735397338867,-2.274480104446411,-1.9810962677001953,-2.65663743019104,-2.442596435546875,-2.4059743881225586
-0.3410278260707855,0.823272168636322,-1.3064764738082886,0.352340966463089,-0.621709406375885,0.275458425283432,-0.5700477361679077
2.3299896717071533,0.9114560484886169,2.861607313156128,1.305402159690857,2.271149158477783,1.3278517723083496,3.0272698402404785
1.2745866775512695,1.1749323606491089,0.5619223117828369,0.7181476354598999,1.4465327262878418,1.2616559267044067,0.940038800239563
-0.5303366184234619,-1.3444477319717407,-1.6544378995895386,-1.2599793672561646,-0.8495290875434875,-1.0459383726119995,-0.46922555565834045
-2.9041125774383545,-2.5783820152282715,-3.1294760704040527,-0.8976274728775024,-1.8087369203567505,-1.491980791091919,-2.326289415359497
0.6312960982322693,-0.2563707232475281,0.08068227767944336,-0.47246187925338745,0.577445924282074,0.6889768242835999,0.7381058931350708
-0.012120380997657776,0.7177557945251465,0.5246268510818481,2.2549962997436523,0.68413245677948,2.23531436920166,1.439502477645874
0.1923636496067047,-1.1770758628845215,1.1687638759613037,-0.6300822496414185,0.8323259949684143,-0.15607576072216034,1.4069305658340454
-0.43891406059265137,-0.5025607347488403,-0.591641902923584,-0.040035367012023926,-0.9339228868484497,-0.3425425589084625,-0.6889321208000183
-1.5771918296813965,-1.2860532999038696,-1.5684171915054321,-2.4793214797973633,-0.7862656116485596,-1.2203956842422485,-0.0010572224855422974
-5.1622538566589355,-4.647863864898682,-2.60996413230896,-4.454119682312012,-3.790264844894409,-4.761445045471191,-3.0938408374786377
3.254851818084717,2.4394030570983887,1.544849157333374,0.8099034428596497,1.2252740859985352,1.2562321424484253,0.2886251211166382
-0.06850001215934753,0.31634682416915894,1.7379560470581055,0.9227961897850037,1.75107741355896,0.9482186436653137,1.802978515625
-1.3264371156692505,-2.73970627784729,-3.230114459991455,-2.9791698455810547,-3.0742990970611572,-2.5871713161468506,-2.527970314025879
-1.4978890419006348,-1.092658281326294,-0.8996831178665161,-0.8230056166648865,-0.657759428024292,-0.5429482460021973,0.08794842660427094
-2.5050647258758545,-2.675196409225464,-2.34511399269104,-1.8327686786651611,-1.2904905080795288,-1.592536449432373,-1.1216862201690674
-0.1076488196849823,-1.4247654676437378,-1.0762313604354858,-1.2049839496612549,-1.1951429843902588,-0.40725088119506836,-1.5717934370040894
-2.218794584274292,-2.0989911556243896,-3.098771572113037,-2.4849414825439453,-2.835115909576416,-2.9429564476013184,-3.8432559967041016
1.5859699249267578,0.4151243567466736,0.0069678425788879395,0.726344883441925,0.8714991211891174,0.2644346356391907,0.0900547206401825
0.6853325963020325,1.7026582956314087,1.6805161237716675,1.0826776027679443,0.7886788845062256,0.8007751107215881,1.7337632179260254
2.874161958694458,2.818554162979126,2.164745330810547,3.4805641174316406,2.3767359256744385,4.062820911407471,1.2099281549453735
-1.0599406957626343,-0.7715259790420532,-2.229423761367798,-2.0268638134002686,-2.231884002685547,-2.381138563156128,-2.9600937366485596
0.9613360166549683,0.7702533006668091,0.1966070830821991,0.709977388381958,1.392399549484253,0.762872576713562,0.4578931927680969
0.08412958681583405,-1.140533208847046,0.753852367401123,-0.673907458782196,-0.12711890041828156,-0.4705275893211365,0.7357103228569031
0.8353607654571533,0.11573870480060577,-0.6391452550888062,-0.1868710219860077,-0.3000420331954956,-0.28323042392730713,-1.8049120903015137
2.316772699356079,2.24745512008667,0.6991432309150696,2.061706781387329,1.0042130947113037,1.7188105583190918,-0.578149676322937
3.212820291519165,2.386775493621826,3.996798515319824,4.145233154296875,3.5678963661193848,4.435541152954102,3.3097407817840576
-0.8782781958580017,-1.110316514968872,-0.14454367756843567,-1.1660819053649902,-0.8757734298706055,-1.0348690748214722,-0.5236266851425171
1.2821043729782104,2.3966498374938965,2.301520347595215,3.1076595783233643,2.2207424640655518,3.037132740020752,3.214517593383789
-2.5076487064361572,-1.5879267454147339,-1.8023523092269897,-0.7001641988754272,-1.5489985942840576,-1.2764756679534912,-2.1361849308013916
-0.14026153087615967,0.13411594927310944,0.483265221118927,-0.4772539734840393,-0.2435310333967209,-1.0275278091430664,1.281810998916626
0.11273089051246643,1.3286539316177368,1.2556668519973755,1.6115816831588745,0.9932410717010498,1.7731375694274902,2.696335554122925
0.3593364655971527,-0.8051421046257019,0.4662643074989319,-0.05312848836183548,0.01329803466796875,-0.27865052223205566,0.22024980187416077
1.1129335165023804,0.3976302742958069,0.3920947313308716,-0.34782272577285767,-0.2781158983707428,-0.4765753746032715,-1.0011858940124512
0.9666675329208374,1.1421130895614624,0.5544742941856384,1.1970584392547607,0.8077253103256226,1.1769665479660034,1.3219671249389648
-1.8691388368606567,-1.3965119123458862,-0.6915503740310669,-1.399792194366455,-1.2599685192108154,-1.3317255973815918,0.2039673775434494
1.7758657932281494,0.96621173620224,0.5498672127723694,0.8918407559394836,0.4276752471923828,1.2311489582061768,-1.7243428230285645
-0.5458462238311768,0.18194109201431274,-0.8011301755905151,-0.2723833918571472,-0.6436747312545776,0.025715798139572144,-1.4193865060806274
0.6152566075325012,1.3600492477416992,-0.0029243528842926025,0.5227471590042114,-0.27683112025260925,1.091139793395996,-0.011381123214960098
-0.8972799777984619,-0.4875161051750183,-1.118567943572998,-0.7331302165985107,-0.7720840573310852,-0.8102177381515503,0.07210291922092438
2.081711530685425,1.6983519792556763,1.1078943014144897,0.8603837490081787,0.8901373147964478,1.2626844644546509,0.0588722825050354
2.8197808265686035,1.61830735206604,1.2217984199523926,1.8994922637939453,1.7212274074554443,1.7835536003112793,0.8099863529205322
0.20095305144786835,-0.5454540848731995,0.43351686000823975,0.7369465827941895,0.25678956508636475,0.7927120327949524,0.4449131488800049
-6.017144203186035,-5.188858985900879,-4.78209924697876,-5.223302364349365,-5.823601245880127,-5.092909812927246,-5.395906448364258
1.8635456562042236,1.7637825012207031,1.8023262023925781,1.6674227714538574,1.042419195175171,1.813807487487793,1.0509508848190308
-1.7661962509155273,-0.9033498764038086,0.23446029424667358,-0.023044884204864502,0.6592618823051453,1.1373686790466309,1.96114182472229
-0.606785774230957,0.5413507223129272,1.5918735265731812,0.617618203163147,0.5462712049484253,1.1703523397445679,1.6407700777053833
0.3385397791862488,-1.0804204940795898,-0.8261955976486206,-0.6306064128875732,-1.027935266494751,-1.0681192874908447,-1.6234421730041504
0.5859214663505554,-0.37575268745422363,-0.24618011713027954,-0.15556120872497559,0.3405873477458954,0.25204429030418396,1.047734022140503
-0.3125686049461365,-0.7457853555679321,-1.2648961544036865,-1.0176419019699097,-1.6560744047164917,-1.9668850898742676,-2.4891953468322754
1.1318148374557495,1.7605780363082886,0.4271271228790283,1.1186599731445312,0.01462678611278534,1.0881119966506958,0.28823336958885193
1.8978216648101807,0.9939922094345093,-0.5436583757400513,0.565910279750824,-0.26975154876708984,0.555659294128418,-0.8636560440063477
-0.13126081228256226,-0.9335170388221741,-0.2061057686805725,-0.416456401348114,0.8993624448776245,-0.5046150088310242,0.37705129384994507
3.533061981201172,2.4125523567199707,3.065336227416992,2.634589195251465,3.450364112854004,2.4535562992095947,2.83219051361084
1.9933953285217285,1.2591382265090942,1.9281189441680908,-0.1265924572944641,0.950173020362854,0.3260918855667114,2.1880016326904297
0.6210587620735168,0.7854679226875305,1.4739253520965576,1.3804361820220947,1.5280506610870361,0.6624558568000793,1.1524462699890137
-2.6211490631103516,-1.6082521677017212,-0.9287130236625671,-0.9617213010787964,-0.9524953961372375,-0.7850964665412903,0.14066913723945618
-1.7694967985153198,-0.49780377745628357,-1.408913016319275,-1.4097330570220947,-1.0333162546157837,-1.0800608396530151,-1.6894500255584717
-2.868391513824463,-1.3603683710098267,-1.193892002105713,-1.1979924440383911,-1.5334053039550781,-1.1455073356628418,-1.1847915649414062
-0.2818275988101959,0.1379159837961197,-0.8729355931282043,0.4379628896713257,-0.6265013217926025,-0.23737329244613647,-1.3232539892196655
0.8987882137298584,1.3594849109649658,0.9652186036109924,0.7839808464050293,2.001800060272217,1.617387294769287,2.5677731037139893
0.5888276696205139,-1.1265482902526855,-1.012557029724121,-1.374212622642517,-1.9236663579940796,-1.5316680669784546,-1.6190986633300781
1.48077392578125,0.3807128667831421,-0.1676774024963379,0.7212896943092346,0.04943883419036865,-0.12913364171981812,-0.6640657782554626
-1.7983478307724,-0.40514296293258667,-1.4888278245925903,0.33872124552726746,-0.012273252010345459,0.3866959512233734,0.34770631790161133
0.2307928204536438,-0.019634664058685303,0.04720187187194824,1.0958795547485352,0.5689780116081238,1.8544540405273438,0.7766237258911133
0.061933483928442,1.003867506980896,1.2974562644958496,0.41381967067718506,1.4122675657272339,0.3281213045120239,1.9613336324691772
-3.641169309616089,-1.4877883195877075,-3.9849331378936768,-2.611708402633667,-2.65517258644104,-2.8499417304992676,-2.8883485794067383
-0.27122849225997925,1.1242530345916748,1.1816586256027222,1.6171214580535889,1.319432258605957,1.4260426759719849,1.8340238332748413
0.5760595202445984,0.012841671705245972,0.24379685521125793,-0.24968650937080383,0.9427101612091064,0.4137584865093231,1.1724385023117065
0.14898613095283508,0.012809284031391144,-0.21532677114009857,-0.006052546203136444,0.9419603943824768,0.7106977105140686,-0.05056854337453842
-1.0014941692352295,-1.0551472902297974,-0.6262837648391724,-1.1939458847045898,-1.0690886974334717,-1.0988166332244873,-0.22977116703987122
1.480558156967163,0.9944640398025513,1.4343857765197754,-0.0134660005569458,0.7617149949073792,0.41256576776504517,1.1050124168395996
-1.481032371520996,-0.9980705380439758,-0.503152072429657,-0.6302645206451416,0.712207019329071,-0.3916211426258087,0.904004693031311
3.756593704223633,1.490769386291504,1.6355135440826416,0.48309561610221863,1.3671423196792603,0.7381407022476196,0.31610119342803955
0.7558115720748901,-0.17786559462547302,0.9177359342575073,0.7717617750167847,1.6230051517486572,1.378621220588684,1.4884134531021118
-0.9315717220306396,0.11114898324012756,-0.4818716049194336,-0.6773582696914673,-0.5300513505935669,-0.869667112827301,-0.45089662075042725
2.5138275623321533,1.2210479974746704,0.528900146484375,-0.4236230254173279,-0.14479582011699677,-0.4318239092826843,-0.9505757689476013
1.2158006429672241,1.253567099571228,2.0771327018737793,2.0730323791503906,1.2521319389343262,1.452231526374817,2.5401084423065186
-2.1838765144348145,-1.5426772832870483,-1.3983432054519653,-0.8226468563079834,-0.08621469140052795,-0.3559698760509491,1.52170729637146
-0.6807375550270081,-1.634235143661499,-1.718293309211731,-3.0747060775756836,-2.4227423667907715,-2.948413610458374,-2.756300210952759
0.47716206312179565,1.7368487119674683,1.4703224897384644,1.9041451215744019,1.0697133541107178,1.6712422370910645,1.5312117338180542
-2.193481206893921,-2.6456716060638428,-2.3857064247131348,-2.386526584625244,-1.8596247434616089,-2.2692549228668213,-2.7667529582977295
1.2220951318740845,0.9451500177383423,0.5757038593292236,1.376153588294983,0.6208082437515259,1.3619047403335571,0.14660081267356873
1.2967329025268555,0.8752652406692505,2.877235174179077,1.1792587041854858,1.4076510667800903,1.1031962633132935,1.81614089012146
2.4158167839050293,3.2656919956207275,3.148010492324829,2.80562686920166,2.114504337310791,2.568880081176758,1.8623898029327393
1.2347755432128906,1.1919660568237305,1.386734962463379,0.4120696187019348,0.7508653402328491,0.7216498851776123,-0.04526326060295105
2.300820827484131,2.2325096130371094,1.8547601699829102,2.390170097351074,0.3272581398487091,1.2736308574676514,0.4181425869464874
0.7027652859687805,5.163078308105469,3.137479066848755,5.822422981262207,4.031366348266602,5.341855049133301,3.8725459575653076
-2.3742709159851074,-3.273128032684326,-2.4208593368530273,-2.8282344341278076,-2.1773979663848877,-2.647406816482544,-2.9734349250793457
-2.678950309753418,-1.1020512580871582,-1.952474594116211,-1.4784681797027588,-2.4088492393493652,-1.3376193046569824,-2.4839348793029785
-1.0965137481689453,0.11181939393281937,-0.7020078897476196,-0.18915009498596191,-1.2216312885284424,-0.7674765586853027,-0.9689006805419922
-0.6488234996795654,-0.3870716392993927,1.0270543098449707,0.3529483675956726,0.33572667837142944,0.25453877449035645,1.2081067562103271
-1.8420262336730957,-1.5753955841064453,-1.5542786121368408,-2.2449913024902344,-1.8109123706817627,-2.2421209812164307,-2.2635610103607178
-4.656197547912598,-2.9634289741516113,-2.750412940979004,-3.8222579956054688,-2.741802215576172,-2.9049980640411377,-0.5720806121826172
-0.878697395324707,-0.055494267493486404,-2.3808319568634033,-1.4541412591934204,-3.428894519805908,-1.513187050819397,-4.126545429229736
-1.437003493309021,-0.3343658745288849,-0.4828004539012909,-0.28844138979911804,-0.8797192573547363,-0.556607723236084,-0.39154472947120667
-3.5220396518707275,-3.1231257915496826,-3.8562777042388916,-2.476287603378296,-2.6294376850128174,-2.3694722652435303,-3.344667434692383
-1.2406325340270996,-0.9053009152412415,-0.5891599655151367,-0.9241628050804138,-1.463775634765625,-0.19634144008159637,-1.2977288961410522
0.7205188274383545,0.6551401615142822,0.8306373953819275,1.3378571271896362,-0.542587161064148,0.4158817231655121,-1.178367018699646
3.649782657623291,1.157224416732788,2.036350727081299,2.0309176445007324,3.1992244720458984,3.4329473972320557,2.822073459625244
-1.4305853843688965,-0.3626244068145752,-0.2925075590610504,-0.3361768126487732,-0.18241176009178162,-0.07908159494400024,-0.06622928380966187
-3.0368492603302,-1.9491170644760132,-3.030393123626709,-1.456453800201416,-2.2131829261779785,-2.3653078079223633,-2.2726287841796875
-1.9949727058410645,-0.2058391273021698,-1.7065860033035278,-1.6405695676803589,-2.4069344997406006,-2.6972429752349854,-1.9148576259613037
-1.9564610719680786,-2.7897891998291016,-1.9705291986465454,-2.352686643600464,-1.511694312095642,-2.357607126235962,-0.5651691555976868
3.5461983680725098,1.7715480327606201,1.01625394821167,0.8276355266571045,-0.0892142653465271,0.7390668392181396,-1.0361884832382202
0.0785156711935997,-0.8345334529876709,-0.006047159433364868,-0.11040237545967102,0.8851751089096069,-0.36710354685783386,0.5417670011520386
-0.37366950511932373,-0.40010303258895874,0.12214714288711548,0.25975412130355835,0.19378888607025146,-0.20041346549987793,0.5043311715126038
2.6739141941070557,0.8834865093231201,1.2471920251846313,1.3144385814666748,1.896260142326355,1.8630212545394897,2.1747946739196777
-0.48910993337631226,-0.8461505174636841,0.9797583222389221,1.275807499885559,1.8761063814163208,1.80229914188385,2.4412145614624023
-2.494246006011963,-2.1558027267456055,-1.6022483110427856,-2.518278121948242,-1.9548828601837158,-3.133338212966919,-1.2991338968276978
1.026442050933838,1.0938094854354858,1.6633937358856201,0.8332672715187073,1.3221378326416016,0.992978036403656,0.9505277872085571
0.6159191131591797,-0.19827622175216675,-0.2458409070968628,0.424984872341156,0.787460446357727,0.24861633777618408,0.6441820859909058
0.7353294491767883,1.8053088188171387,1.3751766681671143,3.4881134033203125,2.531899929046631,2.9452202320098877,1.7649731636047363
0.7509711980819702,0.8360491991043091,0.9648017883300781,1.7779113054275513,3.3381145000457764,2.0124542713165283,2.8643996715545654
2.9845869541168213,2.329745292663574,2.2186245918273926,3.014922618865967,3.1157925128936768,3.3462350368499756,3.241420269012451
1.7229421138763428,0.42720532417297363,0.610980212688446,1.2506428956985474,1.367504358291626,1.8570923805236816,0.07236713171005249
1.188021183013916,1.0249629020690918,-0.308590292930603,0.1842779815196991,0.8462878465652466,0.516000509262085,-0.289203941822052
-0.2799374461174011,0.4097689390182495,0.7342132329940796,0.3676373362541199,0.598694920539856,0.35882148146629333,1.361720323562622
2.228079080581665,2.5588619709014893,1.5726515054702759,2.3280093669891357,1.4365822076797485,2.3731138706207275,1.8308900594711304
1.0604052543640137,1.0557398796081543,0.6543105244636536,1.4729557037353516,0.5766079425811768,0.7737347483634949,1.3254735469818115
1.425870656967163,0.36779847741127014,0.07728502154350281,-0.6349546909332275,-1.5050595998764038,-0.8588366508483887,-2.044372081756592
-3.6534676551818848,-1.1024434566497803,-0.7047045230865479,-1.1815812587738037,0.5639597177505493,-0.4865630567073822,1.6436419486999512
-0.13114745914936066,-0.16773971915245056,0.255831778049469,-0.6889519691467285,-0.14928790926933289,-0.3477473855018616,-0.015356019139289856
1.3762238025665283,0.8505867719650269,1.1098859310150146,0.5840094089508057,-0.20675311982631683,0.7817384600639343,-0.3835616707801819
0.5864499807357788,-0.5940607786178589,-0.8105619549751282,-0.1774599850177765,-1.3181917667388916,-0.10201260447502136,-1.8292641639709473
-3.097600221633911,-2.3707597255706787,-2.354358196258545,-1.5791258811950684,-2.3682994842529297,-1.5442895889282227,-2.8074193000793457
0.2797998785972595,0.23159289360046387,-0.25020429491996765,-0.1505645215511322,-0.6286712884902954,-0.16737619042396545,-1.205898642539978
0.32006892561912537,-0.11355903744697571,-0.3628634512424469,0.32067352533340454,-0.4809550344944,-0.2767550051212311,-0.7327238321304321
-0.9401942491531372,-0.3075253963470459,-1.4584057331085205,-0.3340755105018616,0.06202327460050583,0.08201264590024948,-0.23881524801254272
1.5116908550262451,2.0369722843170166,0.38799571990966797,0.6848648190498352,1.1551809310913086,1.1568210124969482,0.8717600107192993
4.8274827003479,2.861219644546509,4.2393646240234375,3.5613629817962646,3.653826951980591,3.6689984798431396,3.4606237411499023
-0.7929987907409668,0.794611930847168,1.5289939641952515,0.6383868455886841,1.3493963479995728,0.4473082423210144,1.6857256889343262
4.546884536743164,3.44480562210083,2.995504379272461,2.931640625,3.7019009590148926,3.3111326694488525,3.0719261169433594
0.10427671670913696,0.27741414308547974,0.937988817691803,0.28807514905929565,0.7391193509101868,0.20934730768203735,1.0342686176300049
0.0653744488954544,-0.8219256401062012,0.20071452856063843,-0.8284863233566284,0.35981011390686035,0.2831326425075531,0.6841652393341064
1.599373698234558,1.4917521476745605,1.8096356391906738,0.7246694564819336,2.131517171859741,1.3093609809875488,1.1512110233306885
-1.600957989692688,-0.2452053725719452,0.4042982757091522,-0.5703672766685486,-0.22675356268882751,-0.7495548129081726,0.8994643092155457
-1.3693219423294067,-0.4415535628795624,-1.1252955198287964,0.20877018570899963,-0.1405840665102005,0.41625046730041504,-0.38089507818222046
1.5350817441940308,2.1956074237823486,0.800445556640625,0.6181827187538147,0.9242777228355408,0.6243333220481873,0.8159701824188232
0.2709912359714508,-0.36894598603248596,0.8396473526954651,0.26395097374916077,1.1192946434020996,1.3325155973434448,0.9360467791557312
-1.49809992313385,-1.168971300125122,-2.693859100341797,-0.7002440690994263,-1.4987971782684326,-1.3160219192504883,-0.8060911893844604
-1.628007411956787,-2.509650468826294,-0.6378170847892761,-1.8978705406188965,-0.5209555625915527,-1.4755291938781738,0.7221047878265381
0.01833394169807434,-0.9765924215316772,-1.7712502479553223,-1.6170750856399536,-1.2669007778167725,-1.380892038345337,-2.0554022789001465
4.061872482299805,2.5716254711151123,2.142723321914673,2.253024101257324,2.508479356765747,2.7192399501800537,1.749192476272583
2.9829275608062744,2.634544849395752,2.4686837196350098,3.439863920211792,3.2176220417022705,2.8678576946258545,1.8157129287719727
1.151386022567749,0.9774392247200012,0.24008451402187347,1.4018309116363525,0.5022026896476746,1.7323232889175415,-0.4436657428741455
3.333315372467041,2.015227794647217,2.268158435821533,2.127988815307617,1.2617790699005127,1.3265653848648071,0.6341130137443542
0.8637543320655823,1.1066770553588867,1.4490606784820557,2.1559696197509766,1.4691526889801025,1.4129772186279297,1.7995073795318604
-2.6647536754608154,-2.575714111328125,-0.8773276805877686,-1.9530681371688843,-1.386392593383789,-2.1894564628601074,-0.39158371090888977
-1.6620094776153564,-1.9699959754943848,-0.872446596622467,-2.014280319213867,-1.38896906375885,-2.191417694091797,-0.639917254447937
5.6395368576049805,8.34695816040039,6.327406883239746,7.676131248474121,6.524738788604736,7.129137992858887,6.078999996185303
4.826380729675293,4.654757499694824,5.191090106964111,4.524364948272705,4.539535999298096,4.352968215942383,4.877509117126465
0.42802631855010986,-0.6701810359954834,-0.7050344347953796,-0.1215984970331192,0.06789129972457886,-0.1701498180627823,0.5255582332611084
-2.3900375366210938,-2.1112077236175537,-0.44910991191864014,-0.3066210150718689,-0.5395238399505615,0.07020598649978638,1.1217730045318604
3.176994562149048,3.365945816040039,4.622514247894287,4.423234462738037,3.723705768585205,3.9918720722198486,4.408493518829346
-4.552414417266846,-3.329904794692993,-3.814572334289551,-2.802900791168213,-2.299474000930786,-2.72489070892334,-3.5026824474334717
3.5564029216766357,3.716216564178467,3.3693225383758545,3.123913526535034,2.5754847526550293,3.7367186546325684,2.408789873123169
-1.4335943460464478,-1.2937250137329102,-0.6925100088119507,-0.19800156354904175,-0.8073212504386902,0.05868358910083771,-0.005770377814769745
-0.9454090595245361,-1.505314826965332,-2.5498921871185303,-2.4350810050964355,-2.1915171146392822,-2.3219099044799805,-1.8129351139068604
-1.0970182418823242,-1.9284207820892334,-1.713559627532959,-1.5060793161392212,-0.7839986085891724,-1.403159260749817,-0.6744785308837891
0.7794432044029236,1.6210885047912598,0.6140298843383789,1.2782949209213257,0.36882585287094116,1.0889972448349,-0.6236125826835632
-0.965399980545044,-0.24197587370872498,-0.014813631772994995,-0.31762829422950745,0.2549927830696106,-0.36375781893730164,-1.0794368982315063
0.332075834274292,-0.06154757738113403,0.46648165583610535,0.35802602767944336,0.3360888659954071,0.020152926445007324,0.11336786299943924
-0.6787421703338623,0.41601502895355225,-0.708725094795227,0.373370885848999,-0.5254371166229248,0.3721407651901245,-0.23304735124111176
-1.514491319656372,-2.50041127204895,-3.930631399154663,-3.901108503341675,-2.821882963180542,-3.394298791885376,-3.291738748550415
0.5919610261917114,0.5912843942642212,-0.2129068672657013,-0.43637874722480774,-0.3297683298587799,-0.44867995381355286,-0.8173430562019348
-2.863236665725708,-1.6308891773223877,-1.4947558641433716,-2.306532859802246,-2.160186767578125,-2.0932092666625977,-1.0163096189498901
0.3369500935077667,0.46127140522003174,1.60282301902771,0.7901235222816467,0.8762319684028625,1.282991886138916,1.1646313667297363
1.61546790599823,1.3476382493972778,1.5296961069107056,1.5604491233825684,0.7148438096046448,1.2775213718414307,0.6941882371902466
1.8300553560256958,1.6998968124389648,1.4039759635925293,1.503385066986084,0.574336588382721,1.0563387870788574,-0.324764609336853
0.3829202950000763,-1.1355597972869873,-0.6073252558708191,-0.7767744660377502,0.766206681728363,-0.36565786600112915,0.7947672009468079
-1.111192226409912,-0.849124550819397,0.15075841546058655,-0.7468194961547852,-0.30643635988235474,-0.28593435883522034,0.12971019744873047
-0.1915048211812973,-0.9521691799163818,-0.783232569694519,-1.0288467407226562,-0.32142478227615356,-0.36960452795028687,0.07039602100849152
-2.899339437484741,-2.9542224407196045,-2.3666348457336426,-2.5409021377563477,-1.7310214042663574,-2.4802160263061523,-1.2330987453460693
-3.3986570835113525,-2.5420591831207275,-4.104722499847412,-4.226504325866699,-3.2733657360076904,-3.801497459411621,-3.8428995609283447
-2.280576467514038,-2.6236789226531982,-3.289994239807129,-4.0559492111206055,-4.2986931800842285,-4.06743049621582,-3.7693471908569336
-1.6718928813934326,-1.4833351373672485,-1.2651938199996948,-1.5415608882904053,-1.4931761026382446,-1.498916745185852,-1.305424690246582
-1.428886890411377,-0.2632811963558197,0.08422785997390747,0.27069365978240967,-0.5666084289550781,-0.5461063981056213,1.375792384147644
-2.8344857692718506,-2.9111809730529785,-2.677457809448242,-1.9383606910705566,-1.5735785961151123,-1.2513383626937866,-1.8444815874099731
-0.8881933689117432,0.13959887623786926,-0.44675856828689575,-0.720665454864502,-0.14168867468833923,-0.5775614380836487,-0.3131747543811798
-1.0384000539779663,-0.7784382104873657,0.21539664268493652,-0.6999154686927795,-0.48095405101776123,-0.8892515301704407,0.539088249206543
1.4444657564163208,2.6734416484832764,1.7113852500915527,2.031524181365967,2.2839035987854004,1.8612549304962158,2.2657244205474854
-4.961791515350342,-4.45711088180542,-5.274731159210205,-5.118915557861328,-4.407086372375488,-4.725277423858643,-5.080961227416992
2.221902370452881,0.9463812112808228,1.4525758028030396,1.5333536863327026,2.4190404415130615,1.370977759361267,2.6628527641296387
-1.1852209568023682,-1.1144866943359375,-2.068240165710449,-1.4794223308563232,-1.618016004562378,-1.2539002895355225,-2.2471864223480225
-1.3201749324798584,-0.36590489745140076,0.35884109139442444,-0.7576982975006104,-1.2509765625,-1.3764488697052002,-0.210904061794281
1.7588207721710205,2.611272096633911,4.036571502685547,3.6724560260772705,3.815150022506714,3.4559547901153564,4.710956573486328
4.097618579864502,3.821902275085449,3.5750582218170166,4.386117458343506,4.245883464813232,5.225879669189453,3.1508946418762207
1.7937089204788208,2.3719570636749268,2.1529955863952637,2.9501137733459473,1.9873394966125488,2.7196712493896484,1.612643837928772
-1.3089348077774048,-0.7194432020187378,-1.768018364906311,-0.0343686044216156,0.1821325719356537,0.06445106863975525,-0.17699797451496124
2.7088911533355713,2.085322856903076,2.116485834121704,3.5659778118133545,3.1953015327453613,2.903352975845337,1.8593006134033203
-0.45477384328842163,-0.4176521301269531,-0.5314382910728455,-0.19356520473957062,-0.5330784320831299,-0.12180815637111664,-0.7317708134651184
-0.6813433170318604,0.03203248977661133,-1.3608739376068115,-0.887687623500824,-1.2427823543548584,-1.0605194568634033,-1.2274194955825806
-1.4649419784545898,-1.7195717096328735,-2.4457526206970215,-1.6863584518432617,-2.259594440460205,-1.4928195476531982,-2.1823954582214355
1.8026677370071411,0.27256476879119873,1.7774121761322021,2.2448580265045166,2.0496788024902344,1.6489670276641846,1.5946282148361206
1.1281301975250244,1.5802308320999146,1.0645028352737427,1.526105523109436,0.2631819248199463,0.7806525826454163,-0.44277897477149963
-0.7555329203605652,-0.4522789418697357,-0.7591427564620972,-0.5126573443412781,-0.8882541656494141,-0.07975742220878601,0.3566357493400574
2.3168444633483887,1.2085363864898682,0.6242291927337646,1.1113569736480713,1.7848906517028809,1.1982853412628174,1.9081640243530273
0.9619524478912354,0.42024534940719604,1.1074726581573486,1.2034220695495605,1.90479576587677,1.5410901308059692,1.6508495807647705
5.015926837921143,3.9723775386810303,4.8130364418029785,3.986293077468872,5.419895648956299,3.917595386505127,5.22316837310791
3.1771209239959717,3.7003371715545654,4.298175811767578,3.6240696907043457,3.415769338607788,3.8610730171203613,3.6033949851989746
0.5800278186798096,-0.1999322474002838,-1.3076558113098145,-0.7721433043479919,-1.6438888311386108,-0.9591216444969177,-2.501744270324707
3.857895851135254,2.4833998680114746,3.5560648441314697,2.685959577560425,2.5043118000030518,1.9559859037399292,1.7817059755325317
1.016465663909912,0.8354309797286987,0.7587534785270691,1.8584810495376587,2.208655834197998,1.9839534759521484,0.8419397473335266
-0.009038537740707397,0.28549501299858093,-0.4979892671108246,0.6882569193840027,0.30827784538269043,0.704658567905426,-0.8568904399871826
3.459381103515625,2.517092704772949,3.5795068740844727,3.580327033996582,3.2705416679382324,3.6008291244506836,2.4224352836608887
-3.002680778503418,-3.171698570251465,-1.8525736331939697,-1.9729974269866943,-2.0034940242767334,-2.2798612117767334,-1.101789951324463
-3.1955935955047607,-1.964060664176941,-2.5547237396240234,-0.13938194513320923,-0.9159979820251465,-0.4788951277732849,-1.3072762489318848
-1.459662914276123,-1.5840342044830322,-3.447256565093994,-3.0897016525268555,-2.8371171951293945,-2.596013307571411,-3.257939577102661
0.6518492102622986,0.12683770060539246,0.7923329472541809,0.5934634208679199,-0.0035549700260162354,0.8722907900810242,-0.4429370164871216
-1.8224400281906128,-1.6887688636779785,-1.4334419965744019,-2.299241542816162,-2.0620334148406982,-2.158597946166992,-2.322350263595581
-1.7337292432785034,-0.8810548782348633,-0.8421010971069336,-1.334969401359558,-0.6928464770317078,-0.9798746109008789,-0.6846851110458374
0.3959728181362152,0.09676903486251831,-0.3603232204914093,-0.8118799924850464,-0.3813634216785431,-0.4964565336704254,-0.5618168711662292
0.2360798418521881,0.4116807281970978,-0.21896107494831085,-0.7645195722579956,-1.7274987697601318,-0.79793781042099,-1.2618639469146729
1.0422353744506836,0.31851235032081604,-1.73525071144104,-0.4997997283935547,-1.0373623371124268,-0.879906952381134,-1.9909541606903076
-1.8754562139511108,-1.6239933967590332,-0.40494391322135925,-0.6616290211677551,0.6156458854675293,-0.1511290967464447,1.734277367591858
-2.968334436416626,-2.8085408210754395,-2.3964505195617676,-1.5372111797332764,-1.3287057876586914,-1.1856017112731934,-1.4833927154541016
-4.402805805206299,-4.463112831115723,-4.162143230438232,-4.048151969909668,-4.536920070648193,-3.708228588104248,-3.589073657989502
-0.17108960449695587,-0.7888544201850891,-0.044426560401916504,-0.05078217387199402,0.08950281143188477,0.23522084951400757,-0.778469979763031
0.6459459066390991,1.4187604188919067,1.141573190689087,-0.059024468064308167,0.4012455940246582,-0.2751156687736511,0.06141616404056549
3.9554357528686523,2.70579195022583,1.9625940322875977,1.7622895240783691,1.2070950269699097,2.1680755615234375,0.02193593978881836
1.093346118927002,1.7225356101989746,-0.6483166813850403,1.7438576221466064,1.3028595447540283,2.281830310821533,0.05243691802024841
0.2240000069141388,1.2099337577819824,1.1648293733596802,1.152528166770935,1.2935819625854492,1.3231048583984375,1.1654530763626099
2.8621788024902344,2.24440336227417,2.758183479309082,3.2190685272216797,3.935818672180176,3.8849735260009766,3.219294309616089
1.2032921314239502,0.30649083852767944,0.32535266876220703,0.7799847722053528,0.8418495655059814,0.7241166830062866,-0.41761016845703125
-1.2529106140136719,-4.334482669830322,-1.6766023635864258,-1.820116400718689,-1.4018754959106445,-2.098123550415039,-0.6371296644210815
0.5308481454849243,1.5696028470993042,0.4854569137096405,-0.21161139011383057,1.4023065567016602,0.46003445982933044,1.3994346857070923
2.3593931198120117,2.3149943351745605,1.5853277444839478,1.6136205196380615,0.5676080584526062,0.5011815428733826,0.623225748538971
-1.077171802520752,-1.1598520278930664,-0.5674466490745544,-1.99264395236969,-1.3808637857437134,-2.042668581008911,-1.0139667987823486
-0.1683686375617981,-1.2715084552764893,-0.039132893085479736,-1.1238939762115479,0.37746796011924744,-1.3059518337249756,0.9136606454849243
1.9428112506866455,1.1359837055206299,1.9999383687973022,1.888407588005066,2.1344316005706787,1.8761063814163208,2.044269561767578
-2.4936363697052,-0.4431546926498413,-1.2255113124847412,-1.4698951244354248,-2.520110607147217,-1.2943980693817139,-2.2741193771362305
0.7368243336677551,1.3149524927139282,1.7510302066802979,1.044838547706604,1.1693882942199707,1.2639024257659912,1.9351844787597656
-2.2562553882598877,-0.9294571280479431,-1.8430266380310059,0.6102439165115356,-0.2483803927898407,0.5183947682380676,-0.06220617890357971
-1.5637001991271973,-1.5533474683761597,-1.3326690196990967,-1.3979166746139526,-0.8419277667999268,-0.9401323795318604,-1.2271616458892822
-2.69562029838562,-3.407259941101074,-2.280059576034546,-3.300649404525757,-4.223240375518799,-4.073985576629639,-3.324660062789917
-0.8498746156692505,0.4675423502922058,-0.3900567293167114,-0.27299025654792786,-0.6252147555351257,-0.6641685962677002,-0.19350627064704895
-1.3651336431503296,-1.4568860530853271,-2.424530029296875,-1.5864074230194092,-2.8419508934020996,-2.0956778526306152,-3.427929639816284
-3.285701274871826,-3.7864573001861572,-4.1718950271606445,-4.618019104003906,-3.8783063888549805,-3.9480130672454834,-4.1105570793151855
-0.6757825016975403,1.0845215320587158,-0.49003273248672485,0.5039046406745911,-1.796420693397522,0.06106124818325043,-2.4936068058013916
-1.1245607137680054,-1.266585350036621,-1.1806819438934326,-1.2838070392608643,-1.7604787349700928,-1.580471158027649,-1.1810883283615112
1.7205450534820557,1.068598985671997,0.3096145987510681,0.6017682552337646,0.6034083962440491,0.7922319173812866,0.06014961004257202
-1.06361985206604,-1.4036833047866821,-1.2860018014907837,-1.3364367485046387,-0.8331125974655151,-1.5049632787704468,-1.201133370399475
3.67319655418396,2.5867724418640137,4.190234184265137,2.8813862800598145,3.7851147651672363,3.027770519256592,4.486159324645996
4.027091979980469,3.098273515701294,4.052026748657227,4.5932793617248535,3.7485971450805664,4.760575771331787,3.6828107833862305
3.726123094558716,3.646933078765869,3.1352028846740723,3.1376631259918213,3.034743070602417,3.118391275405884,2.8013980388641357
-2.4655063152313232,-0.8773536086082458,-1.0959049463272095,-1.039319396018982,-2.218184471130371,-1.5225389003753662,-0.9273173809051514
-0.3428371250629425,0.6746180653572083,-0.9704630374908447,-0.6055272817611694,-0.5099878907203674,-0.4484819173812866,-1.9312316179275513
-2.786343812942505,-1.422566294670105,-1.932861328125,-2.197747230529785,-2.2723746299743652,-2.1846261024475098,-1.991051435470581
-0.07670846581459045,0.272426575422287,0.9789258241653442,0.17852741479873657,0.6107097864151001,-0.2031174898147583,1.2910419702529907
-4.144028186798096,-2.6587510108947754,-3.4969756603240967,-3.7711899280548096,-4.138586521148682,-3.6036884784698486,-4.193375110626221
-2.6206610202789307,-2.3925631046295166,-2.4975333213806152,-1.457261562347412,-1.7094364166259766,-1.0159046649932861,-1.5481064319610596
2.0657706260681152,1.003083348274231,0.08131289482116699,1.4360857009887695,0.03415834903717041,1.263868808746338,-0.7433182001113892
-1.6496412754058838,-2.6218626499176025,-1.4825663566589355,-2.014183521270752,-0.5585408210754395,-1.9006023406982422,-0.36853358149528503
1.645247459411621,1.8637757301330566,1.7752199172973633,1.6763489246368408,1.9710652828216553,1.5148956775665283,2.008800983428955
-4.020197868347168,-3.5382866859436035,-3.24387788772583,-2.411496162414551,-2.8924732208251953,-2.9892427921295166,-2.892073154449463
1.9972057342529297,3.3286619186401367,2.91780161857605,3.4024691581726074,2.6086313724517822,3.167926073074341,2.9360275268554688
-0.5265090465545654,-0.9081383943557739,0.42080169916152954,-0.31501540541648865,0.4072703719139099,-1.0155689716339111,1.7189154624938965
-1.1247506141662598,-1.0744457244873047,-1.257733702659607,-1.1273409128189087,-0.8096623420715332,-0.4831678569316864,-0.5205121636390686
-2.8414454460144043,-2.935149908065796,-2.0809850692749023,-2.5128085613250732,-2.469139337539673,-2.8510918617248535,-3.207811117172241
1.8519871234893799,0.9686589241027832,1.715726613998413,1.293820858001709,1.9599311351776123,1.4596821069717407,1.3025156259536743
0.3601497411727905,-0.2488090991973877,-1.2111735343933105,-1.0315759181976318,-1.4194738864898682,-0.7978529334068298,-1.3525501489639282
-1.2305940389633179,-0.6566025018692017,-0.5755170583724976,-1.2686899900436401,-0.9207708835601807,-1.9755992889404297,-0.5727187395095825
2.4685959815979004,1.9010112285614014,1.1222423315048218,1.3059403896331787,1.5462238788604736,0.7376246452331543,1.3403822183609009
-1.8635979890823364,-1.263822317123413,-1.3413199186325073,-1.4807335138320923,-0.7283098101615906,-1.4667922258377075,-0.09693369269371033
-1.4509575366973877,-1.091451644897461,-1.0635688304901123,-1.5463910102844238,-1.4693033695220947,-1.8338291645050049,-0.9679344296455383
3.5582079887390137,1.579742431640625,1.7675408124923706,1.412856101989746,3.7320432662963867,2.712888479232788,2.279554605484009
1.7559664249420166,1.6526525020599365,2.29708194732666,2.118304491043091,1.6809965372085571,1.6554203033447266,1.798591136932373
0.4582645297050476,0.5956887006759644,1.9990514516830444,1.1451424360275269,1.136736512184143,0.7764908075332642,2.908695697784424
-0.08131782710552216,1.0711089372634888,0.03985792398452759,1.0186238288879395,0.2649443447589874,1.2285643815994263,0.0335543155670166
-2.046231269836426,-1.5122371912002563,-0.3895472288131714,0.20214074850082397,0.29152944684028625,0.33417370915412903,0.48970407247543335
4.31439733505249,3.6902809143066406,3.1305761337280273,2.116546630859375,1.9357191324234009,1.3809349536895752,1.693915605545044
3.428265333175659,2.57446551322937,2.131622076034546,2.6290009021759033,3.3652279376983643,3.1260719299316406,3.677907943725586
-0.767256498336792,0.237670436501503,-0.8480133414268494,-1.9847474098205566,-1.5427240133285522,-0.8487309217453003,-0.8420180082321167
-4.427439212799072,-3.5711686611175537,-2.7326364517211914,-2.1376681327819824,-2.1138856410980225,-2.136847972869873,-0.9113635420799255
-3.2545790672302246,-4.334872722625732,-2.0558695793151855,-3.5968003273010254,-2.0484888553619385,-3.577528476715088,-1.42629075050354
3.636725902557373,2.937424659729004,2.819333076477051,1.8702948093414307,2.5171332359313965,1.581011414527893,2.3918683528900146
-3.446300983428955,-3.1785199642181396,-4.919960975646973,-3.897320508956909,-3.3720591068267822,-3.7759487628936768,-3.4093880653381348
-0.3068675994873047,-0.548861563205719,-1.3894438743591309,-1.6879531145095825,-1.2672518491744995,-1.7076350450515747,-1.5703380107879639
0.6337265372276306,0.4120386242866516,0.9709234237670898,0.3521727919578552,1.1560053825378418,0.744786262512207,1.8581464290618896
-1.9857689142227173,-2.1112899780273438,-3.48164439201355,-1.8062199354171753,-2.768174409866333,-1.5437942743301392,-3.679466962814331
-1.631752848625183,-1.5642991065979004,-0.4608810544013977,-1.3264758586883545,-0.3416810631752014,-1.491312026977539,-0.5651170015335083
-1.75498628616333,0.09171620011329651,-0.17983293533325195,-0.21991431713104248,-0.8189829587936401,-0.28352174162864685,-0.31071043014526367
-1.9820283651351929,-1.6882503032684326,-1.8174129724502563,-2.9917683601379395,-2.7006399631500244,-2.702280044555664,-2.009610891342163
1.1913782358169556,0.5484974384307861,1.351356029510498,1.8782575130462646,1.6392042636871338,1.9168014526367188,1.5943371057510376
-0.24559780955314636,1.1915682554244995,0.9980292916297913,2.1116983890533447,0.2717456519603729,1.0701963901519775,1.1183297634124756
1.6721301078796387,0.4761247932910919,0.8988761901855469,0.47181937098503113,-0.20023643970489502,0.6624879837036133,-0.14827144145965576
-1.9758257865905762,-2.4766228199005127,-2.749709367752075,-2.4110162258148193,-3.011315107345581,-2.6570403575897217,-3.0322299003601074
0.7774937748908997,-0.16361477971076965,0.5580558776855469,0.6015201807022095,1.0671207904815674,1.0484639406204224,0.7713969349861145
-0.6520296931266785,-0.5236687660217285,-0.5459774732589722,-1.6288937330245972,-1.085180401802063,-1.5280237197875977,-0.4672667980194092
2.10026216506958,0.34216099977493286,1.1040157079696655,0.4657881557941437,0.8553599119186401,0.7823391556739807,1.5023232698440552
1.4586702585220337,0.5483041405677795,0.7041193842887878,1.2580835819244385,1.6205592155456543,1.7320899963378906,0.009917259216308594
0.6322318911552429,-0.23052743077278137,0.7869873046875,-0.8496880531311035,0.5846325159072876,-0.5249361991882324,-0.36911386251449585
0.47616976499557495,-1.4121782779693604,-0.6486835479736328,-0.8233606815338135,0.16627134382724762,-0.49532848596572876,-0.3271111845970154
-1.6862335205078125,-1.0019481182098389,-1.6817690134048462,-0.8083835244178772,-0.8051031827926636,-0.9271414279937744,-0.3772522807121277
-2.254291296005249,-2.204068183898926,0.37098413705825806,-0.14976686239242554,0.7679030299186707,-0.5040416121482849,1.652919054031372
3.002267360687256,1.2185990810394287,1.6507813930511475,2.103055715560913,2.1210975646972656,2.007106304168701,1.7296326160430908
-2.0518009662628174,-2.0205249786376953,-0.8818435668945312,-2.621234178543091,-2.186591386795044,-2.979609489440918,-1.4253042936325073
2.330967903137207,0.4043532609939575,-0.06022226810455322,0.7725693583488464,1.415102243423462,1.282454252243042,1.3348406553268433
-5.108302116394043,-4.1588454246521,-3.9985198974609375,-4.322861671447754,-3.015448570251465,-4.1678667068481445,-1.93772554397583
-0.4733426570892334,-0.7616331577301025,-1.159372091293335,0.20606163144111633,0.07771900296211243,0.47668811678886414,-0.3220538794994354
-3.9688913822174072,-4.017602920532227,-3.0540084838867188,-2.895733118057251,-2.4024548530578613,-2.9908623695373535,-2.0042219161987305
1.7454549074172974,0.7116358280181885,1.8462170362472534,1.5735403299331665,1.9347857236862183,1.3805139064788818,1.2204978466033936
0.9816915988922119,0.7878894805908203,1.4173011779785156,1.1409341096878052,1.0786080360412598,0.9219726324081421,0.6817156672477722
-1.556283712387085,-1.085205078125,-1.5235381126403809,-0.5291905403137207,-1.8359887599945068,-0.8145449161529541,-1.8385348320007324
-1.1819684505462646,-1.222332239151001,-0.9562162756919861,0.11583375930786133,-1.1821484565734863,-0.6892801523208618,-1.6745020151138306
-3.6319754123687744,-3.337709426879883,-4.518625736236572,-3.7723519802093506,-4.621955394744873,-3.833037853240967,-4.492069244384766
-1.8069207668304443,-1.4298110008239746,-1.5060784816741943,-1.5286306142807007,-1.2910122871398926,-1.2735856771469116,-0.15923011302947998
1.3618214130401611,0.46592259407043457,0.3400402367115021,-0.3463670015335083,1.3573498725891113,0.0411209836602211,0.7542278170585632
0.7262837886810303,-0.0620584636926651,0.633779764175415,-0.530221700668335,0.7461307644844055,-0.08071531355381012,0.30091679096221924
-1.6352128982543945,-0.9172307252883911,-2.156987190246582,-1.756377935409546,-2.3070621490478516,-1.8453567028045654,-2.112288475036621
-3.070862293243408,-1.3831297159194946,-0.8422866463661194,-2.2866530418395996,-1.8279207944869995,-2.0080950260162354,-0.10288184881210327
-2.2326292991638184,-2.0356087684631348,-2.2697415351867676,-0.9707345366477966,-1.8344841003417969,-1.1228594779968262,-2.1138756275177
2.2098746299743652,1.813930630683899,0.6249166131019592,-0.02376687526702881,-0.7880817651748657,-0.061490654945373535,-1.3489289283752441
-1.132143497467041,-1.0653742551803589,-0.4109501540660858,-1.9387600421905518,-1.4974732398986816,-1.9924752712249756,-1.0232954025268555
1.2461398839950562,0.942096471786499,1.6625369787216187,0.9304103851318359,0.903245210647583,1.0169289112091064,1.8065272569656372
1.3350251913070679,2.3971469402313232,0.7884056568145752,1.1871185302734375,0.11158308386802673,0.24648629128932953,0.08140653371810913
-5.235352993011475,-6.4638800621032715,-5.33657693862915,-6.543658256530762,-7.426961421966553,-7.212920188903809,-6.008115291595459
-2.5778822898864746,-1.8686745166778564,-1.6648845672607422,-1.6737003326416016,-1.968724250793457,-2.408287286758423,-1.805328130722046
-1.542352557182312,-0.7953556776046753,-2.1140449047088623,-0.2717343866825104,-0.9131397008895874,0.15265727043151855,-1.582562804222107
0.3460240066051483,0.0309259295463562,0.07685044407844543,0.6007792353630066,-0.07978495955467224,0.39418309926986694,0.5013072490692139
4.521947383880615,3.7228012084960938,4.394959449768066,5.166244983673096,5.463933944702148,5.746041774749756,5.2074737548828125
-0.654222846031189,-0.6842811107635498,-1.8523832559585571,-1.1700763702392578,-0.9273324608802795,0.013299637474119663,-0.9495503902435303
-5.584259510040283,-3.672424077987671,-4.325618267059326,-4.746114730834961,-4.9852190017700195,-4.806595325469971,-5.091575622558594
0.21552234888076782,-0.22354765236377716,-0.982122004032135,-0.05112576484680176,-0.5093456506729126,-0.3514801859855652,-0.06726616621017456
0.41972672939300537,0.053725600242614746,-0.37302374839782715,1.2003004550933838,-0.11162316799163818,0.535420298576355,0.05018448457121849
2.832390785217285,3.518780469894409,1.8942780494689941,2.184919595718384,1.2996430397033691,1.6434617042541504,1.0874966382980347
3.2316648960113525,1.5470232963562012,2.5971362590789795,2.4380404949188232,3.2929744720458984,2.133380651473999,2.5840582847595215
0.30618953704833984,-1.1236648559570312,-0.35032913088798523,-0.8116243481636047,-0.8140845894813538,-0.23459529876708984,-1.5234812498092651
-0.07352123409509659,-0.46426722407341003,0.5780549645423889,0.07214223593473434,1.074203610420227,-0.7652367353439331,1.518931269645691
-2.0811357498168945,-2.0165040493011475,-1.717174768447876,-1.0595216751098633,-1.2298420667648315,-1.34116792678833,-1.2352317571640015
0.4201969504356384,0.8004471659660339,-0.4702674150466919,0.41890469193458557,-0.7392538189888,0.12790435552597046,-0.8942167162895203
1.0603426694869995,1.6079106330871582,0.0013731718063354492,0.7898803949356079,0.8030016422271729,0.5614880323410034,-0.869752824306488
-0.9929152727127075,-1.6949552297592163,-0.9991426467895508,-1.9467202425003052,-1.5772737264633179,-1.867172122001648,-1.5804940462112427
1.2823359966278076,1.154970407485962,1.4403584003448486,2.5011324882507324,2.4584882259368896,2.163259267807007,3.1525962352752686
-1.800787329673767,-1.0879453420639038,-1.323410987854004,-0.7357208728790283,-0.519219696521759,-0.433111310005188,-0.2563827335834503
-0.9598355293273926,0.4655154049396515,1.9258733987808228,1.1968220472335815,2.076768398284912,1.4494068622589111,3.1258389949798584
-4.1780171394348145,-3.8590829372406006,-3.51997971534729,-3.7344307899475098,-3.6290504932403564,-3.415419340133667,-2.3456571102142334
-3.9000587463378906,-3.0532546043395996,-3.6966075897216797,-2.870786666870117,-2.419165849685669,-2.0712084770202637,-2.08213210105896
-3.4459097385406494,-3.137641429901123,-1.7689273357391357,-1.6463253498077393,-1.0751392841339111,-1.4855895042419434,-0.831978976726532
-3.1384027004241943,-4.003383636474609,-1.48081636428833,-2.617037773132324,-1.9128962755203247,-2.898735284805298,-0.9927588701248169
1.026336669921875,0.17438101768493652,0.17438101768493652,0.476990669965744,1.2290043830871582,1.3421754837036133,1.8492625951766968
-5.713344097137451,-5.166993618011475,-3.6816232204437256,-4.3419928550720215,-3.889718532562256,-3.870856761932373,-2.1802570819854736
-0.9715678095817566,-0.10554724931716919,0.8826495409011841,-0.07930469512939453,-0.4216881990432739,0.25036758184432983,1.834588885307312
6.4833502769470215,5.985902786254883,4.975564002990723,5.625067710876465,4.395357131958008,5.479913711547852,3.2608699798583984
-0.6174969673156738,-1.20664381980896,-1.6749095916748047,-1.1369370222091675,-2.51631236076355,-1.209104061126709,-2.8671233654022217
-3.1564252376556396,-2.2444067001342773,-2.4531171321868896,-3.3433141708374023,-3.426962375640869,-3.7066097259521484,-2.9218318462371826
2.0829145908355713,2.56083607673645,2.2545359134674072,1.0039136409759521,0.9272359013557434,0.9391271471977234,1.0486387014389038
-1.0006154775619507,-1.225062370300293,-2.010289192199707,-1.1824183464050293,-1.7798469066619873,-1.1262428760528564,-1.9493751525878906
2.8023521900177,3.038593292236328,3.20917010307312,3.201789379119873,3.4043490886688232,2.4719178676605225,2.2384870052337646
-0.4732002019882202,-0.5352768898010254,0.15566642582416534,-0.6636194586753845,-0.12564675509929657,-0.2634202837944031,-0.23211801052093506
3.099566698074341,1.8602195978164673,1.8293640613555908,1.0197396278381348,2.1008105278015137,1.3867255449295044,2.092184066772461
2.152859687805176,1.864418387413025,3.2692158222198486,3.257324695587158,3.8395814895629883,3.7846362590789795,4.347519397735596
-1.3062340021133423,-0.8185860514640808,-0.7960338592529297,-0.44585955142974854,-0.35319042205810547,0.11507540941238403,1.0153394937515259
1.3638852834701538,2.857696294784546,2.332024574279785,2.985628843307495,2.4123926162719727,2.5993709564208984,3.2592358589172363
0.7201828360557556,-0.5698248147964478,-1.7236777544021606,-0.2934577167034149,-0.3336416780948639,-0.4103192389011383,-1.7096590995788574
-0.38268864154815674,0.9353165030479431,0.3317373991012573,0.7200453877449036,-0.25533759593963623,1.3355157375335693,0.3638450503349304
-1.3977150917053223,-0.05276279151439667,-0.2946864366531372,-0.6866848468780518,-1.681442379951477,-0.41359806060791016,-1.3679426908493042
-1.3769875764846802,-0.7982308864593506,0.1399410367012024,-0.9940250515937805,0.12599962949752808,-0.9934099912643433,0.040114760398864746
-0.5910647511482239,-0.5309687852859497,-0.3826367259025574,-0.8190220594406128,-0.8600260019302368,-1.0158412456512451,-0.06848029792308807
1.9981613159179688,1.7659366130828857,2.502368688583374,2.262085199356079,2.9189696311950684,2.375256299972534,3.2881226539611816
4.305495262145996,3.8084378242492676,2.1972360610961914,3.8069515228271484,3.0152664184570312,2.8057358264923096,1.9420320987701416
-2.1607797145843506,-0.791048526763916,-1.0138925313949585,-0.7871531248092651,0.34517279267311096,0.04420331120491028,0.31667646765708923
-0.6661989688873291,-0.4643968939781189,-0.030779391527175903,-0.06481274962425232,0.4875113070011139,-0.44758525490760803,1.4359540939331055
-2.963183879852295,-1.1414121389389038,-0.8334720134735107,-0.9778061509132385,-0.865455150604248,-0.921220600605011,-1.1584606170654297
-1.769447922706604,-0.5940507054328918,-1.0288983583450317,-1.8028491735458374,-1.6150507926940918,-2.1296513080596924,-1.3947083950042725
1.8895263671875,1.067202091217041,1.550024390220642,0.9614117741584778,1.2813711166381836,1.1177394390106201,0.7932233810424805
-0.9806960821151733,-1.2312932014465332,-0.296811580657959,0.38221490383148193,0.7684727311134338,0.054182782769203186,1.6049587726593018
0.17552825808525085,0.8075697422027588,-0.4131198525428772,-0.2583296298980713,-0.5738555788993835,-0.25299912691116333,-2.327770948410034
1.4760559797286987,1.0919979810714722,2.3010013103485107,2.2165329456329346,1.9811699390411377,2.3485660552978516,1.132882833480835
-0.08251065015792847,-0.7655309438705444,-0.7454389333724976,-0.6682488918304443,-0.45707809925079346,-0.29839253425598145,-1.2360742092132568
0.3687231242656708,0.0995374247431755,0.7322293519973755,-0.21947388350963593,1.0578012466430664,0.2762647271156311,1.4558969736099243
0.4325410723686218,1.7025706768035889,1.7296333312988281,1.183459758758545,1.2072421312332153,2.0215818881988525,1.3740317821502686
2.9315316677093506,2.203059196472168,1.9234119653701782,1.892453908920288,2.0045998096466064,2.4876270294189453,0.5565762519836426
-1.588186502456665,-1.1896525621414185,-1.9116660356521606,-2.519822835922241,-1.4873416423797607,-2.481278896331787,-2.3720014095306396
0.44090157747268677,0.30338144302368164,-0.2120390683412552,-1.1666126251220703,-0.8024969100952148,-0.3981972932815552,-2.022670030593872
2.6740784645080566,0.28831905126571655,0.2522355318069458,1.555753231048584,0.9542244076728821,1.0632950067520142,-0.9377957582473755
-5.7492780685424805,-4.2918901443481445,-5.181677341461182,-4.917611598968506,-4.4477057456970215,-4.2869696617126465,-4.344139099121094
3.746108293533325,1.8162943124771118,1.9094758033752441,1.9475071430206299,2.3913755416870117,2.0163938999176025,2.406864881515503
3.825900077819824,3.637718439102173,3.938688039779663,3.938688039779663,4.227356433868408,4.100244045257568,3.875056743621826
2.085468292236328,0.38090431690216064,0.7036058902740479,0.0760907530784607,-0.443686306476593,0.04005855321884155,-1.0515501499176025
2.1852073669433594,0.6231770515441895,1.3022035360336304,1.9113181829452515,2.9561004638671875,2.4123871326446533,1.9622855186462402
-2.9466142654418945,-3.0534756183624268,-1.6355565786361694,-1.5724104642868042,-2.1194040775299072,-1.444477915763855,-0.11080846190452576
2.0772619247436523,2.1525931358337402,1.7912453413009644,2.5593528747558594,2.676624298095703,2.604457378387451,2.700669527053833
-0.7716289758682251,-0.6244188547134399,-0.5795193314552307,0.25204217433929443,-0.7787989377975464,-0.31970757246017456,-1.1125757694244385
0.42395901679992676,0.6683788895606995,0.8023595809936523,-0.20469911396503448,0.45600372552871704,0.02943381667137146,0.6218443512916565
0.1989821493625641,1.556280493736267,-1.0072906017303467,1.0408599376678467,-1.441933274269104,0.6045771837234497,-1.3891661167144775
-1.00581693649292,-1.444977879524231,-0.48712387681007385,-1.1348848342895508,-1.4954129457473755,-1.7422571182250977,-2.1447389125823975
0.17824286222457886,0.5569016933441162,0.19114580750465393,-0.5247842073440552,-1.7477291822433472,-0.7027417421340942,-1.3011040687561035
1.060336947441101,2.3653616905212402,2.990262985229492,2.778682231903076,2.7147159576416016,2.350600242614746,4.006124496459961
2.805764675140381,1.4482403993606567,0.8290797472000122,1.2194379568099976,2.2960753440856934,1.5938045978546143,0.12623387575149536
3.860017776489258,3.665550947189331,3.254690647125244,3.586003065109253,2.873148202896118,3.710655450820923,2.2094004154205322
-2.0142362117767334,-0.06228363513946533,-1.1556557416915894,0.12428462505340576,-0.1922663450241089,0.17676973342895508,0.2423122525215149
-3.137796401977539,-2.1131250858306885,-2.3611996173858643,-2.268120527267456,-2.2291665077209473,-2.414914846420288,-1.1531870365142822
2.908416748046875,3.6747305393218994,3.11789608001709,4.250426769256592,3.49595308303833,4.598140716552734,2.49855637550354
-0.5912310481071472,-1.180373191833496,-1.7269566059112549,-1.721216082572937,-1.6023043394088745,-1.9254159927368164,-0.9355162382125854
-0.3522821068763733,-0.1024172306060791,-0.27732497453689575,0.12495002150535583,1.143284797668457,0.5745590329170227,1.2348268032073975
-0.7108372449874878,-1.4899288415908813,-0.45847266912460327,-1.6918736696243286,-1.605355143547058,-1.658250331878662,-0.5222139954566956
-0.06350363790988922,0.19067224860191345,0.21588972210884094,1.2854796648025513,0.4133240878582001,0.6428312063217163,0.9441936016082764
-0.3243604600429535,0.747244119644165,-0.2712700366973877,-0.48410654067993164,-0.7141390442848206,-0.634591281414032,-0.5310697555541992
-2.549664258956909,-1.5254802703857422,-1.4270706176757812,-0.8911481499671936,-1.60666823387146,-1.8639684915542603,-0.8899442553520203
-0.5990166664123535,-0.5259522795677185,-1.501130223274231,-0.7062674760818481,-0.8479363322257996,-0.2806457579135895,-1.1836744546890259
-2.0784106254577637,-0.5335571765899658,-0.1669812649488449,0.27914246916770935,1.0852813720703125,1.0065536499023438,1.9724432229995728
-0.4528425931930542,-1.1304973363876343,0.02276632748544216,0.1819387972354889,0.6507171988487244,0.035580091178417206,0.6275244355201721
-2.119112491607666,-3.2970852851867676,-2.5729544162750244,-2.7246692180633545,-1.941082239151001,-2.4593732357025146,-1.9815102815628052
2.8699660301208496,2.3578484058380127,2.7869553565979004,3.5660319328308105,2.8045871257781982,2.8177084922790527,2.5637500286102295
-2.759793519973755,-2.3938064575195312,-2.7407002449035645,-2.508617401123047,-1.8330764770507812,-1.9308197498321533,-1.406567096710205
-0.36648547649383545,-1.0759592056274414,-1.9296629428863525,-1.1813395023345947,-0.925884485244751,-1.0529968738555908,-1.8343582153320312
1.3611741065979004,1.1331249475479126,1.5042113065719604,1.6911896467208862,1.3976008892059326,1.8197373151779175,1.452799916267395
-2.148773193359375,-2.0717320442199707,-2.616265296936035,-2.8696701526641846,-3.2346057891845703,-3.4150235652923584,-2.451742649078369
-0.686683177947998,-1.6489688158035278,-0.7944451570510864,-1.217606544494629,-0.5147978663444519,-1.0630214214324951,-0.07456596940755844
1.598100185394287,1.9593640565872192,3.1952247619628906,1.0576856136322021,2.171764850616455,0.8206824660301208,2.412760019302368
-3.029387950897217,-2.539724588394165,-2.682213544845581,-3.7372469902038574,-3.0738019943237305,-4.004593372344971,-2.2419273853302
1.61252760887146,1.334439992904663,0.30377835035324097,2.005034923553467,1.3046672344207764,1.9808427095413208,0.1397649049758911
1.4216479063034058,1.5746755599975586,0.6465495824813843,1.6156796216964722,0.6379387378692627,0.9086165428161621,-0.44507578015327454
-2.6473793983459473,-3.430098533630371,-1.2774903774261475,-3.1184680461883545,-0.9887195825576782,-2.3992576599121094,-0.912020206451416
-0.3227916359901428,-1.5169955492019653,-0.8199271559715271,-0.7184423208236694,-1.1241769790649414,-1.4030044078826904,-1.0370053052902222
0.22705726325511932,0.27924394607543945,0.7335684299468994,1.0777971744537354,1.4796366691589355,0.763706386089325,1.679612636566162
-4.056778430938721,-2.657261371612549,-2.5867345333099365,-1.6534829139709473,-1.9754316806793213,-2.005950927734375,-0.5310609340667725
5.406407833099365,5.764961242675781,5.509096145629883,5.622267723083496,4.8497514724731445,5.456610679626465,5.652617454528809
1.485180139541626,1.2944945096969604,0.8389911651611328,0.2421264350414276,1.3402140140533447,0.6932730674743652,0.9509443640708923
2.2827651500701904,2.684309244155884,2.389080286026001,3.0353035926818848,1.7654093503952026,2.305432081222534,1.2290586233139038
0.4687683880329132,-0.01524883508682251,0.08299106359481812,0.5082187652587891,0.5738251209259033,1.2003666162490845,0.741775631904602
2.887319326400757,2.9161009788513184,3.155564308166504,2.3297433853149414,2.8201513290405273,2.2735676765441895,2.484492778778076
1.335767388343811,0.06292590498924255,0.5642352104187012,0.1455489695072174,0.8809559345245361,0.259950190782547,0.8744308352470398
-0.903076171875,-0.2833429276943207,-0.9184951782226562,0.4768716096878052,-0.5092750787734985,-0.020801927894353867,-1.4994535446166992
1.6284619569778442,2.354513645172119,2.778905153274536,3.0036072731018066,3.371823310852051,3.8031857013702393,3.541398525238037
-2.2968180179595947,-0.7428430914878845,-2.0715785026550293,-1.2389917373657227,-2.7448642253875732,-0.6891278624534607,-3.13580060005188
2.1121058464050293,1.2649227380752563,2.494018077850342,1.218178153038025,0.9647732973098755,1.579013466835022,1.9756481647491455
1.145371437072754,1.1269011497497559,2.1922755241394043,0.7458585500717163,1.4868011474609375,1.583365559577942,3.1412904262542725
3.0592024326324463,2.9499614238739014,1.9105607271194458,2.446432113647461,1.1781775951385498,2.4136288166046143,0.7505322098731995
-1.025296688079834,-1.613041639328003,-1.8672665357589722,-0.9951112270355225,-1.4695276021957397,-0.9979814291000366,-1.45464289188385
-0.5340691804885864,-0.6078683733940125,0.30149829387664795,-1.6941672563552856,-0.2683550715446472,-1.1578346490859985,-0.33769309520721436
2.841885566711426,2.5040042400360107,1.9836632013320923,2.38017201423645,1.885048508644104,2.72009539604187,0.5093775987625122
2.428699016571045,0.3158290386199951,0.6101962327957153,-0.020608976483345032,1.169327735900879,1.169327735900879,1.4241282939910889
-2.6727826595306396,-1.8013871908187866,-1.2098016738891602,-1.3401944637298584,-1.5388590097427368,-0.7706486582756042,-0.4284229278564453
-2.1516361236572266,-1.5716195106506348,-0.007623583078384399,-0.751846432685852,-0.21346372365951538,-0.5275545120239258,1.340488076210022
-1.5365616083145142,0.13671711087226868,0.8637182712554932,0.3372267782688141,0.5266652703285217,1.2114323377609253,0.9698636531829834
-4.95987606048584,-4.325558185577393,-4.704230308532715,-5.146663188934326,-5.847011566162109,-4.179224967956543,-5.990644931793213
0.9840253591537476,0.8887506723403931,1.6000679731369019,1.0110450983047485,1.8665940761566162,1.501658320426941,1.8799365758895874
-1.7618067264556885,-1.8393956422805786,-1.7180238962173462,-1.7561575174331665,-1.9238640069961548,-2.1760387420654297,-1.930525302886963
-0.32304880023002625,0.3003883957862854,-1.077756643295288,-0.23625168204307556,-0.8173811435699463,-0.4078919589519501,-0.3669174611568451
-4.084149360656738,-3.402501106262207,-3.7042906284332275,-3.7428345680236816,-3.498450517654419,-3.7879388332366943,-3.350877285003662
0.33616840839385986,0.4883965253829956,-1.4272598028182983,-0.33573296666145325,-0.7998984456062317,-0.18032768368721008,-1.940010905265808
0.8368707299232483,0.5144014954566956,0.745664119720459,0.09041991829872131,0.5221922397613525,0.6665263772010803,1.3648784160614014
3.347362518310547,0.6191666722297668,1.2243859767913818,0.9701610207557678,0.6749321818351746,0.9238265752792358,0.07977250218391418
-0.9684600830078125,0.29821714758872986,-1.224261999130249,0.3207692801952362,-0.12514939904212952,0.11492916941642761,-0.5567583441734314
2.836031675338745,1.4978530406951904,2.619722843170166,0.7249273061752319,2.251814365386963,1.0718212127685547,2.246790885925293
-0.7940763235092163,-0.4214346408843994,-1.0509487390518188,-0.6538249254226685,-1.520034670829773,-0.6033899784088135,-0.9332059621810913
0.9550819396972656,1.7733757495880127,1.8840866088867188,1.244014024734497,1.9054086208343506,1.8480030298233032,2.4714558124542236
-1.1211333274841309,-0.7787218689918518,-0.19584986567497253,-0.355150431394577,-0.6282371878623962,-0.1312684714794159,-0.39262038469314575
-1.8467152118682861,-1.1310234069824219,-1.737485647201538,-1.9627898931503296,-2.112454414367676,-2.665393590927124,-2.147615909576416
1.971977949142456,0.5903815627098083,0.07619121670722961,0.6904313564300537,0.6174442172050476,-0.023038476705551147,-0.7535775303840637
-1.1555900573730469,-1.05818510055542,-0.5152918696403503,0.33236363530158997,0.38556626439094543,-0.5685970783233643,0.507147490978241
-0.38988590240478516,-0.8123665452003479,-0.6070390343666077,-0.30166155099868774,0.16639932990074158,0.7691583037376404,-0.3921004831790924
-1.5829635858535767,-1.8870267868041992,-1.1236345767974854,-2.206038236618042,-2.5176687240600586,-2.6423208713531494,-2.0527098178863525
0.04817163944244385,-1.248978853225708,-0.21280738711357117,-1.4367772340774536,-0.24684074521064758,-2.004272937774658,-0.7280210256576538
-1.217393159866333,0.11065191775560379,0.08051388710737228,0.6180766820907593,0.3536006510257721,0.7107456922531128,0.6714126467704773
-2.285141706466675,-1.2860431671142578,-1.6153055429458618,-1.453339695930481,-2.7535767555236816,-2.633845090866089,-2.4174692630767822
1.9813040494918823,1.5081019401550293,1.7539721727371216,1.0197440385818481,0.7589584589004517,1.1152833700180054,0.8641165494918823
-0.30415773391723633,0.15709856152534485,-0.33802494406700134,-0.028854653239250183,-0.037465497851371765,0.33628615736961365,0.6435865163803101
-0.7801182866096497,0.326199471950531,-0.4880378842353821,-0.4883453845977783,-0.8135072588920593,-0.7780387997627258,-0.9551863670349121
0.760621964931488,0.6815819144248962,0.9294896721839905,0.9240502715110779,0.8746339678764343,0.4704112410545349,0.7436584234237671
1.3602535724639893,0.7226070761680603,-0.21310465037822723,0.7800126671791077,0.24696038663387299,0.3453700542449951,-0.45349448919296265
0.6809247732162476,-0.10170754045248032,0.0877310112118721,0.48095959424972534,0.350976824760437,0.1623583436012268,0.2701627016067505
-0.042695604264736176,-0.4672846496105194,-0.8976218700408936,-1.0001319646835327,-0.8607182502746582,-1.5118621587753296,-1.203833818435669
0.38037973642349243,0.20862354338169098,-0.08432452380657196,-0.2173825353384018,0.31654101610183716,0.36733478307724,-1.5076377391815186
2.882631540298462,2.246520519256592,3.015141010284424,3.576075792312622,4.009283065795898,3.461982250213623,4.670180797576904
-1.6608595848083496,0.05008593201637268,0.36233144998550415,-0.8284251093864441,-0.6480073928833008,-1.1548171043395996,0.39660146832466125
2.35048246383667,2.964545249938965,4.201226234436035,3.15234375,2.7423033714294434,2.899348735809326,3.8852624893188477
-2.040811538696289,-1.565995693206787,-0.8369057774543762,-2.7128396034240723,-1.3027114868164062,-2.572605848312378,-1.8379912376403809
1.4046900272369385,1.5807416439056396,0.4605119824409485,1.1313376426696777,1.3461986780166626,1.0826454162597656,0.5715255737304688
0.9715772271156311,0.4570370614528656,1.0748138427734375,-0.046236008405685425,0.6784074902534485,-0.34392520785331726,-0.07252463698387146
-0.5384377837181091,0.7239290475845337,-0.21547293663024902,0.899426281452179,0.2758576571941376,0.9818443655967712,0.48843955993652344
1.2650563716888428,0.048803478479385376,1.1842048168182373,1.5409398078918457,1.818126916885376,1.3260786533355713,0.4952405095100403
1.7904493808746338,1.8002821207046509,2.346865653991699,1.9573274850845337,2.308321952819824,2.0729589462280273,3.108548164367676
1.0618641376495361,2.114288568496704,0.8493145108222961,1.8682644367218018,0.7537751793861389,1.3112760782241821,-0.1788257658481598
-0.3722473382949829,0.13095606863498688,0.8020890951156616,0.550324559211731,1.0748685598373413,0.9034717082977295,1.9344863891601562
2.119457960128784,1.3523225784301758,0.6348804235458374,0.5212993025779724,0.6299599409103394,0.9887450933456421,-0.02507700026035309
2.018160581588745,1.6973751783370972,1.251763939857483,1.7016805410385132,1.9021902084350586,1.7197223901748657,1.9293581247329712
4.008378028869629,2.4207470417022705,4.613334655761719,2.381382942199707,4.588155746459961,2.0549910068511963,5.207195281982422
-1.31001615524292,-0.2362092286348343,-0.9064198732376099,-1.7533577680587769,-0.9441947937011719,-1.5770405530929565,-1.1032978296279907
1.3647657632827759,-1.6535842418670654,-0.18646034598350525,-1.7667553424835205,-0.1768244206905365,-0.7416548132896423,-1.0013155937194824
7.60700798034668,6.929015159606934,6.406623840332031,6.771559715270996,6.099094390869141,6.2508087158203125,5.078244209289551
-1.8869571685791016,-1.9140353202819824,-0.24804209172725677,-1.59092378616333,0.007822960615158081,-0.40549755096435547,0.6442420482635498
-2.137333869934082,-1.7594441175460815,0.5472625494003296,-1.6197997331619263,-0.5926491022109985,-1.9419888257980347,1.8069959878921509
-0.9280598163604736,-0.686174750328064,0.06938834488391876,-0.30579841136932373,0.09276063740253448,-0.061414413154125214,0.4455570876598358
-0.0338057279586792,-0.9614346623420715,-0.7568245530128479,-0.7355024218559265,-1.1992578506469727,-0.5915783047676086,-0.7763324975967407
-1.692371129989624,-0.6145601868629456,-0.8195803165435791,-0.7178903818130493,-0.733881950378418,-0.7580742835998535,-0.9635602235794067
2.075378656387329,1.364958643913269,-0.11077597737312317,1.1738799810409546,-0.030408024787902832,1.2998647689819336,-1.4269464015960693
0.5037252306938171,-0.03634712100028992,0.49204087257385254,0.36913132667541504,1.4566092491149902,0.8940340280532837,1.5690021514892578
2.746560573577881,2.659752130508423,2.7762036323547363,2.541250705718994,3.2092061042785645,2.659752130508423,2.906466484069824
2.3744282722473145,2.630373001098633,1.7143433094024658,2.069950580596924,1.1538186073303223,1.973475694656372,1.5668084621429443
-0.8970893621444702,-0.3115732967853546,0.2698637545108795,0.20507735013961792,0.0459817498922348,-0.38538047671318054,0.41032373905181885
1.7246696949005127,0.6339156031608582,1.7609111070632935,0.8819899559020996,2.745622396469116,1.6485600471496582,2.987959146499634
1.227103590965271,0.41618379950523376,-0.02419935166835785,0.7792744040489197,-0.07237909734249115,0.6017270088195801,-1.1135902404785156
1.001137375831604,-0.04481229931116104,0.06589856743812561,0.25871995091438293,-0.038507916033267975,-0.05849740654230118,-0.5707821846008301
0.3364899754524231,-0.48723819851875305,-1.5127488374710083,-0.6672458648681641,-1.1986581087112427,-1.4159793853759766,-2.0001635551452637
2.420565128326416,3.447477102279663,3.381870746612549,2.845538377761841,3.836195230484009,3.2916619777679443,4.414028644561768
0.6853296756744385,0.3431973457336426,1.1734260320663452,1.0509265661239624,0.8675361275672913,1.3582518100738525,1.491393804550171
1.339308500289917,0.9920685291290283,2.2791848182678223,0.6230323910713196,1.6834988594055176,1.3344521522521973,2.886533498764038
-0.09845945239067078,0.3255451023578644,0.3433818519115448,-0.4168326258659363,-0.009047694504261017,0.11164987832307816,0.25425004959106445
-1.5872312784194946,-1.0994699001312256,0.12942057847976685,0.24341177940368652,0.16386395692825317,0.7165982723236084,0.5989519357681274
-2.12252140045166,-0.3019613027572632,-1.7332063913345337,-0.905540406703949,-2.2389907836914062,-2.1315603256225586,-2.4728832244873047
1.7415320873260498,1.253481388092041,0.5502625107765198,1.0429257154464722,1.644249677658081,0.6851144433021545,0.7607212066650391
0.5902010798454285,-0.448787122964859,-1.3926995992660522,0.589024543762207,-0.07565060257911682,0.005537360906600952,-0.43111148476600647
-2.054072380065918,-1.2909693717956543,-0.5274745225906372,-1.8256616592407227,-1.926429033279419,-2.6022777557373047,-1.1884291172027588
-2.871143341064453,-2.6177828311920166,-2.247952461242676,-2.6280338764190674,-2.624138593673706,-2.7576067447662354,-1.5344204902648926
1.8757745027542114,0.344271719455719,-0.04516397416591644,-0.1443936675786972,-0.142753466963768,0.3741021752357483,-1.4881891012191772
-0.32562801241874695,-0.4504666328430176,-0.7049990892410278,-0.6305767893791199,-0.7677351832389832,-0.44544366002082825,0.027286268770694733
-1.6617319583892822,-1.025824785232544,-1.8057212829589844,-1.3648256063461304,-1.9307835102081299,-1.6162827014923096,-2.7021477222442627
1.1934168338775635,0.13571766018867493,-0.2171219289302826,-0.6681663990020752,0.21178007125854492,0.06621584296226501,0.297627329826355
-0.1697288602590561,-0.49148330092430115,0.06801652908325195,0.8013733625411987,-0.27006158232688904,0.2197313904762268,0.7577030062675476
2.065504789352417,1.476261019706726,2.3365254402160645,2.2208938598632812,3.1229822635650635,3.0442545413970947,3.443931818008423
-3.471586227416992,-1.0043389797210693,-0.5065501928329468,0.0018996596336364746,-0.12275257706642151,-0.5319726467132568,1.6116646528244019
0.06270086020231247,0.940268874168396,-0.5464342832565308,0.60239577293396,0.34981098771095276,0.7975748777389526,-1.3698961734771729
0.6008601784706116,-0.12748940289020538,0.5077397227287292,0.3502073884010315,1.6836578845977783,0.6529195308685303,1.525753378868103
0.12554007768630981,0.10584482550621033,0.4329543709754944,-0.31588149070739746,-0.3925589919090271,-0.07559797167778015,0.5892373919487
-1.7770681381225586,-1.0268625020980835,0.08106601238250732,-0.4027813673019409,-0.01652348041534424,-0.5376845598220825,1.1925443410873413
-1.9413484334945679,0.4983280301094055,-0.5726968050003052,0.32283085584640503,-1.21645987033844,-0.530052661895752,-0.108294278383255
-0.21365351974964142,1.0738117694854736,1.3222960233688354,1.5765210390090942,1.2845723628997803,2.007883071899414,1.233490228652954
1.6810190677642822,1.1463543176651,0.267638236284256,1.0290828943252563,0.2184334099292755,1.6117500066757202,0.04452267289161682
-1.4265592098236084,-0.6246938109397888,-1.204080581665039,-0.5170583128929138,-1.6102254390716553,-0.9746631383895874,-0.2780506908893585
1.417871117591858,1.1974531412124634,1.4135442972183228,1.4094438552856445,1.6808905601501465,1.8834503889083862,0.952323317527771
-0.8855641484260559,-1.7003074884414673,-2.6294586658477783,-2.0627827644348145,-2.5671324729919434,-1.6139940023422241,-3.063584327697754
1.568410038948059,0.14223350584506989,0.4842069745063782,0.7851764559745789,0.6412523984909058,-0.029163312166929245,0.24445071816444397
2.965142011642456,1.4930154085159302,2.040009021759033,2.3335976600646973,3.5046722888946533,3.0775129795074463,3.2378060817718506
0.19328609108924866,-0.5103277564048767,0.26403310894966125,-0.23908615112304688,0.3517817258834839,-0.4574325680732727,0.9288070201873779
2.0727298259735107,1.8641788959503174,2.241825580596924,2.0556674003601074,1.2434805631637573,2.037625789642334,2.067106008529663
1.9004396200180054,2.400057315826416,1.935071349143982,2.296726942062378,0.6368842124938965,2.7215287685394287,0.5778555870056152
-1.8872475624084473,-1.578008770942688,-1.4354171752929688,-1.9506326913833618,-1.1557697057724,-1.6706393957138062,-1.6679282188415527
2.007216453552246,1.3215868473052979,2.821103811264038,2.5701591968536377,3.9085302352905273,3.1015710830688477,3.8515920639038086
-0.8845995664596558,-1.278127670288086,0.2533724009990692,0.05163267254829407,0.9660221338272095,0.4173884689807892,1.3310073614120483
2.670093059539795,1.05721914768219,2.8306429386138916,1.7768396139144897,2.2218356132507324,2.3109169006347656,0.5845207571983337
3.202732563018799,3.5460917949676514,2.7768566608428955,2.926931142807007,2.7210912704467773,3.487046003341675,2.4872796535491943
2.856666088104248,2.624190330505371,2.2502336502075195,2.2736058235168457,1.9843225479125977,1.4661343097686768,1.5916827917099
2.938673973083496,2.581249237060547,2.451676607131958,1.9405103921890259,1.4952579736709595,1.8643198013305664,0.9803851842880249
1.2828094959259033,2.1681063175201416,2.126282215118408,2.589627504348755,2.361645221710205,2.7757856845855713,2.004995822906494
2.196377754211426,3.3446621894836426,1.57167387008667,3.239691734313965,1.542945384979248,3.2511730194091797,1.7283434867858887
1.6866885423660278,1.5265547037124634,0.52134108543396,1.3272751569747925,1.0439373254776,0.9319803714752197,0.6203622221946716
-0.8616448044776917,0.7119464874267578,-1.4235427379608154,-1.0786988735198975,-0.9454357624053955,-0.22479026019573212,-1.3054399490356445
-0.6887091398239136,-0.6474242210388184,-0.7162469625473022,0.41044092178344727,0.3292529582977295,0.7409332990646362,0.4116000831127167
2.3932552337646484,0.8894926905632019,0.2660265862941742,0.7148155570030212,0.464896023273468,0.5762220025062561,-0.49700212478637695
0.9379872679710388,-0.20323503017425537,0.33104729652404785,0.32940712571144104,0.5204858779907227,0.10839548707008362,0.11949041485786438
-0.38037028908729553,2.2494730949401855,1.8017089366912842,1.3465644121170044,2.803027391433716,1.9829468727111816,4.066999435424805
0.012524533085525036,-0.7553486824035645,-0.35514941811561584,0.048535123467445374,0.3287334442138672,0.6789717674255371,0.5028952360153198
1.8488677740097046,1.7510581016540527,3.201267719268799,2.6928179264068604,3.3152589797973633,2.0826780796051025,3.392483711242676
1.3202484846115112,1.4680131673812866,1.311377763748169,1.6935352087020874,2.272101640701294,1.5364898443222046,2.0153400897979736
-0.6856151819229126,-0.0038570091128349304,-0.07658789306879044,0.50064617395401,0.18717043101787567,0.13407021760940552,0.17969219386577606
0.18326058983802795,-0.06373588740825653,-0.499070405960083,-0.5352820754051208,-0.9978073239326477,-0.6808463335037231,-1.8621289730072021
-0.7581323981285095,-0.09742559492588043,-1.1536891460418701,1.1187535524368286,-0.3484727144241333,0.9006120562553406,-0.9430675506591797
-0.3233426511287689,0.4594317674636841,0.7858237028121948,1.7092342376708984,0.7804932594299316,1.2696712017059326,0.6945041418075562
3.3725578784942627,4.63252067565918,2.3834502696990967,3.4811277389526367,2.2157437801361084,2.579859495162964,0.6251419186592102
4.471526145935059,2.453965663909912,4.044511318206787,3.795616865158081,5.517375946044922,4.022369384765625,5.7135233879089355
2.254706382751465,2.7226617336273193,3.1445932388305664,2.6779675483703613,2.7497243881225586,3.0871875286102295,3.4997124671936035
0.7998160123825073,-0.10568279027938843,1.1092662811279297,0.80583655834198,0.9952751398086548,1.0674421787261963,1.1101361513137817
-3.4334418773651123,-2.273240566253662,-1.0962200164794922,-1.0035510063171387,-0.82395339012146,-0.914162278175354,0.5959087014198303
-23.2490234375,-28.996305465698242,-28.504257202148438,-24.075822830200195,-26.306442260742188,-23.301668167114258,-29.624086380004883
0.195341557264328,-0.11362804472446442,1.5658963918685913,0.8546817302703857,1.0248485803604126,0.8872801065444946,1.3229674100875854
0.08566591143608093,0.5925558805465698,-0.5151677131652832,-0.20353716611862183,-0.5889749526977539,-0.7546311616897583,-1.0630669593811035
0.23764720559120178,0.8896675705909729,-0.5554165244102478,-0.7333739399909973,-0.001042187213897705,-0.6685876250267029,-0.9485844373703003
1.8797658681869507,2.3438985347747803,2.154049873352051,2.5415377616882324,2.239748477935791,2.334467649459839,3.1105637550354004
1.4464558362960815,1.4946448802947998,2.5205655097961426,1.4831637144088745,2.2901229858398438,1.3876243829727173,3.2838311195373535
1.6296322345733643,1.0282182693481445,2.5209696292877197,2.392216920852661,2.355313301086426,2.252803325653076,3.3944332599639893
-0.08058655261993408,0.5855615139007568,-0.02570587396621704,0.21498768031597137,-0.04620790481567383,-0.7539372444152832,0.8193219304084778
1.5732349157333374,1.5358835458755493,-0.7652616500854492,-0.7578809261322021,-1.9814410209655762,-0.8612111806869507,-3.787508726119995
0.8647205829620361,0.8243379592895508,0.9672369956970215,0.2254743129014969,0.944479763507843,0.3689883351325989,0.41281047463417053
-1.4175039529800415,-1.6645148992538452,-0.6811103820800781,-0.6512542963027954,-1.1585252285003662,-0.9760574102401733,-0.8892116546630859
-0.6365986466407776,-0.5738048553466797,-1.438374638557434,-2.0878782272338867,-1.9960293769836426,-1.438374638557434,-2.133408546447754
-0.561188817024231,-0.2847135663032532,1.181589961051941,1.2422758340835571,2.104180335998535,1.4948604106903076,2.069343328475952
0.42809340357780457,-0.43863195180892944,-0.7223796844482422,-0.8216094374656677,-0.523510217666626,-0.9196089506149292,-0.9296375513076782
3.3560001850128174,3.077907085418701,2.3535714149475098,3.2812869548797607,2.184224843978882,2.5772483348846436,0.6537083387374878
2.6957695484161377,2.493147611618042,4.4314069747924805,3.6572515964508057,4.5921430587768555,3.465352773666382,4.129485607147217
-2.027113676071167,-0.45790091156959534,-0.5973145365715027,-0.9323173761367798,-0.3389892876148224,-1.4152934551239014,0.06457111239433289
-0.4412115216255188,-0.7802743315696716,-0.14399445056915283,-0.7077484726905823,0.050774652510881424,-0.0148317851126194,1.1748255491256714
-0.915856122970581,-0.02109748125076294,-0.8501987457275391,0.357369601726532,0.14578884840011597,0.584531843662262,0.2749841809272766
-0.42228177189826965,0.23922264575958252,-1.7211793661117554,-1.3198398351669312,-2.083244562149048,-1.3524507284164429,-1.3350584506988525
-1.1369678974151611,-0.8902374505996704,-0.5525181293487549,0.08919478952884674,-0.8536926507949829,0.052291154861450195,-1.428861379623413
2.5674824714660645,2.507427215576172,2.719007968902588,2.687845230102539,2.5517115592956543,2.379084587097168,2.335104465484619
0.7008567452430725,-0.43850818276405334,0.11627616733312607,-0.19166401028633118,-0.6254865527153015,-0.06639675050973892,-0.593504011631012
-1.0747395753860474,-1.5505774021148682,-0.29088252782821655,-0.6653004884719849,0.1888132095336914,-0.1871936321258545,0.7463415861129761
-1.3965646028518677,-1.5171524286270142,-1.6426247358322144,-0.9996817111968994,-1.0583174228668213,-0.8817951679229736,-0.9334796667098999
3.7210545539855957,3.319950819015503,4.9945549964904785,3.697187662124634,5.263541221618652,4.704246520996094,6.411075592041016
0.3812151551246643,0.27593082189559937,-0.6253373622894287,-0.3827986717224121,-1.0780218839645386,-0.605040431022644,-2.0639069080352783
1.1676870584487915,1.874199628829956,1.4625194072723389,1.0532993078231812,0.7269073128700256,0.7244470715522766,-0.09258115291595459
-0.11380991339683533,-0.610205888748169,-0.04476049542427063,0.24852077662944794,0.30725908279418945,-0.16941270232200623,1.1918001174926758
0.9071005582809448,1.4269884824752808,1.249441146850586,0.23705190420150757,0.9265344142913818,0.5176218748092651,1.9778608083724976
-0.8230977058410645,-0.6048762798309326,0.08173602819442749,-0.9763727188110352,-0.8709924221038818,-0.6052863597869873,-0.5739890933036804
1.4233471155166626,0.6492188572883606,1.3296805620193481,1.9250588417053223,1.408408284187317,1.758172631263733,0.0807371735572815
0.20584434270858765,-0.7501822710037231,-1.079034447669983,0.5857285261154175,-0.2954477369785309,0.7534350156784058,-0.8888651728630066
0.36318689584732056,0.6792007088661194,-0.4627612233161926,-0.4717820882797241,-1.397242784500122,-0.9626001715660095,-1.8308961391448975
-0.9792501330375671,0.04198581725358963,-1.0403151512145996,-0.5927562713623047,-0.9701982736587524,-0.3238469064235687,-1.196105718612671
-1.6716632843017578,-1.9391944408416748,-2.3799874782562256,-2.459125280380249,-2.1040306091308594,-2.0314533710479736,-2.7999370098114014
3.241926670074463,2.9890949726104736,3.769606590270996,4.2247514724731445,3.788468360900879,3.5248124599456787,4.717758655548096
3.986006498336792,2.216967821121216,2.67252254486084,2.4998955726623535,3.099886655807495,2.4498705863952637,2.2630856037139893
0.8345659971237183,1.592896580696106,1.9971963167190552,0.8718922138214111,1.989815592765808,0.48476308584213257,2.559898614883423
4.718972682952881,4.647597312927246,3.8344368934631348,5.796939849853516,3.6889238357543945,5.429543972015381,3.5456972122192383
0.19334018230438232,0.45840752124786377,-0.4808919429779053,-0.7773510217666626,-1.707322359085083,-1.3784700632095337,-1.6481249332427979
-0.9536952972412109,-1.3295186758041382,-1.393894910812378,-0.8587924838066101,-0.6044650673866272,-0.8792945146560669,-0.3074527382850647
1.8964179754257202,1.0010712146759033,1.4627764225006104,1.99582839012146,1.6915788650512695,1.913820505142212,1.4693191051483154
-1.1285498142242432,-1.3263194561004639,-0.7621040344238281,-1.4054571390151978,-0.8054273724555969,-1.3632230758666992,-0.8392525911331177
2.6935808658599854,1.830952525138855,3.086085319519043,1.9051698446273804,2.8876259326934814,1.5211671590805054,2.6595523357391357
-0.15314213931560516,-0.38686224818229675,-0.6318099498748779,-0.30562305450439453,-0.4979831874370575,-0.5960339307785034,-1.5810787677764893
0.1738523244857788,-0.2651980221271515,0.03669406473636627,0.16462662816047668,1.255743384361267,0.9137699604034424,1.0842676162719727
0.6230119466781616,0.2763897180557251,1.2338848114013672,0.41908371448516846,0.8992407321929932,0.981043815612793,0.7798281908035278
2.48018217086792,3.306941032409668,2.489013433456421,3.0149924755096436,2.166004180908203,2.4281222820281982,1.6494929790496826
-3.143218517303467,-1.752091646194458,-1.743275761604309,-1.232570767402649,-1.850501298904419,-1.4867956638336182,-1.5783569812774658
-3.3372340202331543,-1.2184299230575562,-1.4445672035217285,-0.5697463750839233,-1.7566077709197998,-1.1056689023971558,-0.86627197265625
-1.0590583086013794,-0.4478657841682434,0.4189590811729431,0.404197633266449,0.3689342141151428,0.9101871848106384,1.3884108066558838
-0.7596004009246826,-1.0201225280761719,-1.0424697399139404,-0.18589577078819275,-0.6421679258346558,-0.49834638833999634,-0.24333450198173523
1.3171184062957764,-0.09176632761955261,0.4339563846588135,-0.4177483022212982,1.1158019304275513,0.16102334856987,0.4813949763774872
-0.9675464630126953,-0.09916776418685913,0.2578362822532654,-0.39002716541290283,-0.45829886198043823,-1.040145754814148,-0.37836405634880066
1.6785439252853394,0.6810253858566284,1.4709676504135132,0.350737988948822,0.10922431945800781,0.4429970383644104,0.079387366771698
0.22852180898189545,-1.3108052015304565,-0.24452140927314758,-1.2091152667999268,-0.7802132368087769,-1.0926637649536133,-1.5560319423675537
-1.6254125833511353,-1.5101006031036377,-1.4170215129852295,-1.3915989398956299,-1.6630455255508423,-1.2255326509475708,-0.8352600336074829
-1.4889397621154785,-0.46906277537345886,-0.2847497761249542,-0.18593016266822815,-1.0496796369552612,-0.7702116966247559,-0.558263897895813
-0.13236698508262634,-1.0850648880004883,0.3107117712497711,0.010152310132980347,0.7658563852310181,0.20041093230247498,0.770346999168396
-0.8499369621276855,1.0101815462112427,0.8084418177604675,2.023800849914551,1.9204705953598022,3.096465826034546,3.3592803478240967
-1.0164129734039307,-0.9104991555213928,-2.2467172145843506,-1.4694864749908447,-1.5266870260238647,-1.314286231994629,-1.761213779449463
-4.0190510749816895,-2.519315242767334,-3.0511374473571777,-3.0913212299346924,-2.94370698928833,-2.6021435260772705,-2.7615716457366943
3.344892740249634,3.403740167617798,3.771956205368042,3.3465394973754883,3.819110631942749,3.6222915649414062,3.2908058166503906
-3.5163614749908447,-3.8149774074554443,-4.095034599304199,-3.641120672225952,-4.217226505279541,-3.3411762714385986,-4.857418537139893
2.908433198928833,1.4637261629104614,0.09255184233188629,2.260024309158325,1.4030401706695557,2.223940849304199,0.6603613495826721
-3.6391189098358154,-1.8362919092178345,-1.561154842376709,-1.185968041419983,-1.6435729265213013,-1.147424340248108,-0.8573644757270813
-1.8317277431488037,-2.562098979949951,-1.6735422611236572,-1.8851228952407837,-0.08709675073623657,-1.097025752067566,-0.05207739770412445
1.5127896070480347,0.9990350008010864,0.3616787791252136,1.0384116172790527,-0.2636324465274811,0.6087280511856079,-0.8547900915145874
-4.736185073852539,-2.324791193008423,-2.576068878173828,-1.9398915767669678,-1.9827406406402588,-2.553311586380005,-1.1426384449005127
1.4368109703063965,0.6111500859260559,1.2282605171203613,0.9983304738998413,-0.4941132068634033,0.8845827579498291,0.3002631962299347
-0.8161798715591431,-0.41204267740249634,0.4076277017593384,0.0825682282447815,0.49414610862731934,0.4113180637359619,0.8714748620986938
1.6784954071044922,0.8628882169723511,2.489671230316162,2.6483569145202637,2.176041841506958,3.0484020709991455,3.3918142318725586
2.9796524047851562,2.9536068439483643,1.46065092086792,2.4758589267730713,1.3458396196365356,1.6960139274597168,0.6248522996902466
-3.1614606380462646,-1.2743276357650757,-1.3011852502822876,-1.648335576057434,-2.1001484394073486,-1.8133255243301392,-1.0212088823318481
1.8976049423217773,1.1454048156738281,0.4936460256576538,-0.1289999932050705,0.6605323553085327,0.2285551130771637,0.24761903285980225
-2.921342134475708,-1.8632287979125977,-1.8127937316894531,-2.235135078430176,-2.24989652633667,-1.8878309726715088,-1.0677410364151
-2.8070366382598877,-1.4540303945541382,-1.199805498123169,-2.594249725341797,-2.3768258094787598,-1.7640206813812256,-1.5641958713531494
3.756223201751709,1.610547661781311,2.3502604961395264,2.228888511657715,1.8229484558105469,2.4125864505767822,1.5958480834960938
0.9987828731536865,0.4166715145111084,1.3053311109542847,1.0650475025177002,1.5160918235778809,0.5891703367233276,1.8175373077392578
-1.0383825302124023,-1.7682580947875977,-0.7199903726577759,-0.2537233829498291,-0.28252869844436646,0.5509292483329773,0.05583702027797699
0.4686335623264313,0.1408439725637436,-0.9385867118835449,-0.9377666711807251,-0.40010160207748413,-0.6687802672386169,-1.9172934293746948
1.7540842294692993,1.5900598764419556,0.8435819745063782,-0.5077054500579834,0.18854272365570068,0.2500487267971039,-0.8533895611763
-1.5379661321640015,-0.974960446357727,-0.8839315176010132,-1.3292350769042969,-0.6004912257194519,-0.8322664499282837,-1.0366184711456299
-2.582319736480713,-2.9090638160705566,-1.9946742057800293,-2.351639747619629,-1.9573605060577393,-1.8671517372131348,-1.853471279144287
-0.6651676893234253,0.38933122158050537,0.7419657707214355,-0.5648322701454163,0.38933122158050537,-0.7817434668540955,1.648533582687378
-0.8965281248092651,0.35518914461135864,-0.16638188064098358,0.6856815218925476,-0.8028667569160461,-0.3133813142776489,-0.791324257850647
1.4213138818740845,2.074314594268799,2.4490911960601807,2.1981468200683594,2.560622215270996,2.9419596195220947,1.7350218296051025
-0.01417134702205658,-0.6951664686203003,0.6633992195129395,0.9225445985794067,1.818892240524292,1.8303732872009277,1.478520393371582
-1.6575860977172852,-2.64005970954895,-1.7423793077468872,-1.3381822109222412,-1.8796403408050537,-1.1389026641845703,-2.644515037536621
0.9217361211776733,1.8796555995941162,1.4216407537460327,2.9662623405456543,1.7693548202514648,2.8498106002807617,2.8985595703125
3.232736587524414,3.1726760864257812,3.739915370941162,4.04908561706543,3.6300244331359863,3.7513961791992188,3.6850290298461914
-3.067537546157837,-3.012500047683716,-2.1723275184631348,-2.54915452003479,-1.259577989578247,-1.952955961227417,-0.728215217590332
2.3609797954559326,2.389730930328369,2.173229694366455,2.210543632507324,1.7390486001968384,2.5906505584716797,1.4019134044647217
1.6561497449874878,-0.6147710084915161,0.31099724769592285,-0.4655163884162903,0.2715308666229248,-0.36710673570632935,-0.9309471845626831
-2.684788227081299,-3.4524688720703125,-4.024885177612305,-3.2831223011016846,-3.4873223304748535,-2.7100913524627686,-3.4477837085723877
0.4363309144973755,-0.3660857081413269,0.038931503891944885,-0.44317328929901123,-0.4702359437942505,-0.6650049686431885,-0.011767677962779999
2.6555073261260986,1.4523707628250122,1.9126920700073242,1.6018303632736206,0.9426907896995544,1.6266378164291382,0.5961837768554688
-0.06134992837905884,0.6073484420776367,0.7836657166481018,1.6849339008331299,1.1186684370040894,1.0116479396820068,0.9658454656600952
1.0509932041168213,2.0875558853149414,0.9839327335357666,1.3722792863845825,1.0101752281188965,1.092388391494751,0.6211612224578857
0.6360240578651428,1.6925442218780518,0.19015705585479736,1.244934320449829,1.1174628734588623,2.2936630249023438,0.878593385219574
0.10367703437805176,-0.656571626663208,-1.235548496246338,-0.4722585678100586,-0.5089572072029114,-0.3045521378517151,-0.7926738262176514
1.2228074073791504,1.0905611515045166,0.5841487646102905,1.1755292415618896,-0.7968664765357971,0.237254798412323,-1.8189042806625366
-0.7559743523597717,-0.430732399225235,-1.5431715250015259,-1.1376417875289917,-0.30710530281066895,-0.7302411794662476,-1.6493406295776367
-2.564443826675415,-1.9641950130462646,-2.1200103759765625,-3.8110158443450928,-2.7088279724121094,-3.768371820449829,-2.0743134021759033
0.13564477860927582,-0.39912253618240356,-0.08441667258739471,-0.32490524649620056,-0.3778004050254822,-1.1216133832931519,-0.8209988474845886
1.2101340293884277,1.4600937366485596,1.343232274055481,1.8709537982940674,1.0287314653396606,1.8438911437988281,1.496066689491272
0.04338392615318298,0.1756349354982376,0.0915767103433609,0.7304192781448364,0.18322068452835083,0.5208887457847595,-0.3436610698699951
-4.592275142669678,-3.0884218215942383,-2.4161605834960938,-2.277431011199951,-1.5200179815292358,-2.326080083847046,-0.9480669498443604
1.1808303594589233,1.9989469051361084,1.2514437437057495,2.75260066986084,2.007967710494995,1.9833654165267944,1.644832968711853
-1.199004054069519,-3.002314329147339,-2.8809425830841064,-2.759570598602295,-2.0567619800567627,-2.903904676437378,-2.4214446544647217
-1.3617804050445557,-1.3944382667541504,-2.0390214920043945,-2.5655131340026855,-1.8389219045639038,-3.151050329208374,-1.5160696506500244
-0.6053021550178528,-0.8174657821655273,-1.0731257200241089,-1.0001386404037476,-0.18128837645053864,-0.5574490427970886,-0.05367955565452576
0.9432872533798218,1.406568169593811,0.6912530660629272,0.8222609162330627,-0.27418655157089233,-0.011760860681533813,-0.2793920040130615
0.8497945666313171,0.2670578062534332,2.298396587371826,1.2946184873580933,2.2081875801086426,0.8817081451416016,3.8971927165985107
1.4845902919769287,2.006434917449951,2.577723503112793,1.9122024774551392,1.9955687522888184,2.448150873184204,1.485876441001892
1.975382685661316,2.6608588695526123,1.7567203044891357,1.92319655418396,1.382285475730896,1.5218696594238281,1.1215393543243408
-1.61719810962677,-1.3394871950149536,-1.6814607381820679,-1.6605486869812012,-0.9720911979675293,-1.0959233045578003,0.16726678609848022
-1.6606996059417725,-1.204674243927002,-2.0298802852630615,-1.494162678718567,-1.8437219858169556,-1.5554636716842651,-1.7311336994171143
1.6162810325622559,1.197854995727539,1.3687905073165894,0.1956656575202942,0.8148263692855835,0.5507605075836182,0.23328275978565216
-2.096938133239746,-1.3847805261611938,-0.6340996026992798,-1.2720195055007935,-1.0022131204605103,-1.6230140924453735,0.287458598613739
-1.6217695474624634,-0.8336440920829773,-0.06153843551874161,-0.23539549112319946,-0.5716283917427063,-0.5142227411270142,0.042203374207019806
-1.883785605430603,-1.6227251291275024,-1.24764084815979,-1.856037974357605,-1.7469673156738281,-2.2082624435424805,-1.3397005796432495
-0.7028481960296631,0.2370258867740631,-1.115696668624878,-1.0198496580123901,-1.3127208948135376,-1.0669019222259521,-1.4835580587387085
-2.7725775241851807,-2.328970432281494,-2.6582326889038086,-1.1833181381225586,-2.3146190643310547,-1.274346947669983,-2.0080318450927734
-0.6238530874252319,0.004547774791717529,-0.10370278358459473,0.410487562417984,-0.6935455799102783,-0.12174457311630249,-1.2809396982192993
-0.8576743006706238,0.9178767204284668,0.21752804517745972,-0.23351609706878662,-0.20993876457214355,0.37293317914009094,0.7160328030586243
0.8930823802947998,0.3412075638771057,0.05499956011772156,0.6110140681266785,0.05992001295089722,0.10748469829559326,1.6670026779174805
0.6253480315208435,-0.29956868290901184,-1.1937639713287354,-1.1970442533493042,-1.339738130569458,-0.6274982690811157,-1.9662951231002808
-4.557546615600586,-4.107069492340088,-4.282566547393799,-1.872452974319458,-2.9142627716064453,-1.9850603342056274,-1.7135173082351685
3.258990526199341,2.638892889022827,2.749091386795044,3.0027010440826416,2.86877179145813,2.8430416584014893,2.8391664028167725
-0.25979408621788025,0.8275757431983948,0.8480777144432068,0.4765813648700714,0.99159175157547,1.1646288633346558,1.3300094604492188
-1.7496514320373535,-2.28279972076416,-1.9498471021652222,-1.8325756788253784,-1.820684552192688,-2.044156312942505,-2.433924674987793
-1.2603627443313599,-0.5870257616043091,-2.0771117210388184,-1.7937740087509155,-1.8128409385681152,-1.610588550567627,-2.7733569145202637
0.817184329032898,1.0461125373840332,1.0854763984680176,0.17580221593379974,1.001418113708496,0.7908624410629272,2.660329818725586
-0.8721569776535034,-0.47870734333992004,1.300866961479187,0.15582986176013947,0.3733561933040619,-0.09531979262828827,1.944351315498352
0.18807801604270935,-0.25219613313674927,0.6544411182403564,1.6676121950149536,1.068953275680542,1.3412201404571533,0.6654900312423706
1.2046611309051514,-0.30465683341026306,-0.5421725511550903,-0.05166202038526535,0.1736549735069275,0.002258244901895523,-0.5372363328933716
1.5135924816131592,0.8978952169418335,1.6669255495071411,1.7351971864700317,1.4949136972427368,1.7817367315292358,2.5878586769104004
4.5280232429504395,3.179327964782715,2.59420108795166,3.071077346801758,3.0964999198913574,3.3400635719299316,2.0997254848480225
-2.1687984466552734,-1.3753743171691895,-1.4495916366577148,-0.4806666970252991,-0.5569341778755188,-0.4839470386505127,0.42941588163375854
1.190358281135559,-0.23401422798633575,0.4355813264846802,1.0352650880813599,0.6717644929885864,0.8579226732254028,1.2369844913482666
-1.934333324432373,-1.3224787712097168,-1.1451363563537598,-0.9587730765342712,-0.8021377325057983,-0.34453287720680237,-0.8162544965744019
0.5320645570755005,-0.6498308777809143,-0.6137473583221436,-1.5982539653778076,0.1537197232246399,-1.0332183837890625,-1.1584535837173462
1.3027739524841309,1.1169599294662476,0.49503153562545776,1.2957375049591064,-0.6031583547592163,1.0308514833450317,-0.34901249408721924
0.38740405440330505,0.6386513113975525,0.10887943208217621,-0.6382137537002563,-0.02742047607898712,-1.0552246570587158,0.025151915848255157
-10.33969783782959,-5.71107292175293,-13.505117416381836,-0.593771755695343,-9.542488098144531,0.11477744579315186,-16.482324600219727
1.0540748834609985,0.0784982442855835,-0.7801259160041809,-0.41765040159225464,0.40386509895324707,-0.5144198536872864,-1.0597914457321167
-0.8157393932342529,-0.8695924282073975,-1.8864920139312744,-2.1452274322509766,-2.7352750301361084,-1.88444185256958,-3.615828275680542
1.7859470844268799,1.6498377323150635,0.514846682548523,1.7273354530334473,0.47384268045425415,0.6649214029312134,-0.3405824303627014
0.8936843276023865,-0.7013582587242126,-0.33970290422439575,-1.2914060354232788,0.34957456588745117,-0.8026382327079773,-1.4450570344924927
-0.30934417247772217,-0.8898999094963074,-0.9660648703575134,-1.9937278032302856,-0.9932300448417664,-1.4106510877609253,-1.1619938611984253
5.226022243499756,4.087590217590332,3.131171941757202,3.6140966415405273,2.749629497528076,3.063720226287842,1.7750200033187866
1.0225355625152588,1.012085199356079,1.1318168640136719,2.007457733154297,1.7942367792129517,2.447840690612793,1.1745407581329346
2.458986759185791,1.9337362051010132,2.4800636768341064,2.4292187690734863,1.892783522605896,1.735481858253479,1.2950539588928223
3.1427500247955322,2.3265926837921143,3.5025877952575684,2.027775764465332,3.0335018634796143,2.7505741119384766,1.8511735200881958
0.48639586567878723,0.003216393291950226,0.3289932906627655,-0.6052832007408142,-0.42481428384780884,-0.3903709053993225,-0.7215584516525269
-3.4836978912353516,-2.197572946548462,-2.463689088821411,-2.2188949584960938,-3.0467662811279297,-1.989682674407959,-2.099368095397949
1.190483808517456,0.8806382417678833,1.714096188545227,1.3549009561538696,1.3147170543670654,1.0350697040557861,2.894230604171753
1.5290906429290771,0.9784722328186035,0.5142042636871338,1.5005558729171753,1.0927324295043945,1.9768176078796387,0.7013304829597473
4.4042510986328125,1.9105868339538574,2.075961112976074,0.8554765582084656,0.7767488360404968,0.9596267342567444,0.13774943351745605
2.0129380226135254,1.39631187915802,0.691862940788269,0.8062641620635986,0.25599023699760437,0.6008340120315552,-0.6809409856796265
4.738625526428223,4.086190223693848,5.14081335067749,3.840165853500366,4.5667572021484375,3.449397563934326,4.146437644958496
0.3390156328678131,0.354379802942276,1.4004435539245605,1.2839921712875366,0.8477094173431396,1.0777418613433838,1.3939934968948364
-3.344816207885742,-2.6964986324310303,-2.277745008468628,-4.085817337036133,-3.6905384063720703,-3.610170602798462,-2.4182991981506348
2.698111057281494,2.2039833068847656,2.464768886566162,2.1929123401641846,1.3985106945037842,1.5421785116195679,1.2219653129577637
2.3737947940826416,0.28195345401763916,1.0196157693862915,1.5996431112289429,2.0943310260772705,1.41530442237854,2.5865235328674316
-2.5687055587768555,-2.094907522201538,-3.147891044616699,-1.9680001735687256,-1.7589821815490723,-1.5402257442474365,-1.0312762260437012
3.141765832901001,1.7940622568130493,2.1302952766418457,3.1488351821899414,2.491950511932373,3.4637460708618164,1.917135238647461
-3.179276466369629,-1.7431477308273315,-0.6302986145019531,-1.2859529256820679,-1.1272673606872559,-1.6656501293182373,0.9541847705841064
-1.8734138011932373,-1.4857490062713623,-2.0060129165649414,-2.3135433197021484,-3.031113624572754,-3.1196820735931396,-2.8686656951904297
3.1958768367767334,1.746408224105835,1.230680227279663,2.0040159225463867,1.2884960174560547,1.163638710975647,-0.5411581993103027
0.01619352400302887,0.06380179524421692,0.4566202461719513,0.030998587608337402,0.888392448425293,0.7153555154800415,1.9005420207977295
1.056692123413086,0.22399307787418365,0.47924306988716125,-0.019160747528076172,0.25433605909347534,-0.5009580254554749,0.14954233169555664
-0.45449674129486084,0.20116955041885376,-0.27468201518058777,-0.07893913984298706,-1.2329459190368652,0.37871700525283813,-1.9608436822891235
2.616436243057251,2.4166598320007324,2.2387022972106934,3.278564453125,3.281024694442749,2.419530153274536,1.9147231578826904
2.9506826400756836,2.3949198722839355,1.2693597078323364,2.624542236328125,3.1370925903320312,3.201058864593506,2.0700130462646484
-0.015175893902778625,-0.5855350494384766,1.0274605751037598,0.15325477719306946,0.9634943008422852,0.539512574672699,1.2928707599639893
0.8303234577178955,0.16813650727272034,-1.696316123008728,-0.5248314738273621,-1.2846359014511108,-0.26158562302589417,-2.42563533782959
-0.24470974504947662,-0.6681364178657532,0.00925000011920929,-0.9242064356803894,-2.143256187438965,-1.793081521987915,-0.7209672331809998
1.7832646369934082,2.148226022720337,2.7173616886138916,1.9001514911651611,2.383589029312134,1.944025993347168,3.5337488651275635
-3.1791679859161377,-2.4665839672088623,-2.4977469444274902,-2.9840545654296875,-2.4696590900421143,-1.882071614265442,-3.081632614135742
1.6970305442810059,0.17796291410923004,0.6872327923774719,0.36412113904953003,1.4797379970550537,0.9951729774475098,1.0191354751586914
0.03879767656326294,0.8442330360412598,0.32250821590423584,1.1218302249908447,0.5436736345291138,0.6593049764633179,0.09156641364097595
2.363515615463257,0.5191237926483154,0.9709881544113159,1.339819312095642,0.9336744546890259,1.1083515882492065,1.4056729078292847
-0.5994472503662109,-0.5684349536895752,-0.9313205480575562,-0.24481076002120972,-0.2549336552619934,-0.6524932384490967,-1.0382542610168457
-4.778256416320801,-4.906135082244873,-4.694144248962402,-5.0500593185424805,-4.2195234298706055,-4.624027252197266,-4.299968242645264
-0.11154524981975555,-0.6865364909172058,-0.10894357413053513,-0.6894067525863647,-1.4803743362426758,-1.2023670673370361,-1.6371246576309204
-0.6920396089553833,-1.275710940361023,-1.2036464214324951,-0.8705912828445435,-0.1546611785888672,-0.9364027380943298,0.3888832926750183
1.156151533126831,0.8355291485786438,1.2504897117614746,0.881658673286438,1.6125551462173462,1.7339271306991577,1.8579622507095337
-2.367872714996338,-1.1848665475845337,-0.5084539651870728,0.34237930178642273,-0.3432077169418335,-0.08078205585479736,0.2902049720287323
-4.127581596374512,-0.9389369487762451,0.06074097752571106,-0.8995730876922607,-1.7881301641464233,-0.7691802978515625,0.3217078447341919
-2.764957904815674,-2.0591037273406982,-2.752481698989868,-3.3618016242980957,-2.095597267150879,-2.7442808151245117,-2.339254140853882
2.7695889472961426,1.8092856407165527,1.109346866607666,0.28024572134017944,1.0847445726394653,0.49674689769744873,0.11355197429656982
-3.1834774017333984,-1.1398439407348633,-1.7852472066879272,-1.2628560066223145,-2.42203950881958,-1.8631548881530762,-2.1134259700775146
0.24400487542152405,0.6594464778900146,1.726370930671692,1.3376529216766357,2.218419313430786,1.0735869407653809,3.25222110748291
-3.8819963932037354,-1.7656550407409668,-3.6280574798583984,-2.568859577178955,-2.305267810821533,-2.7141802310943604,-3.364828586578369
-0.3572593629360199,-0.6020774245262146,0.8814478516578674,0.009574279189109802,0.40293097496032715,-0.3763503432273865,0.506727933883667
3.569927215576172,1.8272360563278198,3.6338729858398438,3.3640666007995605,3.1118922233581543,2.4619269371032715,3.630387306213379
2.23323655128479,1.3237409591674805,2.395073413848877,2.351608991622925,3.589930534362793,3.063438892364502,3.2735157012939453
1.5700960159301758,1.732231855392456,1.7535539865493774,2.552722454071045,1.8400726318359375,2.403467893600464,1.1143226623535156
3.2789318561553955,3.3610434532165527,2.9657647609710693,3.2445921897888184,3.3290603160858154,2.4660282135009766,2.7404403686523438
0.12004120647907257,1.144459843635559,2.7304954528808594,1.6004245281219482,1.3675216436386108,1.2231875658035278,2.8755011558532715
-0.010119646787643433,0.4960032105445862,0.08350279927253723,-0.6566197276115417,-0.9957229495048523,-0.6613351702690125,-0.7241944074630737
-3.0732922554016113,-1.4651362895965576,-1.8111974000930786,-0.3861028254032135,-0.790402352809906,-0.18928353488445282,-0.31629881262779236
-0.5581902861595154,0.390372633934021,0.5113344788551331,-0.3875761032104492,-0.49469906091690063,0.24152804911136627,-0.204586461186409
1.2492855787277222,2.1657421588897705,1.9115171432495117,2.481473207473755,2.243649959564209,2.3724024295806885,2.7290406227111816
-2.6040332317352295,-1.964900255203247,-2.20090389251709,-1.2664991617202759,-1.9780213832855225,-1.425594687461853,-2.259859323501587
-1.3041942119598389,-1.2187402248382568,-0.6186142563819885,0.21130704879760742,0.07189333438873291,-0.17249059677124023,0.23025716841220856
1.745368242263794,1.790193796157837,1.0225986242294312,1.4099007844924927,0.688620924949646,1.016653060913086,-0.011227570474147797
4.302247047424316,2.646176338195801,3.803002119064331,4.593560218811035,4.724772930145264,4.572237968444824,3.5937602519989014
-3.0256402492523193,-1.102381706237793,-0.9945411682128906,-1.3945353031158447,-1.0986913442611694,-1.5979152917861938,-0.43843352794647217
0.21229156851768494,0.4919412434101105,2.046403646469116,1.9545544385910034,1.0385247468948364,1.4912091493606567,0.7477638721466064
0.8214508891105652,0.040233369916677475,0.9694869518280029,0.3535040318965912,1.1531850099563599,0.21491050720214844,0.5709147453308105
-2.986607313156128,-2.8635811805725098,-2.9496896266937256,-3.907543420791626,-2.671682357788086,-3.7263054847717285,-1.4971873760223389
-4.121622085571289,-2.2629196643829346,-2.934770107269287,-3.105346918106079,-3.1283092498779297,-2.906067371368408,-1.0789220333099365
-1.0566171407699585,0.5813843011856079,0.2443314492702484,0.3722638487815857,-0.2083529829978943,0.29599639773368835,-0.51222163438797
3.142848491668701,1.6658302545547485,1.0596210956573486,0.9110486507415771,1.0156346559524536,1.6773113012313843,0.21129092574119568
1.910448431968689,-0.8988131284713745,0.08528321981430054,-0.6339273452758789,0.16893137991428375,-0.07176220417022705,-0.9300394058227539
-2.1314709186553955,-1.9142699241638184,-2.7337353229522705,-2.4249749183654785,-2.763258218765259,-2.125645637512207,-2.2172763347625732
-1.9014556407928467,-2.1561052799224854,-1.2240841388702393,-2.0667166709899902,-1.711621880531311,-2.347184181213379,-1.476533055305481
0.8576371073722839,1.7724229097366333,1.0341455936431885,1.1257895231246948,1.3226088285446167,0.868643045425415,1.5746439695358276
-0.4034962058067322,0.11469787359237671,0.6596413850784302,-0.4798603355884552,0.5399096012115479,-0.868578314781189,1.079054594039917
2.5518321990966797,2.671679973602295,2.2702505588531494,1.6635961532592773,2.0787618160247803,1.8971140384674072,2.370455741882324
0.0559220016002655,0.5575641393661499,0.3245588541030884,0.6323965191841125,0.808918833732605,0.6424424648284912,1.4292891025543213
1.0718945264816284,1.0416635274887085,-0.2442225217819214,1.0359230041503906,-0.10357868671417236,0.9128084182739258,0.016839928925037384
-3.3472752571105957,-2.5129685401916504,-2.997328758239746,-2.9132704734802246,-1.8676680326461792,-3.199068546295166,-2.054279327392578
0.669928789138794,0.38488277792930603,0.19093379378318787,-0.2560099959373474,-0.11659637093544006,-0.12848752737045288,0.5408524870872498
1.4847785234451294,1.2227997779846191,0.5210158824920654,1.777994155883789,0.18970346450805664,1.1703146696090698,-0.4844568073749542
-1.3180766105651855,0.03897755965590477,0.11565506458282471,0.05783938989043236,0.19069242477416992,-0.19392526149749756,0.9878348112106323
-3.235069751739502,-1.7416695356369019,-1.9941004514694214,-1.4288088083267212,-2.5728209018707275,-1.603281021118164,-1.6668363809585571
0.9556155204772949,-0.033111557364463806,1.1327351331710815,0.5787708163261414,0.6111639738082886,-0.5086555480957031,1.0850186347961426
1.6674703359603882,2.405430316925049,1.818150281906128,2.003821611404419,2.400509834289551,1.5267143249511719,2.1993987560272217
1.529503583908081,0.2971428632736206,1.0065124034881592,0.7949315905570984,1.037675380706787,1.2021015882492065,1.0088584423065186
-2.0715365409851074,-2.763002395629883,-2.41692852973938,-1.5593295097351074,-1.99991774559021,-1.941333293914795,-3.2296175956726074
-1.606004238128662,-0.3711227774620056,-1.3541091680526733,-0.9649810791015625,-1.0707714557647705,-0.7341284155845642,-0.17727366089820862
2.7954559326171875,2.424196720123291,4.488235950469971,2.933363914489746,3.7321224212646484,2.9452552795410156,4.690970420837402
-0.2339409589767456,-0.26524457335472107,-0.7390460968017578,-0.22659829258918762,0.7506298422813416,0.45007050037384033,-0.5313757658004761
0.45776432752609253,-0.09699094295501709,1.2504010200500488,0.3310910165309906,1.2344094514846802,0.7509721517562866,0.938153862953186
2.837888717651367,3.5268642902374268,2.469780683517456,2.822312593460083,2.8988873958587646,2.217195749282837,2.7897090911865234
-1.5408486127853394,-2.191802740097046,-1.8145657777786255,-2.1097946166992188,-2.454228401184082,-1.7481392621994019,-2.7672135829925537
-0.8525481224060059,-0.011789847165346146,-0.2762657403945923,0.2731880843639374,-0.5026079416275024,0.2551462948322296,-0.3668857514858246
-3.3546690940856934,-2.1815717220306396,-2.011542797088623,-1.338769555091858,-1.1132473945617676,-1.5294382572174072,-1.8810383081436157
3.273512840270996,2.143129825592041,1.5947012901306152,2.9615702629089355,2.5642411708831787,3.080482006072998,1.3866313695907593
2.3925187587738037,2.413902521133423,1.4768582582473755,1.066920518875122,1.6338011026382446,1.2052066326141357,1.732333779335022
0.33296501636505127,0.12374567985534668,0.3783806264400482,0.28571152687072754,-0.30812913179397583,-0.08086436986923218,-0.060161083936691284
-1.9358062744140625,-2.0573766231536865,-2.118062734603882,-2.6289727687835693,-2.4009904861450195,-3.0308122634887695,-2.052642822265625
0.7288104295730591,3.075267791748047,3.1753175258636475,2.81612229347229,2.0304853916168213,2.1149537563323975,3.6053340435028076
0.26804319024086,0.8298840522766113,-0.14683157205581665,1.2608363628387451,0.7745286226272583,1.0824687480926514,-0.03923320770263672
1.848639965057373,1.636277675628662,1.784301996231079,0.9414838552474976,0.8702714443206787,0.5783740282058716,0.3917188048362732
0.7072021961212158,0.8141106367111206,0.5418440103530884,1.8560227155685425,1.1798664331436157,1.5473393201828003,0.9215407967567444
-0.42835500836372375,-1.0321775674819946,0.2725701928138733,-0.13131937384605408,0.9893203973770142,0.07247060537338257,2.2146754264831543
-0.4916468560695648,-1.8068522214889526,-1.8605674505233765,-1.6376081705093384,-1.1846163272857666,-1.067754864692688,-2.11872935295105
-0.04475468769669533,1.5570164918899536,-0.2537207305431366,-0.7506895065307617,-1.9504671096801758,-1.4600590467453003,-2.6025688648223877
-1.0869935750961304,-1.3162221908569336,-1.1362144947052002,-2.146963596343994,-1.3719877004623413,-2.6131792068481445,-0.3397143483161926
-2.5801384449005127,-2.0420022010803223,-2.076855421066284,-1.5318095684051514,-1.3748667240142822,-1.3730214834213257,-1.3846012353897095
-0.42944467067718506,0.7494454383850098,0.37261855602264404,0.471028208732605,1.0651764869689941,0.8544158935546875,1.4931098222732544
1.3684076070785522,0.045603446662425995,-0.30211055278778076,0.38368159532546997,1.4360496997833252,0.46958494186401367,0.1564527302980423
2.2034149169921875,1.4981839656829834,1.769662618637085,2.3068151473999023,1.3903753757476807,1.5186667442321777,0.4481872320175171
-2.6629788875579834,-2.0662286281585693,-2.099031686782837,-1.9546977281570435,-2.0547473430633545,-1.5050886869430542,-1.0096650123596191
0.6807792782783508,-0.9740464687347412,-1.418529987335205,-0.9576448202133179,-0.7436039447784424,-0.8403733968734741,-0.9309698343276978
-0.4689367413520813,-0.37591493129730225,-0.5748869180679321,-1.7174639701843262,-0.26417893171310425,-1.6559579372406006,0.17303058505058289
-1.73067045211792,0.31358036398887634,-1.4422117471694946,-1.4487724304199219,-1.8883353471755981,-0.9350689649581909,-1.4063814878463745
0.7186194658279419,0.4296105206012726,0.29788509011268616,0.995158314704895,0.6761472225189209,0.4959857761859894,0.5995290279388428
-0.36109092831611633,0.10846202075481415,-0.06867530941963196,0.26550740003585815,-0.687413215637207,-0.00962953269481659,-0.42797645926475525
1.8329187631607056,1.761508584022522,2.6170575618743896,3.3764519691467285,2.9992151260375977,3.0369386672973633,3.8660542964935303
2.1700081825256348,1.901902437210083,1.7329659461975098,1.0355899333953857,1.3316388130187988,1.5874016284942627,1.1023881435394287
-1.5518290996551514,-1.1761856079101562,-1.5554728507995605,-1.3922767639160156,-1.0369513034820557,-1.8892455101013184,-0.5333430767059326
-2.587131977081299,-1.027182698249817,-0.7779808044433594,-1.8767861127853394,-1.2469642162322998,-1.4630556106567383,1.0951099395751953
-2.2979044914245605,-1.7379467487335205,-1.9318957328796387,-1.040570616722107,-0.6152564287185669,-0.7749671339988708,-0.7428547143936157
-5.1625847816467285,-4.288339138031006,-3.0965569019317627,-4.0123820304870605,-4.053590774536133,-4.0663533210754395,-2.577502727508545
-1.2333712577819824,-0.8694616556167603,0.11114943027496338,0.5513275265693665,0.09305644035339355,0.046875596046447754,0.8744021654129028
-0.5845608711242676,-1.8783087730407715,-2.247344970703125,-2.261286497116089,-1.901271104812622,-1.999680757522583,-2.3317370414733887
-0.9422979950904846,-0.6964729428291321,-0.6243059039115906,-1.19344162940979,-0.5693605542182922,-0.8621292114257812,1.2917993068695068
-2.144599676132202,-2.924530029296875,-0.872073769569397,-2.053194761276245,-1.7555054426193237,-1.7928191423416138,-1.6133383512496948
-0.8598975539207458,-0.5278443694114685,-0.46715840697288513,-0.1557328999042511,-0.36167559027671814,0.5481011271476746,-0.3243114948272705
-0.2903866469860077,-0.6305448412895203,-0.029425963759422302,-0.905681848526001,0.10260698199272156,-0.360635906457901,0.6179893016815186
5.002546310424805,4.031829833984375,4.2577619552612305,4.289745330810547,4.812136173248291,3.9243991374969482,3.476522445678711
-0.11554074287414551,-0.8008699417114258,0.30377838015556335,-0.6762176752090454,1.3096067905426025,-0.15832412242889404,2.3219122886657715
0.4147675633430481,-0.24693869054317474,1.7485218048095703,0.2918540835380554,0.9719056487083435,0.21968701481819153,1.1865580081939697
1.201181173324585,0.9804754853248596,0.48186659812927246,0.5958577394485474,0.5253308415412903,0.8090786933898926,1.5869742631912231
-0.25997963547706604,2.0353639125823975,3.0096194744110107,2.904649257659912,2.9899375438690186,2.3822579383850098,4.2710771560668945
0.383579283952713,0.5858680605888367,-0.4484582543373108,0.18136337399482727,-1.4360400438308716,-0.3846970200538635,-1.0267411470413208
0.02461625263094902,0.3832871615886688,0.4948180615901947,0.35335424542427063,-0.026547998189926147,0.0876481756567955,-0.13766369223594666
4.452259063720703,2.109694480895996,2.7671937942504883,1.591813564300537,2.153158664703369,1.1108365058898926,0.021462440490722656
-0.4605531096458435,0.3764292597770691,0.1972416639328003,-0.5383704900741577,0.24767661094665527,0.2288147509098053,0.3508521020412445
1.4062681198120117,0.10224239528179169,1.3614757061004639,1.2472795248031616,1.9765357971191406,1.566085696220398,1.789093017578125
-1.502008318901062,-1.2629292011260986,-1.2621091604232788,-0.8045041561126709,-0.5346977710723877,-0.9775410890579224,-0.42645442485809326
0.9209060072898865,-0.221113383769989,-0.06078767776489258,-0.68445885181427,-0.7172620296478271,-0.5958901047706604,-0.1347099393606186
1.0099461078643799,0.6373584270477295,1.572660207748413,1.917504072189331,1.765789270401001,2.580949068069458,1.8754075765609741
-0.35505402088165283,0.28626373410224915,0.15259063243865967,-1.2296547889709473,-1.2632780075073242,-1.383009672164917,-2.0274863243103027
0.8264225721359253,1.0197980403900146,0.5422293543815613,1.7578704357147217,0.9279490113258362,1.5766324996948242,0.7308169007301331
-1.8481420278549194,-1.0952093601226807,0.3026176393032074,-1.422831416130066,-1.1870583295822144,-1.5966883897781372,-0.16057805716991425
1.4906692504882812,1.6153513193130493,1.628882646560669,1.4378039836883545,1.4976698160171509,2.3316915035247803,1.3234009742736816
-2.878591537475586,-1.073920488357544,-0.3087855875492096,-2.2032735347747803,-2.017422914505005,-1.8784193992614746,-1.1590325832366943
-3.2989792823791504,-1.6426911354064941,-2.3821985721588135,-1.18549644947052,-1.6056849956512451,-1.2982063293457031,-0.2965991497039795
-3.925550937652588,-3.9449803829193115,-4.761780261993408,-3.6653330326080322,-4.1253981590271,-3.4660534858703613,-4.728292942047119
1.6755138635635376,1.6303834915161133,0.46275973320007324,1.5134875774383545,1.6168689727783203,1.1262047290802002,0.9550433158874512
0.35791704058647156,0.8371878862380981,-0.3006734549999237,-0.6860088109970093,-0.32138052582740784,-0.4007233679294586,-0.557996928691864
-0.8154870867729187,-1.3523037433624268,-1.1350593566894531,-2.0428881645202637,-1.7074754238128662,-2.6854209899902344,-0.09855397045612335
0.12662073969841003,0.9045161008834839,0.47151365876197815,0.5748438835144043,0.3714638650417328,1.5490992069244385,0.7279095649719238
-2.1977310180664062,-1.585115909576416,-2.6413791179656982,-2.3215479850769043,-2.6807429790496826,-2.4379994869232178,-2.2932651042938232
0.18430578708648682,-0.37801504135131836,0.4660463333129883,0.5799925923347473,0.3986523747444153,0.09947681427001953,1.0432944297790527
-0.7590705752372742,0.7098320722579956,-0.002817809581756592,-0.23841151595115662,-0.8647222518920898,-0.5904054045677185,-0.3756740093231201
0.04427001625299454,0.5744708776473999,0.16668590903282166,0.49451303482055664,0.783232569694519,0.6206004619598389,0.3267238736152649
-0.5630743503570557,0.6817910671234131,1.3175584077835083,0.5557036995887756,0.09174317121505737,0.7141842842102051,0.8121191263198853
-2.625593900680542,-1.7912222146987915,-0.5348591208457947,-1.5523737668991089,-1.661034345626831,-1.4581670761108398,-0.9308873414993286
1.532841682434082,1.3548071384429932,1.3269243240356445,1.5872997045516968,2.0264527797698975,1.4630576372146606,2.0176637172698975
0.8417466878890991,0.6760403513908386,-0.0010384581983089447,0.45953917503356934,0.09327080100774765,0.8407739400863647,-0.28399282693862915
-2.265446186065674,-0.3416258692741394,-1.3646759986877441,0.4161284267902374,-0.24157607555389404,-0.24239617586135864,-0.3004924952983856
-3.316847801208496,-3.277472734451294,-3.9663400650024414,-4.225485324859619,-4.184481620788574,-4.622404098510742,-4.469642162322998
0.7795868515968323,0.9268898963928223,1.6936650276184082,1.6903846263885498,3.4240341186523438,2.0200564861297607,3.062887191772461
1.7519021034240723,1.6334211826324463,1.3459830284118652,1.3144099712371826,1.0456286668777466,1.4411123991012573,0.05744082108139992
0.7507448196411133,1.215959072113037,-1.245102047920227,0.5573322176933289,-0.664484977722168,0.478963166475296,-0.9829027056694031
0.2858985364437103,0.8947817087173462,-1.0028841495513916,0.13333706557750702,-0.44522958993911743,0.38761329650878906,-0.7482004165649414
1.548893928527832,0.6152238845825195,0.5270652770996094,0.35853874683380127,0.26094916462898254,1.0256741046905518,-0.13467317819595337
0.08097267150878906,-0.8629363775253296,-1.332842469215393,-1.81833016872406,-1.601828932762146,-1.5542641878128052,-1.870840311050415
2.8160507678985596,1.9668737649917603,-0.03166210651397705,1.3200352191925049,0.8741166591644287,1.3071191310882568,-0.5853185653686523
6.778720378875732,5.7019572257995605,4.862400531768799,5.178028583526611,5.856542110443115,5.45347261428833,5.190566062927246
-2.800981044769287,-3.9621758460998535,-2.7947912216186523,-3.5340938568115234,-2.4187843799591064,-3.7653565406799316,-2.4097604751586914
-1.2702195644378662,-1.4729832410812378,-2.0234620571136475,-1.9816380739212036,-2.3186910152435303,-2.113670825958252,-3.2248783111572266
1.3961158990859985,0.35340577363967896,1.111301064491272,-0.21230871975421906,-0.6772943735122681,-0.5862654447555542,-0.06013808771967888
3.0708236694335938,2.0897960662841797,2.419673442840576,2.0969717502593994,2.4254653453826904,1.8511526584625244,2.0935235023498535
-4.18212366104126,-3.043840169906616,-1.8926527500152588,-2.9394848346710205,-2.7751357555389404,-3.1682872772216797,-1.331712007522583
-1.2383837699890137,-1.6939247846603394,-2.0875635147094727,-2.7944726943969727,-3.319324016571045,-2.605854034423828,-4.05681037902832
4.240800857543945,2.8986074924468994,2.414555072784424,2.774775505065918,2.4439754486083984,2.3472061157226562,1.502279281616211
-1.5823891162872314,-2.0613768100738525,0.1729319840669632,-1.3743547201156616,-0.8296162486076355,-0.917364776134491,-0.1575915366411209
-0.6847856044769287,-0.3723161518573761,-1.139296293258667,-0.6558589935302734,-0.9658492803573608,-1.582959771156311,-1.7917457818984985
1.2408381700515747,0.5718374848365784,0.714531421661377,0.5263230204582214,1.9663840532302856,1.013553261756897,2.872163772583008
0.9349147081375122,1.1780683994293213,1.2010307312011719,1.230758547782898,0.17613521218299866,0.36557379364967346,0.20579233765602112
-1.8670390844345093,-2.361689805984497,-2.412944793701172,-2.4121246337890625,-1.8460639715194702,-1.9239716529846191,-2.139538288116455
0.5162535905838013,5.633848190307617,3.763655185699463,3.3222475051879883,1.3841924667358398,1.507204532623291,2.4237186908721924
1.167624592781067,0.9936956167221069,1.3889744281768799,1.2741631269454956,2.0528295040130615,1.4090663194656372,2.314718008041382
-0.5810061693191528,-0.7888979911804199,-0.25492313504219055,-1.2946826219558716,-1.5489075183868408,-1.5169243812561035,-1.7644928693771362
1.5010952949523926,0.8940645456314087,-1.1855885982513428,-0.03829636424779892,-0.2752995789051056,-0.5213236808776855,-1.1431981325149536
-1.8480262756347656,-1.2611329555511475,-0.03962329030036926,-0.8426612615585327,-0.6089640259742737,-0.9720545411109924,0.46466583013534546
0.3405097723007202,-0.2762429416179657,-0.6452789306640625,-0.5821328163146973,0.2074635624885559,0.21368461847305298,0.27352896332740784
2.826537847518921,2.1315486431121826,2.1563560962677,2.226677894592285,2.4835681915283203,2.7956087589263916,2.028578996658325
-0.1869598627090454,0.008277073502540588,0.44209957122802734,-0.7711067199707031,-0.954907238483429,-0.5546054840087891,-0.8402983546257019
0.06535729765892029,-0.9316619634628296,0.639612078666687,-0.30091750621795654,-0.009378999471664429,-0.5757469534873962,-0.09924653172492981
0.8064940571784973,1.5955922603607178,1.49855375289917,2.18984317779541,1.840283751487732,1.9294675588607788,1.5416189432144165
0.04750768840312958,-0.09077651798725128,0.25775763392448425,-0.4539695978164673,-0.11865923553705215,-0.988354504108429,-0.44056379795074463
0.9562052488327026,1.1178373098373413,0.23133045434951782,1.223832607269287,0.6514166593551636,1.4626810550689697,0.09395864605903625
2.075547695159912,1.0097417831420898,0.8235836029052734,1.0827289819717407,1.5692416429519653,1.3000502586364746,0.957290530204773
2.6133103370666504,2.5230729579925537,1.7940216064453125,2.1680808067321777,2.2915284633636475,2.1279993057250977,1.7593027353286743
-2.3875198364257812,-1.8011115789413452,-2.7587602138519287,-1.9942231178283691,-2.0244038105010986,-1.227670431137085,-2.4918429851531982
0.5778101682662964,1.1173958778381348,0.23601451516151428,0.36640727519989014,-0.40364813804626465,-0.5028778314590454,-0.06268967688083649
2.334404468536377,0.0873647928237915,1.7455670833587646,0.9138007164001465,1.222253441810608,0.9559323191642761,1.631122350692749
-4.2459635734558105,-3.032928943634033,-1.7099347114562988,-3.126418113708496,-1.5264418125152588,-2.5699939727783203,-0.24116024374961853
2.5444562435150146,2.4208431243896484,2.802180290222168,2.041555881500244,2.4372446537017822,1.9574975967407227,1.788130521774292
1.2112165689468384,0.6218749284744263,1.315457820892334,0.7680542469024658,1.4401100873947144,0.6372514367103577,1.6223509311676025
-0.6867267489433289,-0.5263245105743408,-0.38926854729652405,-2.10016131401062,-2.178889036178589,-1.790990948677063,-1.5232216119766235
0.8791458606719971,0.29328039288520813,-0.993630588054657,-0.5265948176383972,0.02562667243182659,-0.7283346056938171,-0.555792510509491
-0.004727452993392944,-0.4394853711128235,-0.9975500106811523,-0.4847947955131531,0.32687970995903015,0.478594571352005,-0.005817815661430359
-1.8217402696609497,-1.6591559648513794,-0.456832617521286,-1.0353994369506836,-0.314958781003952,-1.065332293510437,-0.48041248321533203
-1.2617443799972534,-0.3730330765247345,-0.7856360077857971,-0.2906150221824646,-0.3029162287712097,-0.6168948411941528,-0.42728903889656067
-1.9388346672058105,-1.3301291465759277,-1.0400257110595703,0.48142826557159424,-1.5442726612091064,-0.2943676710128784,-0.4580804109573364
0.2842278480529785,0.14519886672496796,-0.8608686923980713,0.8276766538619995,-1.5513763427734375,0.056647393852472305,-1.523543357849121
-1.0160783529281616,-0.9231222867965698,0.2188396006822586,-0.38186922669410706,0.5895159244537354,-0.39898836612701416,1.9475717544555664
-2.1111438274383545,-3.0288147926330566,-2.7754099369049072,-3.043576240539551,-2.1898725032806396,-3.0665385723114014,-2.888018846511841
-1.2202966213226318,-1.656402349472046,-1.9409704208374023,-2.337069034576416,-2.865200996398926,-2.0418403148651123,-2.3919260501861572
0.22714781761169434,0.6797372102737427,0.9198158383369446,1.0895724296569824,0.8636401891708374,1.1641998291015625,0.7476497292518616
-3.8330843448638916,-2.5762524604797363,-2.4302780628204346,-2.3384292125701904,-3.425445795059204,-3.3395423889160156,-2.535677433013916
0.9136621952056885,1.2633321285247803,0.6920437812805176,0.9406306743621826,0.4383314251899719,1.008492350578308,-0.7762947082519531
-2.2293496131896973,-1.0593292713165283,-1.690791130065918,0.46704530715942383,-0.9145851135253906,0.4539240598678589,-1.8521708250045776
0.3178827464580536,-0.2597110867500305,-1.6046428680419922,-1.133096694946289,-0.5897934436798096,-1.5816807746887207,-1.8378546237945557
-0.3801000714302063,-0.7651369571685791,-0.7401245832443237,-1.373226523399353,-0.18923550844192505,-1.448673963546753,-0.4447783827781677
4.060373783111572,2.7088093757629395,2.427932024002075,2.7645750045776367,3.2729990482330322,3.715663194656372,3.135594129562378
0.44113054871559143,0.5042120218276978,1.1266530752182007,0.0810505747795105,0.36766862869262695,-0.3420082926750183,0.08544445037841797
-1.2659363746643066,0.3693307042121887,0.5087442994117737,0.18235236406326294,0.006855189800262451,-0.48478299379348755,-0.10162122547626495
-2.765517473220825,-2.3772809505462646,-2.2848169803619385,-4.317386150360107,-3.6974053382873535,-4.320666313171387,-4.010434627532959
-1.2550972700119019,-1.2763546705245972,-0.3943580985069275,-0.5207017064094543,0.3244422972202301,-0.755295991897583,0.23234772682189941
-2.659017562866211,-0.951143741607666,-1.524994969367981,-1.7219167947769165,-1.7486718893051147,-1.1176201105117798,-0.46911901235580444
2.064791440963745,0.6296619176864624,1.4312903881072998,0.8366296887397766,0.9556182622909546,1.4866459369659424,1.5845370292663574
3.428562879562378,2.5536556243896484,0.12355230003595352,2.2236499786376953,1.106008768081665,2.5745677947998047,-0.18512284755706787
-1.9384071826934814,-1.0548051595687866,-0.9941192865371704,-1.3213313817977905,-1.506361961364746,-1.1195915937423706,-1.1459872722625732
-3.202484607696533,-1.5629760026931763,-1.639243483543396,-2.141542673110962,-1.775376796722412,-2.5219571590423584,-0.685664713382721
0.49614688754081726,0.3951083719730377,-0.08272936940193176,0.1782611906528473,0.3669501543045044,0.8406810760498047,-0.8256815075874329
-1.488045573234558,-1.8383471965789795,-1.4422483444213867,-1.2893033027648926,-1.827686071395874,-1.1933540105819702,-2.3722012042999268
-2.466947317123413,-2.054527521133423,-0.7743819952011108,-1.4911322593688965,-1.0421380996704102,-1.6434621810913086,-0.030355006456375122
3.7254579067230225,2.8292131423950195,1.5242600440979004,3.019061803817749,2.09134578704834,2.8109664916992188,1.6452932357788086
0.040016740560531616,0.07272312045097351,0.2818436026573181,-0.6270104050636292,-0.5149669647216797,-0.9466367959976196,-0.9971268177032471
-2.341172218322754,-1.9092680215835571,-2.4283788204193115,-1.3259859085083008,-2.3303792476654053,-1.6367707252502441,-2.3636882305145264
1.7055308818817139,1.3533129692077637,1.7798187732696533,3.1777865886688232,2.2912797927856445,3.5410823822021484,1.548065185546875
2.760662078857422,1.675752878189087,1.5683223009109497,1.65566086769104,0.5977572202682495,1.162203073501587,-0.2978411912918091
0.2375657558441162,-0.009711116552352905,0.33708035945892334,0.05548524856567383,-0.29796937108039856,0.0628659725189209,-0.18983882665634155
-2.428182363510132,-3.3924684524536133,-2.013913154602051,-2.3640875816345215,-2.003662109375,-1.6157642602920532,-1.3852243423461914
3.873523235321045,3.1900062561035156,3.0906739234924316,2.7126169204711914,2.7267632484436035,1.9968920946121216,2.767988443374634
2.5260255336761475,2.570272445678711,2.400515556335449,2.316047191619873,2.1946752071380615,2.354590892791748,1.7530804872512817
-0.06272828578948975,1.1045554876327515,0.6358795166015625,-0.45482733845710754,-0.43473538756370544,-0.6988012790679932,0.08567751944065094
-0.8607715964317322,-2.269416332244873,-1.902840495109558,-1.5053578615188599,-1.751740574836731,-0.5681596994400024,-2.098695993423462
0.1534985601902008,0.440066933631897,-0.08437441289424896,-0.05864439904689789,0.4084938168525696,-0.0817091315984726,-0.6292554140090942
0.9793711304664612,0.6083670258522034,0.7229380011558533,1.06511652469635,1.0425643920898438,0.6666087508201599,1.0680259466171265
0.37678059935569763,0.5553243160247803,-0.01846284233033657,0.9514872431755066,1.17721426486969,0.8249898552894592,0.9008821845054626
0.09928978979587555,0.2813316285610199,-0.48510390520095825,0.39545729756355286,0.11457981914281845,0.393253356218338,0.4278087913990021
-2.33168888092041,-2.1010351181030273,-2.2777624130249023,-1.3875651359558105,-1.164093255996704,-0.9233996272087097,-1.7038230895996094
-1.8801159858703613,-0.5741297602653503,-1.0442745685577393,-0.4472559094429016,-0.3043569028377533,-0.6233938336372375,-0.2230788767337799
0.9647532105445862,-0.1465359628200531,-0.44627535343170166,-0.9440639615058899,-1.497618317604065,-1.304079294204712,-2.267300844192505
1.167910099029541,-0.10543334484100342,-0.029985927045345306,0.2709835469722748,1.0336582660675049,1.1271473169326782,0.5124114751815796
-0.714428722858429,-0.5308535695075989,-0.6448447704315186,-0.018303334712982178,-1.2303822040557861,0.040742456912994385,-0.9038304090499878
3.8511204719543457,4.536096096038818,4.429485321044922,3.083733558654785,3.551999568939209,2.700423240661621,4.15926456451416
1.372722864151001,-0.3119082450866699,-2.100503921508789,-0.7026764750480652,-0.8342995643615723,-0.010938748717308044,-3.255380868911743
3.8103256225585938,1.8255083560943604,2.936563491821289,1.956567406654358,3.090738534927368,2.763526439666748,2.9499661922454834
0.3684844970703125,0.3648121654987335,1.2410680055618286,1.6068238019943237,1.1213362216949463,1.9282952547073364,1.4241985082626343
-0.26982778310775757,-0.2633324861526489,-1.4020142555236816,-0.2206883579492569,-1.139998435974121,-1.6558291912078857,-2.372335195541382
0.8499115109443665,1.6509983539581299,0.7120063900947571,0.923997163772583,1.1761717796325684,1.4056404829025269,1.1441705226898193
-3.5633203983306885,-4.1281304359436035,-2.9891412258148193,-3.643052816390991,-3.3092801570892334,-3.4743213653564453,-2.33101224899292
-0.9452685713768005,0.32484662532806396,0.4347374439239502,-0.5645304918289185,-0.15648925304412842,-0.7691405415534973,1.261055827140808
-3.149219512939453,-2.2832396030426025,-0.5270377397537231,-0.5106360912322998,-0.7935638427734375,-1.1363574266433716,-0.009689390659332275
0.479889452457428,1.48434317111969,2.245378017425537,2.1305665969848633,2.538966655731201,2.7079033851623535,3.832810163497925
-2.8685710430145264,-3.696899890899658,-4.141383171081543,-3.1277642250061035,-3.6034107208251953,-2.9719488620758057,-2.6718695163726807
-4.048593997955322,-3.4457297325134277,-2.5001766681671143,-2.3708090782165527,-2.241896152496338,-2.518423557281494,-1.6681413650512695
2.0846707820892334,1.520878553390503,2.056903839111328,1.944655179977417,2.1165645122528076,1.66644287109375,2.904182195663452
-1.9138097763061523,-1.5126395225524902,-1.4358594417572021,-0.4402819573879242,-0.3787759244441986,-0.4288008511066437,0.25854524970054626
2.014986276626587,-0.189426451921463,0.16074785590171814,-0.9799836874008179,-0.9455403089523315,-1.273572564125061,-1.5559203624725342
3.656651735305786,3.8819315433502197,3.193063974380493,2.7682623863220215,3.3045949935913086,3.296394109725952,4.262401580810547
-0.2984660267829895,-0.7937725782394409,-1.3779772520065308,-1.1155515909194946,0.4364505112171173,-0.4154079556465149,-0.43921443819999695
-0.9584252834320068,-0.13025648891925812,-0.41605451703071594,-0.43655648827552795,-1.202101469039917,-1.299691081047058,-0.9389756917953491
-1.0653177499771118,-0.003164827823638916,-0.3898327648639679,-0.5050540566444397,-0.41607531905174255,-0.08599293231964111,0.015417560935020447
2.0131430625915527,2.5507431030273438,2.286677122116089,2.5745255947113037,2.7377214431762695,2.620450019836426,3.5016140937805176
1.8668149709701538,1.5148602724075317,-0.1656893789768219,1.3889778852462769,0.9172267913818359,1.1099456548690796,-0.3476228713989258
-0.4817255139350891,-0.3101160228252411,0.23900455236434937,0.5727773308753967,1.8734246492385864,0.2131720781326294,3.247999668121338
-1.5344030857086182,-1.4179728031158447,-2.6817164421081543,-2.6464529037475586,-2.225752115249634,-2.156865358352661,-3.8110036849975586
-0.5225229263305664,-0.9515343904495239,0.8165587186813354,0.3894931674003601,0.08566214144229889,0.38282281160354614,1.4985014200210571
-3.818331003189087,-3.462827444076538,-3.73673415184021,-2.908863067626953,-2.723935127258301,-2.6496152877807617,-2.552074909210205
1.2138456106185913,-0.08610518276691437,0.625622034072876,-0.0803646594285965,-0.29594317078590393,-0.9456519484519958,0.5355965495109558
1.436840295791626,0.18092882633209229,0.054226458072662354,0.48948410153388977,0.254736065864563,-0.10035872459411621,0.028272241353988647
-1.8528046607971191,-0.03955435752868652,-1.0829015970230103,-0.3167414367198944,-1.6846355199813843,-1.4160592555999756,0.14685273170471191
0.7995122671127319,0.7623361349105835,-0.06117826700210571,0.4613666832447052,0.1954556405544281,-0.10653898119926453,-1.3739120960235596
0.4829501807689667,0.21362867951393127,1.431755542755127,0.1845158040523529,1.2882415056228638,-0.6520686149597168,1.2180469036102295
-4.1026129722595215,-3.6463561058044434,-5.061405181884766,-2.917919874191284,-3.997760534286499,-2.4838922023773193,-4.167140007019043
-1.2280709743499756,-2.381340265274048,-2.388720989227295,-1.8228654861450195,-1.3869926929473877,-1.767509937286377,-1.7233641147613525
1.8240203857421875,1.349159836769104,1.4593583345413208,1.2471879720687866,0.47464680671691895,1.0597740411758423,1.279576301574707
-2.0543689727783203,-2.081692934036255,-1.7375668287277222,-2.468770980834961,-3.030115842819214,-2.8939826488494873,-2.3641159534454346
-0.14581403136253357,0.6367946267127991,-0.4284897446632385,-0.6285893321037292,-0.8619021773338318,0.061867088079452515,-0.8571306467056274
-1.0182141065597534,-0.956900954246521,-1.3834452629089355,-2.1588311195373535,-1.5958460569381714,-1.9292086362838745,-1.0222007036209106
1.552337646484375,1.5457258224487305,0.6522482633590698,1.3749439716339111,2.448634147644043,1.9754478931427002,1.9948056936264038
-2.349534273147583,-2.146667003631592,-2.5468661785125732,-1.2882156372070312,-1.5008535385131836,-0.8513498306274414,-1.5789310932159424
1.8885035514831543,1.5927727222442627,2.716693162918091,2.7593371868133545,1.2667908668518066,2.5411956310272217,2.0014419555664062
-1.3062180280685425,-1.4853167533874512,-0.9697938561439514,-1.2636899948120117,-1.6452324390411377,-0.8364282846450806,-0.6471930742263794
2.749197006225586,2.3990964889526367,2.7242584228515625,1.7308335304260254,1.6781433820724487,1.799002766609192,1.6928553581237793
4.05623722076416,4.335381031036377,4.3895063400268555,3.5021791458129883,2.472773551940918,2.938784122467041,2.9668262004852295
1.6970841884613037,1.0073232650756836,0.5146599411964417,-0.38865864276885986,0.09805917739868164,0.08944833278656006,-0.38432493805885315
-0.45694857835769653,-0.9186722040176392,-1.76212477684021,-2.1885664463043213,-2.507577657699585,-2.389486074447632,-2.715000629425049
0.9906517267227173,1.1970242261886597,2.042168140411377,1.9048048257827759,1.346842646598816,0.9481810331344604,1.405665397644043
-0.2194843888282776,-0.4567015767097473,0.26773694157600403,1.520512342453003,1.6550054550170898,1.6574656963348389,1.456763744354248
1.7467392683029175,0.9784820079803467,0.9440130591392517,0.7941176891326904,1.3458267450332642,0.913170337677002,0.52076655626297
1.5588452816009521,0.6491450667381287,0.8763073086738586,0.9751269817352295,1.0653356313705444,0.8148012757301331,0.3771955370903015
2.548309087753296,1.471461534500122,2.283546209335327,1.6248167753219604,1.8815019130706787,1.5788922309875488,2.9390573501586914
0.6884845495223999,1.179079532623291,0.43823951482772827,1.159192681312561,0.522297739982605,1.2654955387115479,0.3149864077568054
2.0511672496795654,2.995774745941162,2.7751731872558594,3.1679916381835938,3.3935136795043945,3.5640904903411865,3.740330934524536
-0.7723051905632019,-0.27772653102874756,-0.6117042303085327,-1.39980149269104,-0.6264656782150269,-2.050945281982422,-0.6455594301223755
-2.0006585121154785,-2.662102699279785,-1.3663758039474487,-0.9825781583786011,-1.6269564628601074,-1.5148104429244995,-1.0564355850219727
-0.7904018759727478,-0.7956885099411011,0.5853267312049866,-0.5148110389709473,0.3842020630836487,-0.25074517726898193,0.8201332092285156
-1.0658695697784424,-0.7317739129066467,0.8054667711257935,0.16949434578418732,1.2663516998291016,-0.22721949219703674,2.452808380126953
3.3021130561828613,2.655640125274658,2.141244888305664,1.4529924392700195,0.185968279838562,1.4152687788009644,-1.2532434463500977
1.2325592041015625,1.1180567741394043,1.2880439758300781,1.9282194375991821,1.1341636180877686,2.3673720359802246,0.6677788496017456
-0.3571680188179016,0.2326178103685379,-0.8716202974319458,-0.5354899168014526,-0.5927930474281311,-0.6233410835266113,0.10754914581775665
-1.243457317352295,-1.754758358001709,-2.0713093280792236,-3.016861915588379,-2.440345525741577,-2.9004106521606445,-2.0740833282470703
0.5593125224113464,0.6526645421981812,-0.2502439022064209,-0.25311416387557983,-0.27853667736053467,0.04744527488946915,-1.618438482284546
1.0921050310134888,1.3130364418029785,1.61790132522583,1.9959582090377808,2.3293211460113525,1.7347627878189087,2.5553388595581055
-1.6012744903564453,-1.9425733089447021,-1.345964789390564,-1.6026499271392822,-1.4952194690704346,-2.0057194232940674,-1.2194054126739502
-0.9516783356666565,0.6305051445960999,1.5489952564239502,0.9634577631950378,0.8470063805580139,0.6182039380073547,2.2956349849700928
0.2797933518886566,0.5961110591888428,1.4268524646759033,1.6466338634490967,1.1267030239105225,1.3235223293304443,1.3493367433547974
-0.5143570303916931,-0.03152590990066528,-0.42188405990600586,-0.6305944919586182,-1.4531352519989014,-0.1705295294523239,-1.6332396268844604
-1.6850016117095947,-1.0238041877746582,-0.05692949891090393,0.24198976159095764,0.0906849205493927,-0.6382639408111572,-0.21882344782352448
3.5512850284576416,2.2586565017700195,3.2161002159118652,3.0291731357574463,3.927520275115967,2.851318359375,4.724335193634033
-1.1863470077514648,-1.3384754657745361,-0.9899413585662842,-1.6308341026306152,-1.1387859582901,-2.1360034942626953,-1.6680775880813599
-0.5295020341873169,-1.5475742816925049,-1.6853477954864502,-1.8575646877288818,-1.6787872314453125,-1.5721766948699951,-1.7699028253555298
0.5241914391517639,-1.251029133796692,-0.9984444379806519,-1.2936732769012451,-0.6503201723098755,-0.7011653184890747,-0.34289026260375977
0.5395981669425964,0.606522798538208,1.8977391719818115,0.5831505656242371,1.235114336013794,0.3129340410232544,3.5730392932891846
-1.0090850591659546,-1.2583891153335571,-1.0635175704956055,-0.8556655645370483,-0.3505600690841675,-0.9830471277236938,0.19718122482299805
-3.9626729488372803,-3.1119649410247803,-2.0663623809814453,-2.25580096244812,-2.26851224899292,-2.471174716949463,-1.6990892887115479
0.6522387266159058,1.0325766801834106,1.5192943811416626,0.6386818289756775,-0.18114222586154938,0.18461361527442932,1.26334547996521
1.6864875555038452,2.408865451812744,1.2302050590515137,2.4334678649902344,1.1008374691009521,1.9061561822891235,-0.2918786406517029
0.37550461292266846,-0.48849186301231384,-0.4232955276966095,-0.8985320329666138,-0.4109943211078644,-0.6566083431243896,0.16288286447525024
0.9992419481277466,1.8100887537002563,1.886356234550476,1.442282795906067,1.7403819561004639,1.2216811180114746,1.3237909078598022
-0.37578487396240234,-0.426638662815094,-2.817992687225342,-0.8563607335090637,-1.5288265943527222,-0.7276081442832947,-3.3687169551849365
-2.5444583892822266,-2.2428760528564453,-2.3076624870300293,-2.1324985027313232,-2.1488232612609863,-1.5933725833892822,-1.6860312223434448
-2.0337982177734375,-0.28105786442756653,-0.44561856985092163,0.2979186773300171,-0.9145699739456177,0.5033488273620605,-0.44828158617019653
0.39690589904785156,-1.1552140712738037,0.924509584903717,0.6118539571762085,1.3329095840454102,0.5827411413192749,0.7485266923904419
-1.29702889919281,-0.44345876574516296,-0.37908247113227844,-0.42008647322654724,-0.6230563521385193,-1.007366418838501,-0.45901161432266235
-2.9677915573120117,-1.8955657482147217,-3.3288612365722656,-1.8984360694885254,-2.609240770339966,-1.7424159049987793,-2.316211700439453
-0.5244784951210022,-1.5935617685317993,-1.0343183279037476,-0.9732223153114319,-1.1901336908340454,-1.2463091611862183,-1.4768810272216797
-1.057187795639038,-1.7487812042236328,-1.7643628120422363,-1.7713334560394287,-0.9458711743354797,-1.3897910118103027,-1.619005799293518
1.3626391887664795,0.5550668835639954,1.1758676767349243,2.2764155864715576,2.3198797702789307,2.2263906002044678,2.449099063873291
5.967689514160156,5.062565803527832,4.873537063598633,4.465547561645508,4.067193031311035,4.0434112548828125,3.1240475177764893
-2.858311176300049,-2.333240032196045,-3.858999252319336,-3.2669014930725098,-3.2808427810668945,-3.0791029930114746,-3.3547463417053223
1.0562798976898193,0.5903119444847107,1.8532358407974243,0.9724693894386292,1.490760326385498,1.3374052047729492,1.687048077583313
-0.6008814573287964,-0.25174474716186523,-0.7120147943496704,0.1976591944694519,-0.8497883081436157,0.1207767128944397,-0.9885616302490234
-1.4576483964920044,-1.0182398557662964,-1.1631890535354614,-1.3491424322128296,-0.8100420236587524,-1.1018880605697632,0.5243407487869263
1.262212872505188,-0.23404276371002197,0.027562856674194336,-0.4882676601409912,-0.07248693704605103,-0.0364033579826355,0.267225980758667
3.1874618530273438,2.680743932723999,0.9819475412368774,1.5711753368377686,2.174318790435791,2.0183238983154297,0.724625289440155
-1.3923933506011963,-0.7840253114700317,-1.01692795753479,-0.33687642216682434,0.20786195993423462,0.14717596769332886,0.0012626796960830688
-3.1142637729644775,-2.245192766189575,-3.1517913341522217,-3.5126266479492188,-3.2190377712249756,-3.6225173473358154,-2.890350341796875
-0.986913800239563,-0.1884157508611679,-0.12239931523799896,0.16401374340057373,-0.02501477301120758,0.3304900527000427,0.16915880143642426
-0.7911025285720825,-1.1018627882003784,-0.41494300961494446,-0.23329517245292664,0.6413204669952393,-0.03688594698905945,0.5110065937042236
1.1828711032867432,0.3456205725669861,-0.6286348700523376,-0.048838045448064804,-0.16692963242530823,0.41614750027656555,-0.2986970841884613
1.1342800855636597,0.629775881767273,2.109200954437256,1.1971176862716675,2.2227818965911865,1.224692940711975,3.1252288818359375
1.7496815919876099,1.60563063621521,0.5698692202568054,1.7901487350463867,1.8163912296295166,1.8561651706695557,1.637505292892456
1.346388578414917,0.2561250925064087,1.2785602807998657,0.6522238850593567,1.705360770225525,0.7120897769927979,1.5815032720565796
-3.0225162506103516,-1.9794120788574219,-0.5842505693435669,-0.720383882522583,-0.45303770899772644,-0.7917308807373047,0.17569684982299805
1.873240351676941,2.418886184692383,0.8283401727676392,2.1146364212036133,0.6155292391777039,1.7907044887542725,-1.0497838258743286
-0.578999400138855,-0.8403198719024658,0.6782639026641846,-0.4874163269996643,-0.08994640409946442,-0.857541561126709,0.5497416257858276
-2.273862361907959,-2.0226545333862305,-0.9961187839508057,-1.4807863235473633,-1.067875862121582,-1.3960105180740356,-0.5646522045135498
-1.373915195465088,-0.13190948963165283,-0.40417617559432983,-0.37895870208740234,-0.8500947952270508,0.32733553647994995,-0.004535555839538574
0.4556719958782196,1.2150756120681763,0.14548569917678833,0.2825416326522827,0.34148502349853516,0.5379453897476196,0.23669740557670593
1.1154727935791016,0.14529377222061157,-0.24342429637908936,0.8396967649459839,0.15738996863365173,0.7205801010131836,-1.9205365180969238
-1.4676649570465088,-2.6375460624694824,-2.420224666595459,-2.7958216667175293,-1.0619665384292603,-2.2406270503997803,-1.5545895099639893
-2.9099597930908203,-1.677175760269165,-1.822432518005371,-2.1516947746276855,-2.463632822036743,-1.3622649908065796,-2.5071516036987305
0.29221630096435547,0.5887359976768494,0.4566006064414978,0.039692223072052,-0.10279673337936401,-0.41852766275405884,-0.08880928158760071
1.142950177192688,1.1857067346572876,2.0679078102111816,1.3176114559173584,2.3032708168029785,1.3946733474731445,3.4276556968688965
1.2702991962432861,-0.09272632002830505,-0.6216782331466675,-0.6069167852401733,-0.24690142273902893,-0.8537609577178955,-0.7706471681594849
3.2688915729522705,1.4488567113876343,2.2483325004577637,2.7403805255889893,2.6181886196136475,3.0003459453582764,1.6387401819229126
-0.8230531811714172,-1.1727285385131836,-1.611061453819275,-1.4462252855300903,-0.6763748526573181,-0.7417762279510498,-0.5702190399169922
0.5851777195930481,0.8449751734733582,-1.5471991300582886,-0.05572934448719025,-0.36935871839523315,0.16799883544445038,-0.9581554532051086
1.0955827236175537,2.1521353721618652,1.1372857093811035,2.1004703044891357,0.7256054878234863,1.8929897546768188,1.4240528345108032
-4.766092300415039,-3.487546682357788,-3.9340803623199463,-3.5026156902313232,-3.346902847290039,-3.175506114959717,-2.5811069011688232
-0.9998157024383545,-0.7171562910079956,-1.6085835695266724,-0.7187964916229248,-0.8942936658859253,0.007794708013534546,-0.5674362182617188
-3.0523359775543213,-1.510506510734558,-1.4965651035308838,-1.8574004173278809,-2.071441173553467,-1.53182852268219,-0.3257347345352173
2.1227669715881348,2.794389247894287,2.476198196411133,2.8739371299743652,2.4392945766448975,2.590189218521118,2.593536138534546
-3.1950700283050537,-2.2872486114501953,-1.501816749572754,-1.301922082901001,-1.0054631233215332,-1.5260090827941895,-0.48638325929641724
1.57771897315979,0.6390933990478516,0.7833762764930725,0.19830018281936646,0.0494556725025177,-0.13506248593330383,0.1846041977405548
-0.17266926169395447,-1.9358352422714233,-0.3424191474914551,0.342501699924469,0.6174849271774292,-0.4596906304359436,-0.040148571133613586
-2.7331278324127197,-1.282990574836731,-1.8496661186218262,-1.7561769485473633,-2.639813184738159,-2.098560333251953,-2.292349338531494
2.625775098800659,1.9273953437805176,0.9224893450737,0.827872633934021,0.7950694561004639,0.9784598350524902,0.35556235909461975
2.2294812202453613,1.234997034072876,1.2140849828720093,1.6597988605499268,1.4240256547927856,1.1931729316711426,0.33454251289367676
2.452932596206665,1.5941215753555298,2.620861768722534,1.666698694229126,1.8873002529144287,1.7860203981399536,1.729013442993164
-1.7580183744430542,-1.6697169542312622,-2.023991584777832,0.16890327632427216,-0.41396889090538025,0.16152255237102509,-1.7176592350006104
-1.5489392280578613,-0.6213645339012146,-1.4228906631469727,-0.9775869846343994,-2.8145670890808105,-1.4163298606872559,-3.7109339237213135
-0.9340499639511108,-0.17630621790885925,-1.235029935836792,-0.418229877948761,-1.216988205909729,-0.5629740357398987,-1.503968358039856
-2.494521141052246,-1.4353315830230713,-0.04796067625284195,-0.42191728949546814,-0.5072056651115417,0.059469833970069885,0.19910427927970886
-2.2728450298309326,-1.7381267547607422,-1.0513094663619995,-1.8426871299743652,-1.9447870254516602,-2.1022424697875977,-1.6697945594787598
2.103832721710205,1.8437367677688599,2.3415253162384033,2.5744283199310303,2.3849895000457764,2.244755983352661,2.138078451156616
-3.3457493782043457,-1.724973440170288,-1.1284675598144531,-1.2416386604309082,-1.9727404117584229,-0.881213366985321,-0.6462106704711914
-2.008114814758301,-2.4506406784057617,-3.5921924114227295,-2.771291971206665,-2.2628421783447266,-2.4670422077178955,-2.0862228870391846
-0.963874101638794,0.36169135570526123,-1.728283405303955,-0.8854458928108215,-1.4217784404754639,-0.7704296112060547,-1.7222423553466797
-2.615018844604492,-2.467392683029175,-1.8968218564987183,-2.3099374771118164,-2.4114222526550293,-2.1676535606384277,-2.1853644847869873
0.7009472250938416,-0.03092902898788452,0.7536828517913818,0.374805748462677,1.0300499200820923,0.7963270545005798,0.43760934472084045
-1.560966968536377,-1.1780312061309814,-0.6410323977470398,-1.101968765258789,-0.2330424189567566,-1.2331303358078003,-1.0421926975250244
0.1369260847568512,0.6402001976966858,0.7732582092285156,0.971000075340271,1.37335205078125,0.6248236298561096,2.2832183837890625
1.4435807466506958,-1.5320982933044434,-2.240648031234741,-2.1914432048797607,-2.0061049461364746,-1.9700214862823486,-3.1078031063079834
1.321412205696106,1.0867395401000977,1.1888139247894287,1.1261802911758423,0.7408451437950134,1.5193063020706177,0.4035099446773529
0.7300933599472046,1.0408540964126587,0.8370641469955444,2.125000238418579,1.3541247844696045,1.7871272563934326,1.8151541948318481
-3.3414714336395264,10.845759391784668,0.3716934025287628,11.055700302124023,0.9687119126319885,10.005996704101562,3.5724802017211914
-0.6205015182495117,-1.4978411197662354,-1.3605802059173584,-1.5923552513122559,-1.9597513675689697,-1.3191659450531006,-1.8480744361877441
1.061265468597412,1.4368360042572021,1.777989387512207,1.6968014240264893,1.507362961769104,1.5491870641708374,1.7175320386886597
-3.669666051864624,-1.8471996784210205,-2.5220489501953125,-3.4561972618103027,-3.4463562965393066,-3.480799674987793,-2.1966633796691895
-4.094385623931885,-4.181545257568359,-4.912646293640137,-4.683023929595947,-4.651041030883789,-5.139808654785156,-5.438989162445068
1.6935497522354126,0.22015774250030518,0.09222522377967834,-0.2038237750530243,-0.08983263373374939,0.19965574145317078,-0.4056034982204437
-4.437759876251221,-3.555614948272705,-3.0778157711029053,-3.2716622352600098,-2.716365337371826,-2.608832359313965,-2.6441352367401123
-2.6368579864501953,-2.2571420669555664,-1.026970386505127,-1.0073909759521484,-0.015042424201965332,-0.4984797239303589,0.6796635985374451
4.3080620765686035,2.9534859657287598,2.756666660308838,1.9119839668273926,2.144204616546631,2.3065452575683594,2.3489105701446533
3.7697207927703857,1.607234001159668,2.454787254333496,1.8253755569458008,2.143566608428955,1.9934918880462646,1.2201147079467773
0.5349544286727905,0.5619803667068481,0.24522435665130615,-1.1066781282424927,-0.9000178575515747,-0.5408226847648621,-0.9627265930175781
4.308479309082031,4.390933513641357,2.6905994415283203,3.6914045810699463,2.57783842086792,3.2493817806243896,2.0421862602233887
1.365972638130188,0.5457607507705688,-0.18780113756656647,0.50516676902771,0.4215185344219208,0.41823825240135193,-0.44723138213157654
-2.1209990978240967,-1.224130392074585,-0.6254717111587524,-1.8258641958236694,-1.606864333152771,-2.3423099517822266,-0.19700366258621216
0.013496525585651398,-0.4024296998977661,0.29615068435668945,-0.27349764108657837,-0.5591931939125061,-0.32060104608535767,0.43914568424224854
2.038130044937134,1.0687707662582397,1.6748101711273193,1.1265864372253418,2.005302667617798,1.9364157915115356,2.2569921016693115
3.9545845985412598,3.1551764011383057,2.8468263149261475,3.6705968379974365,3.6804378032684326,4.447213172912598,2.654995918273926
-3.04329776763916,-3.7328579425811768,-3.5836033821105957,-3.5448544025421143,-3.3683321475982666,-3.676272392272949,-3.404662847518921
2.118453025817871,0.5473361611366272,0.7720382213592529,1.879146695137024,1.2336666584014893,2.3187098503112793,-0.7063669562339783
-1.978284239768982,-1.4511468410491943,-2.845078229904175,-1.2789298295974731,-2.5301673412323,-1.7065762281417847,-2.8230795860290527
1.4101483821868896,0.8418810367584229,0.532403290271759,0.25706130266189575,0.8139983415603638,0.7173314094543457,-0.09652009606361389
0.3790900707244873,-0.17548611760139465,-0.22402462363243103,0.17976239323616028,0.9284957051277161,0.5090246200561523,0.1327212154865265
-0.1760554015636444,-0.20407533645629883,2.2696969509124756,0.7074440121650696,1.2314753532409668,0.2855127453804016,1.523091435432434
2.582326650619507,2.422081708908081,2.511880397796631,2.157503128051758,3.0912671089172363,2.393993854522705,3.3599584102630615
2.3993313312530518,2.6169543266296387,1.161926507949829,1.5915461778640747,2.1031737327575684,2.2249557971954346,1.3189146518707275
-1.6032710075378418,-1.2482357025146484,-0.45624303817749023,-1.022713541984558,0.005872189998626709,-0.992678165435791,0.5615767240524292
-1.1171473264694214,-0.7534492015838623,-0.7620600461959839,-1.0999330282211304,-0.8465282320976257,-1.3631787300109863,-0.5033726096153259
-1.2460780143737793,-1.1727136373519897,-0.26893389225006104,-0.16724389791488647,-0.11639899015426636,0.07960030436515808,0.5035421252250671
2.5666399002075195,1.7632585763931274,1.0040693283081055,0.7028948068618774,0.3215573728084564,1.2053990364074707,-0.16965100169181824
-1.4019452333450317,-0.3122450113296509,0.16873209178447723,0.9633898735046387,1.4144341945648193,1.370149850845337,2.5907015800476074
2.756836414337158,1.9648022651672363,1.8811540603637695,2.6261966228485107,1.96213698387146,2.3259832859039307,1.674456000328064
0.5912646651268005,0.3491848409175873,1.0035576820373535,0.717349648475647,1.5292291641235352,0.16502556204795837,1.2181787490844727
0.4505068063735962,0.5575937032699585,0.7839358448982239,-0.4862147867679596,0.23202183842658997,-0.09416511654853821,0.7291604280471802
0.4799817204475403,0.24927251040935516,-0.3918253481388092,-0.5810588598251343,-1.2096505165100098,-0.5298038125038147,-1.6237494945526123
0.4440276026725769,0.04981163144111633,-1.0064516067504883,-0.2722748816013336,-1.1311038732528687,-0.35879334807395935,-0.46089690923690796
1.973450779914856,0.6203389167785645,2.582791328430176,0.32941532135009766,1.1283786296844482,0.7593425512313843,1.3055498600006104
-4.515674114227295,-4.30402946472168,-5.060964107513428,-5.093767166137695,-4.986336708068848,-5.412778377532959,-5.388948440551758
0.5665024518966675,1.888465166091919,1.7654531002044678,2.8397583961486816,2.373952627182007,2.9184861183166504,2.1436731815338135
2.841252088546753,2.0661895275115967,2.6167709827423096,1.2349357604980469,2.31252121925354,1.8491758108139038,1.5950725078582764
1.3816184997558594,-0.3892976641654968,-0.6972379088401794,0.26563888788223267,-0.4733559489250183,-0.028872434049844742,-1.6937743425369263
0.18490934371948242,-0.570143461227417,-0.9026346802711487,0.2659797668457031,0.20201346278190613,0.28074121475219727,0.18062043190002441
1.7837885618209839,1.234358549118042,0.5362652540206909,0.8051490783691406,0.7386200428009033,0.16948425769805908,0.1801040768623352
-4.304460525512695,-3.406402587890625,-4.871065616607666,-4.772655963897705,-5.103968620300293,-4.867785453796387,-6.391594886779785
1.1489146947860718,0.9508743286132812,1.720519781112671,1.2471284866333008,2.285555124282837,2.2174885272979736,2.528404951095581
-2.4506990909576416,-1.8633967638015747,-3.0951573848724365,-3.3887460231781006,-3.165684223175049,-2.562105178833008,-2.917146682739258
-0.6045975089073181,-1.6192235946655273,-1.3173828125,-1.3975456953048706,-0.9172348976135254,-1.0960124731063843,-2.000653028488159
-0.06964804232120514,1.0767924785614014,0.91134113073349,1.560229778289795,1.4657156467437744,0.4769037365913391,1.663801908493042
-0.3171551525592804,-1.1871613264083862,-0.7492386102676392,-1.8770543336868286,-1.5969966650009155,-2.267207384109497,-2.30814266204834
1.1031019687652588,0.144234299659729,-1.424579381942749,0.39282116293907166,-1.0186395645141602,0.622136116027832,-1.7416713237762451
0.14815369248390198,0.8012000918388367,0.7499450445175171,0.8598358035087585,0.6634265780448914,0.7860285639762878,0.8885180950164795
0.38457468152046204,0.14137278497219086,0.8144857287406921,-0.023533880710601807,1.3491781949996948,-0.08534744381904602,1.0960243940353394
-0.20734399557113647,-0.3768872618675232,-1.0809262990951538,-0.5905181765556335,-0.4068201780319214,-0.9882571697235107,-0.2989334464073181
1.7597016096115112,1.7223440408706665,0.21011590957641602,0.9586442708969116,1.0564388036727905,1.1134344339370728,0.4576856791973114
-0.5060284733772278,-0.9500598311424255,-1.066921353340149,-0.5383795499801636,-1.7024836540222168,-0.13346487283706665,-1.9698456525802612
0.739129900932312,-1.1150603294372559,-1.2036290168762207,-0.6607358455657959,-1.3463232517242432,-1.1585246324539185,-2.0224578380584717
-1.581809401512146,-0.31480616331100464,-1.2981849908828735,-1.5895698070526123,-1.4810949563980103,-1.1742503643035889,-1.209549069404602
0.4082922339439392,-0.5076751708984375,0.1472359299659729,0.34520846605300903,0.5266512632369995,0.4161454439163208,0.9905838370323181
1.3484612703323364,1.230263590812683,0.6903431415557861,1.2413346767425537,0.13217589259147644,0.7384203672409058,0.5006441473960876
1.8394758701324463,1.977661371231079,1.875766396522522,2.5172739028930664,0.8377496004104614,1.70518958568573,0.35680705308914185
0.02629794180393219,0.37773770093917847,-0.09708884358406067,-0.6047185659408569,-1.6544214487075806,-0.5875993967056274,-0.97409588098526
-0.9780670404434204,-2.529566764831543,-1.5421899557113647,-0.9158535599708557,-0.48187723755836487,-1.2022665739059448,-1.4217829704284668
-0.060969844460487366,-0.901656448841095,-1.8127658367156982,-1.5298380851745605,-1.8250670433044434,-1.387964129447937,-3.0391082763671875
-0.04440706968307495,-0.9530516266822815,0.2977758049964905,-0.0014509260654449463,0.45728158950805664,0.4045913815498352,0.166521817445755
-2.680729866027832,-3.113738536834717,-2.513439655303955,-2.4777660369873047,-2.5999579429626465,-2.8652539253234863,-2.558028221130371
4.043485164642334,4.115296363830566,4.368085861206055,4.750858783721924,4.843527793884277,4.7463483810424805,4.380446910858154
-4.1287760734558105,-2.0373635292053223,-2.329738140106201,-2.4949684143066406,-2.942322254180908,-2.668825387954712,-1.2437851428985596
-1.2852067947387695,0.43733036518096924,-0.7263123393058777,1.0023657083511353,-0.307712584733963,0.9941649436950684,-0.6451359987258911
0.7949025630950928,-0.48586413264274597,0.8787494897842407,0.09013977646827698,1.1715182065963745,0.4318057596683502,1.4627676010131836
-3.0787384510040283,-0.6180946230888367,-1.2633697986602783,-1.1666259765625,-1.8092613220214844,-1.182309865951538,-1.2008475065231323
-0.7790498733520508,-0.30698123574256897,-0.9105604290962219,-0.6902663111686707,-1.4751856327056885,-0.9115855097770691,-1.5825536251068115
-1.6974306106567383,-0.3476806879043579,-0.284124493598938,-0.365312397480011,0.09700779616832733,-0.20170634984970093,-0.6252400875091553
0.7334208488464355,0.5339841246604919,0.4629959464073181,1.1996843814849854,0.411587119102478,0.8857985734939575,-0.23274996876716614
2.9964048862457275,2.4071266651153564,2.4579718112945557,1.306630253791809,2.67529296875,1.0398478507995605,1.8899612426757812
-2.9903066158294678,-1.6906310319900513,-1.8462412357330322,-2.6119914054870605,-2.260157585144043,-3.128232002258301,-2.543907403945923
-1.4413456916809082,0.3784904479980469,-0.6697771549224854,-0.5186773538589478,0.04881829023361206,0.20053309202194214,0.5486927628517151
0.7298837900161743,0.6049163341522217,0.9805131554603577,1.2363781929016113,2.1507678031921387,1.3405284881591797,1.9502097368240356
3.7487306594848633,1.1470158100128174,1.3659772872924805,2.147103786468506,1.773557186126709,2.414757490158081,0.503433883190155
1.101402997970581,1.2835441827774048,1.1626335382461548,0.2838149666786194,0.5806840658187866,0.8111266493797302,0.7208899855613708
3.3188364505767822,3.0165340900421143,3.850555896759033,3.1329855918884277,4.7214813232421875,3.712782382965088,4.491718769073486
-4.785693645477295,-2.5358150005340576,-0.7254873514175415,-2.5765113830566406,-1.8202946186065674,-2.2573976516723633,0.7890785932540894
2.1024608612060547,2.1120691299438477,2.4647037982940674,2.689405679702759,2.935429811477661,3.0732033252716064,2.539324998855591
1.4634690284729004,0.7488949298858643,1.0375632047653198,0.5865190029144287,0.5262430310249329,0.31753262877464294,0.49152863025665283
-3.774653673171997,-4.2316741943359375,-3.444396734237671,-3.2369163036346436,-3.9725286960601807,-3.8806793689727783,-3.560587167739868
1.547698736190796,2.1022887229919434,1.7881981134414673,2.800997734069824,2.273685932159424,2.930570125579834,1.8533769845962524
0.48789697885513306,0.18089792132377625,0.5268692970275879,1.5040974617004395,0.07982304692268372,0.7766863107681274,0.31728625297546387
-2.7044053077697754,-2.1210787296295166,-1.3242297172546387,-0.4751775860786438,-0.5534951686859131,-0.4194120764732361,0.3210434913635254
-1.9511662721633911,-1.8710652589797974,-2.1544032096862793,-3.233628749847412,-2.3692641258239746,-2.2372312545776367,-2.592664957046509
-2.9549615383148193,-1.6222865581512451,-1.7803571224212646,-2.401362895965576,-2.4817306995391846,-2.282041311264038,-1.414388656616211
-2.817689895629883,-0.40727782249450684,-1.1810235977172852,-0.8238785862922668,-1.6261221170425415,-1.0387396812438965,-0.9665204286575317
1.0053006410598755,1.1610372066497803,1.3230030536651611,1.863435983657837,2.575265884399414,2.4391324520111084,2.2657525539398193
-1.5502240657806396,0.36514103412628174,0.11460655927658081,-0.7636995315551758,-1.1019827127456665,-0.10066455602645874,0.011041998863220215
3.0505075454711914,2.3670668601989746,2.2838287353515625,2.6655759811401367,2.536823272705078,2.5622458457946777,2.3246853351593018
1.5621802806854248,0.8843035101890564,-1.187219500541687,-0.06637459993362427,-0.9666178226470947,0.5958402156829834,-2.59726881980896
-1.9892981052398682,-1.1875594854354858,-0.5567127466201782,-1.0973505973815918,-0.11222921311855316,-0.8275442123413086,0.9819048643112183
-0.059959620237350464,0.5575326681137085,1.8526445627212524,1.0743883848190308,1.268747329711914,0.48249533772468567,3.8018174171447754
2.397932291030884,1.9591503143310547,2.6242353916168213,2.8542678356170654,3.2897305488586426,2.2880024909973145,2.354578971862793
-2.8612070083618164,-1.9520022869110107,-2.496330499649048,-3.2372732162475586,-3.0322532653808594,-3.0019102096557617,-2.920013666152954
1.7037789821624756,0.4129573702812195,0.5675424933433533,0.27354371547698975,0.9520063996315002,0.6898369789123535,-0.07437360286712646
-3.3139381408691406,-3.318023204803467,-1.6585909128189087,-3.290550708770752,-2.3626298904418945,-3.0014724731445312,-2.343759298324585
-1.388135313987732,1.0050228834152222,0.787701427936554,2.260565996170044,-0.11079908907413483,1.1854405403137207,0.11514472961425781
0.6813920736312866,-0.4838726222515106,-0.5047847032546997,-0.5265167951583862,-0.5297970771789551,-0.2706517279148102,-0.46772027015686035
1.5214523077011108,-0.28730446100234985,0.12191570550203323,-0.31518715620040894,0.5186295509338379,-0.08310447633266449,-1.3146169185638428
-0.031484682112932205,1.1810861825942993,1.139262080192566,1.263094186782837,-0.008850537240505219,0.7349623441696167,0.08485275506973267
-0.8865880966186523,-1.5113033056259155,-1.338266372680664,-1.1033133268356323,-0.3664710819721222,-0.11060606688261032,-0.7525384426116943
5.486824035644531,3.201171398162842,3.1802592277526855,3.060117721557617,2.7074828147888184,2.660737991333008,1.66156005859375
-0.01961600035429001,-0.14602528512477875,-0.028958812355995178,-0.36232149600982666,0.5506330132484436,-0.2580687999725342,0.9441729784011841
-2.874619960784912,-1.5993683338165283,-2.8573715686798096,-1.154884696006775,-1.050734519958496,-0.581648588180542,-1.8883291482925415
0.11441835016012192,0.8313450813293457,1.172088623046875,0.7772197723388672,0.9777295589447021,0.7743494510650635,1.6962313652038574
2.6106133460998535,2.1541755199432373,2.242539405822754,2.0047671794891357,1.487450361251831,1.4144630432128906,1.458947777748108
1.3615003824234009,1.8200467824935913,2.608553886413574,1.8020049333572388,2.2821621894836426,1.9857029914855957,1.6478115320205688
-0.5345407724380493,0.6119153499603271,-0.330562025308609,0.16210126876831055,-0.21903106570243835,0.30766552686691284,0.3990882635116577
1.0748907327651978,2.485302209854126,0.8476016521453857,1.9383084774017334,0.31290939450263977,1.4405198097229004,0.4171138107776642
0.9559288620948792,0.3465191125869751,-0.8122543692588806,0.7323669791221619,0.12263719737529755,0.7877224087715149,-1.3710147142410278
2.718069076538086,3.3730099201202393,2.9408276081085205,3.008894205093384,2.41269588470459,2.908844470977783,3.434786558151245
-2.9406559467315674,-1.4634736776351929,-2.4192099571228027,-2.061927318572998,-3.1499688625335693,-2.5857534408569336,-2.856203079223633
0.2927757203578949,1.1632801294326782,2.566027879714966,1.867319107055664,2.7284038066864014,2.119904041290283,4.232998847961426
0.6061209440231323,0.5087624788284302,1.145554780960083,1.1012704372406006,1.698288917541504,1.4703065156936646,1.488382339477539
0.31978580355644226,1.6711339950561523,2.2960352897644043,2.524017572402954,3.1686007976531982,2.348520278930664,4.489433765411377
0.7791628837585449,0.7311936616897583,0.9909540414810181,1.3480989933013916,0.7719926834106445,1.392383337020874,0.10363374650478363
2.4282448291778564,1.1906707286834717,1.7159321308135986,1.1549971103668213,1.3481261730194092,1.614652156829834,1.894239902496338
-1.2379521131515503,-2.1482300758361816,-2.019477367401123,-2.5541701316833496,-1.8694026470184326,-2.2917439937591553,-3.136404037475586
1.4133597612380981,2.3599321842193604,0.4311032295227051,0.6754871606826782,0.3495052456855774,0.6742570400238037,-1.223796010017395
2.602220296859741,1.6906428337097168,1.2632784843444824,1.7937679290771484,1.7037129402160645,2.3230271339416504,0.5857963562011719
1.8844988346099854,2.8454184532165527,1.7719333171844482,1.6809043884277344,1.0756851434707642,0.9785056114196777,0.5331549048423767
0.3830485939979553,0.2619292438030243,1.5193687677383423,1.5226490497589111,2.4591808319091797,1.7440708875656128,2.9001717567443848
1.5255845785140991,1.919413685798645,1.4536077976226807,2.1584672927856445,2.2421154975891113,2.37086820602417,2.3052361011505127
-1.0745515823364258,-1.7356369495391846,-2.36504864692688,-2.9341843128204346,-1.8057538270950317,-3.283538579940796,-2.450806140899658
-3.4558703899383545,-2.76336407661438,-1.974344253540039,-2.5315887928009033,-2.2749037742614746,-2.7141592502593994,-0.8108919858932495
0.06390173733234406,0.12774115800857544,-0.2330942451953888,1.0550470352172852,-0.35282596945762634,1.692454218864441,0.0067211538553237915
-1.598300576210022,-0.6700311303138733,-0.47649216651916504,-0.7737712860107422,-2.0801591873168945,-1.424915075302124,-0.3329541087150574
-0.17210984230041504,-0.8583999872207642,0.06260153651237488,-0.22078749537467957,-0.15292584896087646,-0.6078654527664185,0.6840737462043762
-3.2461493015289307,-2.074446678161621,-1.8029488325119019,-2.925382375717163,-1.6446219682693481,-2.951624870300293,-1.2713602781295776
-1.985788106918335,0.8815823793411255,0.5412490367889404,-0.030346810817718506,-0.9549874067306519,-0.12629622220993042,0.92015141248703
0.3521222174167633,1.6483650207519531,-1.7090437412261963,-0.07831424474716187,-3.0621767044067383,-1.0259170532226562,-3.5550339221954346
0.3510875701904297,0.4418914318084717,1.1654072999954224,1.714040994644165,2.0535542964935303,1.6820578575134277,2.946824073791504
2.3705496788024902,1.9966262578964233,0.9948980212211609,1.5980671644210815,1.1406673192977905,1.8900158405303955,0.1886892020702362
-1.9103076457977295,-2.1315574645996094,-1.3975856304168701,-2.1774821281433105,-1.4164475202560425,-1.9388387203216553,-0.4598890244960785
-0.0014944672584533691,0.14592573046684265,-0.3969673812389374,0.692304253578186,-0.795526385307312,-0.053353726863861084,0.011658314615488052
0.6251118183135986,0.8503910303115845,0.28243401646614075,1.0835500955581665,0.9212510585784912,2.1932213306427,0.25252506136894226
0.3803579807281494,-1.1844875812530518,-1.2919180393218994,-1.8626940250396729,-1.8249702453613281,-1.8643341064453125,-2.7932746410369873
1.5916976928710938,1.0809019804000854,0.9893091320991516,0.8528683185577393,1.4632132053375244,1.2364609241485596,1.0823142528533936
2.8720016479492188,1.5130342245101929,0.9162207841873169,1.2474819421768188,0.710175633430481,0.9830572605133057,-2.0981078147888184
1.7097865343093872,1.509946584701538,2.162663221359253,2.039241075515747,2.1417510509490967,2.1733243465423584,2.81667423248291
3.988182544708252,3.5873565673828125,4.604255676269531,3.6833059787750244,4.430398941040039,4.282784461975098,3.7698113918304443
-2.0742828845977783,-1.0663663148880005,-1.9366766214370728,-1.7037737369537354,-1.3392481803894043,-2.406582832336426,-1.0346615314483643
2.4604427814483643,2.9685356616973877,1.8569166660308838,1.807506799697876,1.370954990386963,1.651281476020813,0.21857863664627075
2.2519547939300537,3.2347254753112793,2.3793816566467285,2.372410774230957,2.2059342861175537,2.072671413421631,1.8356056213378906
-1.2913435697555542,-0.7295705676078796,-0.5163496732711792,-0.07391631603240967,-0.16412514448165894,-0.05997493863105774,0.2496391236782074
0.371501624584198,0.9592346549034119,0.951033890247345,1.8129384517669678,0.7091102004051208,1.940871000289917,0.7299581170082092
-2.067960739135742,-1.3457732200622559,-2.351806640625,-3.25573992729187,-2.1817939281463623,-2.655031204223633,-2.7116916179656982
2.5500712394714355,1.4578664302825928,1.652840495109558,1.0709935426712036,0.87827467918396,1.1788676977157593,-0.05416589975357056
-2.7860941886901855,-2.6736881732940674,-3.8000686168670654,-3.402329683303833,-3.2432339191436768,-2.496140956878662,-3.1579415798187256
-2.4060773849487305,-2.2154955863952637,-2.6238956451416016,-2.7534682750701904,-2.8403968811035156,-3.293081283569336,-1.9256539344787598
0.6791869401931763,0.55910325050354,1.8195667266845703,0.5599232912063599,0.770684003829956,-0.11941071599721909,0.31729820370674133
1.5855344533920288,0.07847290486097336,1.1769704818725586,0.6131653785705566,0.2736520767211914,0.2404388189315796,0.4205387830734253
-3.6218209266662598,-4.261092662811279,-3.1253840923309326,-3.3681278228759766,-2.6349759101867676,-2.689101219177246,-2.8519675731658936
-3.1152045726776123,-1.7155221700668335,-2.485372304916382,-3.0348262786865234,-2.6551289558410645,-3.1053531169891357,-2.2028393745422363
-2.0693860054016113,-1.9674584865570068,-3.2213616371154785,-2.449460744857788,-2.8580660820007324,-2.7386419773101807,-3.221562385559082
1.4444150924682617,2.71804141998291,3.580765724182129,2.927161931991577,2.7610955238342285,2.1186652183532715,3.0152230262756348
-3.629011392593384,-3.0593421459198,-2.7586288452148438,-2.119786500930786,-1.470282793045044,-2.023837089538574,-0.6609388589859009
0.082713782787323,0.5579599142074585,0.4743117094039917,0.8425277471542358,0.33366793394088745,0.47923219203948975,-0.4008583426475525
0.3623724579811096,2.0053329467773438,1.4870425462722778,2.3874905109405518,1.6666401624679565,2.459657669067383,1.3930250406265259
2.13045597076416,2.141606330871582,2.221564292907715,3.0707569122314453,2.8083314895629883,2.7386245727539062,3.078564405441284
-1.65932297706604,-1.3848615884780884,-0.7080903053283691,-2.5151376724243164,-0.9323822259902954,-1.8914661407470703,0.015659485012292862
-5.3613433837890625,-4.811173915863037,-3.723273515701294,-4.98421049118042,-4.067155838012695,-5.240895748138428,-4.1603593826293945
-0.375867635011673,-0.9811041355133057,-0.40663784742355347,-0.4956165552139282,-0.19236625730991364,0.31298258900642395,0.15133321285247803
2.103874683380127,2.068573474884033,2.417107582092285,2.0013270378112793,2.0283894538879395,1.683135747909546,2.330112934112549
0.20914697647094727,0.3275989890098572,-0.27905547618865967,-0.005353689193725586,0.43830984830856323,0.8196471929550171,-0.06818452477455139
-0.07337944209575653,0.9277052879333496,1.0810602903366089,0.9662491083145142,1.6854593753814697,0.9801903963088989,2.4469876289367676
0.003672812134027481,-0.14424258470535278,0.5984426736831665,0.561129093170166,-0.32578790187835693,0.2169002890586853,0.377567857503891
3.124349355697632,2.787355899810791,3.022033452987671,2.9163455963134766,2.3858561515808105,2.576319694519043,2.7562873363494873
0.1798001229763031,-0.26878786087036133,-0.6162968873977661,-0.437519371509552,-0.4994354546070099,-0.28826475143432617,-0.2560141682624817
-4.014138221740723,-2.7772886753082275,-4.0171990394592285,-4.0098185539245605,-5.519585609436035,-4.41903829574585,-5.5248026847839355
-3.5296285152435303,-2.508500814437866,-2.505220651626587,-2.3085038661956787,-2.575132369995117,-3.272610902786255,-1.1893086433410645
-0.9844245910644531,-0.788191556930542,-0.9347809553146362,-0.3806116580963135,-1.0323704481124878,-1.0372909307479858,-0.7297132611274719
-4.998469829559326,-3.2970542907714844,-3.5249853134155273,-2.858875274658203,-3.029144287109375,-2.488813877105713,-2.216654062271118
0.016454875469207764,-0.7176122069358826,0.8052770495414734,-0.10183434188365936,0.5526924133300781,0.4419814348220825,1.1493170261383057
3.7963359355926514,4.001248836517334,2.7036895751953125,3.585468292236328,3.1926498413085938,3.590388774871826,1.6153817176818848
1.5882306098937988,0.41180866956710815,0.15881392359733582,0.1284709870815277,0.9522416591644287,1.1912950277328491,-0.5394610166549683
-2.7081451416015625,-1.8078961372375488,-0.6222137212753296,-1.440653920173645,-0.7337446808815002,-1.4340932369232178,0.7267122268676758
1.1385812759399414,1.3270647525787354,2.150297164916992,1.8103739023208618,0.9511346817016602,2.140456199645996,0.99465411901474
2.0192623138427734,1.847204566001892,2.2006592750549316,1.571657419204712,1.940693736076355,1.5396744012832642,2.245978355407715
-1.0987693071365356,-0.16501310467720032,-2.4817397594451904,-0.9451144933700562,-2.413673162460327,-0.32164841890335083,-3.762380361557007
-1.97990083694458,-1.900105357170105,-0.9217494130134583,-0.7401016354560852,-1.151371955871582,-0.9110884070396423,-0.5959330797195435
-0.7817438840866089,0.05502265691757202,-0.7282566428184509,-0.9972429275512695,-0.9152349233627319,-0.864389955997467,-0.2876018285751343
-1.9387054443359375,-1.1040911674499512,-1.4336609840393066,-1.0267473459243774,-1.4668742418289185,-2.0565123558044434,-0.5248569250106812
4.383636474609375,2.696500062942505,3.2890467643737793,3.0626659393310547,3.4183759689331055,3.15969181060791,2.186659097671509
-1.08927583694458,-1.536875605583191,-1.6065822839736938,-2.1925296783447266,-2.222052574157715,-1.9432252645492554,-1.924494981765747
1.8637123107910156,1.2516224384307861,1.1642839908599854,0.2802373766899109,1.129840612411499,0.4471237063407898,0.4228009581565857
3.7342288494110107,2.4722483158111572,2.5440053939819336,2.151520252227783,3.720000743865967,2.9733173847198486,2.5562071800231934
0.014975911006331444,-0.31832534074783325,-0.3613026738166809,-0.33746910095214844,0.6036244034767151,-0.7757507562637329,0.551020085811615
-2.7280166149139404,-1.9775208234786987,-1.806739091873169,-1.2339129447937012,-1.3114105463027954,-1.3975188732147217,-1.4235306978225708
1.7150990962982178,0.851881206035614,0.22718501091003418,1.5315227508544922,-0.42272859811782837,1.0936000347137451,-1.0545172691345215
-1.3670687675476074,-2.4275035858154297,-1.9680536985397339,-1.8233094215393066,-1.6191093921661377,-1.6687241792678833,-2.065730333328247
-0.842352032661438,-0.1600104719400406,-1.8932501077651978,-1.6587073802947998,-2.6657657623291016,-1.579979658126831,-2.7121047973632812
-4.556703090667725,-3.604708671569824,-3.3230111598968506,-4.556001663208008,-4.065593719482422,-4.268153667449951,-3.154348134994507
-4.343926906585693,-4.001119613647461,-1.7385179996490479,-2.045638084411621,-1.4236071109771729,-1.6770119667053223,1.0326950550079346
-2.3671910762786865,-2.3413188457489014,-2.8063042163848877,-1.4503525495529175,-1.914671778678894,-1.650503396987915,-2.968812942504883
2.109938859939575,1.9225401878356934,2.931238889694214,2.154622793197632,2.6589722633361816,2.8361096382141113,3.767960548400879
-0.9199779629707336,-1.0039334297180176,-1.108980655670166,-1.473839521408081,-1.7910056114196777,-1.822988748550415,-1.7693278789520264
-0.5502325296401978,-1.052513837814331,-1.230471134185791,-1.091057538986206,-2.0177483558654785,-2.019388437271118,-2.587677001953125
0.8186838626861572,1.1772714853286743,0.3712350130081177,1.2524112462997437,0.2699550688266754,1.052465558052063,-0.24622675776481628
-3.6962664127349854,-3.845391273498535,-3.719919204711914,-3.436171054840088,-2.4304451942443848,-2.7152180671691895,-2.246134042739868
-3.4525723457336426,-3.6019301414489746,-2.6047122478485107,-2.500152111053467,-1.8652046918869019,-2.302307605743408,-0.6614068746566772
-1.6339174509048462,-0.9651777148246765,-1.2005406618118286,-1.836717963218689,-2.257214307785034,-1.974593997001648,-1.7275505065917969
0.31843793392181396,1.4069254398345947,1.994103193283081,1.9547392129898071,1.69723379611969,1.4827828407287598,2.3661770820617676
-3.116182327270508,-2.132986307144165,-1.8224835395812988,-1.8623600006103516,-1.3438640832901,-1.2837932109832764,-2.657137632369995
-0.8990029096603394,-1.7548309564590454,-3.562288284301758,-3.5540874004364014,-3.864077568054199,-3.5376853942871094,-6.402792453765869
-1.250893473625183,-1.1130013465881348,-0.44914618134498596,-2.2654190063476562,-1.5425183773040771,-2.6434760093688965,-0.7219914197921753
-2.0082645416259766,-0.8260887861251831,-1.3375883102416992,-1.049765706062317,-0.5353703498840332,-1.0407447814941406,-1.0964024066925049
0.2506145238876343,0.9514209032058716,-0.3484064042568207,0.21498873829841614,-0.3385654389858246,0.17070439457893372,0.04302424192428589
-1.6661971807479858,-0.9250891208648682,-1.8048304319381714,-2.3995938301086426,-1.6820234060287476,-2.3635101318359375,-1.4656322002410889
-0.3283206820487976,1.1560484170913696,2.504260540008545,2.1639273166656494,2.525582790374756,2.663356304168701,3.3703227043151855
0.20169654488563538,0.04361557960510254,-1.8741421699523926,-0.7264398336410522,-1.801975131034851,-1.0413506031036377,-2.6593775749206543
-1.4401636123657227,-0.9634885787963867,-1.7321088314056396,-1.4200681447982788,-1.7431799173355103,-1.8251879215240479,-0.6012635827064514
-0.37338563799858093,0.05659511312842369,-0.266106516122818,-0.7483137249946594,-1.2182198762893677,-1.0804976224899292,-1.8589856624603271
3.272892475128174,2.334965944290161,2.722710371017456,2.208930015563965,3.1272149085998535,2.712254285812378,2.174069404602051
4.130456447601318,2.7182071208953857,3.1651508808135986,2.5107269287109375,2.0838749408721924,2.4795637130737305,1.7630219459533691
-0.5117393136024475,0.09772591292858124,0.5036656260490417,1.2446084022521973,-0.2034742385149002,1.0149857997894287,0.28133609890937805
1.2574760913848877,1.4811677932739258,2.499502658843994,3.1584370136260986,2.615543842315674,2.841886043548584,4.833498954772949
2.2145657539367676,1.2080978155136108,1.0612521171569824,0.139122873544693,-0.028173476457595825,0.0005293786525726318,-0.46539902687072754
0.9794844388961792,1.5820283889770508,2.383246898651123,2.1052393913269043,2.5357818603515625,2.9228596687316895,3.3095850944519043
4.323856353759766,4.705696105957031,3.5887465476989746,4.593344688415527,3.746201992034912,4.199706554412842,2.5131521224975586
-0.8762900829315186,-1.3978739976882935,0.39769184589385986,-1.1032088994979858,0.8495562076568604,-0.6675924062728882,1.567099690437317
0.20795795321464539,-0.5209325551986694,-1.3926777839660645,-0.9006298184394836,-1.5821163654327393,-1.2918078899383545,-2.4236762523651123
1.307125449180603,0.8693228960037231,1.59909188747406,2.2212255001068115,2.0469584465026855,1.289306640625,1.5501209497451782
0.988759458065033,1.6477922201156616,1.756862759590149,1.885615348815918,0.8748664259910583,1.1864969730377197,0.9815850257873535
2.1751532554626465,0.8678489923477173,1.345545768737793,2.6133899688720703,2.550243854522705,3.13045072555542,1.3961248397827148
-1.1559163331985474,-1.15053391456604,-2.244520902633667,-2.4019763469696045,-1.4400222301483154,-2.3831143379211426,-2.3010966777801514
1.8994807004928589,1.2891106605529785,3.270014762878418,1.8762881755828857,2.7779664993286133,1.055182695388794,3.483381509780884
0.6353253126144409,0.6577621698379517,0.026966601610183716,-0.8942399024963379,-0.8105917572975159,-0.8364242315292358,-2.139124870300293
2.588165283203125,2.115636110305786,1.899955153465271,1.4101622104644775,1.0519920587539673,1.1823848485946655,1.7838380336761475
-2.050947427749634,-2.229816436767578,-2.723914861679077,-2.6291956901550293,-1.7206491231918335,-2.3462677001953125,-1.8818227052688599
-2.2652244567871094,-2.8248019218444824,-2.7190113067626953,-1.9710983037948608,-1.984629511833191,-1.4913512468338013,-1.88360595703125
2.2465524673461914,2.118393898010254,2.3529369831085205,2.6342244148254395,2.8072614669799805,2.5645174980163574,2.5647759437561035
1.0877374410629272,0.2735142409801483,-0.5211435556411743,0.19601663947105408,0.6283015012741089,0.16485357284545898,-0.049095071852207184
-1.3592705726623535,-1.0513123273849487,-1.7426400184631348,-1.9935846328735352,-0.8540830612182617,-0.830710768699646,-0.5059459805488586
2.8635611534118652,2.7118077278137207,2.688230514526367,3.4222023487091064,2.822723627090454,3.686678171157837,2.5288829803466797
3.7420129776000977,3.094430446624756,3.3199524879455566,2.3502583503723145,3.050556182861328,2.2322440147399902,2.6265971660614014
-0.7096348404884338,-0.37309518456459045,-0.6982570290565491,-0.7642735242843628,0.4617465138435364,-0.7495120763778687,0.3628138601779938
-1.1219696998596191,-2.8487353324890137,-0.5080208778381348,-0.9430733919143677,-0.4016154408454895,-1.1198008060455322,-0.5060487985610962
-2.2377405166625977,-1.3185057640075684,-0.3803337812423706,-0.6747426390647888,0.684950590133667,-0.06296268105506897,1.7518945932388306
-1.09980309009552,0.11051544547080994,0.8608889579772949,0.009645536541938782,0.3245563507080078,0.3647403120994568,0.9972103238105774
-0.23809245228767395,-0.3449505567550659,-0.5210627317428589,-0.670214831829071,-1.0215167999267578,-0.759501039981842,-0.1993865966796875
1.2020494937896729,0.3419561982154846,0.64333575963974,0.3116132318973541,0.39854174852371216,-0.12630964815616608,-0.6176902651786804
0.05615314841270447,-1.5599346160888672,-0.9694768190383911,-0.6225828528404236,0.44188129901885986,0.5739143490791321,0.6369382739067078
-0.6870248317718506,-1.1759167909622192,-1.8304948806762695,-1.673039436340332,-2.5275628566741943,-1.219637393951416,-3.5574538707733154
1.9873136281967163,0.2761012315750122,0.7614606618881226,0.06493043899536133,-0.11015662550926208,-0.13147875666618347,-1.6260923147201538
-0.6081889867782593,0.4824916124343872,0.6255956888198853,1.3636679649353027,0.2995624542236328,0.7740302085876465,0.35070085525512695
2.6156740188598633,2.74128794670105,3.023395538330078,2.535447835922241,3.0504581928253174,2.163541316986084,2.163166046142578
-0.8039847016334534,0.3690822422504425,-1.3251525163650513,-0.4255755841732025,-2.02801251411438,-0.9077828526496887,-1.4566035270690918
3.9242238998413086,2.8551759719848633,1.8971171379089355,2.7288835048675537,2.2419610023498535,2.5824992656707764,1.4808356761932373
1.7550052404403687,1.4266133308410645,1.7562856674194336,1.9100507497787476,2.212250232696533,2.5755457878112793,1.9469784498214722
-2.20013427734375,-1.1935222148895264,-0.2762623727321625,0.1751919388771057,0.7303861975669861,-0.04827994108200073,2.568448305130005
-0.27201181650161743,-0.7528055906295776,-0.09038573503494263,0.03980201482772827,-0.6769481897354126,-0.4954541325569153,-0.9929523468017578
-0.1770581752061844,-0.3857634663581848,-0.7736102342605591,-0.976426362991333,0.6893619298934937,-0.5421937704086304,0.4701545238494873
2.7882235050201416,3.7170019149780273,3.2224936485290527,3.168368339538574,2.5177369117736816,2.911273241043091,3.1912918090820312
3.2268950939178467,1.4754106998443604,1.2347170114517212,1.3696202039718628,0.8656808733940125,1.7940118312835693,-0.08186665177345276
0.004536151885986328,0.553856372833252,1.209100604057312,0.08518055081367493,0.767897367477417,-0.13009054958820343,1.4482606649398804
-1.5787134170532227,0.09779652953147888,0.4750334918498993,1.4082849025726318,-0.38236042857170105,1.1770222187042236,0.6207109689712524
-2.7918777465820312,-2.5183420181274414,-1.3013427257537842,-2.1771883964538574,-2.5189568996429443,-1.9865198135375977,-1.6382639408111572
-1.6783075332641602,0.7129437327384949,0.3726102113723755,0.9729090929031372,1.4026310443878174,0.48004084825515747,2.1969289779663086
0.8843390345573425,1.2543424367904663,1.8493108749389648,2.2306482791900635,1.507337212562561,1.5991861820220947,2.009523868560791
0.2855205535888672,1.0922447443008423,0.8495008945465088,0.07021963596343994,-0.859546422958374,-0.14956191182136536,-1.253700852394104
-0.6457196474075317,-1.435126543045044,-1.2899723052978516,-1.1940228939056396,-0.7626606225967407,-0.8061248064041138,-1.212357759475708
0.4215354323387146,1.9761059284210205,0.5910671353340149,1.1060006618499756,0.8991355299949646,0.9696624279022217,0.7873511910438538
-0.6176630258560181,-0.5246511697769165,-1.3922961950302124,-2.2525603771209717,-1.8343193531036377,-2.859419822692871,-1.500728726387024
3.3218722343444824,2.234107494354248,2.8971424102783203,1.6198674440383911,2.0419013500213623,2.0406200885772705,2.024315595626831
1.1066336631774902,-0.16823092103004456,0.666559636592865,1.4485573768615723,2.3018507957458496,1.807342529296875,1.8995922803878784
-1.3201123476028442,-1.8297836780548096,-0.9367163181304932,-1.2715654373168945,-0.6402573585510254,-1.085612177848816,0.13169682025909424
0.8644590973854065,0.64393150806427,0.4586574137210846,0.9396345615386963,1.1483449935913086,1.4661262035369873,0.5613045692443848
2.3669862747192383,2.1108267307281494,1.1576884984970093,1.237646222114563,1.2405165433883667,1.7554244995117188,0.9205849170684814
-1.9624006748199463,-1.1245241165161133,-2.277557134628296,-1.2360036373138428,-0.7735296487808228,-0.5635890364646912,-0.40130099654197693
1.0863029956817627,2.4719507694244385,1.3513108491897583,2.2119851112365723,0.8410158753395081,1.7346984148025513,1.2554064989089966
-1.6601014137268066,-2.1248092651367188,-2.3544321060180664,-2.228959560394287,-1.9263501167297363,-1.4047789573669434,-2.15567684173584
1.179056167602539,1.2848541736602783,2.302368640899658,0.8674332499504089,0.9979285597801208,0.9424706101417542,1.5436975955963135
1.698531985282898,1.5727028846740723,2.09468412399292,1.3783438205718994,1.9667515754699707,1.1809096336364746,2.423386573791504
0.7696692943572998,0.8810179829597473,-0.40199771523475647,-0.055923789739608765,-0.2273205816745758,0.28562042117118835,-0.9508458971977234
0.8821940422058105,0.15775896608829498,-0.9198266267776489,-0.42367804050445557,-0.31624746322631836,-0.20881693065166473,-0.41439923644065857
-2.936854839324951,-2.116030216217041,-0.5168734192848206,-1.6772871017456055,-1.3713972568511963,-1.513681173324585,0.9350453615188599
-0.19977924227714539,0.07024526596069336,1.0834544897079468,0.11288943886756897,1.0182580947875977,0.5438417196273804,2.159724473953247
-2.3208537101745605,-2.829200506210327,-1.6785507202148438,-1.1791986227035522,-1.287859320640564,-1.4525929689407349,-0.8406698703765869
1.2061808109283447,2.222355365753174,2.261719226837158,2.340446949005127,1.3916140794754028,1.981251835823059,1.3368172645568848
-0.5930907726287842,0.08210547268390656,-0.7277237772941589,-0.44497549533843994,-1.0135219097137451,-0.8818989992141724,-1.2136175632476807
-2.4621758460998535,-0.6638891100883484,-1.239303708076477,-0.0713810920715332,-1.044201374053955,-0.19931361079216003,-1.2218786478042603
4.9862751960754395,4.215811729431152,2.5477681159973145,3.9107418060302734,2.7782106399536133,3.8471856117248535,0.23843646049499512
-2.5213053226470947,-2.5494229793548584,-1.5012578964233398,-3.6360294818878174,-2.282076835632324,-3.613067388534546,-1.633620262145996
2.9586029052734375,3.267343282699585,3.487945079803467,3.4395601749420166,3.2431509494781494,3.563392400741577,2.752242088317871
0.22446180880069733,-0.7732290625572205,-0.43351083993911743,-0.8698960542678833,-0.3073209226131439,0.14085298776626587,-0.35445597767829895
0.7714908123016357,-0.6243350505828857,0.6496084332466125,-0.1724708080291748,0.7980942726135254,0.425777792930603,0.5392735600471497
0.4500345289707184,0.9518280029296875,-1.006523847579956,-0.22857511043548584,-0.06814688444137573,0.2937135696411133,-2.471104621887207
0.4289507269859314,0.11930570006370544,0.628165602684021,-0.07546341419219971,1.2698783874511719,0.38480672240257263,0.6825064420700073
-0.08000525832176208,-0.23631927371025085,0.8845255970954895,0.765613853931427,0.40723878145217896,0.5711778998374939,1.1472454071044922
0.6068766117095947,1.0136053562164307,0.5315519571304321,0.5153553485870361,1.0470749139785767,0.9660664200782776,1.6780248880386353
-1.9549235105514526,-1.1682863235473633,-2.343871593475342,-2.849040985107422,-3.7183260917663574,-3.1770730018615723,-3.628664970397949
0.5196820497512817,0.9752113819122314,0.7398483753204346,0.7300074100494385,1.0227761268615723,0.5664013624191284,0.3011050522327423
-3.7141213417053223,-1.7281341552734375,-2.534478187561035,-1.8585269451141357,-1.0712499618530273,-1.4320852756500244,-1.2263741493225098
-1.6563324928283691,-1.5681281089782715,-1.5771490335464478,-1.9125617742538452,-1.0686991214752197,-1.732964277267456,-0.4823257327079773
-0.5271924734115601,-0.4554544687271118,-0.20020441710948944,0.6137253642082214,-0.024297211319208145,0.3668811321258545,0.5289027690887451
0.7441769242286682,-0.8565632104873657,-0.00880536437034607,-0.7954672574996948,-0.08517530560493469,-0.38112181425094604,0.1567574441432953
-1.9831514358520508,-0.8954520225524902,-1.423583745956421,-1.8385443687438965,-0.8478874564170837,-1.6519761085510254,-1.2884012460708618
3.372366189956665,3.491563320159912,3.726926326751709,4.617123603820801,5.548735618591309,4.895951747894287,4.497289657592773
4.086191177368164,2.155042886734009,1.1787372827529907,1.961913824081421,1.6584842205047607,2.1394612789154053,0.6232894062995911
-1.1081925630569458,-0.7537934184074402,-0.5983881950378418,-0.25426197052001953,0.030972182750701904,-0.02504962682723999,-0.5964257121086121
1.6225619316101074,2.755701780319214,2.91479754447937,2.4252095222473145,1.7839064598083496,2.2349507808685303,1.8525935411453247
-1.6697885990142822,0.1704833209514618,-1.0854697227478027,-0.290401816368103,-1.0493861436843872,-1.0399552583694458,-1.638566493988037
2.9654529094696045,2.364396810531616,2.3803884983062744,2.169217824935913,2.0693728923797607,1.994950532913208,0.8040038347244263
-2.2549962997436523,-2.073209285736084,-1.608428716659546,-2.4002161026000977,-1.653123140335083,-2.3000380992889404,-1.443801760673523
1.9455729722976685,2.653623580932617,2.768435001373291,2.672485589981079,2.1451735496520996,2.574075937271118,2.548130750656128
2.0084898471832275,0.35553762316703796,2.1564340591430664,0.8437929153442383,2.011279582977295,1.0595766305923462,1.7293791770935059
0.11302065849304199,-0.5761616826057434,-2.1708080768585205,-1.987109899520874,-1.6492369174957275,-2.035494804382324,-2.636903762817383
2.817654848098755,2.3902480602264404,1.546180248260498,2.100759506225586,1.0034921169281006,1.998839020729065,0.40246912837028503
-4.8573455810546875,-3.1671717166900635,-3.068044662475586,-2.2224392890930176,-3.296847105026245,-2.8584115505218506,-1.0782620906829834
1.0564662218093872,1.0825691223144531,0.9607871174812317,-0.5022362470626831,0.7791392803192139,-0.8331387042999268,0.37001821398735046
1.0859874486923218,-0.3255559206008911,-0.23370693624019623,0.9597150683403015,0.7107885479927063,0.603390097618103,-0.026944585144519806
1.7756801843643188,2.400263547897339,0.6383209228515625,1.4756228923797607,-0.18339961767196655,0.5128485560417175,-1.2941818237304688
0.0971793606877327,1.6413486003875732,1.756980061531067,1.6897333860397339,1.39778470993042,2.013664960861206,2.135265350341797
-1.9137159585952759,-1.2611815929412842,-1.487011194229126,-1.7674787044525146,-1.0648747682571411,-1.286706566810608,-1.9381914138793945
2.3695762157440186,2.115834951400757,2.048178195953369,2.7723093032836914,2.044487953186035,2.956007242202759,1.2168264389038086
-1.2186038494110107,-0.15204957127571106,-0.1439512073993683,0.6502965688705444,0.9652073979377747,0.8618772625923157,1.2260992527008057
-4.5763630867004395,-3.239276885986328,-3.4399914741516113,-2.503459930419922,-2.0200226306915283,-1.937194585800171,-1.5483715534210205
-2.9664103984832764,-2.567840337753296,-0.7259396314620972,-2.3696115016937256,-1.212247371673584,-1.27375328540802,0.5964311957359314
-1.7284319400787354,-1.1421802043914795,-0.2889890968799591,-0.5210719108581543,-0.7841126918792725,-1.097947120666504,-0.36148613691329956
0.9959243535995483,0.7707543969154358,-0.41497915983200073,-0.06726521253585815,-1.248180627822876,-0.45762330293655396,-1.9172320365905762
-1.3106436729431152,-1.1972347497940063,0.05461794137954712,-1.5404382944107056,-0.38479137420654297,-1.6052247285842896,0.37073183059692383
-0.8360198736190796,-0.33406949043273926,-0.08568765223026276,-0.3621572256088257,-0.6155620813369751,-0.04827149212360382,0.6618397831916809
-3.1912484169006348,-1.5640838146209717,-2.062692642211914,-0.6337026953697205,-1.1814651489257812,-0.5705565810203552,-0.38180410861968994
-0.676160991191864,-0.29930579662323,-1.2823771238327026,-0.7085260152816772,-1.615944743156433,-0.4530709981918335,-2.157679557800293
1.0197367668151855,1.4336559772491455,1.3877315521240234,2.324263334274292,1.8297548294067383,2.7605462074279785,2.5495033264160156
0.014827433973550797,-1.0209987163543701,-0.321265310049057,0.8504245281219482,-0.2277761697769165,0.3085564076900482,-0.12792029976844788
-1.6895482540130615,-2.0361788272857666,-0.6542920470237732,-0.5583425760269165,-0.43041008710861206,-0.8502913117408752,-0.849176824092865
3.7141642570495605,1.462265968322754,3.0122179985046387,2.4738993644714355,2.23539662361145,2.8147835731506348,0.4086945056915283
-1.7327111959457397,-1.6844205856323242,-1.911198377609253,-2.638481616973877,-2.066680669784546,-1.2632068395614624,-2.0454068183898926
0.34723663330078125,0.6726899147033691,0.2093445509672165,0.4698065519332886,1.0870355367660522,0.4920160174369812,0.002780243754386902
-0.8963512778282166,-1.4456815719604492,0.27935725450515747,-0.33898329734802246,0.32036125659942627,0.15962553024291992,1.0918009281158447
-2.633535623550415,-0.6878092288970947,-0.366030216217041,0.10059535503387451,-0.8753001093864441,-0.028157085180282593,0.43356072902679443
0.13810351490974426,0.8255045413970947,-0.7310080528259277,-0.42261937260627747,-1.0270570516586304,-0.11984315514564514,-2.655731201171875
-1.6029199361801147,-0.6003074049949646,-1.0360774993896484,-2.1019768714904785,-0.8162959814071655,-1.402038335800171,0.40845850110054016
-0.8752820491790771,-1.4359734058380127,-1.2678569555282593,-1.2531980276107788,-0.1621837317943573,-2.0516488552093506,-0.49654269218444824
-1.5371507406234741,-1.901985764503479,-0.7163546085357666,-0.23435233533382416,0.1461648941040039,-0.5455728769302368,0.7524417638778687
-2.17724609375,-1.6039299964904785,-1.2336639165878296,-0.3873409032821655,-1.7798372507095337,-0.9979933500289917,-1.4551267623901367
-0.1753770112991333,0.058639951050281525,0.4282911419868469,0.19395315647125244,1.6063365936279297,0.2521789073944092,1.8058351278305054
-4.530638694763184,-3.619664430618286,-2.2275779247283936,-2.614553213119507,-1.7835043668746948,-2.6745729446411133,-0.8449345827102661
1.3265844583511353,-0.5917958617210388,0.8663070201873779,0.5034214854240417,1.9348716735839844,0.9956746697425842,1.75247323513031
-0.19826442003250122,0.644135594367981,-0.8094567656517029,-0.697925865650177,-0.2977266311645508,-0.4879853129386902,-0.5820361971855164
-2.876478910446167,0.4716718792915344,-0.8379963636398315,0.4528101086616516,-1.8967199325561523,0.07721325755119324,-0.5644864439964294
0.06477828323841095,-1.1598498821258545,0.6672892570495605,-0.697119414806366,0.5590386390686035,-0.8908634781837463,0.6246397495269775
-1.683924674987793,-0.49942630529403687,-1.026737928390503,-0.01639898121356964,-0.6173127889633179,-0.07882755994796753,-0.20784255862236023
2.0718166828155518,2.6652941703796387,2.552943468093872,2.0321922302246094,1.3180046081542969,1.4137747287750244,0.7438068389892578
-1.5811998844146729,-1.4541281461715698,-0.5495796203613281,0.35742929577827454,-0.1891542375087738,0.4812614321708679,-0.25792041420936584
3.0001728534698486,2.1452219486236572,1.2793195247650146,1.303101897239685,-0.22798804938793182,0.3034239411354065,-0.5791127681732178
0.20061388611793518,-0.2404569834470749,-0.8329650163650513,-0.03395047038793564,-0.24394236505031586,0.051850415766239166,-2.169752359390259
0.5336754322052002,1.0969114303588867,0.09733595699071884,-0.11306590586900711,-0.38066837191581726,0.17329591512680054,-0.8819496631622314
1.4523491859436035,1.0951213836669922,2.2424137592315674,1.8823986053466797,1.748725414276123,1.8914194107055664,1.9173099994659424
4.558287620544434,4.51975154876709,3.2441163063049316,3.770197868347168,2.464630126953125,3.6287341117858887,2.1396169662475586
-2.213740587234497,-0.6995270252227783,-1.5962848663330078,-1.3344742059707642,-1.1559016704559326,-1.6599435806274414,-0.7333356738090515
-1.3734707832336426,-0.9971116185188293,-2.249784469604492,-1.7539432048797607,-2.654494047164917,-1.3593820333480835,-2.9525132179260254
-2.634603261947632,-1.9968653917312622,-3.13759708404541,-2.316286563873291,-3.11299467086792,-2.4265875816345215,-2.3463222980499268
-3.1878950595855713,-3.008507251739502,-4.521555423736572,-3.5948643684387207,-4.421505451202393,-3.4070663452148438,-5.7533111572265625
3.714991807937622,2.554969310760498,2.300487995147705,2.079015016555786,2.142571449279785,2.237598180770874,1.2270647287368774
2.5348918437957764,1.1061583757400513,1.9092220067977905,2.410701036453247,2.03715443611145,1.7763689756393433,1.9211150407791138
0.8839818239212036,0.14746010303497314,-1.162208080291748,-0.15268927812576294,-0.09938405454158783,-0.2445383071899414,-1.4407737255096436
-1.5542303323745728,0.3329855799674988,-0.9791429042816162,-0.9057456254959106,-0.7981613874435425,-1.0183017253875732,-1.2563161849975586
-2.0224485397338867,-1.4214272499084473,-1.3416744470596313,-2.3956825733184814,-2.3645195960998535,-1.9577598571777344,-2.585824489593506
1.278421401977539,0.9837419986724854,3.334912061691284,1.4757901430130005,1.8194036483764648,1.5102335214614868,2.76263689994812
2.901716947555542,1.4208654165267944,1.8958970308303833,1.137117624282837,2.0064029693603516,1.2642301321029663,1.1644885540008545
4.8746185302734375,4.638798236846924,5.209574222564697,3.341430902481079,3.842089891433716,3.629279136657715,4.6431732177734375
-5.309346675872803,-4.596218109130859,-5.176322937011719,-4.676074028015137,-4.0278000831604,-5.591283798217773,-4.5343780517578125
1.8422080278396606,1.530022382736206,1.5620055198669434,2.0298614501953125,2.0786561965942383,2.466143846511841,1.8850281238555908
-1.4565248489379883,-1.4968841075897217,-1.7855522632598877,-2.984919786453247,-2.419884443283081,-2.7290546894073486,-2.5975234508514404
-1.7793889045715332,-1.8253252506256104,-1.3700780868530273,-2.8011183738708496,-1.6134369373321533,-2.603889226913452,-1.4990020990371704
1.5261424779891968,2.234326124191284,1.6471482515335083,1.4713436365127563,0.29811620712280273,1.1527423858642578,-0.3766035735607147
-0.36785927414894104,9.63508129119873,-0.46830958127975464,14.52932071685791,2.641434907913208,16.077632904052734,-1.2949795722961426
0.48598191142082214,-0.7174283266067505,-1.4751824140548706,-1.4948643445968628,-2.0656402111053467,-1.8442184925079346,-3.3987927436828613
-4.366018772125244,-1.7036525011062622,-3.5980381965637207,-2.203901529312134,-3.784196376800537,-2.350695848464966,-3.76552414894104
1.7787647247314453,-0.09310519695281982,0.765313982963562,-0.6433789730072021,0.1742410659790039,-0.7180063724517822,-0.29031795263290405
-0.4091678857803345,0.9515999555587769,0.863031268119812,1.6529736518859863,0.6711325645446777,1.8989976644515991,2.066678524017334
-0.9181418418884277,-0.815686047077179,0.9286248087882996,1.4788986444473267,0.32832613587379456,0.9884907603263855,0.6202994585037231
0.44897422194480896,0.4918767809867859,0.28501152992248535,0.205463707447052,-0.28002387285232544,0.00023862719535827637,-0.5594989657402039
2.025578737258911,0.47213494777679443,0.7502959370613098,1.1819144487380981,1.3561815023422241,0.716621458530426,1.4902783632278442
1.6311029195785522,2.8417398929595947,2.4087376594543457,2.402177095413208,1.7461127042770386,1.7994179725646973,2.250663995742798
-2.6105828285217285,-2.1409196853637695,-2.689451217651367,-3.52634334564209,-4.087277889251709,-4.149604320526123,-3.326526165008545
1.4368361234664917,2.713074207305908,2.202984094619751,1.641638994216919,1.0304741859436035,1.8999643325805664,2.0631210803985596
1.3912795782089233,0.639227032661438,0.1465637981891632,1.4328598976135254,0.4471232295036316,0.9052405953407288,-0.14793618023395538
-1.3895494937896729,-2.053273916244507,-1.4865984916687012,-1.3357038497924805,-0.6156731843948364,-0.8430404663085938,-0.7048404216766357
0.40919679403305054,-0.46057838201522827,-1.3095152378082275,-1.687161922454834,-1.6568188667297363,-1.8807008266448975,-3.017367362976074
-0.9899160265922546,0.5248975157737732,-0.03972771763801575,0.38917428255081177,0.40434569120407104,-0.08339700102806091,0.6087733507156372
-1.4752291440963745,-0.7719436883926392,-1.163224697113037,-0.9870098233222961,-0.805772066116333,-1.2578413486480713,-0.558778703212738
-1.4968488216400146,-2.7870497703552246,-0.5494601726531982,-0.5844160914421082,-0.6787253618240356,-0.9070151448249817,-0.8530352711677551
-3.90714693069458,-2.460923910140991,-2.727449893951416,-3.2367711067199707,-3.4967877864837646,-2.7577929496765137,-2.9186956882476807
1.9290413856506348,1.4256651401519775,1.7860904932022095,2.041135549545288,2.1748082637786865,2.414271831512451,2.11177396774292
0.8861362338066101,-0.6437137126922607,-0.2545856237411499,-0.18385368585586548,0.0748816579580307,-0.7183409929275513,-1.066192388534546
-0.18003785610198975,-0.2892361283302307,-1.2495501041412354,-0.5363878607749939,-1.2384791374206543,-0.6251103281974792,-1.2634559869766235
-0.6814164519309998,-0.14046168327331543,-1.2159777879714966,-0.6406914591789246,-0.869083821773529,-0.06617394089698792,0.9094502925872803
4.643935680389404,5.393641471862793,4.770380020141602,4.685091972351074,3.274144172668457,4.685091972351074,3.6683943271636963
-6.160061359405518,-3.9280500411987305,-3.1050994396209717,-4.229736804962158,-3.8952465057373047,-3.5643444061279297,-2.825331211090088
0.8226443529129028,1.3786896467208862,0.09106097370386124,1.9497730731964111,0.463377445936203,1.8304513692855835,0.5567215085029602
-1.3046298027038574,-0.9298085570335388,-3.126394033432007,-1.3862217664718628,-2.4457273483276367,-1.564858317375183,-2.6355361938476562
0.9996091723442078,1.845949649810791,1.7212975025177002,3.2007224559783936,1.6487202644348145,3.269608974456787,1.2832404375076294
-2.8145837783813477,-1.8582466840744019,-0.6826616525650024,-2.0793097019195557,-1.2899311780929565,-1.4014620780944824,0.03267312049865723
-1.9415664672851562,-0.3242873251438141,-0.8130552172660828,-1.707045078277588,-0.4399186670780182,-0.8548793196678162,-0.4779294729232788
-2.255681276321411,-1.559323787689209,-2.559232234954834,-2.561026096343994,-2.221743583679199,-3.2253167629241943,-2.3668854236602783
3.036501169204712,2.79667592048645,3.40189528465271,2.727379083633423,2.1445071697235107,2.6347100734710693,2.456789493560791
3.580219268798828,1.8707876205444336,0.9414315223693848,1.4133877754211426,1.3637728691101074,1.2268195152282715,0.13413941860198975
-0.8678684234619141,-0.6116320490837097,-0.9305408000946045,-1.520281195640564,-0.7122969031333923,-1.0988975763320923,-1.0212219953536987
0.5698026418685913,0.8913875818252563,1.453142762184143,0.5584349632263184,0.7958482503890991,-0.43304210901260376,1.0856976509094238
0.4963875412940979,0.5562746524810791,0.9236706495285034,0.017960771918296814,0.38159751892089844,0.35761016607284546,1.7617721557617188
2.602216958999634,2.111815929412842,0.5155295133590698,1.7495455741882324,0.7000476121902466,1.8358588218688965,0.5596604943275452
0.5738412141799927,0.5604270696640015,0.050849657505750656,0.35263922810554504,0.1875980645418167,-0.033106040209531784,0.37470853328704834
-19.682491302490234,-6.862076282501221,-27.856130599975586,-1.246166467666626,-22.712587356567383,-0.4588892459869385,-35.41471862792969
0.10071791708469391,1.3880897760391235,-0.5965045690536499,-0.5784628391265869,-0.6284877061843872,-0.5965045690536499,0.0076323747634887695
-2.302147388458252,-2.293334484100342,-3.4078238010406494,-2.2912843227386475,-1.8612545728683472,-2.1555609703063965,-1.666934847831726
0.2959934175014496,-0.6267040967941284,0.6909599900245667,0.21039290726184845,1.1590209007263184,0.19071097671985626,1.770262598991394
0.3388582170009613,-0.3441387712955475,0.4812720715999603,0.10936564207077026,0.3201262652873993,0.07656240463256836,0.11466504633426666
-2.345041275024414,-1.0203721523284912,-2.013284683227539,-1.79801344871521,-1.4572701454162598,-1.2710093259811401,-1.1117655038833618
0.9068648815155029,0.9469592571258545,1.6911821365356445,-0.028526388108730316,1.2368576526641846,0.3052463233470917,1.4089215993881226
-0.5367515087127686,-0.11535117030143738,-0.28326258063316345,0.60816490650177,0.4806423485279083,0.48863813281059265,-0.9655739068984985
-0.5317376255989075,-1.068182110786438,-0.7959154844284058,-1.3486496210098267,-1.3162564039230347,-0.9045761227607727,-2.0730412006378174
-1.354781985282898,-1.2700700759887695,0.20771479606628418,-1.2151246070861816,-0.5582402944564819,-1.8047624826431274,1.1161396503448486
3.450420379638672,1.498023509979248,1.4594796895980835,1.954500675201416,1.8100128173828125,2.055063009262085,0.7482976913452148
1.194534182548523,0.09773905575275421,1.729288935661316,0.4163402318954468,0.4413527250289917,0.2925081253051758,0.7559953927993774
-2.549595355987549,-2.1094813346862793,-2.777026891708374,-1.9520258903503418,-1.7404451370239258,-1.8975930213928223,-1.3985536098480225
1.1362426280975342,0.40288951992988586,1.0154383182525635,0.8403511643409729,0.7062680125236511,0.8493720293045044,1.2345751523971558
-5.917117118835449,-4.506217002868652,-4.356142044067383,-3.9626059532165527,-4.205042362213135,-4.330309867858887,-3.4741923809051514
-0.12058007717132568,0.8501007556915283,-0.6260181665420532,0.5120483040809631,0.7668882608413696,0.7839049100875854,1.5822173357009888
0.9638820290565491,0.7518013119697571,0.7856295704841614,0.3937336802482605,1.1747575998306274,0.6557493805885315,1.3613921403884888
-5.498517036437988,-4.362889766693115,-5.323614120483398,-3.7010855674743652,-5.264568328857422,-4.058435440063477,-4.85616397857666
-0.8554399609565735,0.7981041669845581,0.7538198232650757,-0.9011023044586182,-1.5959665775299072,-0.7124837636947632,-0.39594513177871704
-3.757321357727051,-4.0117106437683105,-3.500800609588623,-3.4142820835113525,-2.8758127689361572,-3.4208426475524902,-2.8055059909820557
0.9317440390586853,0.3773247003555298,0.28445059061050415,-0.2339426875114441,0.2662038207054138,0.31212830543518066,0.13021782040596008
-0.7522923350334167,-0.4417266547679901,0.3031882047653198,-0.17069011926651,-0.6295250654220581,0.21469640731811523,-0.05433948338031769
2.4984116554260254,2.0834450721740723,1.8943649530410767,2.0019333362579346,1.8566412925720215,2.3344407081604004,1.6070998907089233
1.3579643964767456,1.181718349456787,1.164496660232544,1.3637759685516357,1.3469643592834473,0.7743433713912964,0.3618502616882324
-1.6984845399856567,-1.7440917491912842,-1.6948869228363037,-1.7748446464538574,-0.09983068704605103,-1.053584098815918,-1.038182258605957
-4.630955696105957,-2.9653005599975586,-4.642569541931152,-2.52594256401062,-4.346520900726318,-2.67765736579895,-4.692214488983154
-1.1596940755844116,-0.9649673700332642,-2.5430068969726562,-0.408952921628952,-0.9717330932617188,-0.4442163407802582,-1.889421820640564
0.6794478893280029,0.6775058507919312,0.43865740299224854,-0.6223214864730835,0.01513718068599701,0.00293847918510437,-0.3840143382549286
-2.162914991378784,-1.7312932014465332,-2.2122702598571777,-2.5099592208862305,-1.8912088871002197,-1.7386739253997803,-0.7055293321609497
1.8313989639282227,2.3216583728790283,2.108642578125,3.082692861557007,1.7293554544448853,2.3907501697540283,2.172726631164551
-4.765414714813232,-2.5847253799438477,-3.5636963844299316,-2.636800765991211,-2.9697532653808594,-2.5560226440429688,-2.4195895195007324
-2.1505656242370605,-1.9003700017929077,-1.7216434478759766,-1.49002206325531,-1.3637295961380005,-3.1588857173919678,-0.9818066954612732
0.2834053337574005,0.6218170523643494,0.7134609818458557,1.5282106399536133,1.161634922027588,1.2338018417358398,1.825287938117981
-4.367412567138672,-2.4979422092437744,-1.596879005432129,-2.635612964630127,-1.8634049892425537,-1.9495134353637695,0.797956109046936
0.6750286221504211,-0.6472373008728027,-1.6890466213226318,-2.607537031173706,-1.8522428274154663,-1.7021679878234863,-2.3096373081207275
3.119802951812744,0.9989108443260193,2.8990368843078613,0.3879510760307312,1.5757348537445068,1.1001908779144287,1.6632299423217773
-2.9974467754364014,-1.5262584686279297,-2.61399245262146,-2.3642778396606445,-2.6145050525665283,-2.9117839336395264,-1.9807926416397095
2.919081449508667,3.282904624938965,1.1043614149093628,1.5665791034698486,1.002671480178833,1.3926196098327637,-0.1589546501636505
-2.0422394275665283,-2.168321371078491,-2.3257765769958496,-1.6307587623596191,-2.3159356117248535,-1.9600210189819336,-2.674017906188965
1.5590461492538452,1.6542935371398926,0.40244078636169434,0.7554852962493896,1.381136178970337,0.24744558334350586,0.6732553243637085
-0.6989080905914307,-1.4053949117660522,-0.5184524655342102,-0.28065478801727295,0.6513665318489075,0.13963644206523895,0.38102930784225464
2.565513849258423,2.7607641220092773,2.070256233215332,1.486154317855835,2.7993078231811523,2.1342225074768066,2.2329063415527344
-2.8685152530670166,-1.5617610216140747,-2.5317494869232178,-1.0146008729934692,-2.536669969558716,-1.249553918838501,-1.915824055671692
1.4917353391647339,0.7058493494987488,1.5417163372039795,1.5050175189971924,1.2282404899597168,1.7615234851837158,1.525765061378479
0.30867958068847656,-0.4191794991493225,-0.0042188819497823715,0.26989296078681946,-0.29862773418426514,-0.07966624945402145,-0.28907689452171326
1.012542724609375,1.5993362665176392,1.3360904455184937,2.0265979766845703,2.472721576690674,2.114346742630005,1.6519299745559692
1.4420192241668701,1.4184809923171997,2.038769245147705,1.1043901443481445,1.4176608324050903,1.0539551973342896,0.9946653842926025
-1.057499885559082,0.06947723031044006,-0.8267167806625366,-0.550093412399292,-0.5937627553939819,0.17116720974445343,-0.343142032623291
1.1998884677886963,0.7583749890327454,1.6844507455825806,1.0603694915771484,1.2250006198883057,1.2906070947647095,0.19826501607894897
2.2313570976257324,0.009182095527648926,0.5584309101104736,0.9478152990341187,1.0494539737701416,0.3208126127719879,1.062450885772705
0.049161456525325775,0.002623051404953003,-0.30388200283050537,-0.6036213636398315,-0.7602567076683044,-0.7036711573600769,-0.7017739415168762
-0.0808933675289154,0.4710521996021271,0.5953201055526733,0.012550413608551025,0.3426326811313629,0.5056397914886475,0.38479629158973694
2.213261604309082,0.7711106538772583,0.7506086826324463,0.3315476179122925,0.27824240922927856,0.9582940340042114,-0.09193703532218933
-1.842768907546997,-2.025808572769165,-2.698274850845337,-2.808985471725464,-2.8130857944488525,-2.968080759048462,-2.155627489089966
-2.1126387119293213,-1.5773849487304688,-1.8569811582565308,-2.0472910404205322,-1.252838134765625,-0.6127654314041138,-2.4248368740081787
-1.7050902843475342,-2.123037099838257,-1.1090078353881836,-2.332157611846924,-1.086865782737732,-2.0340585708618164,-0.968263566493988
-1.2095650434494019,-1.2182996273040771,-1.0048736333847046,-1.7907156944274902,-1.4565329551696777,-1.995735764503479,-0.9914420247077942
1.2769955396652222,1.429703950881958,1.1229939460754395,1.454716444015503,0.8544176816940308,0.8720494508743286,0.13663356006145477
2.6278769969940186,1.683593511581421,2.7173047065734863,2.195836305618286,2.3585195541381836,1.9359731674194336,1.1751415729522705
-3.0161068439483643,-1.7125670909881592,-1.6260485649108887,-1.55808424949646,-2.141571521759033,-2.0135364532470703,-1.5213978290557861
-0.8443042039871216,0.3820348083972931,-1.1314235925674438,-1.0293235778808594,-1.4967693090438843,-0.9946751594543457,-1.8466808795928955
-0.2495570182800293,1.638967752456665,0.9615811705589294,2.110513687133789,0.6507705450057983,2.156438112258911,2.484963893890381
1.5113786458969116,1.5720168352127075,1.6942088603973389,0.2787502408027649,0.27844274044036865,0.08541630208492279,-0.6817506551742554
2.6482396125793457,2.00785231590271,2.162027359008789,1.1018685102462769,1.700322151184082,1.2826449871063232,1.6380245685577393
-1.6693696975708008,-1.9259021282196045,-0.9692785143852234,-0.85836261510849,-0.31218913197517395,-1.4236029386520386,-0.10086667537689209
-0.5738265514373779,0.8235257863998413,0.5496188402175903,-0.4043395221233368,-0.3547246754169464,-0.7563591003417969,1.0633995532989502
1.662122130393982,0.3739340007305145,0.6010962724685669,-0.349376916885376,1.5161008834838867,0.4149380028247833,0.7466276288032532
-0.7321934700012207,-0.1615065485239029,-0.4448442757129669,-0.016352295875549316,-1.096398115158081,-0.5651910901069641,-0.16651536524295807
0.5220896601676941,0.46964922547340393,-1.305004596710205,-0.2063019871711731,-1.775730848312378,-0.4660624861717224,-2.76304292678833
-0.033835023641586304,-0.5400239825248718,-0.10184799134731293,-0.6171115040779114,-0.2967676520347595,-0.14582161605358124,-0.9992305040359497
-0.4123719036579132,0.21125462651252747,0.36850500106811523,-0.009244479238986969,0.35456371307373047,-0.1398550420999527,0.4326286017894745
2.8204002380371094,2.253419876098633,1.5198581218719482,1.1776795387268066,0.694037139415741,1.1782946586608887,0.7405498623847961
2.0771424770355225,1.7352519035339355,2.4517970085144043,1.7164925336837769,1.8498581647872925,1.3939958810806274,1.453059196472168
0.01133420318365097,1.043452262878418,0.5485337376594543,0.19856446981430054,0.9073188900947571,0.8269509673118591,0.7941688299179077
1.3607796430587769,0.5355430245399475,-0.0176011323928833,0.6688060760498047,0.6091452240943909,1.3992927074432373,-0.38508474826812744
0.4902958273887634,1.2188249826431274,0.9641900658607483,0.7573246955871582,0.3598933219909668,0.8309268951416016,0.04900577664375305
0.7799116373062134,2.1635608673095703,-0.030153930187225342,0.3093593120574951,-0.5386037230491638,-0.504160463809967,-0.5341085195541382
3.251922369003296,2.536682605743408,4.17438268661499,2.0089609622955322,2.1284875869750977,2.038688898086548,2.99448561668396
-0.35887715220451355,-0.5610182285308838,-0.3674792945384979,-0.1887017786502838,-0.8390254974365234,-0.45276764035224915,-1.7821567058563232
0.0007471144199371338,-0.8939610123634338,-1.6779577732086182,-1.13055419921875,-2.040433406829834,-1.4745779037475586,-1.7275372743606567
-1.6112730503082275,-1.340966820716858,-0.4194016456604004,-2.3084568977355957,-0.594488799571991,-2.1280391216278076,-1.3940037488937378
1.6975321769714355,1.1215531826019287,2.3639750480651855,1.2314438819885254,0.7295547723770142,1.2134020328521729,0.4020003080368042
0.2615395784378052,0.44559934735298157,-1.9137717485427856,-1.440995454788208,-2.144214153289795,-1.301581859588623,-1.997646689414978
-2.5206477642059326,-1.1242554187774658,-1.5824753046035767,-1.3936518430709839,-2.145050287246704,-2.5157265663146973,-2.457926034927368
-3.910532236099243,-4.155450820922852,-3.3616130352020264,-3.5965662002563477,-2.841477155685425,-3.5237839221954346,-2.8126559257507324
3.1719675064086914,2.95302152633667,3.455730676651001,2.518378973007202,1.4243916273117065,1.6331021785736084,1.1163207292556763
1.5486204624176025,0.4568771421909332,0.6341170072555542,0.22469192743301392,0.6685603857040405,0.7708653807640076,0.6831401586532593
-0.28803375363349915,0.3936568796634674,0.3579833507537842,1.1825742721557617,0.7159484624862671,0.43958139419555664,0.6557654142379761
1.3280131816864014,1.142103672027588,0.5866144895553589,0.3513411283493042,0.6420853137969971,0.6967488527297974,0.050041958689689636
2.39154052734375,3.1034467220306396,3.162492513656616,4.432796955108643,3.924347162246704,3.640599250793457,3.3239998817443848
2.5464370250701904,1.516618251800537,1.8389610052108765,1.7326581478118896,0.9766464829444885,1.446603775024414,1.314766526222229
1.3108859062194824,-0.09756883978843689,-0.3616347014904022,0.581047534942627,-0.6601439714431763,0.10704115033149719,-1.8555285930633545
0.18559032678604126,-0.810820996761322,-0.5012406706809998,0.4900313913822174,0.15205581486225128,-0.3081117570400238,-0.5472660660743713
2.750260353088379,0.8387086391448975,2.0514025688171387,2.2549872398376465,2.200861930847168,2.988959312438965,2.826413631439209
-0.06409086287021637,-0.1917029619216919,-0.5902620553970337,-0.04665125906467438,-0.6142494082450867,-0.14993011951446533,-0.17826054990291595
-2.049208641052246,-2.2922048568725586,-2.4529407024383545,-1.3814032077789307,-1.4981365203857422,-1.5968279838562012,-1.1072666645050049
-3.2154173851013184,-2.698331117630005,-1.1192666292190552,-2.2235045433044434,-1.934016466140747,-1.8090566396713257,-1.1028646230697632
1.390311598777771,0.9422138929367065,0.19430062174797058,0.7072609066963196,0.6285331845283508,-0.30758851766586304,0.12236274033784866
-1.1953125,-2.4082963466644287,-2.7445292472839355,-2.3353095054626465,-2.4673421382904053,-2.3467905521392822,-2.0104660987854004
-4.278576850891113,-3.161360740661621,-5.097160816192627,-3.734187126159668,-4.279540538787842,-3.95806884765625,-5.810390949249268
-0.5387496948242188,-1.008284091949463,-0.9246358275413513,-2.024773597717285,-0.5687721967697144,-1.9509663581848145,-1.2253434658050537
-1.2505110502243042,-0.28831690549850464,-0.3477727472782135,-0.15669399499893188,-1.3454004526138306,-1.0546820163726807,-1.4432713985443115
-3.839926242828369,-2.982832908630371,-3.9079861640930176,-3.9629313945770264,-3.829258441925049,-4.016236782073975,-3.237445592880249
-1.4987794160842896,-0.8492460250854492,0.6471956372261047,-0.5166009664535522,-0.41091305017471313,-0.24956226348876953,1.6180500984191895
4.073687553405762,2.9101901054382324,3.414539337158203,2.859344959259033,3.503108024597168,2.5550951957702637,3.6482300758361816
-0.6350515484809875,-1.3616970777511597,-0.6720094084739685,-1.3765610456466675,-0.9239791035652161,-1.2636462450027466,-0.24308070540428162
-3.272618532180786,-3.152350425720215,-2.1327855587005615,-1.7024484872817993,-1.5823067426681519,-1.4736461639404297,-1.936545729637146
-1.200947642326355,-2.079767942428589,-1.9501951932907104,-2.022362232208252,-1.512682318687439,-1.6885895729064941,-1.4040709733963013
-1.6844713687896729,-2.196654796600342,-1.708296775817871,-2.5927536487579346,-1.7994282245635986,-2.3614909648895264,-1.057473063468933
-0.9581560492515564,-0.8523693084716797,-1.490391731262207,-0.6182363033294678,-1.5395965576171875,-0.9844021797180176,-1.907214641571045
-1.3032344579696655,-2.669524669647217,-3.1927361488342285,-2.3628146648406982,-1.6997795104980469,-2.6039183139801025,-2.0074009895324707
0.6809707880020142,1.0986741781234741,0.9408086538314819,1.1675609350204468,1.4283465147018433,1.4144052267074585,1.8250229358673096
-2.5046873092651367,-1.2991926670074463,-2.2074828147888184,-1.179460883140564,-2.5772876739501953,-1.343066930770874,-2.1830995082855225
0.7000746726989746,1.3869246244430542,1.454991340637207,2.5083844661712646,2.031097650527954,2.9413869380950928,2.779125690460205
-0.6122293472290039,0.4552884101867676,-0.7342381477355957,0.8308851718902588,-0.182016521692276,1.1794192790985107,-0.870488166809082
0.4022645950317383,0.08876270055770874,-0.9033294916152954,0.5977250337600708,0.33335161209106445,1.6397396326065063,0.050835609436035156
0.6064763069152832,0.034693554043769836,-0.7333117127418518,-0.3675558567047119,-0.6841068863868713,-0.35033416748046875,-1.0895159244537354
-2.9392552375793457,-1.806337594985962,-2.6727523803710938,-1.770664095878601,-1.6841456890106201,-1.328230857849121,-1.626744031906128
-2.063835859298706,-0.2670980989933014,-1.5302269458770752,-1.5101349353790283,-2.239391326904297,-2.3394410610198975,-2.4357998371124268
2.9521689414978027,1.2387020587921143,2.7546207904815674,1.1530036926269531,4.213543891906738,2.6090564727783203,3.957901954650879
2.1575465202331543,1.1714603900909424,0.45936158299446106,0.6389591693878174,0.8751423358917236,1.302506685256958,-0.6316580772399902
3.5081942081451416,1.6983282566070557,2.191094160079956,1.3301122188568115,1.7036588191986084,1.673520803451538,1.2861096858978271
1.8148188591003418,1.6372344493865967,0.8999823331832886,2.4802768230438232,0.8485223054885864,1.6757781505584717,0.05737323313951492
-3.8186299800872803,-3.2274961471557617,-5.128698825836182,-4.897436141967773,-5.827406883239746,-5.801164150238037,-7.007755756378174
-1.2240878343582153,-1.7692512273788452,-0.354202538728714,-1.3649516105651855,-0.02494027651846409,-0.8015563488006592,0.17347556352615356
-1.4579992294311523,0.06596072763204575,-0.9185457229614258,-0.6396158933639526,-2.1638379096984863,-0.7813872694969177,-1.2486307621002197
-0.03162075951695442,0.3388063907623291,0.18135100603103638,1.5406341552734375,1.868666648864746,1.5291531085968018,0.7052366733551025
1.2756463289260864,2.5301718711853027,3.1763951778411865,1.8117812871932983,2.807358980178833,2.6974680423736572,3.146200180053711
-1.0405304431915283,-1.1295772790908813,-1.1029247045516968,-1.065200924873352,-0.6022655963897705,-0.6488052606582642,-2.270246744155884
2.790459632873535,1.9693067073822021,3.2775397300720215,2.6196303367614746,3.4341752529144287,2.4473109245300293,3.70052170753479
-1.732961654663086,-1.8422712087631226,-1.40786874294281,-2.386634588241577,-1.8812857866287231,-1.998224139213562,-1.63581383228302
-1.6232203245162964,-1.7248480319976807,-1.8691821098327637,-1.1024069786071777,-1.418138027191162,-0.9383909106254578,-1.8957080841064453
-0.3282902240753174,0.7426223754882812,0.9029482007026672,0.8344714045524597,-0.27304694056510925,0.8393918871879578,1.288292646408081
1.493628978729248,1.2601181268692017,0.7557687759399414,1.6059356927871704,0.9894915819168091,1.4669833183288574,-0.4379521310329437
1.4202888011932373,0.7371556162834167,2.2965383529663086,2.44415283203125,2.364604949951172,2.477776050567627,2.817732572555542
0.7942655086517334,0.08153645694255829,0.238991841673851,-0.881237804889679,-0.6680169701576233,-1.3503237962722778,-0.31838512420654297
-3.052760601043701,-2.616865634918213,-2.5498242378234863,-3.4204418659210205,-2.394521474838257,-3.1157820224761963,-1.4194416999816895
3.75703763961792,4.015135288238525,4.43009614944458,3.2594313621520996,4.034817218780518,2.818843126296997,4.4563093185424805
-2.9777755737304688,-1.432625651359558,-1.8049421310424805,-0.17954280972480774,-0.6176708340644836,0.03859850764274597,0.7306709289550781
0.5086376667022705,1.3553662300109863,0.8348202705383301,1.8123559951782227,2.629565954208374,1.8750920295715332,2.8373215198516846
-12.903120040893555,-17.770980834960938,-13.897741317749023,-17.418346405029297,-14.437302589416504,-16.778682708740234,-13.051941871643066
1.1243982315063477,1.0154063701629639,1.0449292659759521,0.5809431076049805,0.3158777952194214,0.6330278515815735,0.17994415760040283
-1.7459043264389038,-1.022396445274353,-2.2521839141845703,-1.6207219362258911,-0.984544575214386,-1.6424540281295776,-0.36660635471343994
-1.8459298610687256,-1.9016351699829102,-2.410597801208496,-3.636105537414551,-3.060819149017334,-3.0415472984313965,-2.202815055847168
-0.20995500683784485,-0.3251327872276306,-0.9274816513061523,-0.7413234710693359,-0.6404536962509155,-0.5477846264839172,-1.3976978063583374
0.06227909028530121,0.8442135453224182,0.3549139201641083,0.24863022565841675,-0.08985792845487595,0.20168061554431915,0.015827074646949768
0.7948895692825317,3.01832914352417,3.0872159004211426,2.1301822662353516,3.1200191974639893,2.6107492446899414,4.529217720031738
0.2540050446987152,-0.4439840614795685,1.390535831451416,-0.7892378568649292,0.3541592061519623,-0.3361433744430542,1.441381812095642
-3.8306281566619873,-3.725553274154663,-3.866607189178467,-2.8423268795013428,-2.6922521591186523,-1.7001084089279175,-2.6610052585601807
2.2082202434539795,2.698390245437622,2.4228434562683105,1.9577082395553589,2.5848093032836914,1.9543853998184204,1.4189609289169312
0.6534157991409302,0.6945004463195801,0.8507256507873535,3.203946352005005,2.5806851387023926,2.8586924076080322,3.0825576782226562
-0.15851277112960815,-1.869640588760376,-2.3502073287963867,-3.0374348163604736,-2.0270957946777344,-2.5798299312591553,-3.1974732875823975
4.123873233795166,3.106405735015869,3.9014737606048584,3.9514987468719482,3.630437135696411,3.501274585723877,3.143329620361328
1.7416887283325195,2.0468311309814453,2.3219680786132812,1.8477566242218018,1.6336644887924194,1.7084455490112305,1.549390435218811
-1.3700838088989258,-1.8064383268356323,-2.278599500656128,-3.9532036781311035,-2.6213932037353516,-2.7919697761535645,-2.8071727752685547
-0.5211568474769592,-0.976341724395752,-1.0367201566696167,-1.5195424556732178,-1.2411251068115234,-1.0486112833023071,-1.5264089107513428
0.7503098249435425,0.25273266434669495,0.8173579573631287,0.5524719953536987,0.6660531163215637,0.11167886853218079,-0.38511988520622253
-3.246805191040039,-1.1142933368682861,-1.8330937623977661,-0.6852889657020569,-1.603471279144287,-0.15028901398181915,-0.6381853818893433
4.877584934234619,3.260499954223633,3.0591702461242676,3.696834087371826,4.715732574462891,3.6679515838623047,3.7869482040405273
4.642601490020752,5.247752666473389,4.8727707862854,5.812788009643555,5.2024431228637695,6.316317558288574,5.094404220581055
-0.8814386129379272,-1.3984155654907227,-1.0203584432601929,-0.9116979241371155,-0.6400463581085205,0.042260490357875824,0.1831658035516739
2.31258225440979,1.3083305358886719,1.9762861728668213,1.5233967304229736,1.5458977222442627,0.9987502098083496,0.6784467697143555
-1.2105939388275146,-0.19044117629528046,-1.1224623918533325,-1.011136531829834,-0.7722881436347961,-0.6130003929138184,-0.9349745512008667
1.1834756135940552,-0.0705956220626831,-0.7237381935119629,-0.3745891749858856,-0.3409658372402191,-0.688884973526001,-1.3926341533660889
-3.331470489501953,-1.7938276529312134,-2.527799606323242,-1.1890184879302979,-2.010328769683838,-1.2275623083114624,-2.493471145629883
-2.838486671447754,-2.1542181968688965,-1.3704262971878052,-2.193171977996826,-1.632800817489624,-2.627814292907715,0.2843210697174072
1.0580651760101318,-0.26723921298980713,0.49133509397506714,-0.6018320322036743,0.3137877285480499,-0.12331508845090866,-0.04947766661643982
-3.462001323699951,-3.2013673782348633,-2.4694457054138184,-2.733921766281128,-1.9993348121643066,-1.971657156944275,-1.3426487445831299
3.842831611633301,2.1380386352539062,1.3537342548370361,2.6404402256011963,1.722360372543335,2.7892849445343018,1.284311294555664
2.0175065994262695,2.4362168312072754,2.7412867546081543,2.533806324005127,2.4657397270202637,2.187732696533203,2.8845624923706055
7.863742828369141,6.034237861633301,5.678733825683594,7.309462547302246,7.30577278137207,8.206220626831055,6.558652877807617
0.45349493622779846,1.15577232837677,1.2767341136932373,1.220353603363037,0.5425572395324707,1.0741742849349976,0.42286190390586853
-0.7549850344657898,-1.1102956533432007,-0.8958446383476257,-0.785338819026947,-0.7156320214271545,-0.27084100246429443,-0.08022833615541458
2.488098382949829,2.6354753971099854,1.6698306798934937,2.5567476749420166,2.3492672443389893,2.6215341091156006,1.2083537578582764
-1.6216336488723755,-2.179777145385742,-2.6316416263580322,-2.0772671699523926,-0.8360756635665894,-1.9194016456604004,-2.4105710983276367
-0.6924520134925842,0.19364327192306519,-1.1693302392959595,-0.025728225708007812,-1.1594892740249634,-0.5509896874427795,-1.5312594175338745
-2.5800158977508545,-2.371246814727783,-1.6549063920974731,-3.0281310081481934,-2.259920835494995,-2.8714957237243652,-1.1441988945007324
2.1640689373016357,1.888430118560791,2.5440845489501953,1.65183687210083,1.5608079433441162,2.00529146194458,2.1951184272766113
-1.035137414932251,-0.7748167514801025,-1.286393165588379,-0.8751227855682373,-1.2375984191894531,-0.267853319644928,-0.4676271378993988
-1.9584007263183594,-2.1106200218200684,-2.636906385421753,-2.095858573913574,-1.38853919506073,-1.9003719091415405,-2.2939329147338867
0.28089356422424316,-0.42196592688560486,-0.4687105119228363,-0.7700899839401245,-0.18250243365764618,-0.12919721007347107,-0.1796860545873642
0.07604017108678818,0.3049730956554413,0.7648331522941589,0.9895351529121399,0.33326587080955505,0.6647833585739136,0.4228470027446747
0.961400032043457,-0.1470271348953247,-1.819991111755371,-0.4151933789253235,-1.7511043548583984,-0.6915604472160339,-2.932267665863037
-0.4543483257293701,0.24373841285705566,0.15927021205425262,0.45285895466804504,0.41103485226631165,0.13220755755901337,0.16306813061237335
-0.5954228639602661,-1.027523159980774,-0.7858043909072876,-1.2038403749465942,-1.6614452600479126,-0.7691977620124817,-1.718597412109375
-2.3224618434906006,-2.0754613876342773,-2.7419817447662354,-2.4217402935028076,-2.374175786972046,-2.0500388145446777,-3.020164966583252
-1.5950002670288086,-1.6244497299194336,-0.9698207378387451,-1.879699945449829,-0.5257472395896912,-1.9018421173095703,-0.4120129346847534
0.6439859867095947,-0.4010738432407379,0.3594609797000885,0.18538609147071838,-0.3895926773548126,-0.13741806149482727,0.6638485193252563
-0.5560702681541443,-1.6244233846664429,-1.3103326559066772,-2.0848987102508545,-1.0841954946517944,-1.9832085371017456,-1.6579961776733398
1.7787193059921265,1.5584436655044556,1.3137009143829346,0.8255993723869324,0.7259596586227417,1.1042217016220093,0.2160426378250122
0.3714257776737213,-0.43345731496810913,0.5120953321456909,0.6217809915542603,0.5738062858581543,0.8179852962493896,0.020424798130989075
-1.5005648136138916,-0.9971828460693359,-1.365604043006897,-0.26341599225997925,-0.9008234739303589,-0.16992683708667755,-0.211083322763443
-3.4689793586730957,-2.6591451168060303,-1.5857622623443604,-2.0072836875915527,-2.7012767791748047,-1.7940627336502075,-0.9276989698410034
-0.4080852270126343,0.5870592594146729,-0.5138985514640808,-0.12497551739215851,-0.25967368483543396,-0.29042670130729675,0.7334458231925964
1.658616304397583,3.1684582233428955,1.9315721988677979,1.5060017108917236,0.777924120426178,1.620351791381836,1.3602759838104248
-0.8795064687728882,0.18217185139656067,-0.28414636850357056,-0.5620510578155518,-0.36311110854148865,-0.08332917094230652,-1.405853033065796
-0.8679095506668091,0.0929134339094162,-2.316892623901367,-1.4320259094238281,-1.2122443914413452,-1.1171151399612427,-1.7860314846038818
-2.8870255947113037,-1.6329374313354492,-1.978447675704956,-1.1479111909866333,-1.4768147468566895,-1.4912173748016357,-0.6458172798156738
1.822522521018982,1.2983523607254028,1.4119335412979126,1.1458494663238525,0.36428090929985046,1.1341696977615356,-0.12913495302200317
-3.8228201866149902,-2.685574531555176,-2.644775629043579,-2.670403003692627,-2.1237170696258545,-2.7081267833709717,-0.30941247940063477
-1.3911738395690918,-1.2082397937774658,0.012014053761959076,-0.01668880134820938,-1.0125738382339478,-0.6543011665344238,0.08316802233457565
0.7119808197021484,0.7602279782295227,1.7640576362609863,1.998600721359253,2.150315284729004,2.0150020122528076,2.332493543624878
3.0170540809631348,1.9749547243118286,4.026795864105225,3.43141770362854,4.425354957580566,3.91198468208313,4.730929374694824
2.040692090988159,0.7907764911651611,0.4656146764755249,1.0515620708465576,1.0092253684997559,1.7424798011779785,0.3702753186225891
1.1951124668121338,1.0150154829025269,1.5624191761016846,1.0916930437088013,1.2876921892166138,0.7571002244949341,0.9496066570281982
1.6751930713653564,0.04499807581305504,0.4259253740310669,0.9079275727272034,0.9675884246826172,1.0044920444488525,1.893783688545227
1.375866413116455,0.8917630314826965,0.6257494688034058,0.5176013708114624,0.5831308364868164,0.6826425194740295,0.972148060798645
-0.374016672372818,0.015239924192428589,-0.26235726475715637,0.24322223663330078,-0.6147868633270264,0.05993428826332092,-0.09812481701374054
1.096510648727417,-1.1260803937911987,0.46808746457099915,-0.7061992883682251,0.011371076107025146,-0.615990400314331,-0.8882566690444946
-1.9591996669769287,-0.2504068613052368,0.728769063949585,-1.4531570672988892,-0.6149325966835022,-1.9836466312408447,0.7771636247634888
-0.8127066493034363,0.41693592071533203,0.06840179860591888,-0.10053467005491257,-0.5456333756446838,-0.0513298362493515,-0.38583049178123474
2.7005505561828613,2.6111955642700195,3.1906850337982178,2.8743388652801514,2.1735801696777344,2.6250345706939697,2.672931671142578
-0.35954535007476807,-0.03352229669690132,-2.3576297760009766,-0.20983955264091492,-1.7278082370758057,-0.5583736896514893,-2.1564033031463623
-1.7072627544403076,-1.6575696468353271,-1.5722811222076416,-1.8418827056884766,-1.4496791362762451,-1.6805317401885986,-1.678105115890503
-1.2828506231307983,-1.4451109170913696,-1.1872212886810303,-1.6921857595443726,-1.09988272190094,-0.6601145267486572,-0.818906307220459
-3.765475273132324,-1.5876328945159912,-1.857541799545288,-1.5585200786590576,-2.4807004928588867,-1.4707715511322021,-1.8343188762664795
-0.8527234792709351,0.15890495479106903,-0.3350909650325775,-0.5801924467086792,-1.3697247505187988,-0.7243216037750244,-0.08379433304071426
-2.1866726875305176,-1.7433351278305054,-2.1252875328063965,-1.999405026435852,-2.9601292610168457,-1.7035611867904663,-3.3137176036834717
1.7329230308532715,0.8562983274459839,2.4252142906188965,1.0372285842895508,2.4317750930786133,1.7900623083114624,2.8151865005493164
1.446768045425415,0.7574890851974487,0.8274009227752686,0.17974252998828888,0.8874717950820923,0.6734309196472168,0.7459948658943176
0.6445698738098145,-0.32329773902893066,0.09962666034698486,-0.3098112940788269,0.30997729301452637,1.0537900924682617,0.45765966176986694
-0.7451456785202026,-0.5120029449462891,-0.6472136974334717,-0.49780529737472534,-0.9392648935317993,-0.821993350982666,-0.4216124415397644
0.1265164017677307,0.41963833570480347,-0.5529769659042358,0.6066166162490845,-0.36708778142929077,0.11825879663228989,-1.9771391153335571
2.978884220123291,2.997188091278076,4.636323928833008,2.95556902885437,4.783938407897949,4.077028751373291,6.139584541320801
-1.8993160724639893,-2.5219242572784424,-1.2438288927078247,-3.96608567237854,-2.9139225482940674,-4.27115535736084,-2.6944403648376465
-0.13327574729919434,0.8576083779335022,-0.6820924282073975,2.498589038848877,-1.372189998626709,0.9408466219902039,-1.799514889717102
-0.6138288378715515,-0.8169310688972473,-0.8847766518592834,-1.7116739749908447,-1.6895318031311035,-1.5886619091033936,-1.0769710540771484
-1.153832197189331,-0.41109541058540344,-0.1895199716091156,0.6464493274688721,-0.09203287959098816,-0.03503736853599548,0.0977354571223259
0.762965202331543,0.2636345624923706,1.8916990756988525,0.9814099073410034,1.9523849487304688,1.1446058750152588,2.3278913497924805
2.1292169094085693,3.0277488231658936,2.3701467514038086,3.0039663314819336,1.702088713645935,2.636570453643799,1.1239802837371826
-2.1880342960357666,-1.1972882747650146,-0.6224120259284973,-0.13507938385009766,0.6300556659698486,1.2516765594482422,2.3217883110046387
2.6839051246643066,1.5851478576660156,2.2530457973480225,0.9713178873062134,1.6511644124984741,1.3698768615722656,1.3373157978057861
3.2157673835754395,1.1628153324127197,2.191606044769287,2.078435182571411,2.616407871246338,2.024719715118408,1.7805705070495605
0.01019752025604248,-0.825731635093689,-0.7475677728652954,-0.7430059909820557,-0.6389904022216797,-0.7523857355117798,-1.0425753593444824
4.4713544845581055,4.203219413757324,4.730531215667725,4.3360724449157715,4.3660054206848145,4.0822577476501465,4.833299160003662
3.346924066543579,2.246403932571411,2.1309776306152344,2.424028158187866,3.2397263050079346,3.5062525272369385,1.7250796556472778
0.02288419008255005,-0.362831175327301,0.12198999524116516,0.03793182969093323,-0.25750210881233215,-0.2744162678718567,-0.7504904270172119
0.4181806147098541,1.4709937572479248,1.020769715309143,1.1864259243011475,0.760804295539856,0.8292809724807739,0.5431783199310303
-1.71229887008667,-2.08882212638855,-1.8649401664733887,-2.0978429317474365,-1.6796021461486816,-1.819015622138977,-1.452815294265747
-1.0915592908859253,-0.8014750480651855,-1.3621025085449219,-2.260807991027832,-2.715132474899292,-2.209963083267212,-1.5334525108337402
1.3505851030349731,0.005027681589126587,-0.32987260818481445,-0.9535439014434814,-0.7112100124359131,-1.3824458122253418,-1.1649432182312012
-2.0932700634002686,-1.7499737739562988,-2.1442275047302246,-2.953646659851074,-3.510481119155884,-2.806032180786133,-2.9096310138702393
0.9587550759315491,-0.25520384311676025,-0.3443875312805176,0.004351615905761719,0.3057311177253723,0.18312907218933105,0.6338858604431152
-0.18760022521018982,-1.1060748100280762,-0.7274795770645142,-0.6594129800796509,-1.2872869968414307,-0.4494723975658417,-0.745048463344574
0.1355033665895462,-0.6048949360847473,-0.22396762669086456,0.2750512659549713,-0.37035197019577026,0.12456652522087097,-0.966358482837677
1.9380502700805664,0.6238168478012085,0.034486666321754456,-0.222198486328125,0.991520345211029,-0.2681230306625366,-0.5510232448577881
0.5903388261795044,0.28258395195007324,0.10616415739059448,-0.1376047134399414,-0.1790187656879425,-0.43693405389785767,-0.04280167818069458
-3.194078207015991,-1.5398445129394531,-1.669084072113037,-1.439794659614563,-1.2780338525772095,-1.2616322040557861,-0.3209846019744873
-6.74524450302124,-6.0081305503845215,-5.853955268859863,-5.5078816413879395,-5.019933700561523,-5.046996116638184,-3.5972869396209717
0.5750808715820312,-0.24399688839912415,-0.7940658330917358,-0.8691030740737915,-1.2545408010482788,-1.7121456861495972,-1.2336231470108032
-1.659100890159607,-1.072901964187622,-1.2890956401824951,-1.2148784399032593,-1.8590515851974487,-1.686834692955017,-2.282733678817749
-0.11096805334091187,0.03305405378341675,0.4072157144546509,0.3961446285247803,0.1339239478111267,0.8570297956466675,0.47823917865753174
-3.9180824756622314,-2.5523338317871094,-3.3765146732330322,-1.9893487691879272,-1.5700827836990356,-1.49668550491333,-1.6693311929702759
-1.003380298614502,-0.693701446056366,-1.8448891639709473,-1.5258777141571045,-2.012185573577881,-2.2368874549865723,-3.224097967147827
3.4221582412719727,3.3129146099090576,3.599942684173584,2.6085681915283203,2.765991449356079,2.8721725940704346,3.8388800621032715
-1.033632755279541,0.6076616644859314,-0.7122576236724854,-0.6409106850624084,-1.365861415863037,-1.2986148595809937,-2.1242475509643555
1.167971134185791,1.4897581338882446,1.5840673446655273,1.195554256439209,2.43203067779541,1.8965179920196533,1.7133203744888306
3.865496873855591,2.682888984680176,2.745419979095459,3.1851882934570312,3.4488439559936523,2.9155867099761963,1.5419774055480957
-3.11183500289917,-1.0303117036819458,-2.4601218700408936,-2.564887046813965,-2.9878432750701904,-3.486452341079712,-2.0587494373321533
-2.763681411743164,-1.884260892868042,-2.400296449661255,-2.576613426208496,-2.392915725708008,-2.5161325931549072,-1.1585030555725098
4.906804084777832,3.343639612197876,3.1960251331329346,2.5390124320983887,2.2531375885009766,3.145590305328369,1.7835214138031006
0.6178229451179504,-0.3265618681907654,-1.1466419696807861,-0.532401978969574,-0.35444456338882446,-0.32000118494033813,-0.5217623114585876
-1.3137441873550415,-1.8196711540222168,-2.5397017002105713,-0.7317065000534058,-0.761725902557373,-0.6174334287643433,-1.35532546043396
-3.2952466011047363,-2.199741840362549,-3.2356057167053223,-3.194601535797119,-3.016644239425659,-2.8883016109466553,-3.493849515914917
0.2571393847465515,-0.08438403904438019,0.40725409984588623,-0.5614657402038574,-1.1951828002929688,-0.2136492133140564,-0.9927572011947632
3.5539026260375977,1.7645362615585327,4.386332988739014,3.991054058074951,4.553629398345947,3.772092580795288,4.819683074951172
-1.6682684421539307,0.04344921186566353,-0.03773874416947365,0.17589212954044342,0.3850126564502716,-0.32189661264419556,1.9646975994110107
2.6786961555480957,0.9247869253158569,1.8441739082336426,1.3459750413894653,1.8441739082336426,1.6104509830474854,0.4901714026927948
-2.5245001316070557,-1.9826911687850952,-1.7968405485153198,-1.4483063220977783,-1.9364591836929321,-1.62052321434021,-2.4220855236053467
4.052535533905029,2.2793116569519043,1.1939351558685303,2.0695760250091553,1.3932147026062012,2.1833622455596924,0.04929834604263306
2.3207883834838867,1.1143097877502441,1.6616110801696777,1.7447466850280762,1.9533545970916748,2.3075268268585205,1.1601338386535645
-0.5459639430046082,-0.583279013633728,-1.2328338623046875,0.42659878730773926,0.011228039860725403,0.16909350454807281,0.11679406464099884
-0.35127565264701843,-0.9669479131698608,-2.1037840843200684,-2.148068428039551,-1.3443899154663086,-1.624037265777588,-2.372128963470459
0.5633010864257812,-0.17744183540344238,0.0029758810997009277,-0.9885011911392212,0.17314255237579346,0.050130486488342285,-0.36037150025367737
-1.4519530534744263,-2.4640707969665527,-1.6923751831054688,-2.870830774307251,-2.224607229232788,-1.8604915142059326,-2.683505058288574
-2.563392400741577,-0.09127545356750488,-1.6715189218521118,-1.2467687129974365,-1.6490179300308228,-1.4031989574432373,-0.960041880607605
-0.42650437355041504,-1.7580235004425049,-1.7141492366790771,-1.9876461029052734,-1.8937468528747559,-1.9523825645446777,-1.2123591899871826
1.1039583683013916,1.7126126289367676,1.6658680438995361,1.8499760627746582,1.3966766595840454,1.4112330675125122,1.6920087337493896
-0.17749515175819397,-0.9012829065322876,-0.7469028234481812,-1.7951704263687134,-1.5901503562927246,-1.7648274898529053,-1.9126338958740234
0.7767603993415833,1.533146858215332,1.2666208744049072,0.28703486919403076,1.0244921445846558,0.14434091746807098,1.1202118396759033
-1.2044475078582764,-1.6638178825378418,-0.9975026249885559,-0.28290510177612305,-0.8822813630104065,-0.5192420482635498,-0.7905213832855225
8.160751342773438,10.795215606689453,9.055825233459473,10.59921646118164,8.199660301208496,9.32132625579834,6.89692497253418
-2.5313568115234375,-3.029890537261963,-1.7878791093826294,-3.08565616607666,-1.4881397485733032,-2.4730560779571533,-1.399421215057373
-0.9996908903121948,0.7117249965667725,0.024087488651275635,0.5321273803710938,0.41649603843688965,1.4514373540878296,0.2672102153301239
-0.18836930394172668,-1.1895573139190674,-0.33708369731903076,-1.3930397033691406,-0.8871526718139648,-0.37890779972076416,-0.8072458505630493
0.05333458632230759,0.6887280941009521,-0.2133602499961853,0.4328630864620209,0.4115409851074219,-0.060415249317884445,0.35916122794151306
-1.4053877592086792,-1.8191183805465698,-0.8387121558189392,-1.0317386388778687,-0.992477297782898,-0.9885818958282471,-0.5351952910423279
1.3959062099456787,2.2824692726135254,-0.010475307703018188,2.0979511737823486,1.3307660818099976,1.9224539995193481,1.0738574266433716
0.15089967846870422,-0.6909061670303345,-0.38891154527664185,-1.432668685913086,-1.3178575038909912,-1.4802334308624268,-1.7232416868209839
0.35383084416389465,0.23257482051849365,-0.3148288428783417,-0.09094687551259995,-0.31236860156059265,0.12801456451416016,0.08323021233081818
2.441913366317749,1.5410659313201904,1.661207675933838,0.669730544090271,0.7650649547576904,1.1316407918930054,1.2179592847824097
0.2998485863208771,-2.2726316452026367,-2.1282975673675537,-1.4943757057189941,-1.7805836200714111,-0.9477919340133667,-1.6984764337539673
-4.058651924133301,-3.903902769088745,-4.023634433746338,-3.52707576751709,-3.8358359336853027,-3.0210862159729004,-3.87933087348938
3.1122817993164062,2.812673568725586,3.529423713684082,3.469558000564575,3.9132213592529297,3.1890904903411865,3.583094358444214
-1.1968495845794678,-0.6604499816894531,-1.7652007341384888,-1.2916043996810913,-1.6872931718826294,-1.4248673915863037,-1.468548059463501
3.3330190181732178,2.57173752784729,2.684293508529663,3.6538336277008057,3.7846362590789795,2.875269651412964,3.260568141937256
0.12995539605617523,-0.6832396984100342,0.2150045931339264,1.245589256286621,1.2291876077651978,1.1578407287597656,1.290624976158142
1.2619786262512207,0.9342328906059265,1.448013186454773,0.5946491360664368,0.5455403923988342,0.3091266453266144,0.8058839440345764
0.7576251029968262,1.3753602504730225,-0.9126635789871216,-0.10898493230342865,0.2715323269367218,0.9217535257339478,-0.8924651145935059
1.13631272315979,2.2022526264190674,1.692162275314331,2.3381807804107666,1.0473742485046387,1.8412119150161743,1.2893345355987549
2.5464553833007812,1.1132913827896118,2.3565335273742676,2.3380815982818604,2.1326513290405273,2.5795950889587402,2.14331316947937
-3.636035680770874,-2.9391040802001953,-1.6757704019546509,-2.290830612182617,-2.1382956504821777,-2.3105125427246094,-1.885802984237671
-0.9069000482559204,-1.255873680114746,-2.471881866455078,-2.2709619998931885,-0.9955317974090576,-1.913817048072815,-0.9280446767807007
1.1665947437286377,-1.1872365474700928,-0.7607947587966919,0.32171130180358887,-0.40159958600997925,-0.2835080325603485,-0.6004917025566101
1.4151798486709595,-0.2982507646083832,0.8493491411209106,0.1905170977115631,0.8460688591003418,0.9257704019546509,0.5684888362884521
4.329923629760742,2.762678861618042,3.222846269607544,1.3875064849853516,2.178473949432373,1.3317409753799438,1.5825049877166748
2.135709285736084,2.714427947998047,2.8989458084106445,2.291266441345215,1.9011131525039673,1.7625197172164917,2.1182570457458496
-1.4678822755813599,-0.1434890776872635,-1.420149326324463,-0.592893123626709,-0.46496057510375977,-0.4510192275047302,-0.2973519563674927
-3.7599377632141113,-3.357301712036133,-3.4450502395629883,-1.771266222000122,-2.0882272720336914,-1.307100772857666,-2.143958806991577
-3.1635944843292236,-1.0047391653060913,-1.4026318788528442,-1.914823293685913,-2.6758580207824707,-1.7725393772125244,-1.360487699508667
-0.7803492546081543,0.06805029511451721,0.09060254693031311,0.1303764283657074,-0.641677975654602,-0.2214379906654358,-0.1265261322259903
0.7094153165817261,-1.0118129253387451,-0.5656893253326416,-0.5960322618484497,0.7353681921958923,0.2450626790523529,-0.28802797198295593
1.6726202964782715,0.6237928867340088,2.4822998046875,1.0647910833358765,2.4429359436035156,2.2165937423706055,2.764613389968872
0.467915803194046,-0.10163213312625885,-0.6523159742355347,0.591899573802948,0.5911819934844971,0.8996860384941101,0.25169771909713745
3.5623581409454346,3.721717357635498,2.970728635787964,2.4102039337158203,2.6821885108947754,1.5968888998031616,1.7770310640335083
0.5595754981040955,1.7815608978271484,-0.24485771358013153,-0.02261599898338318,-0.7467468976974487,0.7863932847976685,-1.7358031272888184
1.500741720199585,2.590853214263916,2.3948543071746826,2.379272699356079,1.8179277181625366,1.6291042566299438,1.7786648273468018
-1.5713903903961182,-1.2872899770736694,-0.03933268412947655,-0.9539527893066406,-0.0885375365614891,-0.2570640444755554,0.9751161336898804
-2.128746509552002,-2.1350255012512207,-2.147531747817993,-1.7916680574417114,-1.618169903755188,-1.087988018989563,-1.404640793800354
1.1317875385284424,0.08476509153842926,1.4485586881637573,-0.01856502890586853,0.7955697774887085,0.2877349853515625,0.7845094799995422
-0.8603541254997253,-1.440741777420044,-0.6282471418380737,-1.0652474164962769,-1.0428489446640015,-1.929919719696045,-0.5191742181777954
-0.34326934814453125,-0.22853298485279083,0.6674047708511353,-0.15175297856330872,-0.08686411380767822,-0.30635732412338257,0.7853110432624817
-0.8991942405700684,-0.6872601509094238,-0.7563583850860596,-0.7400016188621521,-1.3914016485214233,-0.7411036491394043,-0.3922426402568817
-0.03135235607624054,-0.06315949559211731,0.18614494800567627,-0.3179995119571686,0.43462926149368286,-0.27433016896247864,-0.6622859239578247
-0.8009548187255859,0.05175279080867767,-0.772632896900177,0.5470812916755676,0.833289384841919,1.3966844081878662,0.28163063526153564
0.5108417868614197,-0.4939609467983246,-0.03041057288646698,-0.14460675418376923,0.006083011627197266,-0.206112802028656,-0.818394660949707
2.7145638465881348,2.2340097427368164,0.9509938955307007,0.4294227957725525,0.1801183521747589,0.1415746510028839,-0.6190946102142334
-2.3771228790283203,-0.7167513966560364,-1.592597246170044,-2.0927436351776123,-2.290895462036133,-2.443840503692627,-2.672018051147461
1.9199961423873901,1.066284418106079,2.8589799404144287,1.2758148908615112,2.1178324222564697,1.2868859767913818,2.1265828609466553
-0.7598124146461487,0.2762611508369446,0.1526339203119278,0.4506819248199463,0.8136186599731445,0.26170462369918823,0.7287565469741821
-2.3013362884521484,-2.6032533645629883,-0.949458658695221,-2.4786012172698975,-1.7183866500854492,-1.7950642108917236,-1.1605405807495117
-0.9394121170043945,-1.3998558521270752,-0.8889457583427429,-1.3588519096374512,-2.5381274223327637,-1.9853932857513428,-2.216341257095337
-1.2278056144714355,0.13866335153579712,0.1603955626487732,0.941931962966919,0.24158352613449097,1.187135934829712,0.329963743686676
1.3271722793579102,0.901793360710144,0.5434182286262512,1.1068134307861328,0.21313080191612244,1.2404865026474,0.9678082466125488
-0.37287697196006775,0.7572281360626221,0.47102025151252747,-0.20144569873809814,1.6084717512130737,0.1712808907032013,2.1748199462890625
3.425281047821045,2.7538511753082275,1.833310842514038,1.4322915077209473,2.131230592727661,1.680980920791626,0.4999895691871643
-1.5982019901275635,-1.5973467826843262,-1.8213824033737183,-2.2273221015930176,-1.2305145263671875,-2.244133949279785,-2.133960723876953
-1.0833806991577148,-0.6329162120819092,-0.7583885192871094,-0.12979695200920105,-1.0827302932739258,0.07358298450708389,-0.182804673910141
1.834069013595581,1.9832983016967773,1.9111312627792358,2.0452144145965576,2.5073297023773193,1.8975999355316162,1.486940622329712
1.0887596607208252,1.6785653829574585,2.4892148971557617,2.1460111141204834,1.6315134763717651,2.506436347961426,2.5536868572235107
1.2993046045303345,0.8146499991416931,1.1599037647247314,1.7635853290557861,3.2994935512542725,2.4343087673187256,3.207897901535034
-0.6332223415374756,-0.5547586679458618,-1.4662779569625854,-0.9177467823028564,-0.7472726106643677,-0.8976548910140991,-0.8878021240234375
3.512120246887207,1.746593713760376,1.435398817062378,1.9147357940673828,1.5974671840667725,1.2789685726165771,0.7442513704299927
-0.0829782783985138,-0.6354333162307739,0.08162438869476318,-0.04292529821395874,0.10735440254211426,-0.33610400557518005,0.32738402485847473
-1.9539668560028076,-2.256164789199829,-2.182767629623413,-1.8867188692092896,-1.3416088819503784,-1.239367961883545,-2.7904129028320312
0.7837182283401489,-0.9549652338027954,-1.376896619796753,-1.7861167192459106,-1.3289220333099365,-0.9422539472579956,-1.6832945346832275
-3.9530129432678223,-3.7846927642822266,-3.376805305480957,-3.4336986541748047,-3.8585000038146973,-3.64056396484375,-3.4084224700927734
-0.5623141527175903,0.4021874964237213,1.9619805812835693,1.401045322418213,1.8406085968017578,1.5601410865783691,2.33052396774292
1.4325624704360962,0.7043285965919495,-0.3273325264453888,0.7137594819068909,0.5997682809829712,0.480856716632843,-0.4343875050544739
1.5182533264160156,1.4944785833358765,1.7249211072921753,1.5438883304595947,1.36910879611969,1.5590598583221436,0.46108004450798035
-4.482614517211914,-2.286146879196167,-2.6974172592163086,-2.2508962154388428,-1.6755971908569336,-1.990713119506836,-2.0863473415374756
0.8075942397117615,1.083150029182434,1.5534660816192627,2.1898484230041504,1.557566523551941,2.179187536239624,2.333042860031128
-2.0047664642333984,-0.6829845309257507,-1.39747953414917,-1.4544751644134521,-2.4350860118865967,-1.813875436782837,-0.8683791160583496
3.144482135772705,2.570871114730835,2.7174603939056396,2.93109130859375,2.26492977142334,2.8634347915649414,1.7564870119094849
-2.079986095428467,-0.7672001123428345,-0.5602322816848755,-0.026564985513687134,0.18788602948188782,-0.5151791572570801,1.1387132406234741
-3.6832587718963623,-1.9814625978469849,-3.35591721534729,-2.454136371612549,-3.1349055767059326,-3.401841640472412,-2.8041908740997314
0.08733336627483368,0.749512791633606,0.40174755454063416,0.08545278012752533,0.3306567966938019,-0.23294338583946228,0.2334267795085907
-0.6206209659576416,-0.9358682632446289,0.12326554954051971,-1.3836320638656616,-0.31203049421310425,-1.138427972793579,1.356019377708435
4.52278995513916,2.359199047088623,2.407686233520508,2.777132511138916,3.1860451698303223,2.732130527496338,2.738521099090576
2.129260778427124,1.04459810256958,2.4305338859558105,2.972607135772705,2.6421146392822266,2.9332432746887207,3.0723752975463867
-3.881989002227783,-0.7637316584587097,-2.6210086345672607,-1.444398283958435,-2.829514265060425,-1.1262071132659912,-2.9238157272338867
-0.08244753628969193,0.09726348519325256,-0.34147951006889343,-0.6664362549781799,-1.5387966632843018,-0.7145134806632996,-1.838250756263733
-1.865563154220581,-0.35194316506385803,-1.2064669132232666,-1.801025152206421,-1.7058957815170288,-1.8822131156921387,-1.6622496843338013
-0.9263042211532593,-0.02356972172856331,1.7877826690673828,1.2407891750335693,0.06341005861759186,0.7938452363014221,1.532100796699524
-0.026740267872810364,1.8392845392227173,0.9937813878059387,0.10141884535551071,0.39184263348579407,0.9347355961799622,-0.21288225054740906
-0.574250340461731,-2.043477773666382,-0.5804548263549805,-1.738408088684082,-0.3748196065425873,-2.0516786575317383,-1.410543441772461
1.475829005241394,1.5597892999649048,1.9327208995819092,2.1500420570373535,1.373016119003296,1.444946050643921,1.2827773094177246
-1.1498863697052002,-0.4446370601654053,-0.3245977759361267,-0.31578192114830017,0.06863075494766235,0.010815083980560303,0.4650433659553528
2.1377675533294678,0.658091127872467,0.9365084171295166,1.0800224542617798,1.0779722929000854,0.5621416568756104,0.5035593509674072
3.7400314807891846,4.620632648468018,2.7389583587646484,3.25355863571167,3.47990083694458,3.238797187805176,2.728653907775879
-0.3102726936340332,0.3301011323928833,1.1940560340881348,-0.2761431932449341,1.1292695999145508,0.07003319263458252,2.2645645141601562
0.4784710705280304,0.3631542921066284,-1.6616244316101074,-0.2057763934135437,-1.5615742206573486,-0.6516950726509094,-2.660064220428467
3.6173043251037598,1.4222638607025146,0.6727103590965271,1.4083224534988403,0.8998726010322571,1.7412750720977783,-0.08915066719055176
-1.9352680444717407,-1.382727026939392,-1.5463331937789917,-0.6298933029174805,-1.827672004699707,-0.48883944749832153,-1.650940179824829
0.06318676471710205,-1.3030792474746704,-0.7019603252410889,-0.9447040557861328,0.6159088015556335,-0.5859189033508301,-0.16900384426116943
0.5220290422439575,0.6946673393249512,0.26104989647865295,1.7632319927215576,0.3787314295768738,1.8616416454315186,0.21124336123466492
-2.1149542331695557,-2.1343302726745605,-2.3336098194122314,-1.925209879875183,-1.8714946508407593,-2.8691225051879883,-1.5964412689208984
0.14069817960262299,0.17536196112632751,0.06916153430938721,-0.6352875232696533,-0.6828521490097046,-0.6533292531967163,-0.8188974857330322
3.6388137340545654,3.1415023803710938,2.6826162338256836,3.0764598846435547,3.229545831680298,3.500441312789917,2.299649715423584
1.5549215078353882,1.5471824407577515,1.7768049240112305,1.5242202281951904,1.4692747592926025,1.5115089416503906,0.7671982049942017
3.598585844039917,4.2924275398254395,3.042215347290039,4.687706470489502,4.4006781578063965,4.982935428619385,3.4019734859466553
0.8122736811637878,0.7840319871902466,-0.27643439173698425,0.6000264883041382,0.2927013337612152,-0.1370207816362381,0.03447435051202774
0.3407745957374573,0.5836769342422485,0.890181839466095,0.8651694655418396,0.6982831358909607,0.49059778451919556,0.9539066553115845
0.496945321559906,1.199329137802124,0.7891864776611328,1.0603255033493042,1.4242361783981323,1.4578595161437988,1.9192001819610596
-2.7678372859954834,-1.0866693258285522,-0.7585346698760986,-0.8126599788665771,-1.3684693574905396,-0.5301421880722046,0.39890751242637634
-2.4196763038635254,-1.2516791820526123,-1.7976477146148682,-2.0014376640319824,-1.130717396736145,-2.2216291427612305,-0.15278273820877075
0.8161101341247559,1.4229878187179565,0.08051630854606628,0.9309396147727966,-0.11671298742294312,1.1675329208374023,-0.24051082134246826
0.5969842672348022,0.036293789744377136,0.6870274543762207,0.310200572013855,-0.5476034283638,0.26509618759155273,0.7945947647094727
0.8993050456047058,1.4525349140167236,1.2261927127838135,1.031423568725586,0.6365550756454468,0.5279968976974487,1.54543137550354
0.6739184856414795,-1.621717929840088,-0.20062103867530823,-0.16187229752540588,0.5867584943771362,-0.09770098328590393,0.39171040058135986
-3.299546957015991,-1.7012114524841309,-1.284200668334961,-1.3670287132263184,-1.3186440467834473,-0.9233653545379639,-1.1165752410888672
-2.121098041534424,-1.5661518573760986,-2.0229365825653076,-2.152919292449951,-1.6698920726776123,-1.2356593608856201,-2.188962459564209
-2.343693494796753,-0.9268462061882019,-1.156058669090271,-0.992042601108551,-1.5882282257080078,-0.7849722504615784,-0.9064338207244873
-0.2616775631904602,-0.3742673993110657,1.8022258281707764,0.3882023096084595,2.082693099975586,0.6786388158798218,3.3139231204986572
3.015606164932251,1.599027395248413,0.47039175033569336,0.388383686542511,-0.2783416509628296,-0.09300345182418823,-1.4202805757522583
0.31724560260772705,0.2920738458633423,0.3798224925994873,-0.2313424050807953,-0.20509982109069824,-0.38387733697891235,-1.1540956497192383
4.642072677612305,4.4382429122924805,4.014466285705566,4.703128814697266,3.994579315185547,5.161553859710693,3.0576579570770264
0.6436256170272827,1.0632200241088867,1.0775713920593262,1.902982234954834,0.9488189220428467,1.6380963325500488,0.4265460968017578
-0.34643903374671936,-0.9407426118850708,-1.0453028678894043,-0.11686941981315613,-0.6161958575248718,-0.44961702823638916,-1.5525904893875122
-2.2056422233581543,-1.3222695589065552,-1.0057185888290405,-1.2181193828582764,-0.5485237836837769,-1.0040783882141113,0.26244300603866577
-0.13314473628997803,-0.8409063816070557,1.4274357557296753,-0.29350268840789795,1.3683900833129883,-0.5587986707687378,2.7764811515808105
-1.9866626262664795,-2.2752432823181152,-2.311736822128296,-3.542677402496338,-2.5175771713256836,-3.872349739074707,-2.6901419162750244
3.8752076625823975,3.0408854484558105,3.1950602531433105,2.5631885528564453,4.02498197555542,2.820283889770508,4.221952438354492
1.748948335647583,1.4604721069335938,0.10036873817443848,1.5785634517669678,2.0702016353607178,2.3268868923187256,1.1539536714553833
-0.06709563732147217,0.7125718593597412,1.2378332614898682,1.1763272285461426,1.5273215770721436,1.0508549213409424,0.9248250126838684
3.6120591163635254,3.239442825317383,1.8445627689361572,1.691541075706482,2.196505546569824,2.056579351425171,1.4289729595184326
-2.045224905014038,-1.4774614572525024,-1.168086290359497,-2.776878833770752,-1.1047351360321045,-2.3180439472198486,-1.0404417514801025
0.3068919777870178,0.839029848575592,0.9554812908172607,1.3163166046142578,1.58858323097229,1.3942241668701172,2.680276393890381
-0.2725664973258972,-0.7015025019645691,-0.8868407011032104,0.10525152087211609,0.9390681982040405,0.8496794700622559,0.4516097903251648
-0.8625479936599731,-1.414169192314148,-1.152461051940918,-2.2722809314727783,-2.0155959129333496,-2.5035436153411865,-1.6716524362564087
0.3807915449142456,0.41096076369285583,0.8150553703308105,1.5652238130569458,1.3200197219848633,1.5627635717391968,1.4534348249435425
-0.04365384578704834,0.45297300815582275,1.4145171642303467,0.7297501564025879,0.7805951237678528,0.6780850887298584,1.4106032848358154
-2.419635057449341,-1.370733618736267,-2.025055170059204,-1.1266571283340454,-1.0995944738388062,-0.6009855270385742,-1.918095350265503
3.180569648742676,1.9365243911743164,2.730311155319214,2.329291820526123,2.845942497253418,2.7319514751434326,2.5570101737976074
1.5947051048278809,2.0085322856903076,2.718721628189087,2.1905901432037354,1.05242121219635,1.5976722240447998,2.2454333305358887
0.852739691734314,0.3598136305809021,-0.021523714065551758,0.828899621963501,-0.13592493534088135,-0.06088757514953613,-0.7762860655784607
-0.7170198559761047,-0.6623808145523071,-0.3824259638786316,-1.7165942192077637,-0.6699665784835815,-0.517021656036377,-1.0504772663116455
2.585346221923828,2.8036065101623535,2.3425164222717285,2.5296998023986816,2.4312901496887207,2.4702439308166504,1.9782471656799316
2.283302068710327,1.2268935441970825,0.6388960480690002,-0.4292585253715515,0.25858375430107117,-0.8433991074562073,-0.6787257194519043
2.057410955429077,0.9872628450393677,0.5428818464279175,-0.13019907474517822,0.15764915943145752,-0.2573115825653076,0.016910359263420105
-0.4490622878074646,-1.7905409336090088,-1.4724522829055786,-2.1940205097198486,-3.0997989177703857,-2.713541269302368,-2.93438720703125
1.2278578281402588,2.0173656940460205,1.8701612949371338,1.1480804681777954,1.7984042167663574,1.0861643552780151,1.6250187158584595
0.8213787078857422,-0.330909788608551,0.9184826016426086,0.016906797885894775,0.33161261677742004,0.7425753474235535,-1.0514119863510132
2.1783430576324463,1.1327664852142334,1.2521649599075317,0.6171665191650391,-0.2254660725593567,-0.14591827988624573,-1.313165545463562
2.7417562007904053,1.8731812238693237,2.0942955017089844,2.9389779567718506,2.6314477920532227,2.8684511184692383,1.4360227584838867
0.8976706266403198,0.756504237651825,1.7282994985580444,1.8869850635528564,3.8088433742523193,2.7107558250427246,3.3577990531921387
-2.192439317703247,-0.4625568985939026,-1.9751949310302734,-0.45763641595840454,-2.4877452850341797,-0.6671668887138367,-2.164158344268799
-2.913010597229004,-1.8305070400238037,-2.686901569366455,-2.0133848190307617,-1.5360982418060303,-1.3007352352142334,-1.9978429079055786
-0.6726579666137695,0.2029341459274292,0.3295980393886566,-0.4724404811859131,0.46983179450035095,-0.045178622007369995,0.35846275091171265
-2.321490526199341,-0.7138708829879761,-0.3144916892051697,0.11687055230140686,0.006979823112487793,0.17755642533302307,1.175186038017273
0.9616774916648865,0.5841221213340759,0.6854021549224854,1.2752447128295898,2.260366201400757,1.5920006036758423,2.154014825820923
0.4497990906238556,1.2625681161880493,0.1607903391122818,0.04228873550891876,-0.2668815553188324,-0.22300724685192108,0.12488752603530884
-0.18865394592285156,-0.7364729046821594,-0.0794539600610733,-1.4946372509002686,-0.4732270836830139,-1.058354377746582,-0.9085161685943604
1.562086820602417,2.759532928466797,2.687366008758545,0.6971336007118225,1.3248025178909302,0.9124045968055725,2.3196821212768555
0.9593490362167358,-0.23813432455062866,0.15611928701400757,-0.8806673288345337,0.13213196396827698,-1.0996286869049072,-0.3574536442756653
2.880563974380493,2.8259286880493164,4.761318683624268,3.6214065551757812,4.65634822845459,4.088852405548096,5.613242149353027
-2.8350765705108643,-1.6314963102340698,-0.113117516040802,-0.581383466720581,-0.2287488579750061,-0.5276682376861572,0.9679272770881653
1.9173678159713745,1.2231749296188354,2.06980562210083,0.7896600365638733,1.3566943407058716,1.8721660375595093,1.5309183597564697
-1.6649649143218994,-1.914456844329834,-1.0179041624069214,-1.2725389003753662,-2.2193219661712646,-1.2089827060699463,-2.239659547805786
0.5727034211158752,-0.11312426626682281,-0.35545802116394043,-0.18078087270259857,-0.40753310918807983,-1.1595468521118164,-2.1212708950042725
2.9274473190307617,2.3049800395965576,2.7379825115203857,2.3832976818084717,1.4024814367294312,1.789777159690857,0.6257237195968628
-1.3796583414077759,-1.2733941078186035,-0.9978471994400024,-0.9100985527038574,-0.6840639114379883,-1.50875723361969,-0.5096309185028076
1.7757751941680908,1.542088508605957,2.0986666679382324,1.3793025016784668,2.351097822189331,2.175908088684082,2.248488426208496
-0.865166962146759,-0.050595879554748535,1.0095629692077637,-0.3771928548812866,0.7791203856468201,0.6581584811210632,1.6872559785842896
-0.4454078674316406,0.8460625410079956,2.204115629196167,1.2954667806625366,1.1265301704406738,0.504909098148346,1.8020248413085938
1.4783331155776978,1.4202226400375366,1.149903655052185,1.628113031387329,1.8532249927520752,1.702330231666565,1.1431485414505005
1.498307466506958,1.9828004837036133,0.7933764457702637,1.5251957178115845,1.4772210121154785,1.1799418926239014,0.688948929309845
-2.0060601234436035,-1.7977137565612793,-2.0302066802978516,-2.7018520832061768,-1.954759120941162,-1.9654202461242676,-1.2385355234146118
0.7379643321037292,0.9628760814666748,1.2950085401535034,0.5501706600189209,1.1166411638259888,0.5684174299240112,2.022453546524048
-4.291591167449951,-3.8901865482330322,-3.742572069168091,-2.794149160385132,-3.396498203277588,-3.540832281112671,-3.4460091590881348
2.266977310180664,1.7892262935638428,2.3993659019470215,2.4764535427093506,0.859870195388794,2.438729763031006,0.9468135833740234
2.1351888179779053,2.8123655319213867,2.61431622505188,2.2674221992492676,2.3084261417388916,2.1310837268829346,2.133531093597412
-2.300379991531372,-1.6846327781677246,-0.5693235993385315,-1.565721035003662,-1.0879731178283691,-1.1878690719604492,0.8199033737182617
0.10216574370861053,-0.5822531580924988,0.7219821214675903,-0.03495205193758011,0.6990199089050293,-0.1489432156085968,0.48244771361351013
2.4062552452087402,2.643559455871582,1.5294803380966187,2.8920438289642334,1.7787848711013794,2.480363368988037,1.7204618453979492
-1.1153022050857544,-1.6688649654388428,-2.118269205093384,-1.9263702630996704,-1.868554711341858,-1.6762456893920898,-1.3359280824661255
-0.15743443369865417,-0.02045467495918274,0.3891754746437073,0.19153612852096558,0.7994718551635742,0.20014697313308716,1.6189674139022827
-1.057259202003479,-1.1178416013717651,-1.1375235319137573,-1.1264524459838867,-0.9382439851760864,-0.9374239444732666,-0.6888527274131775
0.46732017397880554,-0.6956112384796143,0.14866144955158234,0.710429310798645,0.8675643801689148,0.29586589336395264,1.9591419696807861
-1.0155680179595947,-0.6997579336166382,-0.8463472127914429,-1.136860728263855,-0.5537835955619812,-0.8133389949798584,-0.4417676329612732
1.6638555526733398,1.9058488607406616,1.7799665927886963,1.5347625017166138,2.095287322998047,2.0969274044036865,1.853710412979126
4.0054240226745605,3.884023666381836,3.781923770904541,3.6228280067443848,4.073052406311035,3.9246177673339844,2.9648947715759277
-2.25749135017395,-2.0763051509857178,-2.0912716388702393,-2.436115264892578,-1.018606424331665,-2.7489757537841797,-1.1048810482025146
1.6935672760009766,0.5427939891815186,-0.8447819948196411,-1.1646133661270142,-0.8595434427261353,-0.7906566858291626,-2.934756278991699
3.152434825897217,2.899874210357666,3.1623001098632812,2.1925549507141113,2.806385040283203,2.110957145690918,2.6209139823913574
-5.15125846862793,-3.331238269805908,-3.629952907562256,-3.6988396644592285,-3.992018222808838,-3.144054889678955,-2.877737522125244
2.764909267425537,1.3968256711959839,1.4070765972137451,0.851677417755127,0.7512174248695374,0.5974524021148682,0.3724824786186218
-0.769737720489502,-0.9627325534820557,-1.5769726037979126,0.131254643201828,-1.1357696056365967,-0.5038976073265076,-1.706343650817871
-1.0725256204605103,-1.6861300468444824,-0.514235258102417,-0.2112155705690384,0.4682210087776184,-0.37953704595565796,1.1778984069824219
0.3620048463344574,0.12026126682758331,-0.9825419187545776,-1.7148735523223877,-0.939077615737915,-1.1998631954193115,-1.3004891872406006
0.6052086353302002,0.3334834575653076,-0.5774205923080444,-1.5078020095825195,-1.667717695236206,-1.0624983310699463,-2.2362842559814453
1.3587672710418701,2.344531536102295,2.7373499870300293,3.6131956577301025,3.1506705284118652,3.2786030769348145,2.9891293048858643
0.6917023658752441,0.0006529837846755981,0.09988266229629517,-0.4949318766593933,-0.33378612995147705,-0.5736595988273621,-0.729372501373291
2.0212554931640625,2.3099117279052734,1.8498462438583374,2.604320526123047,1.853536605834961,2.3008909225463867,1.2285611629486084
-1.0257644653320312,-1.5513297319412231,-0.9510308504104614,0.03539770841598511,1.7995185852050781,0.4279342591762543,1.7097843885421753
1.0195858478546143,0.3341231644153595,0.13771389424800873,-0.8455625772476196,0.19060909748077393,-0.9144493341445923,0.13639304041862488
1.5425958633422852,1.9889053106307983,1.6342206001281738,2.648249864578247,2.8319478034973145,2.5678820610046387,2.1352005004882812
-1.4903064966201782,-0.1052798330783844,-0.5227007865905762,0.0907193124294281,-0.27093610167503357,0.030853480100631714,0.5585733652114868
-2.590442419052124,-1.2988173961639404,-2.4895739555358887,-2.649489641189575,-2.401005268096924,-2.8782920837402344,-2.575716495513916
1.4915059804916382,1.4170079231262207,1.4564743041992188,1.9675893783569336,1.2815921306610107,1.7007044553756714,2.0758955478668213
-3.5896008014678955,-2.234041690826416,-1.9297921657562256,-2.936030864715576,-2.8322906494140625,-2.917578935623169,-1.6343506574630737
-1.814096212387085,-1.4023990631103516,-1.4804091453552246,-1.5695929527282715,-1.6626720428466797,-2.0944442749023438,-1.1878559589385986
-0.011128455400466919,-0.3786144256591797,1.0798985958099365,0.42362916469573975,1.2914791107177734,0.0030304640531539917,2.223595380783081
-0.23674532771110535,-0.9807778596878052,-1.3674458265304565,-1.4334622621536255,-2.1871163845062256,-1.821360468864441,-2.423250198364258
1.6246657371520996,2.086925745010376,2.159092903137207,2.918487548828125,2.332129716873169,2.3091676235198975,2.663799285888672
3.359403371810913,3.027583360671997,3.212101459503174,3.138294219970703,3.2235825061798096,2.5207736492156982,2.4556655883789062
-2.218287229537964,-0.7974241375923157,-1.3517985343933105,-0.5825631022453308,-1.6396467685699463,-0.8982940316200256,-1.0109037160873413
0.6331967711448669,0.47520577907562256,1.1657133102416992,1.2993865013122559,1.0779647827148438,1.8447400331497192,1.0789005756378174
-2.0095345973968506,-1.8394877910614014,-3.1348049640655518,-1.9588093757629395,-1.8267765045166016,-3.0216338634490967,-2.421234130859375
3.150662422180176,1.6294620037078857,2.5113303661346436,2.047574758529663,1.9352238178253174,1.7261033058166504,2.02848219871521
1.828784704208374,1.4766250848770142,2.0435566902160645,0.7893977165222168,1.3888765573501587,0.9509535431861877,1.8367042541503906
-3.1133170127868652,-1.573129653930664,-1.973482608795166,-1.895933747291565,-1.8056223392486572,-1.3299758434295654,0.15298277139663696
1.4149127006530762,0.337974488735199,-0.6051179766654968,0.01691305637359619,-0.35417330265045166,0.5440196990966797,-0.6913065910339355
-1.0514898300170898,-0.9694011211395264,-1.3919987678527832,-0.7274775505065918,-1.2047642469406128,-0.5007253289222717,-2.1759424209594727
-1.9619386196136475,-1.6590594053268433,-0.6747579574584961,-1.6548564434051514,-1.861619234085083,-1.882121205329895,-1.1041219234466553
-2.7555203437805176,-3.469409942626953,-3.3841216564178467,-2.62616229057312,-2.830977439880371,-2.73420786857605,-3.1547582149505615
-2.487530469894409,-0.9954260587692261,-0.7604730129241943,-0.464013934135437,-1.070847749710083,-0.8576525449752808,-0.024830400943756104
0.3256872594356537,0.9046241044998169,1.6381539106369019,0.2620590627193451,0.79700767993927,0.2202349603176117,-0.15408241748809814
-0.5567622780799866,-1.0583083629608154,-1.1222747564315796,-0.9955722093582153,-0.6679501533508301,-0.4178256392478943,0.22460994124412537
1.9253792762756348,1.114741325378418,1.6606072187423706,1.344056248664856,1.9918172359466553,1.6416429281234741,2.2931926250457764
2.265277624130249,1.4620387554168701,1.2018682956695557,1.1988954544067383,-0.10000942647457123,0.579427182674408,-0.5683751106262207
2.194868803024292,1.6893997192382812,0.656098484992981,2.413940668106079,1.3072421550750732,1.8911395072937012,0.4245065152645111
2.638347864151001,0.9641439914703369,1.8779184818267822,2.18708872795105,2.4265520572662354,2.078838348388672,1.7222338914871216
-1.253368854522705,-1.0639679431915283,-1.2800590991973877,-1.455146312713623,-1.5916897058486938,-1.9353033304214478,-1.4651414155960083
0.4177877902984619,0.7042252421379089,0.5229875445365906,1.1688008308410645,0.99166339635849,0.6488698124885559,1.1430436372756958
-2.4656383991241455,-0.9571027159690857,-1.7366915941238403,-1.2787792682647705,-2.028947591781616,-1.2322397232055664,-1.8791611194610596
-0.05744737386703491,-1.2973016500473022,-0.3488787114620209,-0.6312938928604126,0.046810030937194824,-0.8075088262557983,-0.11920899152755737
-0.8222143650054932,0.5274345874786377,-0.681261420249939,0.8628473281860352,-1.0655715465545654,0.554497241973877,-0.7348053455352783
-0.455394446849823,0.6524448394775391,1.7009174823760986,0.44557952880859375,-0.4485129714012146,0.008438348770141602,0.6139523983001709
-0.11842282861471176,0.2609800398349762,-0.305080384016037,-0.16033616662025452,-1.810747742652893,-0.5953888297080994,-1.214677333831787
-2.3844568729400635,-1.3636537790298462,-0.6277341842651367,-0.8491559028625488,-0.636755108833313,-0.8298839330673218,0.0653524100780487
2.4160404205322266,3.0463523864746094,2.345388650894165,2.713399887084961,2.4886977672576904,2.877415895462036,2.4304544925689697
-2.328507661819458,-0.7548718452453613,-1.1606066226959229,-0.5601028203964233,-0.1480124443769455,-0.348932147026062,0.3851979374885559
1.7185381650924683,1.3327826261520386,0.22321385145187378,2.1774656772613525,1.4771167039871216,1.9273408651351929,0.7133435010910034
1.5761017799377441,0.8227657675743103,2.4502148628234863,2.50311017036438,2.2985000610351562,2.5125410556793213,2.734149694442749
-3.611011266708374,-2.044750213623047,-2.149822950363159,-3.2921948432922363,-1.8829892873764038,-3.7251973152160645,-0.9170399904251099
-0.23959046602249146,-0.47584280371665955,-1.13600754737854,-0.010242201387882233,-0.5480098724365234,-1.2770613431930542,-0.9970170855522156
-0.4796060025691986,0.6523908376693726,0.4760734736919403,1.4847723245620728,0.06808355450630188,1.3748815059661865,0.42960548400878906
0.13377782702445984,0.44607481360435486,-0.37892603874206543,0.25289466977119446,-0.42198026180267334,0.4177820384502411,-0.6970387697219849
-1.564132571220398,-1.6267249584197998,-1.8059124946594238,-1.2433373928070068,-1.100028395652771,-1.211969256401062,-1.299570083618164
1.0738306045532227,-0.20029526948928833,0.8003053069114685,0.051059335470199585,0.5705546140670776,0.5983091592788696,0.25131699442863464
0.4040939509868622,0.44659990072250366,0.407646119594574,0.8653534650802612,1.1175280809402466,1.3537112474441528,0.2967503070831299
-0.3820209503173828,0.697401225566864,0.8925802111625671,0.45045459270477295,0.840505063533783,0.9700779318809509,2.442117214202881
4.553881645202637,1.8083781003952026,1.1851170063018799,1.3507732152938843,0.2781081199645996,0.21906232833862305,-0.9615480899810791
-0.8423930406570435,-0.2327594757080078,0.3116714060306549,-0.6066135764122009,-0.46432965993881226,-1.456216812133789,-0.7808349132537842
-0.8465085029602051,-1.1764838695526123,-0.5500448942184448,-0.6085782051086426,0.4025809168815613,-0.6782849431037903,0.025797398760914803
0.36501646041870117,-0.07057885825634003,1.3957247734069824,0.9676427841186523,1.9796221256256104,1.4732223749160767,2.918837547302246
-0.7883618474006653,-0.6834163069725037,-0.715399444103241,-0.7539432048797607,-0.030632343143224716,-0.30535927414894104,0.05313035845756531
0.6639060378074646,1.2970465421676636,0.7219651341438293,1.3019670248031616,0.5238645076751709,1.2339003086090088,0.6785448789596558
1.05720055103302,-0.8405513167381287,0.9041696190834045,-0.5174396634101868,0.09352019429206848,-0.4788958430290222,-0.07347752153873444
4.02283239364624,4.334963321685791,4.21441125869751,5.469954490661621,4.89425802230835,5.673334121704102,4.017299175262451
-0.01824072003364563,-0.5723508596420288,-0.8368266820907593,-0.14429455995559692,-1.2111934423446655,-0.7421075105667114,-1.4894846677780151
-0.003439083695411682,-0.6186932325363159,0.0389087051153183,-0.04740475118160248,0.08319305628538132,-0.9168948531150818,0.6474989652633667
-0.3431535065174103,-0.039311230182647705,-0.9047010540962219,-0.21152812242507935,-0.14715176820755005,0.4285446107387543,-0.15164533257484436
-0.08308681845664978,0.5145168900489807,0.591604471206665,-0.40961116552352905,0.694934606552124,-0.36091887950897217,1.007960557937622
2.43670916557312,2.861396312713623,1.9867805242538452,2.377138614654541,1.0473785400390625,2.33736515045166,0.6977440714836121
-0.7235425710678101,-0.18597355484962463,-1.3980523347854614,0.19526126980781555,-1.500562310218811,-0.08961412310600281,-0.889968752861023
-2.734029769897461,-2.710308074951172,-3.8541150093078613,-3.7532451152801514,-3.853294849395752,-3.78358793258667,-4.069771766662598
-2.589747667312622,-1.616355061531067,-3.5822925567626953,-1.9847122430801392,-2.5961458683013916,-2.626899003982544,-2.9442811012268066
-2.548673152923584,-1.566678524017334,-1.7667781114578247,-2.12341046333313,-1.3764199018478394,-1.9445304870605469,-1.2898051738739014
1.1711679697036743,0.15745298564434052,1.6065349578857422,0.20501764118671417,1.1062859296798706,0.7137237787246704,1.7446091175079346
-4.8732404708862305,-4.435050010681152,-1.7648688554763794,-3.803178548812866,-4.068474292755127,-3.684267044067383,-1.1984827518463135
-1.1549614667892456,-0.3206639587879181,0.033098191022872925,0.07492229342460632,-1.3889212608337402,-0.8074841499328613,-0.14151611924171448
3.941709518432617,3.79252290725708,3.8991332054138184,3.5813522338867188,2.829453945159912,3.3316376209259033,2.5964953899383545
-6.4869465827941895,-4.1685709953308105,-4.559748649597168,-4.5782012939453125,-5.209047317504883,-5.015918731689453,-3.6852595806121826
-0.8365654945373535,-0.7253466844558716,-0.9815192818641663,-0.635547935962677,-0.41638147830963135,-0.6218628287315369,-0.9243662357330322
-0.31652361154556274,-0.6183403134346008,-0.4430738389492035,-0.6618302464485168,-0.5878884196281433,-0.22257477045059204,0.16172003746032715
4.0074262619018555,2.2611286640167236,2.6538448333740234,3.2684950828552246,3.4513731002807617,3.165984869003296,3.1782822608947754
0.30468639731407166,-0.5181593894958496,-1.1192783117294312,0.7718269228935242,0.2420549839735031,-0.17961999773979187,0.3145008683204651
-1.0160787105560303,-0.96308434009552,-0.19398991763591766,-0.626377284526825,0.2111297994852066,-0.33914411067962646,2.000977039337158
-4.107845306396484,-3.151240825653076,-1.992185354232788,-3.166982412338257,-2.8247718811035156,-3.0447583198547363,-1.8422002792358398
0.5495277047157288,-0.5042588114738464,0.3010600507259369,1.4290807247161865,1.1324166059494019,1.6267201900482178,0.9366680979728699
1.0319030284881592,0.6997263431549072,1.4406689405441284,0.41884875297546387,0.4344303011894226,0.7427805066108704,-0.516071081161499
-12.747032165527344,-17.533565521240234,-15.102849960327148,-17.40891456604004,-16.92342758178711,-17.42203712463379,-16.677289962768555
-0.018007755279541016,0.003144383430480957,-0.018997803330421448,0.07203114032745361,-0.632827877998352,-0.4401090145111084,-0.5177379846572876
-0.6023394465446472,-0.2636844217777252,0.1502510905265808,0.9580302238464355,1.6518182754516602,1.5124046802520752,2.2076804637908936
-0.8209223747253418,-0.18191775679588318,-0.664945125579834,1.9962157011032104,-0.31190046668052673,1.2384613752365112,-0.30025818943977356
0.05969368666410446,-0.09074629843235016,-1.2171008586883545,-2.021599769592285,-2.2463016510009766,-1.5057692527770996,-3.7442715167999268
1.029207468032837,-0.14829277992248535,1.0190916061401367,-0.5292201042175293,0.2964470386505127,-0.09006708860397339,0.003543570637702942
1.1939892768859863,-0.25572720170021057,1.0625519752502441,0.13586118817329407,1.1047861576080322,-0.2516268193721771,0.025484874844551086
2.245095729827881,1.2230125665664673,0.9391623139381409,0.7552593350410461,-0.3682507276535034,0.5104653239250183,0.5186352729797363
-1.5780224800109863,0.001427292823791504,-0.12158483266830444,-1.1155222654342651,-0.4666208326816559,-1.2721575498580933,0.34505096077919006
1.2060258388519287,2.05930495262146,0.8837193250656128,1.5263547897338867,-0.47925421595573425,0.6221137046813965,-0.3784976899623871
-2.232675075531006,-2.228973388671875,-1.2514375448226929,-2.477867603302002,-2.500009775161743,-2.540193796157837,-1.793149471282959
-0.7810148000717163,-0.10682928562164307,-1.1502790451049805,-0.007702082395553589,-1.3782613277435303,-0.13963249325752258,-1.4865689277648926
1.369836449623108,1.6401124000549316,1.4387314319610596,0.5911784768104553,0.9261811971664429,0.40666043758392334,0.8132969737052917
1.9572826623916626,0.8171067237854004,0.21168234944343567,0.2346445769071579,0.4872293770313263,0.25186628103256226,0.20264658331871033
1.529782772064209,0.8698805570602417,1.2186709642410278,1.0305650234222412,0.6394891738891602,0.45599621534347534,0.6713694930076599
0.4164782762527466,0.5410506725311279,1.1882990598678589,0.17652493715286255,0.44018080830574036,-0.3760041892528534,0.9665502309799194
-2.191878318786621,-2.3276050090789795,-0.9867736101150513,-1.7211171388626099,-0.5074366927146912,-1.9296609163284302,0.37163910269737244
2.1910433769226074,1.0570136308670044,1.3727445602416992,2.31071138381958,1.53471040725708,1.7795042991638184,1.4179906845092773
-0.08382201194763184,0.5378495454788208,0.24262061715126038,0.062202900648117065,0.2967458665370941,-0.10919390618801117,0.26088300347328186
0.22058603167533875,0.00029581785202026367,0.2723574638366699,0.6428288221359253,0.8028469085693359,1.6638288497924805,-0.5572190284729004
0.26963305473327637,0.5972834229469299,-0.5544938445091248,-0.9358312487602234,-1.214658498764038,-1.5230085849761963,-1.5267444849014282
-3.85901141166687,-2.3660035133361816,-0.9286078214645386,-2.1525778770446777,-1.3329074382781982,-2.427304744720459,-0.020834922790527344
0.3180285692214966,-0.12209184467792511,0.8086994290351868,-0.3595050871372223,0.7728208899497986,-0.7556038498878479,0.41714927554130554
-2.2677721977233887,-0.5837551355361938,-2.149083375930786,-1.5129059553146362,-3.1350252628326416,-1.6969115734100342,-3.45475435256958
2.9330196380615234,1.2107161283493042,3.34128475189209,2.3817906379699707,2.935344934463501,2.115264654159546,3.789307117462158
-1.691469669342041,-1.392588496208191,-0.48968005180358887,-1.8157498836517334,-0.43637481331825256,-1.2609655857086182,0.5141907334327698
0.8799481987953186,1.0286054611206055,2.2980897426605225,1.3312150239944458,1.6264441013336182,1.8355646133422852,2.154115676879883
0.35268262028694153,-0.8117539286613464,-0.717034637928009,-0.47224077582359314,-0.1800871342420578,-0.6350266933441162,-1.1665599346160889
0.09947095811367035,0.4417710602283478,-0.27805447578430176,-0.07672476023435593,0.18959635496139526,-0.8666670322418213,0.13485364615917206
-3.0668251514434814,-1.7929219007492065,-1.6958448886871338,-2.115213394165039,-1.4440803527832031,-2.129462242126465,-2.100053310394287
1.525069236755371,1.2661935091018677,0.6818861961364746,0.23125210404396057,-0.3448542654514313,-0.18821892142295837,-0.7791244983673096
0.8854494094848633,2.1230247020721436,1.9161595106124878,2.3095927238464355,0.6456500887870789,1.7025288343429565,0.825332760810852
-1.597998023033142,-1.057341456413269,-0.1574057638645172,-0.44279366731643677,-1.085736632347107,-0.8092671036720276,0.473392128944397
1.3518645763397217,1.7600154876708984,2.252063512802124,0.9645376205444336,1.5037404298782349,1.5201419591903687,1.8871220350265503
-2.386126756668091,-1.2031751871109009,-0.006319209933280945,-1.0682719945907593,-0.13097141683101654,-1.0977115631103516,0.560512900352478
2.8380796909332275,2.4407906532287598,2.2887682914733887,1.3033391237258911,1.6256306171417236,0.9449639916419983,2.6433961391448975
1.5282073020935059,1.037588357925415,1.1216466426849365,0.6812634468078613,1.1700313091278076,0.7091461420059204,1.3610143661499023
3.576021194458008,2.6815025806427,2.330918312072754,2.3785853385925293,2.4887166023254395,2.6527998447418213,1.6510167121887207
-3.3438382148742676,-2.0597827434539795,-3.154897451400757,-2.9720194339752197,-2.9912912845611572,-2.17710542678833,-2.4789962768554688
-2.85341215133667,-1.3128113746643066,-1.3661165237426758,-0.4340953230857849,-1.4772374629974365,-0.6300945281982422,-0.19186033308506012
0.8008087277412415,-0.5402693748474121,0.773601770401001,-0.13104930520057678,0.3335261940956116,0.2914970815181732,1.1849724054336548
-3.3584296703338623,-4.151856899261475,-3.308814764022827,-3.5425376892089844,-3.599123239517212,-3.4998934268951416,-4.332865238189697
-1.2144598960876465,-0.5368665456771851,0.4349287450313568,0.40745601058006287,1.1615197658538818,0.2770632207393646,1.8184638023376465
0.7776398062705994,1.4800151586532593,0.5486089587211609,1.160593867301941,-0.16793625056743622,1.07407546043396,-0.5229647159576416
1.1409194469451904,0.9107538461685181,1.741495132446289,1.6217634677886963,2.373777389526367,1.6816294193267822,2.411853313446045
3.5731563568115234,3.7071304321289062,2.608632802963257,2.66316819190979,2.2941319942474365,2.710322856903076,1.5118643045425415
2.4098007678985596,2.148448944091797,1.274640440940857,1.7529523372650146,1.1901721954345703,1.8761693239212036,1.4405850172042847
1.5721752643585205,-0.49988311529159546,-0.46543973684310913,-0.8447270393371582,-1.5024313926696777,-1.353996753692627,-2.5301384925842285
-0.7356479167938232,-0.6655210852622986,-0.487973690032959,-0.8754615783691406,-1.239577293395996,-1.1182053089141846,-0.5518908500671387
2.591360330581665,1.6488981246948242,1.8780081272125244,1.8399769067764282,1.9921914339065552,2.1580655574798584,0.3567948341369629
-0.07441882789134979,0.1348610818386078,-0.6997756361961365,-0.7307336926460266,-0.7174073457717896,-0.34049078822135925,0.28310731053352356
-0.49700096249580383,0.08208304643630981,-1.1863760948181152,-0.5151404142379761,-0.3990990221500397,-0.1511785387992859,-0.9064099788665771
1.3854258060455322,0.9322133660316467,1.646401047706604,1.5082173347473145,1.9629520177841187,1.6357399225234985,2.0803062915802
1.7448397874832153,0.8065298795700073,1.7237896919250488,1.818919062614441,1.7922663688659668,0.8022245168685913,1.3018598556518555
2.907015800476074,2.4976625442504883,2.3174500465393066,2.5944321155548096,1.984523057937622,2.4714200496673584,2.1000096797943115
-0.8207811117172241,-0.3089011311531067,1.5653924942016602,0.6206598877906799,0.26679527759552,0.1396828293800354,0.7111175656318665
-1.6898006200790405,-0.8653261661529541,-1.724155306816101,-1.4309765100479126,-1.974279761314392,-1.1984837055206299,-1.4118911027908325
1.1341900825500488,0.3330806493759155,-0.09049084782600403,-0.9421442747116089,0.40124982595443726,-0.972487211227417,-0.13869813084602356
0.5753464698791504,0.20625638961791992,1.1936330795288086,-0.42479538917541504,-0.2337166965007782,-0.6011126637458801,0.43321964144706726
0.3400406539440155,1.960883378982544,1.297438621520996,1.357304334640503,2.776043176651001,2.105217456817627,3.269543409347534
-1.077632188796997,-1.1598522663116455,-1.5920348167419434,-3.2340407371520996,-2.099459648132324,-2.5320520401000977,-1.9194238185882568
2.222970485687256,2.1104331016540527,2.571728229522705,2.231804847717285,2.523343563079834,1.935961127281189,2.755063772201538
2.7289581298828125,2.7568068504333496,2.7920703887939453,2.339385986328125,3.6355228424072266,2.8244636058807373,3.4806065559387207
1.0634056329727173,2.306671142578125,0.7377035617828369,1.4103232622146606,0.868147611618042,1.896630883216858,0.5473547577857971
-1.4445645809173584,-0.3304075002670288,-0.7633073925971985,-1.0418272018432617,-0.46336305141448975,-0.9872918725013733,-0.7208859324455261
0.435871422290802,-0.9270216226577759,-0.47679758071899414,-0.38453853130340576,-1.1394224166870117,-0.7449637651443481,-2.4047293663024902
-1.1306686401367188,-0.9253420233726501,-1.0954062938690186,-1.5126221179962158,-2.0317330360412598,-2.164586067199707,-1.729252576828003
-3.9382758140563965,-2.983525037765503,-2.564553737640381,-2.979834794998169,-2.3563685417175293,-3.102846622467041,-2.2351815700531006
2.574002265930176,3.617187976837158,1.7372183799743652,3.861572265625,3.0603537559509277,4.709535598754883,2.3863630294799805
-0.8898867964744568,-0.3131689131259918,-0.11142921447753906,-0.6399709582328796,-0.15981394052505493,-0.7627267241477966,-0.4493902325630188
2.266955852508545,1.9881024360656738,0.3171888291835785,0.7674129009246826,0.22451969981193542,0.7633125185966492,-0.9068782329559326
1.8619327545166016,0.9298098087310791,-0.5630437731742859,0.403010755777359,0.8083354234695435,0.6024952530860901,-0.779345691204071
1.3651922941207886,1.4813176393508911,1.1731725931167603,1.6842875480651855,1.0255581140518188,1.2311931848526,0.6615691184997559
0.3260418474674225,-1.3244068622589111,-0.5468425750732422,-0.05369235575199127,-0.11458337306976318,-0.1639932096004486,-1.228615164756775
0.9651046395301819,1.6967906951904297,1.6295440196990967,1.003002643585205,1.512682557106018,1.3802396059036255,-0.44406095147132874
0.8283443450927734,-0.20086362957954407,1.4185131788253784,1.1897107362747192,0.6763404011726379,0.9133436679840088,0.40527471899986267
2.6502394676208496,2.357827663421631,2.5042121410369873,4.03284215927124,3.662165641784668,4.198498249053955,2.2647640705108643
-4.147619247436523,-2.0953993797302246,-2.611229658126831,-2.361105442047119,-2.170846700668335,-2.1019599437713623,-2.3324570655822754
-0.2677208185195923,-0.2629133462905884,0.22209370136260986,-0.8148980140686035,0.24013546109199524,-0.35483285784721375,0.312905490398407
-2.4984211921691895,-1.9353370666503906,-2.3351259231567383,-1.4557950496673584,-1.8283164501190186,-1.8262662887573242,-3.093921184539795
-2.295427083969116,-0.8404598236083984,-0.8966352939605713,-0.8470203876495361,-0.5673731565475464,-0.9962750673294067,-0.48632803559303284
-2.1522955894470215,-2.4081294536590576,-1.7986048460006714,-2.6344716548919678,-1.558756947517395,-2.147753953933716,-1.334299921989441
-1.4764745235443115,-0.3222694396972656,-0.011664032936096191,0.1412808895111084,-0.20520299673080444,0.44143033027648926,1.3086539506912231
2.1896770000457764,1.4793920516967773,2.81376576423645,1.4229602813720703,1.7816941738128662,1.6535565853118896,1.407416582107544
0.45860373973846436,0.7700610160827637,0.08426884561777115,0.3571506142616272,0.8938931822776794,0.40635544061660767,-0.22958356142044067
-3.1659977436065674,-1.4283396005630493,-1.683794617652893,-2.2102863788604736,-2.215411901473999,-3.198072671890259,-1.303802490234375
-2.2366371154785156,-2.3162741661071777,-2.5631182193756104,-3.2249231338500977,-3.0641872882843018,-2.7697784900665283,-3.0673608779907227
1.7563424110412598,0.34142279624938965,0.7391617298126221,1.119166374206543,0.7198898792266846,1.0104031562805176,0.747382402420044
-1.541239619255066,-1.6350091695785522,0.18187886476516724,-1.450490951538086,-0.35035327076911926,-2.026597499847412,1.071734070777893
2.1511425971984863,1.528625249862671,0.7245365381240845,1.2745029926300049,1.5524076223373413,2.0194435119628906,1.0572553873062134
0.09284117817878723,0.762378990650177,0.7070235013961792,0.6660194993019104,-0.12853577733039856,0.344137966632843,0.14037898182868958
2.5652804374694824,1.3525447845458984,1.0470391511917114,-0.11111938953399658,0.10456180572509766,-0.20624864101409912,0.8085097074508667
-1.0881847143173218,-0.7548059821128845,-1.013387680053711,-1.464585542678833,-1.4412132501602173,-0.998779833316803,-1.3667858839035034
-1.4491060972213745,-0.639863908290863,-2.6509060859680176,-2.1367156505584717,-3.134753465652466,-2.0383057594299316,-3.3085556030273438
-0.8034268617630005,-0.9486389756202698,-1.4114205837249756,-2.821958541870117,-2.1019279956817627,-2.895765781402588,-0.8027724623680115
4.539516925811768,2.3572158813476562,2.7947287559509277,2.2063212394714355,2.742499828338623,2.490478992462158,1.8303182125091553
-1.1766560077667236,-1.4806644916534424,-1.411367654800415,-0.9547877907752991,-0.9631935954093933,-0.2091297209262848,-1.8305639028549194
-1.8230024576187134,-1.5572229623794556,-2.305136203765869,-0.8907026648521423,-1.749531626701355,-0.584607720375061,-1.6254103183746338
5.951771259307861,3.6710662841796875,4.186281681060791,2.840324878692627,3.6905431747436523,3.172457695007324,2.966620445251465
2.8830487728118896,2.397787570953369,3.969573974609375,2.7730770111083984,3.455383777618408,3.205259323120117,4.505035877227783
1.787424921989441,1.3528292179107666,-0.03269648551940918,1.2700011730194092,1.397113561630249,1.1293573379516602,1.1929627656936646
-1.774533748626709,-3.0964713096618652,-2.720874786376953,-2.551938056945801,-2.412524461746216,-2.518314838409424,-2.9227349758148193
-0.008081808686256409,0.16690939664840698,0.08818166702985764,0.11852467060089111,0.6216439604759216,0.450247198343277,1.2731717824935913
0.38057172298431396,-0.6537609100341797,-1.2118258476257324,-0.49323025345802307,-1.2356081008911133,-0.45489147305488586,-1.616593599319458
-0.3192431330680847,-1.336456298828125,-0.37511706352233887,-1.0016584396362305,-0.686952531337738,-0.1551305055618286,-0.3387874662876129
-1.9697567224502563,-2.9048376083374023,-2.4492831230163574,-2.333446741104126,-1.5338685512542725,-1.832531452178955,-1.3001928329467773
-4.782866477966309,-2.466728687286377,-1.6208157539367676,-2.6828198432922363,-2.6127028465270996,-2.681999683380127,-1.2819466590881348
-1.5202871561050415,-2.3763229846954346,-1.0673035383224487,-1.748551607131958,-1.046422004699707,-1.7801246643066406,-0.8058429956436157
-0.4690040051937103,-0.3861384689807892,-1.2336914539337158,-0.7818273305892944,-0.32094210386276245,0.2713737487792969,0.05779224634170532
-0.5235890746116638,-1.3055305480957031,-0.7255288362503052,-0.8622772693634033,-0.42020270228385925,-0.7392652034759521,-1.4910469055175781
0.49527794122695923,0.687981128692627,1.5334070920944214,0.3686879873275757,2.0976223945617676,0.34880101680755615,3.1463143825531006
1.7379859685897827,2.060424566268921,2.192457437515259,1.294879674911499,1.8964084386825562,0.9046238660812378,1.9620404243469238
0.22247309982776642,0.8359959125518799,0.7439419031143188,1.4895999431610107,0.9509096145629883,1.7901594638824463,0.901090145111084
0.8563340902328491,1.6006317138671875,-0.22896768152713776,0.1868131160736084,-0.26751142740249634,0.03673839569091797,-0.026648283004760742
0.4778904318809509,1.05815589427948,1.4649157524108887,0.8047510385513306,0.18456526100635529,0.6354044079780579,0.5100477933883667
1.0979039669036865,1.2442216873168945,1.5023419857025146,1.4391958713531494,1.4650284051895142,1.5769692659378052,2.0084991455078125
-2.8129732608795166,-2.0224478244781494,-2.3209569454193115,-1.0691044330596924,-2.396404504776001,-1.7559216022491455,-2.6208064556121826
-0.8853369951248169,-0.9056669473648071,-1.4779164791107178,-0.25042277574539185,1.0379234552383423,0.48026877641677856,0.080990731716156
4.312546730041504,3.2949631214141846,3.6508779525756836,2.5798532962799072,4.005152702331543,2.8709816932678223,2.957500696182251
-1.1471151113510132,0.3340044915676117,0.1746782660484314,0.45199352502822876,-1.182836651802063,0.2773164212703705,-0.6674416065216064
0.8409003019332886,0.817550003528595,1.8279914855957031,1.0897141695022583,2.13798189163208,1.2654163837432861,1.7119371891021729
2.3246636390686035,2.1589503288269043,1.5613512992858887,1.4028363227844238,1.65091073513031,1.4917125701904297,1.3385982513427734
1.2319464683532715,1.5268752574920654,1.1301614046096802,0.9720908403396606,0.7086784839630127,0.8086385726928711,0.4519416093826294
0.04325854778289795,-0.6370081901550293,1.1191939115524292,0.30054864287376404,1.3848999738693237,0.35211119055747986,0.8147397041320801
-1.5990430116653442,-1.551355004310608,-2.7191500663757324,-2.059804916381836,-1.3383392095565796,-2.083587169647217,-1.6643273830413818
1.1922473907470703,1.0167136192321777,1.8628828525543213,1.364683985710144,2.0359199047088623,1.7078876495361328,1.905717134475708
-4.547311782836914,-3.550542116165161,-3.929842233657837,-3.0068418979644775,-3.0712180137634277,-3.2024309635162354,-2.8762636184692383
3.003528594970703,2.673855781555176,2.740692377090454,1.9189717769622803,1.2674179077148438,2.0873959064483643,1.0188109874725342
5.929447174072266,4.34228515625,4.913061141967773,3.405548572540283,4.873697280883789,3.4307661056518555,3.1332249641418457
0.09941554069519043,0.5597426891326904,-0.18335258960723877,0.2155139446258545,-0.024257004261016846,0.6433908939361572,-0.2651299834251404
0.718835711479187,0.7308574914932251,0.20006051659584045,0.07192295789718628,0.3052358031272888,0.615226149559021,0.532160222530365
-2.9146814346313477,-3.444335460662842,-3.7969701290130615,-4.146324634552002,-3.2602274417877197,-4.139763832092285,-3.440783977508545
1.3564778566360474,1.1734167337417603,2.815627336502075,2.2440314292907715,1.877455711364746,2.127579927444458,2.450244188308716
1.778347373008728,0.04469424486160278,0.28251755237579346,0.8184400200843811,0.5047593116760254,0.6425328254699707,-0.454598993062973
-2.9112274646759033,-3.2567806243896484,-2.6696033477783203,-2.383395195007324,-2.4932861328125,-2.626138925552368,-2.8419301509857178
0.9029807448387146,1.1909866333007812,1.0050333738327026,1.2041078805923462,2.012706995010376,1.9134774208068848,1.3525505065917969
-0.08859601616859436,0.5115927457809448,-1.3914037942886353,-1.096174955368042,-1.1425094604492188,-1.0990451574325562,-2.4043986797332764
-1.7644425630569458,-0.3334996700286865,-0.9953044652938843,0.5431661605834961,-0.6377494931221008,-0.18998560309410095,-0.643566370010376
-1.4571608304977417,-1.2417720556259155,-3.208324670791626,-2.9278571605682373,-3.496993064880371,-4.039886951446533,-4.3002448081970215
0.42957741022109985,0.18149803578853607,0.878566324710846,0.6563245058059692,1.7704037427902222,0.8830767869949341,1.4623198509216309
5.858852863311768,5.470582485198975,4.990015983581543,4.241076946258545,4.367574214935303,3.9904398918151855,4.31002140045166
1.2323180437088013,0.2884286642074585,-0.011720716953277588,0.10473066568374634,0.9627396464347839,-0.010080575942993164,1.013556718826294
1.611962080001831,2.2663521766662598,1.6115186214447021,2.24010968208313,2.451690435409546,2.1193528175354004,1.7648100852966309
-0.6542577743530273,-0.06858816742897034,0.574354887008667,-0.4614066779613495,-0.7021002173423767,-1.1490440368652344,-0.514464259147644
2.5223875045776367,-0.06983199715614319,-0.7537789344787598,-0.48315247893333435,-0.8292262554168701,-1.7657577991485596,-1.1985127925872803
-4.936703205108643,-4.550234794616699,-4.34521484375,-3.3994572162628174,-3.4274423122406006,-3.796171188354492,-3.2401623725891113
0.536765456199646,-1.0014971494674683,0.42308494448661804,0.03651957958936691,0.1997668445110321,-0.17034567892551422,0.37094196677207947
0.8489239811897278,1.2006127834320068,1.336540937423706,2.368201971054077,2.425607681274414,2.187784433364868,2.8109371662139893
-0.11224482208490372,1.2481168508529663,-0.15504050254821777,0.18057742714881897,-0.6831722259521484,0.2582800090312958,-1.226636290550232
2.5112926959991455,1.1212154626846313,3.1439435482025146,2.702740430831909,3.7688448429107666,2.7183220386505127,3.7650766372680664
-1.5053684711456299,-2.4692225456237793,-2.2395999431610107,-2.574193000793457,-2.666041851043701,-2.2010562419891357,-3.0522890090942383
-3.6876111030578613,-0.7244165539741516,-0.7814122438430786,-0.3127362132072449,-1.5510318279266357,-0.30453556776046753,0.06270986795425415
2.795787811279297,2.3008670806884766,2.2574028968811035,2.4837450981140137,2.7031166553497314,1.9105088710784912,3.5204172134399414
3.0242903232574463,1.686028003692627,2.1330230236053467,2.4905781745910645,2.5004189014434814,2.111701011657715,2.3354732990264893
-5.518622398376465,-3.8953728675842285,-5.789553642272949,-5.277003288269043,-6.59979248046875,-6.083142280578613,-6.340400218963623
-3.0273187160491943,-1.848602056503296,-2.3071553707122803,-2.363125801086426,-2.1324779987335205,-1.8960561752319336,-2.7075469493865967
-2.402458429336548,-0.7993175983428955,-1.1076676845550537,-0.712799072265625,-1.9603464603424072,-0.8534428477287292,-0.611599326133728
2.4842746257781982,2.240605354309082,1.883050560951233,1.0890076160430908,1.0600998401641846,0.7116553783416748,1.1770119667053223
0.6017283201217651,1.0094239711761475,0.3338828980922699,1.2210047245025635,0.03967913240194321,0.6223461627960205,-0.24618001282215118
-3.4941155910491943,-3.2184062004089355,-2.693964719772339,-3.548898458480835,-3.5554592609405518,-3.5981032848358154,-2.2177622318267822
0.9615514278411865,1.2195366621017456,0.3241114020347595,0.4877174496650696,-0.220011904835701,0.3839772939682007,-0.04092569649219513
-1.5979478359222412,-1.1706409454345703,-0.7598317861557007,-0.3454349935054779,-0.3331337869167328,-0.48618125915527344,-0.06163458526134491
-3.256356954574585,-2.3314316272735596,-0.8077224493026733,-2.706003189086914,-1.4900293350219727,-2.488886833190918,-0.3775988817214966
-0.8566476106643677,-1.3618217706680298,-1.5049258470535278,-2.0904629230499268,-1.7017450332641602,-2.4209554195404053,-2.3859872817993164
-3.254859447479248,-1.9848260879516602,-2.1969962120056152,-1.867221474647522,-2.8279452323913574,-2.036106824874878,-1.1680469512939453
0.42599642276763916,0.7933287024497986,-0.626435399055481,0.4263684153556824,0.41539984941482544,0.6168064475059509,0.013887614011764526
1.6673468351364136,1.1812348365783691,1.272263765335083,1.6199777126312256,1.9594910144805908,1.524848461151123,0.9912207722663879
3.3604323863983154,1.7627980709075928,2.4616599082946777,1.6553674936294556,2.600099802017212,2.1443405151367188,2.578484058380127
1.6648645401000977,1.2743685245513916,2.461191415786743,1.1676684617996216,2.3340790271759033,0.98094642162323,2.0962400436401367
-2.775778293609619,-1.7861565351486206,-1.646051049232483,-1.4670684337615967,-1.0209448337554932,-1.2456467151641846,-1.2845395803451538
0.35048261284828186,1.083266258239746,-0.5130202174186707,0.5877326726913452,0.8757859468460083,1.4523024559020996,1.307012677192688
-0.24655093252658844,0.7158265709877014,-0.4999426007270813,-0.5655490159988403,-0.5823606252670288,-0.5015827417373657,-0.248367577791214
2.2890326976776123,2.2747256755828857,1.1879141330718994,0.30161234736442566,0.48695048689842224,-0.2568624019622803,0.14853474497795105
0.5841009616851807,1.7143726348876953,0.7282259464263916,0.9639991521835327,0.4200807809829712,1.0009026527404785,-0.15508107841014862
-1.60183846950531,-1.058448076248169,-1.976938009262085,-1.9761179685592651,-1.1707990169525146,-1.4744337797164917,-1.9299966096878052
1.637018084526062,0.5810869336128235,1.6556612253189087,0.10857965797185898,0.7399390339851379,0.617311418056488,0.7747692465782166
2.082559585571289,0.9914200305938721,0.5868128538131714,2.181049108505249,2.3524458408355713,2.5287630558013916,1.520279049873352
-2.2000973224639893,-0.9137595891952515,-1.0067874193191528,-2.1497230529785156,-1.3318979740142822,-1.6494741439819336,-1.1456618309020996
-0.05504637956619263,-0.3702777028083801,0.45200660824775696,-0.14106525480747223,-0.4711475968360901,-0.08078932762145996,0.08727854490280151
-0.6956002712249756,0.0756671279668808,-0.291831374168396,0.2667458653450012,-0.04980514943599701,0.30651968717575073,-0.7824403047561646
-3.4024181365966797,-3.2250442504882812,-2.1225485801696777,-3.2119228839874268,-1.887647032737732,-2.3649849891662598,-0.4203684628009796
0.17735078930854797,-1.2071396112442017,-1.9312705993652344,-0.6642463207244873,-1.4055989980697632,0.03979262709617615,-2.0711982250213623
-0.5910359025001526,-0.20325003564357758,-0.7255035042762756,-0.5607026219367981,0.00997084565460682,-0.634458601474762,-0.44765764474868774
2.8935179710388184,3.2246792316436768,3.4493813514709473,3.8348190784454346,3.900425434112549,3.7265684604644775,4.179382801055908
-4.273161888122559,-3.8860890865325928,-2.306204319000244,-3.2415058612823486,-2.9560155868530273,-3.5699479579925537,-1.4186058044433594
-0.23565758764743805,-1.0781152248382568,-0.7247632145881653,-0.08089765906333923,-0.5454731583595276,0.012591511011123657,-0.6704981327056885
1.083848476409912,0.3988780379295349,-0.24160464107990265,0.9256770014762878,0.5723249316215515,0.8587892651557922,-0.7534477710723877
-4.0333170890808105,-2.682279348373413,-2.7931952476501465,-3.8877973556518555,-3.7369027137756348,-4.225260257720947,-2.788626194000244
1.1239441633224487,0.6782921552658081,0.33795881271362305,0.4974644184112549,-0.21262262761592865,0.6065351366996765,-0.7642828226089478
3.3073275089263916,0.914274275302887,-0.31994661688804626,0.8482578992843628,0.9925918579101562,1.7646976709365845,-0.49786216020584106
-4.4019999504089355,-3.323624610900879,-3.3601183891296387,-2.4453186988830566,-3.980919122695923,-3.38226056098938,-3.445733070373535
0.9085646867752075,0.7940098643302917,0.5625421404838562,0.6933450102806091,0.9535409808158875,1.3485889434814453,0.48943018913269043
3.0238559246063232,3.4696333408355713,3.4458510875701904,3.517198085784912,2.2435109615325928,2.656113624572754,3.1891117095947266
-2.6081457138061523,-1.8307915925979614,-2.102853298187256,-2.627499580383301,-1.9624145030975342,-2.757892370223999,-1.5944241285324097
2.3193118572235107,1.1040542125701904,0.5836107730865479,1.2033865451812744,1.3406474590301514,0.7455766201019287,0.030292809009552002
-1.9895793199539185,-0.7683020830154419,-1.1529197692871094,-0.5194077491760254,-1.5576293468475342,-1.2000552415847778,-1.2296960353851318
-3.6850929260253906,-2.4862873554229736,-2.9397919178009033,-2.6408724784851074,-3.105448007583618,-3.0242600440979004,-2.143280029296875
0.29740047454833984,-0.09875501692295074,-0.2968813478946686,0.2177959829568863,-0.17784152925014496,0.29488351941108704,0.3765905797481537
-1.4425774812698364,-2.3741672039031982,-2.5431036949157715,-1.856696605682373,-1.9772484302520752,-1.7492661476135254,-2.814039707183838
0.2938678562641144,0.7113367319107056,1.3321375846862793,0.1409708708524704,-0.48147010803222656,0.036000579595565796,0.714279055595398
-1.4944100379943848,-2.268693447113037,-2.083355188369751,-2.383504629135132,-1.8184692859649658,-1.770904779434204,-2.6833977699279785
4.02156925201416,2.100229263305664,2.456554412841797,2.1231915950775146,2.2814671993255615,1.7139716148376465,0.6487236618995667
0.2340327501296997,-1.8572218418121338,-0.8641046285629272,-1.9441502094268799,-0.6254611015319824,-1.355332612991333,-0.8695870637893677
-0.7289797067642212,-0.6212939023971558,0.9475197792053223,0.2592674493789673,1.3944635391235352,0.8778129816055298,3.196787118911743
-3.260745048522949,-2.589808464050293,-2.9313719272613525,-2.294374465942383,-2.230818271636963,-3.042902946472168,-2.4655258655548096
-0.651094913482666,0.4895111322402954,-0.4172671437263489,-0.5877670049667358,-1.354029655456543,-0.649785578250885,-1.3267320394515991
4.519245147705078,2.7815701961517334,3.5583913326263428,3.772022247314453,4.870110511779785,3.554701089859009,3.245250701904297
1.4010365009307861,2.145695686340332,1.2370469570159912,2.296590805053711,1.6397063732147217,1.9332951307296753,1.2376906871795654
-1.7670316696166992,-0.26951393485069275,-0.12271957844495773,-0.33348020911216736,-0.603286623954773,-0.8429551124572754,0.8528825640678406
-1.7536373138427734,-2.246321201324463,-1.6156796216964722,-2.587064743041992,-1.2724759578704834,-2.6149473190307617,-1.209465742111206
1.2836759090423584,0.9458968639373779,-0.521636962890625,0.28040173649787903,-0.23788917064666748,0.15246912837028503,-1.5988986492156982
-0.6132098436355591,-0.4365021288394928,0.022332817316055298,-0.49431779980659485,-0.824195146560669,-0.8073834180831909,-0.4404812455177307
3.6063568592071533,2.1795849800109863,2.660254716873169,1.9774351119995117,1.7802059650421143,1.8134191036224365,1.2468305826187134
0.4931705892086029,-0.5405511856079102,-0.6397809386253357,-0.915327787399292,-1.0703229904174805,-0.5850405097007751,-0.5640113949775696
-0.9272943735122681,0.358318567276001,-0.34879574179649353,0.500192403793335,-0.30225619673728943,0.4772301912307739,-0.8167647123336792
3.463496208190918,3.582007884979248,3.3810882568359375,3.1424448490142822,2.9243035316467285,2.851316452026367,2.7240326404571533
2.948617935180664,2.41094708442688,1.7218745946884155,2.2038769721984863,1.0889776945114136,1.686406135559082,0.7037433981895447
-1.6911126375198364,-0.6909493207931519,-1.0256702899932861,-1.6198954582214355,-0.9810623526573181,-1.4968833923339844,-0.09897980093955994
0.8481971025466919,1.5853227376937866,1.4881432056427002,1.8555392026901245,1.9088443517684937,1.7768114805221558,2.3157808780670166
-2.6672229766845703,-1.3509176969528198,-0.8748610615730286,-0.8871622681617737,-1.0938224792480469,-1.3377964496612549,0.5120561122894287
-1.5547266006469727,-1.7796322107315063,-1.9313470125198364,-1.4231024980545044,-1.415311574935913,-1.641858696937561,-1.6395281553268433
-3.1092982292175293,-2.7209091186523438,-2.5324957370758057,-1.6556243896484375,-1.5957585573196411,-1.6740761995315552,-0.6388013362884521
-0.8915494084358215,-0.9352216124534607,-0.20852789282798767,0.29202866554260254,-0.972125232219696,-0.29566141963005066,-1.1491975784301758
-0.14193002879619598,0.023439258337020874,-1.8762768507003784,-0.03048105537891388,-1.7778671979904175,-0.6978213787078857,-2.777676820755005
-2.336127281188965,-2.0789268016815186,-4.1078057289123535,-2.6644644737243652,-3.976593017578125,-2.3938376903533936,-3.986415386199951
0.9092313051223755,0.552204966545105,0.48782864212989807,1.2406624555587769,-0.08002571761608124,1.2439427375793457,-0.9214415550231934
2.0401978492736816,1.9275431632995605,0.6027034521102905,1.0652287006378174,0.5543187260627747,0.09507369995117188,-0.897129237651825
2.311772346496582,1.5829110145568848,0.9013216495513916,0.6688288450241089,0.5365909337997437,0.5720593929290771,-0.17172250151634216
1.4189012050628662,1.260823369026184,-0.18784856796264648,1.0428869724273682,0.018811702728271484,0.345203697681427,-1.2207973003387451
-2.0271034240722656,-3.014251470565796,-2.352036476135254,-3.0855984687805176,-2.5689477920532227,-3.498098850250244,-2.3525242805480957
-0.8438497185707092,-1.3456189632415771,-2.355137825012207,-2.3469369411468506,-0.7868368029594421,-1.0536704063415527,-1.4893676042556763
-0.2681538462638855,0.7167288064956665,1.4765331745147705,0.9984264373779297,0.8901758193969727,1.023438811302185,2.1387481689453125
0.8461199998855591,0.6877315044403076,1.5947402715682983,0.10731960088014603,1.2027419805526733,0.5505729913711548,2.1732630729675293
-3.8585498332977295,-2.8337247371673584,-1.6975035667419434,-3.451655149459839,-2.0558786392211914,-3.440584182739258,-1.524307131767273
-0.27003854513168335,0.3167337477207184,-1.348029375076294,-0.2876654267311096,-1.755609393119812,-0.4078071713447571,-0.5787539482116699
1.514186978340149,1.7230373620986938,2.1125757694244385,1.6549707651138306,0.977994441986084,1.9280575513839722,1.4519721269607544
0.8372820615768433,-0.5436058640480042,-0.551806628704071,-1.1311933994293213,-0.9975202679634094,-1.2205820083618164,-1.9146137237548828
-0.5607069730758667,0.43737632036209106,1.122963547706604,1.0417755842208862,0.3586485981941223,0.9696085453033447,1.3794186115264893
2.6439435482025146,1.7090225219726562,1.4098467826843262,0.4589637219905853,-0.24056482315063477,0.20965927839279175,0.29955989122390747
0.39922529458999634,-0.31469351053237915,1.5727214813232422,0.40051907300949097,1.0798531770706177,0.8863141536712646,1.6115622520446777
-0.36246153712272644,-0.6260533332824707,-1.2845778465270996,-0.7002705931663513,-0.10694243013858795,-0.6871492862701416,-0.640225887298584
0.7857004404067993,0.4034830927848816,1.499725580215454,0.7405361533164978,0.8703138828277588,0.6235209703445435,0.897368848323822
6.003015518188477,7.606990814208984,6.981269359588623,7.7201619148254395,7.195720672607422,7.093620300292969,7.068286418914795
-2.4947216510772705,-3.4295637607574463,-3.0326449871063232,-2.9325952529907227,-2.424555540084839,-2.739466428756714,-1.5985037088394165
1.4268572330474854,2.285888195037842,1.983688473701477,2.317871332168579,0.3500884473323822,1.7757982015609741,-0.12976683676242828
-1.3377269506454468,-1.3121575117111206,-1.628170371055603,-2.2977657318115234,-1.620789647102356,-2.0812644958496094,-1.114112138748169
0.08747777342796326,1.1464265584945679,0.2820618748664856,-0.5780998468399048,0.44361770153045654,-0.7122855186462402,-0.13326114416122437
0.7630098462104797,0.7604027390480042,0.6882356405258179,0.6254995465278625,0.7645031213760376,0.8797244429588318,0.5903038382530212
-1.4419708251953125,-1.1561968326568604,-0.14811313152313232,-0.4009028673171997,0.3980604410171509,0.09381061792373657,1.599353313446045
4.230756759643555,2.8995416164398193,3.2613508701324463,2.729323625564575,2.873657703399658,2.4910902976989746,2.809021472930908
2.2296273708343506,1.6490254402160645,3.5467936992645264,3.0908291339874268,3.4123005867004395,3.009641170501709,3.9847593307495117
-2.51141095161438,-1.7471003532409668,-2.1497597694396973,-1.4297292232513428,-2.308035135269165,-1.7077364921569824,-1.6601543426513672
-1.9786574840545654,-0.835294783115387,-0.7635377645492554,-1.0038213729858398,-0.7988012433052063,-0.6962912082672119,-0.6770404577255249
1.7539482116699219,0.8350852727890015,0.4781452715396881,1.154916524887085,0.5974670052528381,1.2242133617401123,0.39871862530708313
-0.6726676225662231,0.11266845464706421,-0.6133076548576355,-0.4984964430332184,-1.3087358474731445,-0.6153578758239746,0.13577324151992798
-0.9130345582962036,0.135955348610878,-0.14133433997631073,0.24430842697620392,0.12580682337284088,0.6451226472854614,0.486963152885437
-0.5384370684623718,-2.4021706581115723,-2.0257537364959717,-2.5186221599578857,-1.6854203939437866,-1.5566679239273071,-1.0086345672607422
-1.4400945901870728,0.1549471616744995,-0.9488809108734131,-0.6739490032196045,-0.09804755449295044,-0.12962061166763306,0.37393826246261597
-1.6101032495498657,-1.5491312742233276,-0.2927681505680084,-0.341562956571579,-0.9520357847213745,0.36329612135887146,1.0549190044403076
2.462933301925659,1.8834398984909058,2.4156720638275146,1.6185539960861206,1.743206262588501,1.3868813514709473,1.9860928058624268
0.6661787629127502,1.5094668865203857,1.789114236831665,1.3872748613357544,1.1018869876861572,0.9612431526184082,2.4364101886749268
3.528653144836426,3.5583152770996094,1.9899117946624756,2.321429491043091,2.297646999359131,2.615633249282837,1.5545337200164795
-1.3355152606964111,0.4432172179222107,-0.6464645862579346,0.18735212087631226,-0.26000168919563293,-0.29403504729270935,0.01648755744099617
-1.6280784606933594,-1.0440090894699097,-0.34489068388938904,-0.9632312059402466,0.5530973672866821,-0.30009379982948303,1.3905729055404663
2.0600662231445312,0.8476958274841309,0.5180234909057617,0.35564759373664856,-0.02897009253501892,0.4958812892436981,-0.08351299166679382
-1.2462337017059326,-0.31795960664749146,-1.6766276359558105,-0.10822403430938721,-0.7337915897369385,-0.5615234375,-2.0760350227355957
-2.7588350772857666,-3.0037941932678223,-2.7557199001312256,-2.466846466064453,-3.0747311115264893,-2.0861241817474365,-2.4425833225250244
0.5171884894371033,0.9275685548782349,1.3243849277496338,1.5704089403152466,1.4580579996109009,1.921403408050537,2.0401523113250732
0.6550641059875488,1.676393747329712,1.3139183521270752,1.2655335664749146,0.2629852890968323,0.91084885597229,0.452706515789032
0.16456100344657898,1.040245532989502,0.3174472749233246,0.5757981538772583,-0.20709659159183502,0.9877604246139526,-0.6642515659332275
-0.45688724517822266,-0.11652342975139618,0.3833155632019043,0.8122175335884094,0.770393431186676,1.0266684293746948,0.29547232389450073
1.1505837440490723,-0.9825260639190674,-1.787024736404419,-1.4204490184783936,-2.044530153274536,-1.2777550220489502,-4.075954914093018
0.3779262900352478,0.8445404767990112,-0.7570764422416687,-0.33145466446876526,-0.6529261469841003,-0.8604064583778381,-2.084933042526245
-0.7118105888366699,0.10325548052787781,-0.20406965911388397,-0.15937529504299164,-0.4133951663970947,-0.2743915319442749,-0.10509687662124634
-0.8042985200881958,-0.09540116786956787,-1.0499746799468994,0.09526747465133667,-0.5755581855773926,0.39213675260543823,-1.125645399093628
-0.13761740922927856,-0.7488395571708679,-1.9455416202545166,-2.073474168777466,-2.8082661628723145,-1.757743239402771,-3.341780185699463
-1.4146833419799805,-0.7421603798866272,-0.38906458020210266,0.42747917771339417,0.7153274416923523,0.19457630813121796,0.9372377991676331
-1.768776535987854,-0.5957006812095642,0.09716483950614929,0.16523155570030212,-1.2571978569030762,-0.14065837860107422,-0.5481327772140503
0.7324365377426147,0.6819232106208801,0.926102340221405,1.0491143465042114,1.8363912105560303,2.157862663269043,1.7827845811843872
-2.277719497680664,-1.3751556873321533,-1.1126787662506104,-1.4459900856018066,-1.8201518058776855,-1.1822254657745361,-0.6985770463943481
3.3436737060546875,2.57297420501709,2.514338254928589,1.767655372619629,1.9589391946792603,1.6208610534667969,1.8858535289764404
-3.223984718322754,-2.839484214782715,-0.9118852019309998,-1.5900917053222656,-1.8767096996307373,-1.853337287902832,-0.7177237272262573
-0.24753686785697937,-0.430115282535553,0.11462303251028061,0.7220975756645203,-0.2250824123620987,0.0067824870347976685,0.2699635624885559
0.33407706022262573,0.034938693046569824,-0.7448551058769226,-0.6911398768424988,-1.711319923400879,-1.0273728370666504,-1.6753122806549072
0.09392059594392776,1.2909702062606812,1.2704681158065796,0.206567645072937,0.374940425157547,0.3490053713321686,1.259489893913269
-0.8241162896156311,-0.6047742366790771,-0.24803927540779114,0.744257926940918,0.7253960371017456,0.7713205814361572,0.2844899892807007
1.6776645183563232,1.851297378540039,1.7873311042785645,1.7918416261672974,2.0563173294067383,1.277651071548462,1.584409475326538
-1.7498054504394531,0.033183157444000244,0.2701863646507263,0.8983680009841919,1.723368763923645,1.034501314163208,3.4829180240631104
-2.0839195251464844,-1.3327162265777588,-0.8236514329910278,0.036407798528671265,-1.280231237411499,0.0995539128780365,-0.12004181742668152
-0.7523884773254395,0.4334924817085266,0.9624443650245667,0.27029654383659363,0.3375430703163147,0.44825392961502075,1.417778491973877
-1.5664013624191284,-0.24492505192756653,-0.5072994828224182,0.8975493311882019,-1.7455695867538452,0.16193726658821106,-1.4258551597595215
-2.334263324737549,-2.199989080429077,-2.0386383533477783,-2.6293013095855713,-1.8116811513900757,-1.7491499185562134,-1.2521696090698242
2.655055284500122,2.2046854496002197,2.983761787414551,2.1316983699798584,2.599964141845703,2.181723117828369,2.507498264312744
-0.6714029908180237,-1.0676544904708862,-0.5191873908042908,-1.0483825206756592,-0.6019514203071594,-0.2295324206352234,0.3991197943687439
0.22034896910190582,0.18476641178131104,0.675789475440979,0.44263046979904175,0.4892212748527527,0.7731740474700928,0.3590977191925049
0.8430861830711365,0.3334600031375885,1.0053107738494873,1.6960234642028809,1.6263166666030884,2.1692099571228027,1.5148848295211792
1.8716826438903809,0.8154794573783875,0.7629942893981934,0.4894975423812866,1.172521948814392,0.8478726148605347,-0.35876232385635376
-0.24590733647346497,-0.7788902521133423,-0.36556971073150635,-0.9880107641220093,-0.09268799424171448,-0.8305553197860718,-0.4664800763130188
-2.324763059616089,-1.8414250612258911,-1.9570564031600952,-2.2883689403533936,-3.2035787105560303,-3.3200299739837646,-3.0885043144226074
4.970041751861572,4.3459954261779785,3.7438511848449707,3.58270525932312,3.097832679748535,3.979248523712158,2.4508023262023926
2.8011350631713867,1.0022205114364624,1.4629007577896118,0.6204732656478882,1.6090800762176514,1.405290126800537,0.4027690291404724
3.3231921195983887,2.6633689403533936,2.492382287979126,2.9600331783294678,1.5335034132003784,2.3387198448181152,0.9442686438560486
-1.7936813831329346,-1.6525434255599976,-2.0314204692840576,-1.8493627309799194,-2.142951488494873,-2.618597984313965,-2.7891616821289062
0.12110844254493713,-1.2702796459197998,-1.3834507465362549,-1.6512069702148438,-0.7975544929504395,-0.8178002238273621,-1.4288451671600342
3.3286924362182617,2.229191780090332,3.5421407222747803,3.3129281997680664,3.827528715133667,3.634809732437134,4.232364177703857
0.776220977306366,0.9854848980903625,1.857230305671692,1.1601618528366089,2.2902324199676514,1.3668221235275269,2.539045572280884
3.584289073944092,2.024514675140381,2.2879655361175537,2.7986700534820557,1.5947926044464111,2.834958791732788,1.070219874382019
1.0569394826889038,1.350313663482666,1.7603538036346436,1.1510341167449951,0.5691870450973511,0.9152610301971436,0.3221251964569092
0.8290524482727051,-0.08118514716625214,-0.9931144714355469,0.01640443131327629,-0.3403305411338806,-0.3985562324523926,-1.3536125421524048
2.1190848350524902,1.42182457447052,0.7003589272499084,0.6204010844230652,0.5092802047729492,0.9221906661987305,0.5521336793899536
3.119556427001953,2.087073802947998,3.0559985637664795,2.6426782608032227,4.01221227645874,2.672201156616211,3.1999356746673584
-0.3221520185470581,-0.054676592350006104,-0.02535870671272278,-0.6227872371673584,-0.47158491611480713,-1.018475890159607,1.4692494869232178
-1.3121191263198853,-1.361049771308899,-2.169649124145508,-0.8124160766601562,-1.5750906467437744,-1.7202450037002563,-1.3403183221817017
-1.157076358795166,-1.098834753036499,-0.679671049118042,-0.6731104850769043,-1.6570018529891968,-1.1600332260131836,-0.7031895518302917
-0.9997993111610413,-0.5883165001869202,0.34206461906433105,-0.1898600459098816,-0.3191251754760742,-0.6740149259567261,0.8914376497268677
3.523186445236206,3.398599863052368,2.7639920711517334,3.471176862716675,3.091479539871216,3.1128017902374268,2.7351138591766357
-0.8120481967926025,0.964941143989563,2.328324794769287,1.0149660110473633,1.9109035730361938,1.1178860664367676,3.614413261413574
1.2461538314819336,0.9896356463432312,1.3648223876953125,1.2057268619537354,1.80110502243042,1.445190191268921,2.5200531482696533
0.02831435203552246,-1.3427823781967163,-0.8830249309539795,-1.5951621532440186,-0.5963042378425598,-1.0016930103302002,-1.3101810216903687
-2.019268751144409,-0.44603556394577026,-0.8853937387466431,-1.749143362045288,-2.2510323524475098,-2.4347305297851562,-1.9126062393188477
0.23002943396568298,0.09155957400798798,1.821519136428833,-0.6452825665473938,0.34947478771209717,-0.5837765336036682,1.7968823909759521
-3.707846164703369,-1.1445419788360596,-1.5020970106124878,-1.822338342666626,-0.3843275308609009,-1.7661628723144531,0.02444612979888916
-0.4388706386089325,-0.43202707171440125,0.7949413061141968,0.18726173043251038,0.051128387451171875,0.1068938598036766,1.5717215538024902
-2.23820424079895,-1.2336163520812988,-1.0376172065734863,-2.1808090209960938,-2.191470146179199,-2.280038833618164,-0.32924145460128784
-1.5889729261398315,-1.64617121219635,-3.3730552196502686,-1.98055899143219,-2.5029499530792236,-2.0455503463745117,-3.219635486602783
0.8359547853469849,1.4207381010055542,1.8797781467437744,2.355424642562866,1.0556293725967407,2.0388736724853516,0.0066130757331848145
2.673065662384033,3.3482587337493896,2.7520604133605957,3.17112135887146,2.1287992000579834,3.0112056732177734,1.6914870738983154
1.3752168416976929,2.3701438903808594,2.099517345428467,1.9215596914291382,1.6033685207366943,1.756928563117981,1.2922515869140625
-0.2732025384902954,-0.7390385866165161,-0.09742826223373413,-0.5526753664016724,0.34387752413749695,-0.7234570980072021,0.8354607820510864
-0.07829120755195618,-0.20131844282150269,1.4462230205535889,-0.24642282724380493,0.9160410165786743,0.9988691806793213,1.9652271270751953
-1.492920160293579,-0.1826513707637787,-0.1724003255367279,-0.2047935426235199,0.15645191073417664,0.1621924340724945,0.10891784727573395
1.306760311126709,1.1631547212600708,0.4962243139743805,1.0776612758636475,0.7590600252151489,0.7037045955657959,0.7188971638679504
-0.6620818376541138,-0.5361024737358093,-0.14676937460899353,-0.8653647899627686,-0.6335126161575317,-0.9561886787414551,-0.7195805311203003
3.514617919921875,2.2750203609466553,3.063979387283325,2.292693853378296,3.592111110687256,1.9031555652618408,2.8173463344573975
1.2586597204208374,2.01391339302063,0.693789005279541,1.3656398057937622,0.8178645372390747,1.3562089204788208,-0.04984369874000549
-2.4383726119995117,-3.2708685398101807,-3.475888729095459,-3.379939317703247,-2.8591883182525635,-2.632845878601074,-3.354581117630005
-1.3377553224563599,-1.4301862716674805,-1.6215981245040894,-0.4743826389312744,-0.9405983090400696,-0.2988854646682739,-1.0634211301803589
-2.124736785888672,-2.1381149291992188,-1.63130521774292,-1.0424875020980835,-2.232424020767212,-1.607522964477539,-1.7542486190795898
0.6465585827827454,0.8566206097602844,0.06954852491617203,0.5400183200836182,0.10317183285951614,-0.48113539814949036,-1.0286120176315308
-0.6980361938476562,-0.33791857957839966,-0.480612576007843,0.1756567358970642,0.2862650454044342,0.5599668025970459,0.6571752429008484
-2.4315786361694336,-1.287238597869873,-0.4872501492500305,-1.3167613744735718,-0.3215938210487366,-1.1810381412506104,0.35898247361183167
-4.246844291687012,-4.673511981964111,-4.1978654861450195,-4.417646884918213,-3.623809337615967,-4.117497444152832,-3.0262718200683594
-0.9473236799240112,-0.37334027886390686,-0.8303301334381104,-0.6458120346069336,-0.9421685934066772,-0.5184944868087769,-0.4005206823348999
0.9660038352012634,1.035062551498413,1.0846774578094482,1.9566280841827393,-0.4371865689754486,0.6162065863609314,0.10812237113714218
-3.079416275024414,-1.1961696147918701,-1.936292290687561,0.09299662709236145,-0.5032017827033997,0.004427999258041382,-0.14669500291347504
2.1372573375701904,1.354606032371521,-0.31938302516937256,0.12592065334320068,-0.06187782436609268,-0.05203685909509659,0.0848693996667862
-0.4665839970111847,-1.916747808456421,-1.6699037551879883,-1.6264395713806152,-1.5928161144256592,-2.2201781272888184,-2.6903703212738037
2.5313353538513184,1.1354591846466064,2.789971351623535,1.2178772687911987,2.899862051010132,1.63078773021698,2.8376779556274414
-2.388660192489624,-0.3755384683609009,-1.5740858316421509,-1.3620951175689697,-1.416630506515503,-1.4231910705566406,-1.2059499025344849
1.5263450145721436,0.9025784730911255,-0.17685236036777496,1.1924768686294556,0.3453338146209717,0.8242608308792114,-0.4211839437484741
-1.9091579914093018,-2.147017240524292,-3.8937888145446777,-2.8039019107818604,-3.99055814743042,-3.0761685371398926,-5.098586559295654
1.7541338205337524,1.9022953510284424,2.242628812789917,1.356942057609558,1.9933242797851562,1.7965049743652344,2.0430731773376465
0.6326146125793457,0.29439276456832886,0.454308420419693,0.5838810801506042,0.09265299141407013,0.5461574196815491,-0.2773565649986267
0.33199542760849,0.48579493165016174,0.14418019354343414,1.237552285194397,-0.07703652232885361,0.6604207754135132,0.8002563118934631
-2.0560755729675293,-2.540111541748047,-2.1552889347076416,-2.0214104652404785,-2.5552830696105957,-2.089477300643921,-2.9091551303863525
1.8476788997650146,1.6741259098052979,1.3239514827728271,3.0576012134552,2.518808603286743,3.0288984775543213,1.3576865196228027
0.7159835696220398,1.472935438156128,1.92151939868927,2.4988555908203125,1.558223843574524,1.8821555376052856,1.7182313203811646
4.900219917297363,3.532238721847534,2.923124074935913,2.5241551399230957,4.176822185516357,3.358381748199463,3.295497179031372
-1.2466585636138916,-1.5635898113250732,-1.6234557628631592,-0.9678398370742798,-0.3240383267402649,-0.7670867443084717,-0.7676101326942444
-4.040026664733887,-3.687319040298462,-2.421729803085327,-3.3654375076293945,-2.116454839706421,-2.8802573680877686,-2.1355855464935303
0.5277867317199707,0.6653907895088196,1.5678890943527222,0.9740485548973083,1.0814276933670044,0.3869735300540924,2.199298858642578
-1.026944875717163,0.35473325848579407,0.6614432334899902,0.8246392011642456,1.5307284593582153,1.256001591682434,3.1542296409606934
3.5497946739196777,2.41060471534729,2.1313674449920654,1.513103723526001,2.6566288471221924,1.2364548444747925,2.8051700592041016
3.0126776695251465,3.502258062362671,2.559985876083374,2.5922250747680664,1.8743985891342163,2.2912044525146484,1.537334680557251
-1.9893455505371094,-2.2988550662994385,-3.027496337890625,-2.741288185119629,-3.265319585800171,-2.931546926498413,-3.495225429534912
-2.7033517360687256,-2.6500024795532227,-2.2580041885375977,-2.201828718185425,-2.3391921520233154,-2.324840784072876,-2.8894660472869873
3.9377193450927734,1.8969249725341797,3.218689441680908,1.431119441986084,2.940810203552246,1.7599716186523438,2.226534843444824
-0.6438339948654175,-0.7829574942588806,-0.7811123728752136,-0.8549196124076843,-1.5970923900604248,-0.6461418271064758,-0.7773765325546265
-2.259188175201416,-1.0417348146438599,-1.322035789489746,-0.479364812374115,-1.0093415975570679,-0.9265134930610657,-0.2091013491153717
0.6815764307975769,-0.19045701622962952,-0.47492244839668274,-0.19373735785484314,-0.7403209209442139,0.7690370082855225,-1.753389596939087
-0.3059259057044983,1.1190274953842163,1.132968783378601,1.1879141330718994,0.1689644306898117,0.5281596183776855,1.1524747610092163
-3.9164819717407227,-3.269798517227173,-3.8454947471618652,-3.1705687046051025,-2.3424930572509766,-2.735926389694214,-3.3247923851013184
3.7735490798950195,1.9066380262374878,4.712953090667725,2.572953224182129,3.923215389251709,2.568955421447754,4.319231033325195
-0.9802210330963135,0.4011211693286896,-1.7544599771499634,-0.5942514538764954,-1.4879339933395386,-0.6233643293380737,-1.8338112831115723
-2.2846381664276123,-0.3219982981681824,-0.7902641296386719,0.18973171710968018,-1.8174147605895996,-0.6278882026672363,-1.7460732460021973
-4.064198970794678,-3.236192464828491,-3.1593098640441895,-4.140740871429443,-4.257192611694336,-4.62786865234375,-3.68973445892334
1.2231886386871338,1.3713139295578003,0.4138701558113098,0.842362105846405,0.4134601056575775,0.7515382766723633,-0.7008265256881714
-0.23704737424850464,0.6929193735122681,-0.535150945186615,0.4751880466938019,-0.3242877721786499,0.019325919449329376,-0.8736440539360046
-0.3778398334980011,0.6757549047470093,0.3675071597099304,1.660671353340149,0.4768854081630707,1.3834842443466187,0.08914998173713684
10.242366790771484,-2.434316635131836,15.095721244812012,-6.318217754364014,10.949395179748535,-6.9480390548706055,21.892099380493164
0.5019685626029968,0.06836536526679993,0.432788610458374,0.24888557195663452,-0.159001886844635,0.1584717035293579,-0.05783534049987793
2.080237865447998,1.3065263032913208,1.280693769454956,1.5882238149642944,2.0378329753875732,1.9579007625579834,1.584789752960205
-1.9979088306427002,-0.10817884653806686,-0.790485680103302,-0.058974020183086395,0.5823287963867188,0.021393893286585808,-0.0781482458114624
1.2088720798492432,1.4806015491485596,1.0997769832611084,1.2100777626037598,0.601373016834259,1.4161741733551025,0.9093589186668396
3.7909836769104004,3.470125675201416,2.214172601699829,2.4423089027404785,3.3061094284057617,3.305699348449707,2.627448320388794
7.213222980499268,5.127009391784668,4.784626007080078,4.250215530395508,3.8521945476531982,4.752232551574707,3.4044206142425537
2.9182732105255127,1.1004964113235474,3.0850911140441895,2.9009828567504883,2.205221176147461,2.5727458000183105,2.288102626800537
1.0252189636230469,0.6810954809188843,0.09863336384296417,1.558171272277832,1.186264991760254,1.229729175567627,0.9897466897964478
1.8263814449310303,2.08744478225708,2.1218881607055664,3.0813822746276855,1.5476269721984863,1.8619227409362793,3.0141820907592773
-0.36601123213768005,-0.6732200384140015,-0.39521273970603943,-0.7950019836425781,-0.3312464654445648,-1.262345314025879,-0.36035484075546265
1.076889157295227,2.2763919830322266,2.809443950653076,3.50651216506958,3.900150775909424,3.372018814086914,3.9041852951049805
-0.3779154121875763,-0.011225000023841858,-0.9871206283569336,-0.1723707914352417,-0.423417866230011,-0.33228644728660583,-0.58305823802948
-2.334454298019409,-1.401853084564209,-2.1774442195892334,-2.114912986755371,-1.8870971202850342,-1.8576478958129883,-2.1739342212677
-1.5455710887908936,-0.003965035080909729,-0.2704911530017853,0.2806028723716736,-1.1993603706359863,-0.010525599122047424,-0.8035389184951782
-1.3832926750183105,-1.5421464443206787,-2.158026695251465,-1.773409128189087,-1.5782300233840942,-1.569209098815918,-2.3159353733062744
0.572250247001648,1.100346565246582,0.165044903755188,2.038928508758545,2.8606491088867188,1.89951491355896,1.4611613750457764
0.8347556591033936,1.919912576675415,2.6834075450897217,2.3988394737243652,2.508730411529541,2.888427734375,4.113572597503662
0.42863139510154724,0.07519668340682983,0.5861067175865173,1.4088523387908936,-0.0010707974433898926,0.584056556224823,0.33575230836868286
0.45664387941360474,0.42195916175842285,1.3700745105743408,0.3024837076663971,0.8513737320899963,-0.08618312329053879,1.2351878881454468
1.7432880401611328,1.3455324172973633,1.2619483470916748,2.77144718170166,3.0420737266540527,2.7263426780700684,2.239271402359009
-3.19795560836792,-1.0957798957824707,-3.0479815006256104,-1.9763411283493042,-3.2095372676849365,-1.986592173576355,-2.9604928493499756
0.6431305408477783,0.9898492097854614,1.4539122581481934,0.4718659818172455,0.9968199729919434,0.22994229197502136,0.14619693160057068
1.4594309329986572,1.1120407581329346,2.615607261657715,2.727138042449951,3.543938159942627,3.7046737670898438,3.513637065887451
-1.3317092657089233,-1.050665020942688,-0.09404131770133972,-0.019823938608169556,-0.17604932188987732,0.026510566473007202,2.0933094024658203
0.3146331012248993,0.6558718681335449,-1.62641179561615,0.15808308124542236,-2.3989274501800537,-0.859636664390564,-3.552520513534546
2.3540515899658203,1.2571841478347778,1.8615833520889282,1.8878259658813477,0.7719016075134277,0.7251571416854858,0.38431763648986816
0.2732682228088379,0.03114524483680725,2.2752950191497803,0.7950500845909119,1.8767361640930176,0.8754178881645203,2.516287088394165
-2.80417537689209,-1.8180615901947021,-2.0319998264312744,-1.8016599416732788,-2.530916452407837,-2.599393129348755,-2.9830846786499023
-1.8772554397583008,-1.8145899772644043,-1.8826565742492676,-1.2973244190216064,-2.386185884475708,-1.0945594310760498,-2.2694907188415527
0.42938703298568726,0.3588985800743103,-0.23678722977638245,0.467559278011322,0.9505866765975952,0.6422363519668579,0.5657619833946228
3.5104804039001465,3.3831236362457275,1.920715093612671,2.202207565307617,1.333742618560791,1.5871474742889404,0.5859623551368713
0.5702655911445618,-0.1633232831954956,0.8162627220153809,0.05943107604980469,1.1168222427368164,0.2799301743507385,1.8666303157806396
-1.7474464178085327,-1.6457195281982422,-1.6006150245666504,-1.8458189964294434,-1.1204581260681152,-0.21344923973083496,-1.4106487035751343
-1.8089120388031006,-1.0065093040466309,-0.9163005352020264,-1.012941837310791,-1.2274184226989746,-1.3461251258850098,-0.4154571294784546
-1.3277944326400757,-1.6688967943191528,-2.1691460609436035,-1.7804276943206787,-1.6020601987838745,-2.4291114807128906,-2.2580535411834717
0.43620118498802185,1.9482851028442383,0.8026326894760132,0.20192386209964752,-0.4566519260406494,-0.028518691658973694,-0.787109375
-0.5736309885978699,0.653156578540802,1.0049710273742676,1.051715612411499,0.6269140243530273,0.9828288555145264,1.8274321556091309
2.2228236198425293,1.9835212230682373,1.4741487503051758,2.473724126815796,2.00955867767334,1.8465676307678223,1.2201379537582397
-0.9693788290023804,0.12776705622673035,0.21469555795192719,0.5501083135604858,0.14744900166988373,0.6805011034011841,1.0772876739501953
1.6820964813232422,1.929738163948059,2.0416791439056396,2.323786735534668,1.6493479013442993,2.1901137828826904,0.45271286368370056
-0.16207963228225708,0.4512707591056824,-0.718573808670044,0.4594716429710388,0.2505561411380768,-0.5717793703079224,-0.9601143002510071
-0.15113407373428345,0.7119045257568359,0.48515230417251587,0.10432751476764679,-0.00754941999912262,-0.0193764790892601,0.09975333511829376
2.4304513931274414,1.8664568662643433,2.1055102348327637,1.9074608087539673,2.233442783355713,1.8717873096466064,1.6174088716506958
0.6274099946022034,1.1283708810806274,0.7134100794792175,0.24801459908485413,-0.15827123820781708,0.16252121329307556,0.03193962574005127
-2.0394020080566406,-6.647035121917725,-2.1128108501434326,-6.643754482269287,-2.313730478286743,-6.132024765014648,-2.4399430751800537
-0.1529952734708786,0.8672970533370972,-0.6920856237411499,1.0468946695327759,-0.5428310036659241,0.4043618142604828,-0.7634624242782593
-2.4919731616973877,-1.828251838684082,-1.493300199508667,-1.432255506515503,-2.129631280899048,-1.4732083082199097,-0.2771185636520386
-0.19424249231815338,-1.1379953622817993,-0.6057631969451904,0.3408145010471344,-0.5877214074134827,-0.18649709224700928,-1.6606724262237549
1.3769843578338623,1.7213528156280518,2.3975090980529785,2.793607711791992,2.288438320159912,2.8264107704162598,2.9189040660858154
3.713747978210449,2.379330635070801,1.1168171167373657,1.55330491065979,1.5584304332733154,2.998491048812866,-0.4519723057746887
0.11221214383840561,0.17269721627235413,-0.8679848313331604,-0.09669920802116394,0.4976540505886078,0.8629997968673706,0.06122729182243347
-0.46809592843055725,-1.1604783535003662,-1.1184492111206055,-1.5079872608184814,-1.7417101860046387,-1.957391381263733,-0.6262398958206177
3.5951430797576904,3.6608409881591797,3.3147668838500977,3.793694019317627,3.3520803451538086,3.5935940742492676,3.296924352645874
-1.5638659000396729,-2.035079002380371,-2.094944953918457,-1.9702928066253662,-2.273312568664551,-2.129798412322998,-2.5196189880371094
-0.43623581528663635,-0.7063653469085693,-1.073761224746704,-0.4103163480758667,-1.1278865337371826,-0.2946849763393402,-1.1814608573913574
3.5812113285064697,2.2433743476867676,3.4628853797912598,1.901657223701477,2.8982598781585693,1.8770548105239868,3.160067081451416
-1.1629338264465332,-0.7313615083694458,-0.648738443851471,-0.8656497001647949,-0.854988694190979,-0.4185521602630615,-0.27949121594429016
-4.112629413604736,-3.5599870681762695,-2.702388286590576,-2.600287914276123,-3.8656721115112305,-3.4879226684570312,-2.9559080600738525
-3.33862042427063,-1.7882394790649414,-2.2816202640533447,-1.5361673831939697,-2.335130453109741,-1.710946798324585,-0.35858941078186035
0.4848284125328064,-0.3258228302001953,1.6493407487869263,-0.78055739402771,0.2540765404701233,-0.39142924547195435,0.13662689924240112
-3.812753915786743,-3.701108694076538,-3.1192617416381836,-1.8969320058822632,-1.5787408351898193,-2.305536985397339,-1.0009809732437134
-2.7634637355804443,-2.3882663249969482,-1.7789466381072998,-2.419429302215576,-0.9830585718154907,-1.5747464895248413,-0.9766336679458618
2.371570348739624,1.433123230934143,1.7609245777130127,1.5465762615203857,1.2691841125488281,1.0521702766418457,0.47847551107406616
1.8882335424423218,1.6606056690216064,0.6244341135025024,1.4641964435577393,0.2865610122680664,1.2184028625488281,-0.11401581764221191
-0.290529727935791,-1.3764249086380005,-1.4797550439834595,-2.504035472869873,-1.3747848272323608,-2.3219776153564453,-2.1962246894836426
0.6351168155670166,0.516746461391449,0.5101858377456665,-0.10979487001895905,0.045610323548316956,0.42079710960388184,-0.9656854271888733
2.747358798980713,1.0038061141967773,1.4503397941589355,0.8754634857177734,1.3685367107391357,0.8266686797142029,0.8997474908828735
-1.7224221229553223,-0.9234756231307983,-1.3920491933822632,-2.2357068061828613,-3.0246241092681885,-2.7047927379608154,-2.54897403717041
2.027905225753784,1.532850980758667,1.567089319229126,1.3870816230773926,0.7824773788452148,1.4838511943817139,0.5562766194343567
0.4539743661880493,0.8768985867500305,0.28900355100631714,0.5874102711677551,1.102010726928711,-0.031032800674438477,1.1904773712158203
0.8786695003509521,0.7779468894004822,0.4931739866733551,-0.039263226091861725,0.6188513040542603,-0.10732986778020859,0.9088118076324463
1.5065784454345703,1.69740629196167,2.4883227348327637,2.769200325012207,2.627326488494873,2.44813871383667,3.689972400665283
-2.2229013442993164,-1.9502770900726318,-0.036209702491760254,-0.9935894012451172,1.120923638343811,-0.5545004606246948,2.5968737602233887
-3.6478607654571533,-2.2443714141845703,-4.383986473083496,-3.323622703552246,-3.982147216796875,-3.0402848720550537,-3.8112881183624268
0.9977841973304749,0.739165723323822,1.7527849674224854,1.7683665752410889,2.6351916790008545,2.31864070892334,2.8222713470458984
0.14550018310546875,-0.375698447227478,-0.31408989429473877,0.03915974497795105,0.47667258977890015,0.036699503660202026,0.13824936747550964
-2.5730252265930176,-1.7795827388763428,-2.755068063735962,-1.455651044845581,-2.9248247146606445,-1.6783027648925781,-2.291257858276367
-2.479374647140503,-2.7611310482025146,-4.306982040405273,-4.605491638183594,-3.6328766345977783,-4.065878868103027,-3.79752516746521
-3.330656051635742,-3.081372022628784,-3.936715841293335,-3.941636323928833,-3.848147392272949,-3.2265262603759766,-3.3436741828918457
-4.5346598625183105,-4.046787261962891,-3.3821120262145996,-2.979452610015869,-2.9540300369262695,-2.7358884811401367,-2.572030544281006
-2.498997449874878,-1.7674479484558105,-1.4549973011016846,-2.3029603958129883,-2.566206216812134,-2.206191062927246,-1.8287783861160278
-3.3700344562530518,-2.3077704906463623,-3.1114492416381836,-2.7806684970855713,-3.1516330242156982,-2.9788012504577637,-3.7633466720581055
-0.4009269177913666,-1.669674038887024,-1.386951208114624,-2.0481412410736084,-1.4414865970611572,-1.8513219356536865,-2.116250514984131
2.5836341381073,1.2363075017929077,2.050455093383789,2.601741313934326,3.340223550796509,3.0917391777038574,1.8143610954284668
3.0367891788482666,1.0210270881652832,0.9193370938301086,1.226047158241272,1.603694200515747,0.7290785312652588,0.4319494664669037
-2.1752984523773193,-1.6738591194152832,-2.7430386543273926,-2.7791221141815186,-3.285111665725708,-3.080911636352539,-3.140178680419922
-1.697946310043335,-0.34366875886917114,-1.9259496927261353,-0.5593499541282654,-1.792033076286316,-1.7744015455245972,-1.0348390340805054
-0.529361367225647,1.5897274017333984,0.7320261001586914,2.129340171813965,0.7760031223297119,1.7553837299346924,2.167792797088623
0.3489188253879547,-0.05996045470237732,-0.9536430239677429,-1.0135087966918945,-0.4710257053375244,-1.0422117710113525,-1.928250789642334
1.8700577020645142,2.4578258991241455,1.542616367340088,2.581658124923706,1.933794617652893,2.8785271644592285,2.9502198696136475
0.783735990524292,0.18533101677894592,0.004170197993516922,-1.2368931770324707,-0.12758085131645203,-0.7813387513160706,0.28068870306015015
-0.7021957635879517,-1.208160161972046,-1.5599747896194458,-1.5968784093856812,-1.7330117225646973,-2.2004575729370117,-2.047837257385254
0.11430369317531586,-1.1259946823120117,-0.41026970744132996,-1.6237835884094238,-0.2953559458255768,-1.2744293212890625,-0.8269026279449463
-3.1098527908325195,-2.9707813262939453,-2.5937492847442627,-2.924856662750244,-2.3581812381744385,-2.5002601146698,-2.588122606277466
2.8122732639312744,3.3339943885803223,2.4696297645568848,1.640528678894043,1.5425291061401367,1.0582717657089233,1.1485846042633057
-3.1480824947357178,-1.492108702659607,0.47106093168258667,0.29556381702423096,-0.2752121686935425,-0.07593260705471039,0.6273969411849976
-2.341376781463623,-2.3033957481384277,-1.1805006265640259,-2.104116201400757,-1.4896024465560913,-1.3068954944610596,-0.9919595718383789
3.814944267272949,2.108135938644409,1.899835467338562,2.2336080074310303,1.9785631895065308,2.1360185146331787,1.1946907043457031
-1.599992036819458,0.48632487654685974,0.18002501130104065,0.05250242352485657,-0.8444604873657227,-0.9557863473892212,0.18629154562950134
1.5889474153518677,1.8720948696136475,2.6298489570617676,2.3477413654327393,2.205047369003296,2.0434916019439697,2.3316285610198975
1.9966232776641846,1.879550576210022,1.9802154302597046,1.011290431022644,0.9022197127342224,0.7878185510635376,0.8602612018585205
2.476469039916992,1.319653034210205,0.19593781232833862,1.5860446691513062,1.5039149522781372,1.4144748449325562,0.24560894072055817
-1.159605622291565,-0.1404673457145691,-0.1476430892944336,0.6131864786148071,-1.3246632814407349,0.32205796241760254,-0.11563646793365479
1.1622740030288696,0.18709182739257812,2.6358518600463867,1.560726284980774,2.7080190181732178,1.5041407346725464,3.794018030166626
1.6780613660812378,0.9859561920166016,0.29831886291503906,0.6525935530662537,0.9342911243438721,0.982265830039978,0.19460245966911316
3.867469072341919,2.9081125259399414,1.8596400022506714,2.8822803497314453,2.0515389442443848,2.587871551513672,2.2869913578033447
0.9165120124816895,1.0006062984466553,0.03824186325073242,1.1957852840423584,1.170362949371338,0.7379754185676575,1.5047318935394287
-0.3513703942298889,0.1358766257762909,0.0936424657702446,0.17606055736541748,-0.4415624737739563,-0.06750334799289703,0.38353633880615234
0.2926255464553833,0.19904792308807373,0.10330350697040558,0.6738743782043457,0.7181587815284729,-0.004947111010551453,0.17132408916950226
-1.3522120714187622,-2.1796836853027344,-2.074303388595581,-1.7544718980789185,-2.1144871711730957,-2.092755079269409,-2.2937521934509277
-0.8674383163452148,-2.021141290664673,-3.230759620666504,-2.399198293685913,-1.9801373481750488,-2.405758857727051,-2.787432909011841
-7.688371181488037,-7.855703353881836,-8.264924049377441,-8.19439697265625,-8.037761688232422,-7.855703353881836,-8.356618881225586
-2.692338228225708,-1.6408655643463135,-2.7684760093688965,-1.4268245697021484,-1.727384090423584,-1.9212305545806885,-1.428041696548462
2.125208616256714,0.09447890520095825,1.5029668807983398,1.1418241262435913,1.660832405090332,1.3489456176757812,1.563098669052124
0.055902525782585144,0.08911125361919403,1.2115962505340576,0.8021712303161621,1.277612566947937,1.212416410446167,1.9121501445770264
-2.7529613971710205,-2.187849521636963,-1.7370104789733887,-0.5341576337814331,-1.8995914459228516,-0.5177559852600098,-1.416699767112732
-3.952756881713867,-3.518240213394165,-1.8887407779693604,-3.0686309337615967,-2.1720786094665527,-3.294358253479004,-1.3783307075500488
-1.0227004289627075,0.08325403928756714,-0.5235862731933594,-0.045908600091934204,-0.3684052526950836,0.05045083165168762,1.6669785976409912
1.5242961645126343,1.580478310585022,0.6995070576667786,0.36122387647628784,-0.3038612902164459,-1.0419336557388306,-1.4491188526153564
4.249741554260254,3.632525682449341,3.2233054637908936,3.6628684997558594,2.6882030963897705,3.55871844291687,1.7877408266067505
3.1286799907684326,1.4582188129425049,2.6633269786834717,0.8981040120124817,3.15824556350708,1.7382762432098389,2.3385775089263916
-2.3844804763793945,-2.7025146484375,-3.1027138233184814,-2.1104164123535156,-2.4642813205718994,-2.3671016693115234,-2.464510202407837
-1.0359536409378052,-1.1713968515396118,-1.56626558303833,-1.2361831665039062,-1.7581642866134644,-1.586767554283142,-1.5305366516113281
0.9053019285202026,1.5877388715744019,0.9981008172035217,0.5663285851478577,1.2531460523605347,0.21123377978801727,0.07993816584348679
2.78609561920166,2.1513404846191406,2.022588014602661,2.9082748889923096,1.9955252408981323,3.0886924266815186,1.6153843402862549
2.2954959869384766,0.19579274952411652,1.3070015907287598,0.621619462966919,2.0130906105041504,0.8694887161254883,1.5720683336257935
-1.0789220333099365,-0.06649823486804962,-0.4898647665977478,-0.9389867782592773,-0.19730113446712494,-0.8068258166313171,0.34934720396995544
-2.389254093170166,-1.373494029045105,-1.345611333847046,-1.6867647171020508,-0.8092788457870483,-1.8790736198425293,-0.6442992687225342
0.6163629293441772,-0.9269676208496094,-0.8383989334106445,-1.1049250364303589,-0.48412421345710754,-0.758851170539856,-0.9971730709075928
-0.9360924363136292,0.282270610332489,-0.5542113184928894,0.8128625750541687,0.5143533945083618,0.1781204342842102,0.7296484708786011
0.6920496821403503,1.4554903507232666,2.4215450286865234,1.2922943830490112,1.3896788358688354,2.1648600101470947,2.9296646118164062
0.6033748984336853,-0.04684573411941528,1.8895689249038696,1.4664075374603271,1.7526154518127441,1.0047023296356201,2.160107374191284
-1.7100428342819214,-1.637776494026184,-2.2468912601470947,-1.2858595848083496,-0.6817679405212402,-1.3572578430175781,-1.9356274604797363
-1.582297682762146,-1.954242467880249,-1.7402015924453735,-2.2527518272399902,-2.117438554763794,-1.9886858463287354,-1.7486581802368164
-0.3623400926589966,1.3339736461639404,-0.49644559621810913,1.61444091796875,0.49421149492263794,1.397939920425415,0.056515902280807495
4.612469673156738,3.9048776626586914,3.0189859867095947,2.048215866088867,2.6427741050720215,1.6693387031555176,2.294337272644043
-1.3687222003936768,-0.7006219625473022,-0.887600302696228,-0.8166633248329163,-2.0201311111450195,-0.9786292314529419,-2.8735785484313965
-0.5945006012916565,1.5298094749450684,2.212116003036499,0.8204399943351746,1.6610223054885864,0.5867170691490173,2.449477195739746
-2.905365228652954,-1.5869331359863281,-3.4247329235076904,-1.711585283279419,-2.268829584121704,-1.641878366470337,-3.1026179790496826
1.4037569761276245,1.3087700605392456,0.6159391403198242,1.3744622468948364,1.0046571493148804,1.2338696718215942,-0.06473547965288162
-3.7575221061706543,-2.407259702682495,-1.0861101150512695,-2.362257719039917,-1.507631540298462,-3.122779369354248,-1.047871470451355
1.383436918258667,-0.4157349169254303,0.2675969898700714,-0.8007625341415405,-0.6498677730560303,-1.0976316928863525,-1.4937033653259277
-0.15009865164756775,-0.44594740867614746,0.3476853668689728,-0.3948974013328552,0.33681926131248474,-0.67926025390625,0.44921234250068665
1.0821712017059326,0.3103124499320984,0.5747883319854736,-0.48024505376815796,-0.23914140462875366,-0.1702546626329422,0.3448012173175812
-3.0573737621307373,-0.39320504665374756,-0.38500428199768066,-0.18572473526000977,-0.1225784420967102,0.8393757343292236,2.188839912414551
-1.0402088165283203,-0.8769935965538025,-0.35142460465431213,-0.3370732069015503,0.41904085874557495,-0.37438684701919556,0.5329390168190002
-1.165303349494934,-0.34463486075401306,-1.5485126972198486,-0.4098312556743622,-1.5501528978347778,-0.725767195224762,-1.7560436725616455
-3.7027409076690674,-2.4647269248962402,-3.013463020324707,-1.1665396690368652,-2.158836841583252,-1.7594578266143799,-2.161386728286743
-1.779815673828125,-1.358798861503601,-3.8327760696411133,-1.9933359622955322,-2.865081310272217,-2.500145673751831,-3.6914749145507812
1.3200794458389282,0.8830801248550415,1.1374716758728027,0.7133235931396484,1.1531685590744019,1.371027946472168,0.46652770042419434
0.5031478404998779,0.36786893010139465,0.2473171353340149,0.7508464455604553,-0.0885058045387268,1.2740577459335327,0.5893312096595764
-1.594813346862793,-2.2721009254455566,-2.753488063812256,-1.3230630159378052,-1.7868183851242065,-1.6074258089065552,-1.310310959815979
0.5689409971237183,0.6156847476959229,0.6040498614311218,1.7084802389144897,2.325180768966675,1.5247822999954224,1.9933444261550903
4.028105735778809,2.6814427375793457,2.4448494911193848,3.8911635875701904,2.0139997005462646,3.844419002532959,0.606927752494812
-1.8116635084152222,-1.0300945043563843,-0.1222655177116394,-1.9850777387619019,-0.8949861526489258,-2.199528932571411,0.4353824555873871
0.6537215113639832,-0.6006585955619812,0.9132096767425537,-0.45919477939605713,1.2039282321929932,0.583332359790802,1.0780011415481567
-3.361219882965088,-1.6514278650283813,-2.3306593894958496,-2.4762234687805176,-3.7778964042663574,-2.408566951751709,-2.9658780097961426
3.2993578910827637,2.0763087272644043,2.0799992084503174,1.4571483135223389,1.5342357158660889,1.73269522190094,1.54770827293396
-0.33076179027557373,-0.2347622513771057,-0.9449518918991089,-0.1980636715888977,-0.954792857170105,-0.4930875301361084,-1.068295955657959
-1.73288094997406,-1.823995590209961,-3.3681044578552246,-2.570986270904541,-2.1039505004882812,-2.0654067993164062,-1.7547242641448975
-0.9763528108596802,0.006310120224952698,-0.382920503616333,-0.2508363127708435,-0.20719264447689056,-0.5551373958587646,0.1841983199119568
-3.5712883472442627,-1.3088092803955078,-2.6545610427856445,-1.3071690797805786,-1.83366060256958,-1.2284414768218994,-1.6614909172058105
0.9607797861099243,1.0557594299316406,-0.23873752355575562,0.8290070295333862,0.18852438032627106,0.2024657279253006,-0.1982536017894745
-7.062238693237305,-3.5476632118225098,-4.755231857299805,-3.552583694458008,-4.416538238525391,-4.035201072692871,-2.940490961074829
0.7400506734848022,0.9179348945617676,0.8892321586608887,0.2111281156539917,-1.1240650415420532,-0.6992634534835815,-1.0550310611724854
-3.4353132247924805,-2.441739320755005,-1.6165335178375244,-2.6676716804504395,-0.6961982846260071,-2.1680374145507812,0.41511285305023193
-0.2673439383506775,0.13757771253585815,0.49185237288475037,0.10272431373596191,0.9732396602630615,-0.011676996946334839,0.551377534866333
1.671004056930542,1.4404933452606201,0.1603481024503708,0.2796698212623596,0.7103655934333801,0.919537365436554,-0.19551652669906616
1.2146629095077515,0.40715229511260986,0.3114079535007477,0.8862842321395874,0.7390798330307007,0.5553818941116333,-0.08317798376083374
-5.186800956726074,-5.938977241516113,-3.708153247833252,-5.968500137329102,-3.3995978832244873,-5.551078796386719,-2.306739330291748
-1.4674323797225952,-1.4392194747924805,-0.9742339253425598,-0.726569652557373,-0.6769548058509827,-0.9947359561920166,-1.258622407913208
3.2033214569091797,2.6360645294189453,1.6114766597747803,1.9964017868041992,2.75087571144104,3.128112554550171,1.1927731037139893
-3.673013687133789,-2.7132370471954346,-1.8236546516418457,-2.817387104034424,-2.443225383758545,-3.477141857147217,-1.3808305263519287
0.9724780917167664,0.37170910835266113,1.8958282470703125,1.8437533378601074,1.6809675693511963,2.196387767791748,2.5355517864227295
-0.35847675800323486,-0.1655767560005188,0.21786215901374817,0.9018092155456543,1.1470131874084473,0.6336429119110107,2.660736083984375
-1.225819706916809,-1.0869852304458618,0.04964613914489746,-1.07919442653656,-0.5547530651092529,-0.8655635118484497,-0.13045017421245575
-1.5429781675338745,-0.13462641835212708,-0.8087323904037476,0.4082668125629425,-0.3822906017303467,0.38694480061531067,0.1931856870651245
1.7061766386032104,0.7777724266052246,1.2743310928344727,1.451263427734375,1.3372722864151,1.4902173280715942,0.5947218537330627
-1.936348557472229,-1.0903666019439697,-2.2615437507629395,-1.766215205192566,-2.563333034515381,-1.9281811714172363,-2.5092403888702393
2.7541818618774414,1.3204891681671143,0.8866665363311768,1.3971666097640991,1.8126909732818604,1.6714835166931152,2.3978514671325684
4.20408821105957,3.097928762435913,3.4958724975585938,2.6782524585723877,2.4892239570617676,2.9913182258605957,1.9974230527877808
-0.1763029247522354,-0.18998141586780548,0.2167784720659256,-0.11658419668674469,0.2905856966972351,-0.2826504707336426,0.28267863392829895
2.2489233016967773,2.2664191722869873,2.4320755004882812,1.9638094902038574,2.6034722328186035,1.4660205841064453,2.9177770614624023
1.5115277767181396,1.8458083868026733,0.9732941389083862,1.3892285823822021,-0.06579896807670593,0.6148677468299866,-0.43830907344818115
-0.1734313666820526,1.2462576627731323,0.6311973929405212,1.7161636352539062,0.3855833411216736,1.7022223472595215,-0.05927480384707451
2.3961424827575684,3.853314161300659,2.7228333950042725,3.22021222114563,2.837644577026367,2.6978209018707275,2.874232530593872
-2.4731569290161133,-1.9850338697433472,-0.5728555917739868,-1.1454766988754272,-0.6524033546447754,-0.9492724537849426,0.3966860771179199
4.1662797927856445,2.810812473297119,3.126748561859131,2.4961068630218506,2.428450107574463,2.5800623893737793,1.0922861099243164
1.117100477218628,0.04925850033760071,0.5835407972335815,0.7139335870742798,1.185479760169983,0.6721094846725464,-0.4250446557998657
2.2816240787506104,2.609118938446045,2.7616536617279053,1.4003205299377441,1.5499851703643799,0.7553272843360901,2.2609596252441406
0.7371259927749634,0.42433905601501465,0.999830424785614,0.6416602730751038,1.804739236831665,0.5225436687469482,2.066044807434082
-0.6204034686088562,0.583075761795044,-0.23679953813552856,-0.2981005311012268,-0.5034281611442566,-0.579849362373352,-0.9449148178100586
-1.0981695652008057,-0.6892344951629639,-1.8049538135528564,-0.7292133569717407,-0.5371094942092896,-1.3612903356552124,-0.67562335729599
3.1538350582122803,2.613964319229126,3.4557766914367676,2.335726499557495,3.4475760459899902,3.309802293777466,3.247856616973877
0.575646162033081,1.0752842426300049,1.303164005279541,1.2256662845611572,1.8194046020507812,1.3097245693206787,2.2179534435272217
-0.4073527455329895,1.5457684993743896,0.9450596570968628,0.997954785823822,0.7720227837562561,0.8310685753822327,1.2388079166412354
0.38416317105293274,1.8480470180511475,1.356818675994873,1.3982328176498413,1.5064833164215088,1.460148811340332,1.477209210395813
-1.674178957939148,-2.70345401763916,-1.7226381301879883,-2.270451784133911,-0.8287505507469177,-1.883373737335205,-0.7408632636070251
0.16804099082946777,-1.236842155456543,-2.323038339614868,-1.7440614700317383,-0.7124007940292358,-1.452523112297058,-1.0715503692626953
0.024015143513679504,1.5221257209777832,0.33997952938079834,1.187532663345337,-1.2378549575805664,0.8395110964775085,-1.250356674194336
-0.030474722385406494,0.7362717390060425,0.04166378080844879,-0.09856995940208435,-0.10226032137870789,-0.6032782196998596,0.790142297744751
1.5903853178024292,1.1618149280548096,1.4121445417404175,1.7360762357711792,1.9615983963012695,2.2191038131713867,2.6084489822387695
-0.16336825489997864,-0.5364691019058228,-1.076901912689209,-1.7768406867980957,-1.018266201019287,-0.6084311008453369,-0.7881984710693359
-1.1951253414154053,-0.25921303033828735,-0.017622411251068115,-0.0008876919746398926,-0.5968810319900513,0.36958345770835876,0.5219290256500244
0.005995176732540131,-0.12667497992515564,-1.1665369272232056,0.107047900557518,-1.17965829372406,-0.4768493175506592,-2.764066219329834
1.3438825607299805,0.6250767707824707,1.9124491214752197,0.7446803450584412,2.0395617485046387,1.4261415004730225,1.4908677339553833
2.955930709838867,3.0982940196990967,1.6984171867370605,2.649710178375244,2.5824637413024902,2.5332589149475098,2.382760524749756
0.23311209678649902,1.0801690816879272,1.513171672821045,0.8636679649353027,1.6263427734375,1.1867796182632446,1.2926785945892334
-5.831357955932617,-4.360309600830078,-3.3142971992492676,-4.765019416809082,-4.50546407699585,-4.6075639724731445,-3.194654941558838
-1.282724380493164,-0.3462807238101959,-2.6990911960601807,-0.8416092991828918,-2.57525897026062,-1.2093127965927124,-3.4340555667877197
-1.2994592189788818,-1.121621012687683,-1.5460124015808105,-0.6880546808242798,-1.4635944366455078,-0.9217263460159302,-2.024991750717163
3.2061119079589844,0.49411293864250183,0.9825220108032227,1.847245454788208,1.2555575370788574,1.3949711322784424,0.5142983198165894
-2.2580771446228027,-1.6138089895248413,-1.523702621459961,-1.568397045135498,-1.9403034448623657,-1.731131672859192,-1.4034276008605957
-0.7052212953567505,-1.3077105283737183,-0.8123821020126343,-0.9116116762161255,-0.06713414192199707,-0.7016712427139282,0.640068769454956
0.35775625705718994,0.16031387448310852,-0.5092817544937134,-0.9910789728164673,-0.9869785308837891,-1.5930176973342896,-1.485581636428833
-0.3079628646373749,0.40202388167381287,0.20786985754966736,1.1181589365005493,2.064941883087158,1.5425505638122559,2.3333511352539062
2.9244394302368164,1.1049461364746094,1.7007343769073486,1.5838730335235596,2.5696096420288086,1.7384581565856934,1.60688054561615
5.9593658447265625,3.814283847808838,4.971827030181885,3.98724365234375,5.048914432525635,3.839603900909424,4.4034743309021
-0.9932628870010376,0.3909159302711487,-0.1306551694869995,0.19819703698158264,-0.6930252909660339,-0.13639572262763977,-0.6110203266143799
-0.09114772081375122,-0.5850561857223511,-0.2484132945537567,0.7545449733734131,0.6610556840896606,0.39493975043296814,0.10998791456222534
-2.825577735900879,-2.82442045211792,-3.0790553092956543,-2.9515328407287598,-2.8285207748413086,-2.673935651779175,-2.2255890369415283
-2.272888422012329,-2.38157057762146,-0.909628689289093,-1.5320699214935303,-2.1106364727020264,-2.287158727645874,-2.634460926055908
-1.031447410583496,0.06671151518821716,1.0073437690734863,0.678491473197937,0.1454392373561859,1.460028052330017,1.2191203832626343
-1.655902624130249,-0.8789507746696472,-1.0487074851989746,-1.3029323816299438,-0.9617789387702942,-1.3677186965942383,-0.0991286039352417
0.5215655565261841,-1.2088487148284912,-0.6116251349449158,-1.3753249645233154,0.038083553314208984,-0.4122430086135864,0.06857456266880035
0.971904993057251,1.3953018188476562,1.437330961227417,1.3313355445861816,1.4002223014831543,1.401247501373291,2.157907247543335
0.17303232848644257,0.39413905143737793,-1.108248233795166,-0.5354219675064087,-1.7700531482696533,-0.08058494329452515,-1.5862113237380981
1.1799437999725342,0.4786158800125122,1.0231493711471558,0.6877363920211792,1.2601523399353027,0.7861460447311401,1.3937135934829712
1.3559788465499878,0.6045716404914856,0.05650162696838379,0.4485000669956207,0.5055981874465942,0.7745845317840576,-0.9889278411865234
-0.124992236495018,0.615231990814209,0.23143444955348969,1.2247567176818848,0.7247127294540405,2.107163190841675,0.049626175314188004
-0.6278589963912964,-0.8060117959976196,0.7222079634666443,-0.10135775059461594,0.35276177525520325,-0.18275068700313568,0.617603600025177
0.8326358795166016,0.531924843788147,-1.4953137636184692,-0.7285385727882385,-1.3493393659591675,-0.2061474323272705,-2.5786867141723633
-0.19974148273468018,2.0780558586120605,1.4457740783691406,0.8955000638961792,0.7954503893852234,0.38120734691619873,1.4489473104476929
1.5166704654693604,0.23772981762886047,0.1359054446220398,-0.14333194494247437,-0.13656634092330933,-0.03672152757644653,-1.7750861644744873
2.66949462890625,1.5605039596557617,2.9583308696746826,3.183032989501953,3.4339773654937744,3.4897427558898926,3.6493489742279053
-1.8768492937088013,-0.9441123604774475,-0.7339155077934265,-0.7431413531303406,-0.8928061127662659,-0.9915232062339783,-1.4258239269256592
1.6144554615020752,1.86845862865448,0.9662355780601501,1.9586865901947021,1.457873821258545,1.9796499013900757,1.4814679622650146
-3.412363052368164,-2.2030909061431885,-1.867088794708252,-1.4722200632095337,-2.311469793319702,-1.5652992725372314,-0.26213008165359497
-0.14159604907035828,-0.6257176399230957,0.19651535153388977,0.64540696144104,0.9791796207427979,0.31816914677619934,1.1083366870880127
-0.004373610019683838,-1.2080554962158203,-0.9552657604217529,-2.0863614082336426,-2.49558162689209,-2.928583860397339,-3.3693907260894775
4.133702754974365,2.9026732444763184,4.476817607879639,2.338867664337158,2.3409180641174316,2.218316078186035,3.901885986328125
0.8840587735176086,0.47377946972846985,-0.970433235168457,0.35086989402770996,-1.1779135465621948,0.4740869700908661,-0.8807433843612671
-1.1913632154464722,-0.5965335369110107,-1.5345003604888916,-0.9551136493682861,-0.6305668354034424,-0.6871523857116699,-1.1921954154968262
-2.508413076400757,-1.4424877166748047,-2.2985076904296875,-1.7916977405548096,-1.4860897064208984,-0.8002206087112427,-1.2334978580474854
0.1343780905008316,0.12529104948043823,-0.22478073835372925,1.0463438034057617,0.1643986701965332,0.9938585758209229,-0.23054930567741394
-2.909123182296753,-2.8598101139068604,-1.8963183164596558,-2.0291714668273926,-1.1692144870758057,-1.8086721897125244,-1.3571562767028809
1.8062782287597656,0.3915587365627289,1.1982102394104004,1.1656121015548706,2.1145474910736084,1.6325453519821167,1.9851617813110352
-5.9018073081970215,-4.360279083251953,-5.30472993850708,-5.352294445037842,-4.512430191040039,-4.856145858764648,-3.6894149780273438
1.3743383884429932,0.7662519812583923,0.5128471255302429,0.6370893120765686,0.4890647828578949,0.29552584886550903,0.49384045600891113
1.5952422618865967,0.9027230739593506,0.20785877108573914,-0.2148926854133606,-0.3731681704521179,-0.18044932186603546,-0.4640781283378601
-2.6665642261505127,-1.6482144594192505,0.23079460859298706,-0.5294198393821716,-0.1849861741065979,-0.48841583728790283,0.3919639587402344
2.4375457763671875,2.04677677154541,2.7405648231506348,1.909413456916809,1.8196146488189697,1.9422166347503662,2.4930496215820312
1.5944246053695679,1.0534385442733765,0.9259160757064819,1.3425168991088867,1.6779297590255737,0.8674854040145874,-0.024499207735061646
0.5994361042976379,-0.3274076581001282,0.606151282787323,0.4746308922767639,0.879033088684082,0.5584841370582581,0.9068729281425476
-1.7727890014648438,-1.1542211771011353,-0.5905696749687195,-0.626653254032135,-0.7711924314498901,-1.3534493446350098,0.029110878705978394
-1.7156076431274414,-0.11263048648834229,-0.6519358158111572,0.23590362071990967,-0.35619431734085083,-0.21965092420578003,0.04516446590423584
1.9974642992019653,2.108883857727051,1.349437952041626,0.7393496036529541,-0.7683680653572083,0.12141899764537811,-0.3309550881385803
3.3258447647094727,2.521516799926758,1.8816490173339844,3.310433864593506,3.228425979614258,2.9290966987609863,1.377739667892456
-0.7244547605514526,-1.2713884115219116,-0.6712433695793152,-1.3774352073669434,-0.4416208267211914,-0.8086068034172058,0.9754602909088135
-1.5000849962234497,-1.0773943662643433,-0.5287607908248901,-1.0154783725738525,-1.0450012683868408,-0.9773446917533875,-0.8511128425598145
-5.570948123931885,-5.702601432800293,-4.336348056793213,-4.709484100341797,-3.3984835147857666,-4.841516971588135,-2.2015042304992676
0.11848938465118408,0.08452987670898438,0.025176525115966797,-0.5743023157119751,-0.4000350832939148,-0.8633805513381958,-0.3144400119781494
-0.6254750490188599,-0.8549604415893555,-0.6843836903572083,-0.9418889284133911,-1.027177333831787,-1.1202564239501953,-1.4471274614334106
-2.309826374053955,-0.6669784188270569,-0.4177764356136322,-0.8307895064353943,-2.1751062870025635,-1.0593868494033813,-1.1811199188232422
-2.7684876918792725,-1.6272614002227783,-2.808997392654419,-3.1968953609466553,-3.0295989513397217,-3.4978647232055664,-2.544283151626587
1.1333158016204834,1.2515097856521606,2.3163840770721436,2.591931104660034,2.8543567657470703,2.40167236328125,4.183993339538574
-1.159755825996399,-1.717522382736206,-1.6109118461608887,-1.4829792976379395,-0.8420866131782532,-1.3737037181854248,-1.410508394241333
1.82736074924469,2.7293365001678467,2.1667611598968506,2.94911789894104,3.2837107181549072,3.398521900177002,2.7871172428131104
-1.0756100416183472,-2.414341926574707,-2.681688070297241,-1.6401861906051636,-1.5959018468856812,-1.9714986085891724,-2.183218479156494
-0.588420569896698,-0.193037211894989,-0.2448175847530365,0.5230851173400879,-0.07029423117637634,0.36685988306999207,-0.3178509473800659
-1.1687666177749634,-1.397565484046936,-0.8753792643547058,-2.262545108795166,-1.4330339431762695,-2.7570536136627197,-2.3820250034332275
-3.6198174953460693,-2.5597946643829346,-2.159902811050415,-0.7495697736740112,-1.7221852540969849,-1.925565242767334,-0.40981578826904297
1.9021307229995728,0.8726297616958618,0.9518699645996094,0.23440216481685638,0.8990773558616638,0.34880340099334717,1.7184516191482544
-0.5644811391830444,0.3088343143463135,-0.3284706175327301,-0.6568102836608887,-1.0389677286148071,-0.381775826215744,-0.13573186099529266
-0.4450320601463318,0.49823182821273804,0.016229689121246338,0.39326155185699463,-0.7798633575439453,0.032016217708587646,-0.35530000925064087
-1.3362301588058472,-0.8209786415100098,-0.7382017374038696,-1.761303186416626,-1.6587930917739868,-1.391036868095398,-0.9846689701080322
-1.051461100578308,-1.3275587558746338,-1.1471410989761353,-1.5498005151748657,-0.3147595524787903,-1.1553419828414917,-0.09964081645011902
1.3210726976394653,1.2910747528076172,0.8725261688232422,1.811415672302246,1.7195667028427124,1.7351481914520264,1.7640973329544067
-2.441694736480713,-2.4398550987243652,-2.5567164421081543,-0.9239366054534912,-1.5660595893859863,-1.2568892240524292,-1.3943692445755005
-4.4248433113098145,-4.180859565734863,-4.202796936035156,-5.759924411773682,-4.625471591949463,-4.3853678703308105,-3.774386167526245
3.0700438022613525,2.6181929111480713,1.4070624113082886,2.0740694999694824,1.8206647634506226,1.6103142499923706,-0.631222665309906
1.4702281951904297,0.20637822151184082,1.8194249868392944,0.391460120677948,0.6627017259597778,0.6061161756515503,1.7959074974060059
3.177263021469116,2.6251022815704346,3.202028751373291,2.500040054321289,3.0535943508148193,3.016690731048584,2.9262638092041016
-2.6835763454437256,-2.4543464183807373,-2.0865402221679688,-2.402681350708008,-1.9540972709655762,-2.038975715637207,-1.3822095394134521
0.6448360681533813,0.2660467028617859,0.7175009846687317,1.9943660497665405,1.7803250551223755,2.1403403282165527,1.4325779676437378
0.8205018043518066,0.5705912113189697,0.765206515789032,0.5154407620429993,-1.0400466918945312,-0.8588088750839233,-1.2611206769943237
0.3200231194496155,0.03074014186859131,0.3714835047721863,-0.11800195276737213,0.538062334060669,0.19537125527858734,0.9230507016181946
1.8533223867416382,1.2651132345199585,1.253222107887268,1.5927352905273438,1.505806803703308,1.0320054292678833,0.22876903414726257
-0.09755086898803711,0.7725821733474731,0.3285086750984192,-0.15328854322433472,-0.264614462852478,0.013854078948497772,0.18206317722797394
-2.1439709663391113,-1.7815262079238892,-2.06881046295166,-1.9599449634552002,-1.0170576572418213,-1.5671265125274658,-1.1428565979003906
-1.3962830305099487,-0.5462092161178589,-1.6389663219451904,-2.6087114810943604,-2.5303938388824463,-2.86047625541687,-2.9833526611328125
0.6669290661811829,0.19263885915279388,1.1726348400115967,0.8003183603286743,0.7519336342811584,0.15737539529800415,1.0843862295150757
-1.5160279273986816,-1.7669309377670288,-2.0176706314086914,-1.335363507270813,-0.9892896413803101,-1.3533028364181519,-1.6494615077972412
-0.8362880349159241,-1.8089301586151123,-2.827470302581787,-1.2295433282852173,-2.24111270904541,-2.4420325756073,-4.0046067237854
-0.5351885557174683,-0.15974777936935425,0.4534672796726227,0.4013921320438385,0.6101025342941284,0.060238778591156006,1.625462293624878
-3.1693296432495117,-1.6134659051895142,-2.723034620285034,-2.647587299346924,-3.0986316204071045,-2.1492860317230225,-2.1459028720855713
-5.838306903839111,-4.497268199920654,-4.954873561859131,-5.837279796600342,-6.39493465423584,-6.212876796722412,-4.413624286651611
5.41950798034668,3.3100714683532715,4.88472843170166,3.4654383659362793,3.9945311546325684,3.270707607269287,3.0814971923828125
-0.44051602482795715,-0.11882462352514267,-0.5800685286521912,-0.7396254539489746,-0.8199933171272278,-0.7703784704208374,-1.3988008499145508
-2.804827928543091,-1.4781606197357178,-0.7552598118782043,-2.0389676094055176,-2.1234869956970215,-2.184147357940674,-0.6007338762283325
-1.0944886207580566,-0.5430119037628174,-0.6690992116928101,-0.15665149688720703,-0.34188711643218994,-0.8804748058319092,-0.1382972002029419
3.060208559036255,2.3877623081207275,3.8114218711853027,2.8634090423583984,1.9703410863876343,1.7669613361358643,3.1006553173065186
-0.13524015247821808,-1.4538872241973877,-1.1488173007965088,-0.13642814755439758,-0.48137444257736206,-0.24093712866306305,-0.9949228763580322
-0.3306123912334442,-0.9024907350540161,-1.1714770793914795,-1.360095739364624,-1.0747076272964478,-1.670086145401001,-1.6589781045913696
-3.744921922683716,-2.514153242111206,-2.658487319946289,-2.526454448699951,-2.571558713912964,-2.6654579639434814,-1.930920124053955
0.04054023325443268,1.097967267036438,0.022431880235671997,0.8339014053344727,-0.2588556706905365,1.208678126335144,-0.4836817979812622
0.11157828569412231,0.347260057926178,-0.22597606480121613,0.6379785537719727,0.22783586382865906,0.2873942255973816,-0.7882025837898254
-0.2284429967403412,-0.18400359153747559,-0.13643890619277954,-0.9576469659805298,-0.6035772562026978,-0.9707682132720947,-1.2576713562011719
-2.9503676891326904,-2.0157885551452637,-2.1814448833465576,-2.863341808319092,-2.3630926609039307,-2.633225917816162,-2.0011019706726074
1.5312473773956299,1.4814341068267822,2.4581496715545654,2.091573715209961,2.3482589721679688,2.3187360763549805,2.719745635986328
0.7368256449699402,1.5681968927383423,1.2249675989151,2.0602195262908936,1.8453583717346191,1.842488169670105,2.083984613418579
0.04204842448234558,0.7594534754753113,-0.038279712200164795,0.911578357219696,0.6782654523849487,0.9333104491233826,0.12213936448097229
-3.6890296936035156,-2.825411558151245,-2.978766679763794,-3.0927579402923584,-2.9443233013153076,-2.6714415550231934,-1.4684864282608032
-1.1885191202163696,-1.089648962020874,-1.7047092914581299,-0.5932184457778931,-1.4033297300338745,-1.0369586944580078,-2.1339898109436035
0.6007369756698608,0.04544040560722351,0.8702361583709717,1.1654651165008545,0.28674906492233276,1.1613646745681763,0.3647225499153137
-2.368619680404663,-1.7215166091918945,-1.8699512481689453,-1.9859925508499146,-2.1841444969177246,-2.595517158508301,-3.4684789180755615
-1.0016701221466064,-2.104926824569702,-1.3336416482925415,-1.8105182647705078,-0.7691571712493896,-1.1218558549880981,-0.2877124547958374
0.43689316511154175,0.16009800136089325,1.6157407760620117,-0.20473523437976837,0.8948899507522583,0.5315943956375122,0.5414818525314331
-2.2515780925750732,-2.0703961849212646,-1.3665621280670166,-1.7555620670318604,-1.2620017528533936,-2.0267269611358643,-1.3965951204299927
-2.014220952987671,-1.6697310209274292,-1.6135554313659668,-1.8060693740844727,-2.0498383045196533,-2.406163215637207,-1.4666701555252075
-0.8479055166244507,0.90796959400177,1.083466649055481,0.3027504086494446,0.18916922807693481,-0.4496733546257019,0.7765246629714966
-2.9447786808013916,-2.0917539596557617,-1.7054191827774048,-3.4448864459991455,-2.748638391494751,-3.05370831489563,-2.640005350112915
-0.23415765166282654,-0.3100074231624603,-0.15685740113258362,0.5834701061248779,0.40797293186187744,0.4325753450393677,0.5026251077651978
-3.571547508239746,-3.331195116043091,-1.2022665739059448,-2.6816914081573486,-1.0767942667007446,-2.44866681098938,0.820428192615509
0.1883496791124344,1.4638671875,1.2137426137924194,2.45821475982666,3.327500104904175,2.814129590988159,2.9788646697998047
1.6563825607299805,1.1409149169921875,1.2963200807571411,1.7596654891967773,0.7685984373092651,2.0106101036071777,0.5607497692108154
-0.4046493172645569,-0.8135889768600464,-0.03820298612117767,-1.1252193450927734,-0.7867826223373413,-0.8097960948944092,-1.2280067205429077
-3.0046043395996094,-1.686034917831421,-2.1881675720214844,-2.672835111618042,-1.3930996656417847,-2.6162495613098145,-2.0430092811584473
1.7235819101333618,0.8250122666358948,0.1106966882944107,0.5680964589118958,0.45369529724121094,0.4748123288154602,-1.0124107599258423
0.7139254808425903,0.7332846522331238,-0.0839894711971283,0.5631179809570312,-0.14512386918067932,0.6943308711051941,-1.7910579442977905
3.5309112071990967,4.033379554748535,3.7291293144226074,4.4384989738464355,4.243319988250732,3.615138292312622,4.192325592041016
-3.6503705978393555,-2.0910604000091553,-2.6524055004119873,-2.0672781467437744,-2.376448392868042,-1.467799425125122,-2.9301300048828125
-2.0904245376586914,-1.5943715572357178,-2.380828857421875,-0.971725583076477,-2.2159924507141113,-1.2601888179779053,-3.481177568435669
1.2097567319869995,0.7267144918441772,0.20288820564746857,1.035372257232666,-0.10095159709453583,0.15696369111537933,-0.7393316626548767
3.0598130226135254,1.9903082847595215,1.9523794651031494,1.3422396183013916,1.9486892223358154,1.6362385749816895,1.003675937652588
-1.1868821382522583,-1.507055401802063,-0.7142428159713745,-0.9678525924682617,-0.8723132610321045,-1.008036494255066,0.41359832882881165
0.24204985797405243,0.2643178403377533,-0.2444395124912262,-0.3592507541179657,0.3525789976119995,0.4883022904396057,0.7694334983825684
-0.8020743131637573,-1.0305547714233398,-1.753045678138733,-1.102721929550171,-0.6980122327804565,-0.14445805549621582,-2.040870189666748
-1.4037221670150757,-0.9802617430686951,-1.7351458072662354,-1.7376060485839844,-1.2763875722885132,-1.3656995296478271,-2.1541881561279297
-1.0744006633758545,0.21843159198760986,-1.0137391090393066,1.115599513053894,-0.03579339385032654,1.6404509544372559,-0.5807816386222839
-2.4461305141448975,-1.5808744430541992,-1.0826243162155151,-1.4409995079040527,-1.7962993383407593,-1.877487301826477,-0.5571125149726868
6.144039154052734,4.707251071929932,5.03774356842041,4.5694780349731445,5.785656929016113,4.840104103088379,4.499573707580566
-2.831369161605835,-2.163625717163086,-2.894932270050049,-2.811899185180664,-3.6200881004333496,-2.872687339782715,-3.844003677368164
-3.2555885314941406,-2.6041500568389893,-2.4827780723571777,-2.2892394065856934,-1.7660280466079712,-2.314661979675293,-1.1446443796157837
-2.5208003520965576,-1.447931170463562,-0.7348713278770447,-0.5741356015205383,-1.1002171039581299,-0.825080156326294,-0.07329918444156647
0.15274818241596222,-0.28963667154312134,-1.3782932758331299,-0.27010852098464966,-0.9957258105278015,-0.48707106709480286,-2.2246367931365967
-0.9812722206115723,-0.6341075897216797,0.7532632946968079,0.09719900041818619,0.9697645306587219,0.11647088825702667,1.7199468612670898
-1.2165985107421875,-2.249823570251465,-1.3016058206558228,-1.7147210836410522,-1.4633666276931763,-1.9226113557815552,-1.5864964723587036
0.5433108806610107,1.7281025648117065,0.39922964572906494,1.7018600702285767,1.6321531534194946,1.7190817594528198,1.6693660020828247
0.8569937348365784,0.2730545997619629,0.47930485010147095,-0.1473391354084015,0.1516827493906021,0.3066779375076294,-1.345455288887024
0.12276634573936462,0.446607768535614,0.12923668324947357,-0.07783356308937073,-0.42595764994621277,-0.6455341577529907,-0.8375772833824158
-1.2269610166549683,-0.5595731139183044,-0.3806290030479431,-0.998046875,-1.278924584388733,-1.527819037437439,0.26931601762771606
2.3088560104370117,2.062861442565918,2.5616753101348877,2.5022194385528564,3.6212191581726074,3.2390618324279785,3.6816327571868896
-0.6260704398155212,-0.06747844815254211,-0.7469918727874756,0.8095206618309021,-0.183596670627594,1.1326322555541992,-0.7617285847663879
-2.315382480621338,-2.4672179222106934,-1.974452018737793,-3.340808391571045,-3.4400382041931152,-3.4293770790100098,-3.1717116832733154
1.2398955821990967,-0.1991739571094513,1.6230446100234985,1.2609790563583374,1.957637071609497,0.7339237332344055,2.06942081451416
0.971686601638794,0.14107993245124817,0.4540943503379822,0.9440922737121582,0.8747955560684204,1.8470008373260498,0.6621882319450378
-1.0118235349655151,-0.9829380512237549,-0.9589507579803467,-1.564272403717041,-1.8877941370010376,-1.4433104991912842,-1.8211703300476074
-0.6055472493171692,-0.7778646945953369,0.544104814529419,0.4420047700405121,0.6507153511047363,0.24231518805027008,1.1595934629440308
0.7710449695587158,1.0990139245986938,2.3467659950256348,1.2138251066207886,1.4725604057312012,1.2544190883636475,2.6061463356018066
1.2671973705291748,0.42926979064941406,-0.3621077537536621,-1.4036096334457397,-1.1346232891082764,-0.9263229370117188,-1.9708253145217896
3.065277576446533,2.2812914848327637,3.797825336456299,3.022029399871826,3.5353996753692627,2.92484974861145,3.498385429382324
0.579729437828064,0.16204217076301575,1.0409632921218872,0.3125269412994385,1.225481390953064,0.41114160418510437,1.177638292312622
2.2273592948913574,1.6906578540802002,1.1280827522277832,2.508687973022461,2.746511459350586,2.36025333404541,0.9775286912918091
-4.4688215255737305,-3.3851022720336914,-3.1850028038024902,-3.434922218322754,-3.198328971862793,-3.0220117568969727,-2.842207193374634
-0.6857506632804871,0.3773631155490875,-0.09646393358707428,-0.6415867805480957,-1.5596665143966675,-1.257876992225647,-0.808963418006897
0.8726049661636353,2.5214290618896484,2.1950368881225586,2.4033374786376953,1.68494713306427,2.5074877738952637,2.4535279273986816
0.09394627809524536,0.00759144127368927,0.011794403195381165,0.36801677942276,0.5096856355667114,1.4378116130828857,-0.1908366084098816
3.232839345932007,2.506502866744995,2.320671558380127,1.7532782554626465,1.5494884252548218,0.8803027868270874,1.4063626527786255
1.869354009628296,0.8086591362953186,1.6182836294174194,1.2159315347671509,2.5482547283172607,1.599421739578247,3.511931896209717
0.8478399515151978,1.4800264835357666,-0.10682892799377441,1.6210803985595703,0.976087212562561,1.4742858409881592,0.35481497645378113
-1.5558884143829346,-1.8187875747680664,-0.6555035710334778,-1.2273814678192139,-1.4300694465637207,-1.6205331087112427,-0.25571298599243164
1.0599192380905151,1.2590261697769165,1.308230996131897,0.51849365234375,1.1581562757492065,0.5549871921539307,1.3110846281051636
2.3204598426818848,0.9102135896682739,0.9815605878829956,1.239885926246643,0.8454272747039795,1.1021124124526978,-0.16284149885177612
-1.3047856092453003,0.266836941242218,0.6444841027259827,0.9684159159660339,-0.8320707082748413,0.3156317472457886,0.38421130180358887
-2.312122106552124,-2.1659553050994873,-1.065407633781433,-2.1274116039276123,-1.6470496654510498,-2.332021713256836,-1.2476675510406494
-0.935836911201477,-1.0314189195632935,-0.7058470249176025,-0.4266096353530884,0.19316601753234863,-0.27591991424560547,0.6297829151153564
0.08935213088989258,1.4042890071868896,0.9060901999473572,1.508439302444458,0.7539653182029724,0.7428942322731018,0.21434158086776733
0.47438502311706543,0.011614561080932617,0.35215288400650024,0.6276485919952393,1.5254828929901123,1.1347144842147827,1.6833044290542603
2.372880458831787,2.367696762084961,2.3517563343048096,3.1535897254943848,3.4976134300231934,3.7764406204223633,4.219674110412598
-3.4289002418518066,-2.769594430923462,-3.027099609375,-1.955920696258545,-2.0381336212158203,-2.0604169368743896,-1.9193412065505981
1.9280766248703003,1.6012444496154785,1.660290241241455,1.7640303373336792,1.3364096879959106,1.604934811592102,1.849614143371582
-0.24357619881629944,-2.0578222274780273,-0.30244019627571106,-1.5009877681732178,-0.035094015300273895,-0.22945304214954376,-0.540961742401123
0.15455006062984467,0.3076896071434021,0.14613382518291473,0.03132252395153046,-0.7301220893859863,0.012460693717002869,-0.9743423461914062
1.439849853515625,0.20247560739517212,1.793021321296692,0.18279367685317993,0.021237879991531372,0.4279977083206177,0.4618336856365204
-2.940243721008301,-1.2295522689819336,0.21050868928432465,-0.47835874557495117,0.40076738595962524,-1.272606611251831,1.1497185230255127
-0.8230671286582947,-0.6185489892959595,-0.8081926107406616,-0.7282347679138184,-0.5125535726547241,-0.4908214807510376,-1.1156941652297974
2.058873414993286,3.956014394760132,3.030963659286499,2.2240047454833984,0.7242827415466309,2.367518663406372,0.4137846827507019
0.8694597482681274,0.229439377784729,-0.4887459874153137,-0.5961765646934509,-0.6150383353233337,-0.8003766536712646,-2.2680726051330566
-0.27421727776527405,-0.5488723516464233,0.1257847100496292,-0.8654873967170715,-0.29553160071372986,-1.194544792175293,-0.5584741830825806
1.0926737785339355,1.0859686136245728,1.6259915828704834,0.7380495667457581,0.9504503607749939,0.606221616268158,1.466945767402649
-0.6464752554893494,-0.4867438077926636,-1.4663299322128296,-1.2449082136154175,-1.211284875869751,-1.299033522605896,-1.7990193367004395
1.5383632183074951,1.79954993724823,3.074775218963623,3.1551430225372314,2.718860387802124,3.012449026107788,3.0663187503814697
-0.756000280380249,1.0305842161178589,0.6656484007835388,1.293009877204895,0.6459664702415466,1.2741479873657227,1.7920838594436646
0.3661847710609436,-0.3621193766593933,-0.39861294627189636,0.1601693481206894,-0.13700726628303528,-0.38631173968315125,-1.6851279735565186
4.346997261047363,3.2998151779174805,5.122443675994873,4.771449089050293,4.504103183746338,4.853457450866699,4.336004257202148
-1.3216369152069092,-0.7042436599731445,-0.5012738108634949,-0.4008139371871948,-0.5332569479942322,-0.6538087129592896,0.007277071475982666
2.7204065322875977,1.7153897285461426,2.57698655128479,0.906482994556427,2.523271322250366,1.5846893787384033,3.076329231262207
1.9561264514923096,3.3854386806488037,2.197962522506714,3.0721681118011475,2.6293246746063232,2.950796127319336,2.3010659217834473
1.8581527471542358,0.613579511642456,1.2928110361099243,0.7365564107894897,0.5275735855102539,1.4970111846923828,-0.43200191855430603
-0.2914801239967346,-0.9451207518577576,-1.81112539768219,-1.9119952917099,-1.5716619491577148,-1.100935935974121,-2.6077346801757812
1.2506579160690308,1.0349996089935303,1.2100868225097656,0.28647130727767944,1.3585212230682373,0.05828395485877991,2.4756276607513428
0.25832369923591614,0.7201875448226929,0.9719521403312683,0.5295187830924988,0.32296109199523926,0.05417974293231964,0.2717092037200928
-0.2757524847984314,-0.7552744150161743,0.14537884294986725,-1.0000684261322021,-0.3423639237880707,-0.8807467222213745,-0.310700923204422
0.10510718822479248,0.3921125531196594,1.2410751581192017,0.8519469499588013,1.280439019203186,1.1344647407531738,1.1324104070663452
4.887722015380859,2.7250895500183105,3.694732189178467,3.447068214416504,4.532034397125244,4.645205497741699,4.0939483642578125
-0.03227037191390991,0.2578200399875641,0.18237265944480896,1.323514461517334,1.4202840328216553,0.8298261165618896,1.116768717765808
-2.7901597023010254,-1.5046474933624268,-2.2824935913085938,-1.194605827331543,-2.0586116313934326,-0.8791311979293823,-1.9384745359420776
-2.0597617626190186,-0.8691530227661133,-1.5309576988220215,-0.5161083936691284,-0.2594231963157654,-0.6635178327560425,0.025602996349334717
2.1357595920562744,1.3524547815322876,1.8125197887420654,1.044514536857605,0.7514448165893555,0.8470289707183838,1.2169476747512817
-0.9751230478286743,0.31077468395233154,-0.7391971945762634,-0.4492347836494446,-0.36845681071281433,-0.29116424918174744,-0.3595272898674011
0.5882240533828735,-1.6815720796585083,0.43177521228790283,-0.8803533315658569,0.21855428814888,-0.17395664751529694,0.30969399213790894
-0.3248032331466675,0.2817290425300598,0.536979079246521,0.9699814319610596,0.03632001578807831,0.2813190221786499,1.1068799495697021
-0.5518639087677002,-0.07041236758232117,0.1516243815422058,-0.5797848105430603,-0.26046597957611084,-0.3664357662200928,0.6975109577178955
0.7679635882377625,2.3335185050964355,1.6102079153060913,2.680412769317627,2.0956954956054688,2.1695027351379395,2.3014211654663086
1.762371301651001,-0.8617749810218811,0.8685435056686401,-0.7158004641532898,0.7804874181747437,-0.699398934841156,0.19030657410621643
-3.017711639404297,-3.697307586669922,-2.292099714279175,-2.9805572032928467,-3.3495934009552,-3.3315517902374268,-2.9480602741241455
-3.615745782852173,-2.4018054008483887,-0.9822462201118469,-1.6579924821853638,-1.3644037246704102,-1.5833652019500732,-0.15576863288879395
2.270761489868164,2.40679931640625,2.678245782852173,2.486757278442383,1.5622191429138184,2.1874277591705322,1.7823567390441895
1.816112995147705,2.4990463256835938,1.7695847749710083,1.5514434576034546,1.7892667055130005,1.4423727989196777,1.3298002481460571
-1.7294589281082153,-1.3377516269683838,-1.3127903938293457,-1.1519008874893188,-1.8458938598632812,-1.3002328872680664,-2.2108983993530273
-0.48160988092422485,0.5244760513305664,0.17594188451766968,-0.03481878340244293,-0.6445484757423401,-0.3972943127155304,0.1099235936999321
-0.008387818932533264,1.3097419738769531,0.44194328784942627,0.30903899669647217,0.9068775773048401,0.2743905782699585,0.9391694664955139
-1.1219323873519897,-0.206947922706604,-0.0494924932718277,-1.4889384508132935,-0.7467657923698425,-0.962446928024292,0.5236154198646545
-2.8037705421447754,-1.2959026098251343,-1.7496119737625122,-0.5980141162872314,-0.8965233564376831,-0.6012943983078003,-0.1630985140800476
2.5599684715270996,2.4582371711730957,1.5988953113555908,1.8367698192596436,1.8746473789215088,1.569064974784851,1.3229022026062012
-2.4521007537841797,-2.811607837677002,-2.1505205631256104,-2.37491512298584,-2.881314754486084,-2.8435909748077393,-2.7387218475341797
0.8461558818817139,0.31112396717071533,0.08908718824386597,0.723829448223114,1.0641627311706543,1.1232085227966309,0.03381115198135376
-1.0241310596466064,-1.7073414325714111,-1.3378952741622925,-0.8546821475028992,-1.3891502618789673,-1.2989413738250732,-0.9360511302947998
0.07037162780761719,0.794687032699585,-0.04015478491783142,0.10602450370788574,0.7897665500640869,0.8342559337615967,-0.15071971714496613
-2.270796060562134,-1.276232123374939,-1.3008345365524292,-1.795445442199707,-1.3830475807189941,-2.6392054557800293,-0.7579213976860046
-2.2264151573181152,-2.6327755451202393,-2.2740414142608643,-2.043137550354004,-2.536313772201538,-2.477370500564575,-3.454974412918091
-1.956824541091919,-2.7764463424682617,-3.037231922149658,-2.1031601428985596,-1.874767780303955,-1.9313533306121826,-2.227330446243286
1.584981918334961,1.6084551811218262,1.3907238245010376,1.253360390663147,0.14953207969665527,0.4135979413986206,-0.4127691388130188
-0.9930669069290161,-2.5140604972839355,-0.005844861268997192,-1.5070019960403442,0.17703303694725037,-1.311822772026062,0.6456734538078308
-1.1843611001968384,0.12016774713993073,-0.17916156351566315,0.5060155391693115,0.53471839427948,-0.587510347366333,0.7470956444740295
-0.02859596535563469,0.24879853427410126,0.37263065576553345,0.32773128151893616,1.2466312646865845,1.3962959051132202,2.2713940143585205
4.425719738006592,3.9749014377593994,3.3885440826416016,3.911755323410034,3.6489195823669434,4.220925331115723,2.6456127166748047
3.0309038162231445,3.3356242179870605,3.1863696575164795,3.2126121520996094,3.4750378131866455,2.559418201446533,3.22200345993042
-0.8397043943405151,-0.5437970757484436,-1.6229203939437866,-1.496217966079712,-1.692627191543579,-1.369925618171692,-2.2632410526275635
1.620344877243042,1.8795713186264038,2.1879215240478516,1.4568198919296265,1.7258062362670898,1.1410889625549316,1.0456528663635254
0.9130821228027344,0.10894176363945007,1.2757110595703125,-0.7314355969429016,0.35025039315223694,-0.3491755723953247,0.07035478949546814
-0.4919711947441101,-1.2245323657989502,0.7100369930267334,-0.7894799113273621,-1.1556456089019775,-1.2302730083465576,-0.1303807944059372
-0.6323105692863464,0.1495792269706726,-0.24139404296875,-0.4387515187263489,0.40257397294044495,-0.49469637870788574,0.2988899350166321
0.8275365233421326,-0.6078495383262634,-0.6652552485466003,-0.9941073060035706,-1.1327009201049805,-1.1212196350097656,-1.4478349685668945
2.655586004257202,0.40152984857559204,1.577525019645691,0.5938386917114258,2.0265190601348877,1.1528772115707397,1.6022454500198364
-0.488352507352829,0.05073242262005806,-1.4073704481124878,-0.9473053216934204,-1.0141419172286987,-1.151915431022644,-1.7162787914276123
-2.7063422203063965,-2.3610098361968994,-2.9315807819366455,-2.617079973220825,-3.7820041179656982,-2.25685977935791,-3.3224470615386963
-3.747584819793701,-2.1520872116088867,-4.0900397300720215,-2.801283359527588,-4.039194583892822,-3.1301355361938477,-3.379157066345215
2.9147956371307373,1.874406099319458,1.6553165912628174,2.0679452419281006,2.1585638523101807,1.5425812005996704,1.615889310836792
-0.2535131573677063,-0.3552669584751129,-0.24537619948387146,0.22493988275527954,0.8443055152893066,0.691360592842102,0.9960681200027466
2.2445061206817627,1.4027601480484009,0.9937450885772705,1.5378683805465698,1.179083228111267,1.7415558099746704,0.5258596539497375
-1.1797887086868286,-2.146312713623047,-2.355023145675659,-1.6425784826278687,-1.1490951776504517,-0.6648377776145935,-1.3251875638961792
-0.86417555809021,-1.3970439434051514,-0.8346738219261169,-0.92139732837677,-1.0891038179397583,-1.4101651906967163,-0.9004945755004883
-1.4030829668045044,0.3710179626941681,-0.7207139730453491,0.6785482168197632,-0.30790600180625916,0.3599468767642975,-0.30436235666275024
-2.4932737350463867,-0.4474719166755676,-0.7289645075798035,-0.545061469078064,-1.1659647226333618,-0.6492117047309875,-0.5140058994293213
-3.7826385498046875,-3.2365782260894775,-2.3462271690368652,-3.4690709114074707,-2.4715843200683594,-2.8355588912963867,-1.679747223854065
-3.5614545345306396,-3.527667999267578,-1.677156686782837,-2.858853816986084,-1.4352329969406128,-3.093435287475586,-0.3644099831581116
-4.1513752937316895,-3.062683343887329,-3.2053773403167725,-3.0298800468444824,-2.6216211318969727,-3.279594659805298,-2.882728099822998
2.2932634353637695,1.0490998029708862,1.1354645490646362,0.31384652853012085,0.30318552255630493,0.4672015309333801,-1.2039895057678223
0.06653166562318802,0.4461550712585449,-0.40662598609924316,-0.14891570806503296,-0.12841370701789856,0.02053336799144745,-1.0931366682052612
-1.0207202434539795,-1.3775981664657593,-1.4893341064453125,-1.2292149066925049,-1.799324631690979,-1.196770429611206,-2.0542662143707275
-2.4431917667388916,-2.496410608291626,-0.9460487365722656,-1.7559294700622559,-1.113755226135254,-0.8295973539352417,-0.4751202166080475
-1.481677532196045,-2.218977212905884,-2.8713512420654297,-2.5433189868927,-2.9697608947753906,-2.2776131629943848,-4.572690486907959
2.8843472003936768,3.803212881088257,2.8281373977661133,3.1701109409332275,1.6761295795440674,2.309436559677124,2.408557653427124
0.8595810532569885,-0.3674648404121399,-0.13538211584091187,-0.16244477033615112,0.20085085928440094,-0.5569033622741699,0.31393295526504517
-2.4030489921569824,-1.1960692405700684,-1.5289192199707031,-1.763974905014038,-1.4721672534942627,-1.1472744941711426,-2.3088455200195312
0.6264626383781433,0.7232434749603271,0.19531671702861786,0.3706601560115814,0.22053419053554535,0.06102856993675232,0.04502468556165695
4.061453819274902,4.0131988525390625,2.7974295616149902,3.5810163021087646,3.144733428955078,3.853282928466797,1.427659511566162
-4.574980735778809,-2.920930862426758,-3.3763060569763184,-3.275846004486084,-2.944662094116211,-2.555405616760254,-2.5422539710998535
-2.3768625259399414,-1.1247222423553467,-0.44733595848083496,-0.5006411075592041,-1.1193917989730835,-0.4096122086048126,0.12315845489501953
-2.1350677013397217,-2.2438628673553467,-1.689078450202942,-2.3898372650146484,-3.165633201599121,-2.857283115386963,-2.4010379314422607
-1.1169500350952148,-0.7263364791870117,-0.23592835664749146,-0.15904581546783447,0.13310779631137848,-0.42372676730155945,0.4365411400794983
2.464952230453491,2.1644234657287598,2.509676933288574,2.6638519763946533,2.674513101577759,2.3185982704162598,1.4091342687606812
-1.2171616554260254,-1.4089865684509277,-0.47153225541114807,-0.18778446316719055,-0.16564229130744934,-0.3509804308414459,-0.32985591888427734
1.0591349601745605,-0.6441321969032288,0.3684619963169098,-0.6679145693778992,-0.5666345953941345,-0.9660136699676514,-1.498842477798462
3.319577217102051,1.0647459030151367,1.9441795349121094,0.945834219455719,1.3140501976013184,0.6096013784408569,1.8722907304763794
2.2980263233184814,0.45700931549072266,0.4857121706008911,-0.4204767048358917,0.7173848152160645,0.40370410680770874,0.268466055393219
-1.4429175853729248,-1.5304396152496338,-1.2483320236206055,-2.567841053009033,-1.1499223709106445,-2.6022844314575195,-1.3545167446136475
1.2750602960586548,1.5692558288574219,0.6504581570625305,2.2828280925750732,1.3442461490631104,1.7680225372314453,1.3574373722076416
-1.0198781490325928,-0.6824048757553101,-0.27697762846946716,0.10599987208843231,0.3786766529083252,0.1355227679014206,0.8270570039749146
3.5629680156707764,2.6481051445007324,2.174867630004883,2.1462674140930176,1.998396635055542,1.955854892730713,1.1240653991699219
-0.040305450558662415,-0.5383046865463257,-0.43907490372657776,-1.1574652194976807,-0.3787989914417267,-1.6167103052139282,-0.8150089383125305
2.1578598022460938,2.678485631942749,3.089345932006836,2.3656249046325684,3.96191143989563,2.594017267227173,3.8018667697906494
2.2555856704711914,0.25914645195007324,0.09020990133285522,0.41824203729629517,-0.2673451006412506,0.8274620771408081,-1.3622373342514038
2.0959770679473877,3.20109486579895,2.052879810333252,2.846820116043091,1.8842251300811768,2.734469175338745,0.06143777072429657
2.8726460933685303,4.085284233093262,1.7291929721832275,4.239459037780762,3.129070281982422,3.826138734817505,1.5409311056137085
0.7412835955619812,-0.012471452355384827,-0.6021091341972351,1.352142333984375,1.6875550746917725,1.4144684076309204,0.38743501901626587
0.6087731122970581,0.8934143781661987,-0.7561771869659424,-0.042502254247665405,-1.3695974349975586,-0.7750390768051147,-1.7643287181854248
-0.06383001804351807,1.174730658531189,0.6106177568435669,0.6264044046401978,0.4850429594516754,0.6228164434432983,0.7230406999588013
-0.5460737943649292,-0.7867451906204224,-1.8715063333511353,-2.0896480083465576,-2.4955875873565674,-2.1183507442474365,-2.8496220111846924
0.13879653811454773,0.29358744621276855,-0.6780027151107788,-0.07042568922042847,-0.13551956415176392,-0.13797980546951294,-1.115551471710205
-1.3120769262313843,-1.5710937976837158,-2.5039350986480713,-2.0914347171783447,-2.1225976943969727,-2.385843515396118,-2.7879528999328613
1.5879182815551758,1.64372980594635,0.6401563882827759,2.0027196407318115,2.1983089447021484,2.427931308746338,1.8075649738311768
-1.5339365005493164,-0.8411639332771301,-1.2962061166763306,-1.3376202583312988,-0.9468517899513245,-1.1243993043899536,-1.047682285308838
3.3286406993865967,3.7007312774658203,3.653986692428589,3.724513530731201,3.5235939025878906,3.529334545135498,3.169912815093994
0.5898987054824829,1.591161847114563,1.2568765878677368,1.5440071821212769,2.0376956462860107,1.749847412109375,2.0796468257904053
3.5611307621002197,2.029381036758423,1.9084190130233765,2.0810458660125732,1.399969220161438,2.1417317390441895,0.7999888062477112
1.5432336330413818,1.594632863998413,2.051776170730591,1.1326714754104614,1.6866356134414673,0.6457486748695374,2.431469678878784
-1.2301185131072998,0.3704090118408203,-0.4759139120578766,-0.7563813924789429,-0.0601331889629364,-0.3725837767124176,0.11370663344860077
-0.16934043169021606,-1.0399866104125977,-1.2798601388931274,-1.5308047533035278,-0.6332266926765442,-1.295851707458496,-1.0147219896316528
1.1435306072235107,1.1456937789916992,0.8430840969085693,1.0120207071304321,1.3999186754226685,1.1784969568252563,1.3036216497421265
0.43988776206970215,1.2805171012878418,2.768655300140381,1.9965496063232422,2.4332425594329834,1.5118823051452637,3.0407888889312744
0.12087375670671463,0.4129943251609802,1.5416297912597656,0.031708233058452606,1.4456803798675537,0.009021453559398651,2.0725066661834717
1.3670414686203003,2.479569673538208,1.7521581649780273,2.4467663764953613,1.6537485122680664,2.0744497776031494,1.4620587825775146
-0.5942608118057251,-1.9621933698654175,-2.538300037384033,-2.402986526489258,-3.0606911182403564,-3.2821128368377686,-4.897852420806885
-1.9338828325271606,-2.6539230346679688,-3.0848240852355957,-2.56965970993042,-3.2193169593811035,-2.05521297454834,-3.3899238109588623
1.279605507850647,2.1051855087280273,0.43058139085769653,1.1842352151870728,0.2743561267852783,1.30519700050354,-0.43484556674957275
-1.6181271076202393,-0.9497146010398865,-0.6216825246810913,-0.8250623941421509,-0.7200921773910522,-1.0538647174835205,0.5306661128997803
-0.6229721903800964,1.5698943138122559,0.8092185258865356,1.5108485221862793,0.5551474094390869,1.7892656326293945,0.028590410947799683
0.5697356462478638,0.5003001093864441,1.591006875038147,0.9364292025566101,0.6315129995346069,0.6700567007064819,0.9749785661697388
-0.6942373514175415,0.27325695753097534,1.4109132289886475,1.1927719116210938,0.7979033589363098,0.2330729365348816,1.733965516090393
1.0178650617599487,1.1098532676696777,0.17947211861610413,0.8268231153488159,0.37690648436546326,0.6306188702583313,-0.7031447887420654
-1.3554191589355469,0.13448183238506317,0.0426328182220459,-0.7741671800613403,-0.575707733631134,-0.3985704183578491,0.5640772581100464
0.6814000606536865,1.1515990495681763,0.9150060415267944,0.1023063212633133,0.3465365469455719,0.1504860371351242,0.6435814499855042
-2.0724689960479736,-0.3461443781852722,0.040523529052734375,-0.07592791318893433,0.09300863742828369,-0.3834580183029175,0.20040041208267212
-1.9040310382843018,-1.4145349264144897,-1.8045856952667236,-1.0763543844223022,-1.691619634628296,-0.9539573788642883,-1.6544036865234375
-1.9945759773254395,-1.1100151538848877,-0.4469800591468811,-1.3835630416870117,-1.4181602001190186,-1.5079591274261475,-0.3864317536354065
-3.3816161155700684,-2.1077117919921875,-2.0358009338378906,-1.6891119480133057,-2.004535436630249,-1.7854714393615723,-1.4046295881271362
1.025542974472046,0.290299654006958,0.9002344608306885,0.9502593874931335,1.6397418975830078,1.1878776550292969,1.5933665037155151
3.963430643081665,3.818902015686035,3.871387004852295,3.859086036682129,3.0828800201416016,3.8123412132263184,2.4335317611694336
-1.6247003078460693,-1.2029035091400146,-1.3234553337097168,-1.5087933540344238,-1.4481074810028076,-1.3751204013824463,-1.8580031394958496
1.4089866876602173,0.6566152572631836,1.5105239152908325,0.9992038011550903,1.4711600542068481,0.9612751007080078,0.8181233406066895
-1.5658148527145386,-1.7015728950500488,-3.2252824306488037,-1.3169554471969604,-2.4412856101989746,-1.865588903427124,-3.441500425338745
1.7146199941635132,1.178548812866211,1.2807000875473022,0.9088449478149414,1.1271913051605225,0.5881935358047485,1.1948680877685547
1.5141209363937378,1.6602964401245117,1.269118070602417,0.8258646726608276,-0.042190343141555786,-0.2906745970249176,0.2557510733604431
-0.12093989551067352,1.4059261083602905,1.0983959436416626,0.6465317010879517,0.5194191932678223,0.9384802579879761,1.1691484451293945
0.9096207022666931,0.1410045325756073,0.15576598048210144,0.2992800176143646,-0.5240806341171265,0.32470253109931946,-0.43278399109840393
-1.0836007595062256,-0.518889844417572,-0.32248058915138245,0.24788527190685272,-0.43770188093185425,0.11687742173671722,0.6907074451446533
1.079306960105896,0.7192447185516357,1.0008398294448853,1.4668505191802979,0.4257584512233734,0.9764424562454224,0.340609073638916
1.505152702331543,0.6777983903884888,1.0976794958114624,0.5527360439300537,0.526903510093689,0.9442219734191895,1.3266700506210327
0.741355836391449,0.49085843563079834,1.0395946502685547,0.7789117097854614,1.170295000076294,0.4445239305496216,1.8737956285476685
0.3959549367427826,-0.6618149280548096,-0.5376752614974976,-0.6103549003601074,-0.5711960792541504,0.3200262188911438,-1.3432071208953857
-0.5714836120605469,-1.2271087169647217,-1.2170627117156982,-0.8348283767700195,-0.8421322107315063,-0.5622285604476929,-0.06839148700237274
-0.4947255849838257,-0.732305645942688,0.4235976040363312,0.18085381388664246,0.4449196755886078,0.7991943359375,-0.7797375321388245
1.7538468837738037,2.2074990272521973,1.920573353767395,2.397552728652954,1.6968966722488403,2.020930767059326,1.6518973112106323
-2.605607032775879,-2.269054412841797,-1.7975083589553833,-2.2519352436065674,-1.6911028623580933,-1.3015646934509277,-1.1186821460723877
3.8690643310546875,3.045058488845825,2.143226146697998,1.7800843715667725,2.317749500274658,2.2250804901123047,0.7126797437667847
-0.21740654110908508,0.4745590090751648,-0.593390703201294,0.441345751285553,-0.06905178725719452,0.3468315005302429,-0.6158416271209717
0.7157553434371948,-0.14973010122776031,0.295676052570343,-0.027538135647773743,0.8657344579696655,0.1988040655851364,0.850132167339325
-1.8995890617370605,-1.086795449256897,-1.025699496269226,-0.7329307794570923,-0.898657500743866,-0.9133869409561157,-0.7124402523040771
-5.764932155609131,-4.919350624084473,-5.258453845977783,-5.467984199523926,-5.848501682281494,-5.136261940002441,-4.386495590209961
-1.3004634380340576,-2.2674319744110107,-3.077261447906494,-2.8418984413146973,-1.9906551837921143,-2.3523104190826416,-2.733659505844116
-1.3262971639633179,-3.123108386993408,-2.8114776611328125,-2.8787240982055664,-3.0345396995544434,-3.5511903762817383,-4.288085460662842
-1.0105851888656616,-0.39878904819488525,-0.3823874592781067,-0.6185705661773682,-0.8276910781860352,-0.17982760071754456,-0.5378938913345337
3.183745861053467,2.410588026046753,3.0016610622406006,3.2841787338256836,3.275977849960327,2.7271389961242676,2.451902151107788
-0.4264851212501526,-0.572284460067749,-1.9768770933151245,-1.4688373804092407,-1.956375002861023,-1.016921877861023,-1.9170864820480347
1.6873555183410645,1.3911242485046387,1.3927644491195679,2.2882919311523438,2.380141019821167,2.1915225982666016,0.9075785875320435
0.5435413122177124,-0.2671474814414978,0.27554064989089966,-1.0043996572494507,-0.02522379159927368,-0.279038667678833,-0.9215514659881592
1.4153358936309814,1.990230679512024,2.101761817932129,3.2793972492218018,2.844754695892334,3.5221409797668457,2.319416046142578
3.673565149307251,3.527630567550659,2.75634503364563,2.790788412094116,2.9593148231506348,2.885507583618164,3.087987184524536
4.311092853546143,4.932311534881592,4.227042198181152,3.655856132507324,3.26857328414917,4.348413944244385,3.795200824737549
1.1669669151306152,1.0897544622421265,1.7545322179794312,1.33249831199646,2.358008623123169,1.1836535930633545,2.9486522674560547
0.282076358795166,0.7713720202445984,-0.5438061952590942,1.0264426469802856,0.25946250557899475,1.4001942873001099,-0.4029998183250427
0.07684147357940674,-0.6722103953361511,0.6343826055526733,1.3429319858551025,1.766913652420044,2.209756851196289,2.119227886199951
-0.6202297210693359,-0.7861888408660889,-0.91166090965271,-0.35390394926071167,-0.792749285697937,-0.4309914708137512,-0.15187299251556396
-3.0457561016082764,-1.6668825149536133,-0.5338389873504639,-1.381392002105713,-0.5198976993560791,-1.5583500862121582,1.7555029392242432
-2.1435210704803467,-2.1854310035705566,-2.7125377655029297,-3.4186267852783203,-2.37717604637146,-2.9216580390930176,-3.208350896835327
0.6274000406265259,-0.3861520290374756,-0.14094802737236023,-0.09502353519201279,0.6994292736053467,0.21353168785572052,-0.4723562002182007
2.0800607204437256,3.584449052810669,1.3628513813018799,3.805870771408081,1.4171816110610962,3.3958303928375244,0.9515030980110168
0.36429980397224426,-0.09483221918344498,-0.15059766173362732,0.23658272624015808,0.5528262257575989,0.5094131827354431,0.6152291893959045
3.2357583045959473,3.096930742263794,1.909146785736084,1.178762674331665,0.8605715036392212,0.7515008449554443,0.7702584266662598
5.466564178466797,12.899706840515137,9.027287483215332,9.488992691040039,7.324801445007324,8.252312660217285,7.763374328613281
-0.7060308456420898,-1.430567741394043,-1.2263164520263672,-1.7853035926818848,-0.029921621084213257,-1.1423605680465698,-0.32333147525787354
-0.49686262011528015,0.41023099422454834,-0.09329834580421448,0.16338679194450378,-0.09903886914253235,0.04119482636451721,0.42444586753845215
1.3933806419372559,0.8432384729385376,0.040379881858825684,0.03299915790557861,-0.12855660915374756,-0.1941630095243454,-1.02138090133667
-0.7182015180587769,-0.8351052403450012,-0.5194767713546753,-0.35997119545936584,0.4457576870918274,-0.13895955681800842,-0.10582223534584045
2.854642391204834,2.746049642562866,1.754982590675354,1.534278392791748,1.9595927000045776,1.738170862197876,1.6732678413391113
1.811791181564331,2.286808729171753,2.385423183441162,2.8577895164489746,2.436678409576416,3.4179046154022217,3.1371712684631348
0.10523843765258789,0.40247035026550293,-0.7120188474655151,0.6345530152320862,0.3856586813926697,0.7046698927879333,-0.08034002780914307
0.002063184976577759,-1.9816588163375854,-2.3392140865325928,-2.9444332122802734,-2.558995485305786,-2.1579763889312744,-3.06581449508667
-0.39256417751312256,0.135084867477417,-1.7141963243484497,-0.5495797395706177,-0.7880181074142456,-0.6467849016189575,-2.204993963241577
0.005679816007614136,0.4368879497051239,1.4507123231887817,2.0600318908691406,1.7500414848327637,2.332298755645752,2.655853033065796
3.255861282348633,2.4348435401916504,1.4245043992996216,2.380923271179199,0.42031610012054443,2.117267370223999,0.6073194742202759
1.3049005270004272,1.3725358247756958,1.4602844715118408,2.6854844093322754,2.739609718322754,3.1808130741119385,3.1036276817321777
0.716809093952179,0.03976941108703613,-0.37437111139297485,0.5927086472511292,1.501152515411377,1.0470331907272339,0.9353047609329224
0.8703638315200806,-0.14935936033725739,-1.0280753374099731,-0.9058834910392761,-1.5283243656158447,-0.8566786646842957,-2.4844307899475098
0.47685524821281433,1.083061695098877,1.4892064332962036,0.8251461386680603,0.788242518901825,0.7773252129554749,0.284320592880249
2.913367748260498,0.950622022151947,1.859681248664856,1.365992784500122,1.859681248664856,1.6396946907043457,1.5371432304382324
-0.044096291065216064,0.8824365139007568,1.0227726697921753,0.37613943219184875,-0.6620822548866272,-1.2566405534744263,-1.0792394876480103
-0.4247947335243225,-0.02562934160232544,1.4571785926818848,0.7748717069625854,0.6522695422172546,0.44355911016464233,1.5304769277572632
3.3498785495758057,2.0136988162994385,1.442922830581665,1.208379864692688,0.9377533197402954,1.5503534078598022,-1.01360023021698
-1.8635165691375732,-1.3685171604156494,-0.539825975894928,-0.5500770211219788,-1.507930874824524,-1.285689115524292,-1.3619730472564697
-1.6979923248291016,-2.2244863510131836,-2.0145459175109863,-2.140838146209717,-2.6017234325408936,-3.0511274337768555,-2.579368829727173
-4.385267734527588,-3.7362308502197266,-1.904991626739502,-2.89872407913208,-2.6904749870300293,-3.430750846862793,-1.1173465251922607
-0.43967631459236145,-0.28294244408607483,0.2086956948041916,-0.295038640499115,-0.5848345160484314,-0.4828370213508606,-0.33055800199508667
-1.0411112308502197,-2.2924442291259766,-0.5727357268333435,-2.002135753631592,-1.2642685174942017,-2.0882441997528076,-0.6717134714126587
-1.2405325174331665,-0.6951645612716675,-1.0325603485107422,-1.7597665786743164,-0.6977176666259766,-1.120513916015625,0.11923196911811829
8.451542854309082,6.189650535583496,4.821345806121826,6.0334248542785645,4.976546287536621,6.613631725311279,4.341280460357666
2.3608837127685547,0.6226246953010559,0.007154405117034912,1.0108301639556885,1.454801082611084,1.8416740894317627,-0.2905450463294983
0.3971167802810669,-1.0224792957305908,0.36673682928085327,-0.1920454055070877,-0.5948073863983154,-0.4252557158470154,-0.8630396127700806
0.8501290082931519,0.648436963558197,0.6951046586036682,1.6422206163406372,1.7012664079666138,1.978453516960144,0.800997257232666
0.14401951432228088,-0.5334261059761047,-0.35977405309677124,-0.422920286655426,-0.40323835611343384,-0.651927649974823,-0.44319772720336914
4.164078712463379,2.8173391819000244,3.5689427852630615,2.7103185653686523,3.235990285873413,2.3854644298553467,3.603039026260376
0.8023641109466553,1.7488725185394287,1.0075197219848633,1.3585140705108643,1.1826069355010986,1.6094586849212646,1.022517204284668
-2.1454319953918457,-0.5623204112052917,-0.6217761635780334,-0.028858140110969543,-0.08216327428817749,0.20404478907585144,1.2960174083709717
-4.347944736480713,-2.327826976776123,-2.0248074531555176,-2.3881030082702637,-3.740415573120117,-3.045910358428955,-2.1869237422943115
1.2208898067474365,0.39257001876831055,-0.4004477262496948,-0.5804553627967834,-2.3120551109313965,-1.013047456741333,-1.4987599849700928
0.895780622959137,0.3668457269668579,1.3306453227996826,1.653757095336914,1.6266944408416748,1.192051649093628,2.6624531745910645
2.8615517616271973,3.3872931003570557,3.7300865650177,3.787492275238037,3.0826330184936523,3.1412689685821533,3.316399097442627
-1.1131930351257324,-0.808158278465271,0.46378636360168457,-0.15373417735099792,0.7836177349090576,0.678647518157959,1.2127866744995117
-1.3824025392532349,-1.7214362621307373,-2.427935838699341,-2.8289549350738525,-2.1195855140686035,-2.4951822757720947,-3.344287157058716
-0.07640938460826874,0.3936155438423157,-0.10545459389686584,-0.1841823160648346,-0.6634680032730103,-0.4758746325969696,0.24438360333442688
2.6022937297821045,2.2194652557373047,2.5372467041015625,2.5126442909240723,2.199373483657837,2.437196731567383,2.397643804550171
1.0320992469787598,1.188197374343872,0.8560648560523987,1.0528841018676758,0.061612024903297424,0.23997949063777924,-0.5921355485916138
3.56644868850708,3.440082311630249,4.09286642074585,3.6434624195098877,3.5179901123046875,3.862423896789551,2.7807810306549072
-1.0670114755630493,-0.01638031005859375,0.7101083397865295,1.4227581024169922,0.7855557799339294,0.6768950819969177,0.4616958200931549
1.388451099395752,1.5937203168869019,1.8856688737869263,1.4206832647323608,1.4575868844985962,1.314072847366333,1.8599462509155273
-1.985574722290039,-2.1432077884674072,-2.2686800956726074,-2.4663195610046387,-2.7451467514038086,-2.2908222675323486,-2.614361524581909
-1.3172543048858643,-2.2373173236846924,-1.2847942113876343,-1.5295881032943726,-1.5412743091583252,-1.453115701675415,-1.6486327648162842
-2.8785572052001953,-2.190192937850952,-2.713404417037964,-2.2906527519226074,-2.175431489944458,-2.6404170989990234,-1.2593746185302734
-1.1517211198806763,-0.6070911288261414,-0.5295934677124023,-0.5136018991470337,-0.37798112630844116,-0.9580854773521423,-0.01265491172671318
1.8065617084503174,0.33020681142807007,0.363010048866272,0.09689398109912872,0.12723693251609802,0.18300241231918335,0.08596798777580261
4.607908248901367,2.1278016567230225,2.5010406970977783,2.9161038398742676,2.290177583694458,2.873767137527466,2.2489919662475586
0.027492079883813858,0.5664369463920593,1.706758737564087,2.707257032394409,1.9724647998809814,2.3497016429901123,2.3799386024475098
1.7273492813110352,1.0906730890274048,0.9875735640525818,0.41228723526000977,-0.004723668098449707,1.1241170167922974,-0.13640442490577698
2.268258810043335,2.099181652069092,1.6077485084533691,3.0127511024475098,2.4354147911071777,2.9947094917297363,2.3208892345428467
2.9390721321105957,-0.3498617708683014,1.4190516471862793,0.4259342551231384,1.2960395812988281,0.6555566787719727,-0.03913504630327225
-1.5704543590545654,-0.3501445949077606,-1.5023574829101562,-1.7623229026794434,-3.448408365249634,-2.1469407081604004,-4.107555389404297
5.915991306304932,4.32310152053833,5.868133068084717,5.579464912414551,5.3555827140808105,5.300637245178223,5.94075345993042
2.6828370094299316,1.7973589897155762,1.3789451122283936,1.1363743543624878,1.6099706888198853,1.442418098449707,1.1040256023406982
-2.1157445907592773,-1.9596112966537476,-3.490393877029419,-3.0541112422943115,-3.542879104614258,-3.3116164207458496,-4.861588478088379
1.912825107574463,0.9486082792282104,0.5914632678031921,0.6644504070281982,0.5463588237762451,0.2675315737724304,-0.24411813914775848
3.597419261932373,2.7158749103546143,3.456407070159912,2.5325870513916016,3.4883902072906494,3.023404836654663,3.1922221183776855
-2.0853850841522217,-2.538374423980713,-2.120133399963379,-2.502290725708008,-2.1529364585876465,-1.8372056484222412,-1.7831590175628662
0.9248223900794983,0.09845775365829468,-0.8911741971969604,-0.0005669593811035156,-0.9576007127761841,-0.27242356538772583,-2.633781909942627
1.710275411605835,1.627394199371338,0.234487846493721,0.3823072612285614,0.8483179807662964,0.8272008895874023,0.34928736090660095
3.804290533065796,3.051628589630127,1.7853858470916748,0.9440218806266785,1.02767014503479,1.2585227489471436,0.3323161005973816
2.571357250213623,1.0388802289962769,1.0036166906356812,1.3705514669418335,1.8255423307418823,1.978487253189087,0.753734827041626
-1.2306921482086182,-1.7009055614471436,-1.7468301057815552,-1.6336590051651,-0.7733434438705444,-1.1006067991256714,-0.4373694956302643
-2.0559558868408203,-2.125359296798706,-2.8216075897216797,-1.8874846696853638,-1.301588535308838,-1.8583718538284302,-1.9237828254699707
2.6396217346191406,1.4688478708267212,2.118043899536133,1.5507020950317383,1.32871675491333,1.7956498861312866,1.1698784828186035
-1.620742678642273,-0.26889142394065857,0.2641608417034149,0.20675517618656158,-0.688875138759613,-0.5561246275901794,0.29238006472587585
-0.939432680606842,-0.5312447547912598,-0.6475936770439148,-1.3865883350372314,0.15065202116966248,-1.829021692276001,1.3643275499343872
-3.201448440551758,-3.0134873390197754,-3.013282299041748,-3.417991876602173,-2.6143131256103516,-2.988679885864258,-3.6469104290008545
-1.7325509786605835,-1.4626715183258057,-1.6742520332336426,-0.8791843056678772,-1.0985558032989502,-1.154731273651123,-1.4593441486358643
-3.8605871200561523,-1.8967173099517822,-3.013256549835205,-1.7368016242980957,-2.2214691638946533,-1.8442320823669434,-1.3036177158355713
-0.002772986888885498,0.9064077734947205,0.6519778370857239,0.2720755934715271,0.3210754096508026,0.13184183835983276,-0.37453457713127136
5.644473552703857,4.679622650146484,4.925031661987305,4.557276725769043,4.24477481842041,4.603150367736816,3.9873526096343994
-1.7780137062072754,-1.124351978302002,-0.6258456707000732,-1.6800588369369507,-0.20637452602386475,-1.611172080039978,-0.2776733636856079
-2.0276401042938232,-0.6062674522399902,-1.4143798351287842,-0.6013469696044922,-1.3008756637573242,-1.627575159072876,-1.8473173379898071
1.9471172094345093,2.0248920917510986,2.1171510219573975,3.056143283843994,2.974135160446167,3.5744340419769287,2.960783004760742
3.223133087158203,3.833265781402588,4.459807395935059,4.822282791137695,3.612663984298706,3.967758893966675,3.926706075668335
-0.20171016454696655,-0.20981591939926147,0.2785419523715973,-1.1992428302764893,-0.6862826347351074,-1.0467078685760498,-0.08659374713897705
2.437654733657837,1.7657783031463623,0.7708158493041992,1.2251403331756592,0.30049970746040344,0.9401624202728271,0.10971677303314209
2.4308409690856934,2.08766508102417,1.2684048414230347,2.8413188457489014,3.3128650188446045,3.835256338119507,2.4233899116516113
0.5398285388946533,-0.9151570796966553,1.0333538055419922,-0.6027064323425293,1.042374610900879,-0.13720840215682983,1.6501870155334473
1.0734533071517944,1.0506728887557983,0.1588355302810669,0.3642656207084656,-0.044954538345336914,0.6428878903388977,-0.10645055770874023
-3.558689594268799,-2.1489055156707764,-3.4275131225585938,-3.4291534423828125,-3.7202818393707275,-4.446873188018799,-3.7585904598236084
-0.9492490291595459,-2.7556276321411133,-2.3423073291778564,-2.271780252456665,-0.8997859954833984,-1.4393988847732544,-1.2899022102355957
0.9385563135147095,1.792575716972351,0.984386682510376,1.1094489097595215,2.4871838092803955,1.785194993019104,2.905398368835449
3.687206745147705,2.6537585258483887,2.6066040992736816,2.2445385456085205,2.0958991050720215,2.7944023609161377,1.594780445098877
1.325466275215149,1.8799796104431152,1.4236050844192505,1.5421065092086792,1.584750771522522,1.6323153972625732,1.9133356809616089
1.0478097200393677,1.741943359375,1.65296471118927,1.9276915788650513,1.417191505432129,2.6698641777038574,2.1123147010803223
5.313262939453125,5.44803524017334,5.425073146820068,5.190529823303223,4.904322147369385,4.982229709625244,3.7800443172454834
0.43312913179397583,0.8324712514877319,0.1546493023633957,0.22868716716766357,-0.9946677684783936,-0.030048174783587456,-1.247873306274414
-1.656574010848999,-1.8065434694290161,-1.2488888502120972,-0.5747829079627991,-0.8798527717590332,-1.1094751358032227,-0.9887546896934509
3.382448673248291,2.6625442504882812,3.269198417663574,3.0235843658447266,3.4352645874023438,3.7132720947265625,3.023623466491699
-2.5017309188842773,-1.8846932649612427,-1.16609787940979,-0.9062604904174805,-0.7451915740966797,-0.06329488009214401,0.4282605051994324
1.1648296117782593,1.6006264686584473,1.5120577812194824,1.0946369171142578,0.5832399129867554,0.25487467646598816,0.21885289251804352
-1.0341086387634277,-0.7225906848907471,0.12055444717407227,0.24684679508209229,1.1989600658416748,0.14146649837493896,1.8502055406570435
-0.9744300246238708,-1.0866060256958008,-1.5407253503799438,-1.5834208726882935,-1.0140289068222046,-1.9563010931015015,-1.8600499629974365
-0.6183438301086426,-0.4398045539855957,0.3834535479545593,0.10954675078392029,0.07961380481719971,-0.22053559124469757,0.617848813533783
-1.984618902206421,-1.6257909536361694,-2.0253751277923584,-2.8976328372955322,-2.800863265991211,-2.355149745941162,-2.4897141456604004
1.121207594871521,2.272838592529297,1.6098036766052246,1.44496750831604,1.091820478439331,1.2989932298660278,1.2518160343170166
0.7408992648124695,1.2022275924682617,1.0267302989959717,1.2907962799072266,1.6905851364135742,1.064864158630371,1.8848451375961304
-0.03218710422515869,-2.720254898071289,-3.9405343532562256,2.4757742881774902,-1.0407304763793945,3.8797519207000732,-5.1826934814453125
-1.3406126499176025,-0.9759360551834106,0.6584841012954712,-0.3239721655845642,0.63634192943573,-0.11198139190673828,0.9875390529632568
0.4447169899940491,0.13247467577457428,1.0513746738433838,1.114725947380066,1.761564016342163,1.2920682430267334,1.673317790031433
-1.4830734729766846,-0.6262306571006775,-0.9899746775627136,-0.9655068516731262,-1.1093604564666748,-1.028018832206726,-1.3189232349395752
-2.511267900466919,-1.4593218564987183,-1.4990957975387573,-1.9743324518203735,-2.1469593048095703,-2.4003641605377197,-1.7708723545074463
3.408262252807617,2.7605433464050293,3.0738139152526855,1.9982786178588867,1.0072115659713745,1.0211529731750488,0.8773149847984314
1.5533424615859985,-0.08152547478675842,0.5595723390579224,0.6893500685691833,0.45270562171936035,0.8832991123199463,-1.087561845779419
7.758400917053223,-1.611264705657959,4.155540466308594,-2.195162057876587,3.9948043823242188,-1.3750815391540527,2.6290736198425293
-2.2270262241363525,-2.6493935585021973,-3.0266306400299072,-2.908538818359375,-2.8831164836883545,-2.989727020263672,-2.9989192485809326
0.7407071590423584,-0.3102627992630005,-0.34570562839508057,-0.008216992020606995,-0.009037092328071594,-0.4226394295692444,-0.42259925603866577
1.3161448240280151,1.3255183696746826,0.8490517139434814,0.9650931358337402,1.071293592453003,1.2418701648712158,0.7310296893119812
-1.3216731548309326,-0.816461443901062,-1.2904679775238037,-0.35947170853614807,-1.0575652122497559,-0.009707465767860413,-1.0571993589401245
-1.7519526481628418,-2.4179465770721436,-2.47699236869812,-3.014965057373047,-1.3132981061935425,-3.4233651161193848,-3.417980194091797
1.8390976190567017,1.2804244756698608,1.447515845298767,1.3874449729919434,1.7357741594314575,1.7517657279968262,1.6561675071716309
-1.0337531566619873,-0.2261352837085724,0.1264992207288742,-0.3885112404823303,-0.5045526027679443,-1.2085914611816406,0.33021923899650574
-2.1014976501464844,-1.8792170286178589,-1.5205472707748413,-1.936417579650879,-1.635499358177185,-2.057584285736084,-1.1836045980453491
-1.3376110792160034,-0.7291525602340698,0.6153692007064819,0.4464327394962311,0.8392511606216431,0.7063982486724854,1.4236481189727783
-2.502316951751709,-2.086411476135254,-2.476872205734253,-1.4632527828216553,-2.8036742210388184,-2.258525848388672,-3.315730094909668
-0.22740760445594788,-0.3433574438095093,-0.9641583561897278,-0.4317210912704468,-1.250366449356079,-0.3636544346809387,-0.9976522922515869
0.3814200162887573,-0.09168827533721924,-0.7584136724472046,-0.15355312824249268,-0.3120848536491394,-0.16221517324447632,-0.9311350584030151
1.1980308294296265,2.169215202331543,4.145609378814697,2.2528634071350098,2.215139627456665,1.311667561531067,3.586104393005371
0.3232905864715576,0.21696583926677704,0.5957404375076294,1.6048492193222046,1.2850178480148315,1.7680453062057495,1.7411209344863892
2.1431167125701904,2.633742094039917,2.363935708999634,2.8199002742767334,3.3127684593200684,2.5099098682403564,2.5477793216705322
1.084731101989746,0.8268803954124451,0.30612948536872864,1.8232784271240234,0.07732711732387543,1.3805886507034302,-1.2084598541259766
0.060862764716148376,-0.6286498308181763,-0.9954307079315186,0.08451250195503235,-0.07540306448936462,0.8594884872436523,-0.495486319065094
-0.846280038356781,-1.349457025527954,-3.1064789295196533,-1.7845096588134766,-2.2847583293914795,-1.9616467952728271,-2.7725777626037598
9.399874687194824,14.288321495056152,10.852185249328613,13.84875774383545,10.54055404663086,12.6022367477417,9.544422149658203
-0.5682908296585083,-0.09951604902744293,0.302733451128006,-0.6251875162124634,-0.4718325138092041,-0.8859730958938599,0.2178747057914734
-1.0200443267822266,0.4376579821109772,-0.30200323462486267,-0.5401853322982788,-1.0552983283996582,-0.5952332019805908,-0.6370278596878052
-1.8688247203826904,0.09193024039268494,-0.34640270471572876,-0.06839540600776672,-1.2595621347427368,0.13621458411216736,-1.7202719449996948
1.4306496381759644,0.4291974902153015,0.31623145937919617,-0.2442934811115265,0.3478045165538788,-0.1204613745212555,-0.28855374455451965
1.1414520740509033,1.5932533740997314,2.911942720413208,0.9997202754020691,1.4800822734832764,1.2656313180923462,3.25211763381958
0.1490294635295868,-0.6149740219116211,0.22017532587051392,0.16481991112232208,0.08322194218635559,0.011464860290288925,0.6247320175170898
-3.7327499389648438,-1.2945674657821655,-2.1031665802001953,-1.983434796333313,-1.5553529262542725,-1.7316702604293823,-1.5082138776779175
-0.5960557460784912,-0.9984753727912903,-1.6458261013031006,-1.2059556245803833,-1.392933964729309,-1.1526504755020142,-2.1850006580352783
5.086416244506836,4.161805152893066,4.589067459106445,3.7037904262542725,3.680418014526367,4.182307243347168,4.108154773712158
0.7644848823547363,-0.10674196481704712,0.3434820771217346,0.6026274561882019,0.8484464883804321,0.7445013523101807,0.30594146251678467
-0.8110013008117676,-1.187319040298462,-0.47169649600982666,-0.0805181935429573,-0.08461857587099075,-0.641863226890564,0.22533923387527466
0.6157423257827759,-0.16702353954315186,-1.7821717262268066,-1.225337266921997,0.04619727283716202,-0.4164305329322815,0.2777927815914154
0.5891971588134766,0.346744179725647,0.9289755821228027,1.1354564428329468,1.8975162506103516,1.6605130434036255,2.1360225677490234
0.04626719653606415,0.3810984492301941,-1.2840747833251953,-0.24093246459960938,-0.6882863640785217,-0.6742424368858337,-0.6243579983711243
1.0415399074554443,0.4236510694026947,1.0694643259048462,0.06835126876831055,0.13272756338119507,0.3225761651992798,-0.2617843449115753
2.046694755554199,2.279741048812866,-0.04108639806509018,0.38125503063201904,-0.4437456727027893,0.5079574584960938,-1.134684681892395
-1.1250548362731934,0.006367434747517109,-1.6887385845184326,-0.7953635454177856,-1.710060715675354,-1.0281639099121094,-2.906956911087036
2.031015634536743,0.8398482799530029,1.7802753448486328,1.331178903579712,2.1078972816467285,1.7007275819778442,1.406613826751709
1.550910234451294,0.6050578355789185,0.35677847266197205,0.9822947978973389,-0.4501805305480957,1.3822888135910034,-0.04539558291435242
1.0249052047729492,1.3569114208221436,2.6110188961029053,1.0467158555984497,2.182116985321045,0.9544567465782166,3.475104808807373
-1.0106785297393799,-1.4117900133132935,-0.82112717628479,-1.8577086925506592,-1.4884675741195679,-1.426756501197815,-0.5747775435447693
-1.9639688730239868,-2.1334311962127686,-2.4721245765686035,-3.5821032524108887,-3.703474998474121,-3.9084951877593994,-3.924065589904785
-0.5031777620315552,-1.1870694160461426,0.30440041422843933,-0.056588709354400635,0.5033211708068848,0.11675581336021423,0.9452630281448364
4.098998069763184,3.2078311443328857,2.5575075149536133,3.2640068531036377,2.2128686904907227,2.494361400604248,1.3979326486587524
0.08873836696147919,1.2661139965057373,0.560434877872467,0.669095516204834,0.7908773422241211,0.656384289264679,-0.006129145622253418
4.7315802574157715,4.231455326080322,2.5060062408447266,3.010457992553711,3.468780517578125,3.600403308868408,1.7179303169250488
0.1307586133480072,0.37849903106689453,-0.8438307046890259,-0.14471226930618286,-1.390004277229309,-0.4276399612426758,-3.7383222579956055
2.2801921367645264,1.4013181924819946,0.7635006904602051,0.8094251751899719,-0.3505784869194031,0.39487454295158386,-0.3070497512817383
2.8465828895568848,1.272985816001892,1.2266511917114258,1.4997379779815674,0.8781172037124634,1.0556645393371582,1.046897530555725
1.203397274017334,1.7752478122711182,2.193488836288452,1.8293731212615967,2.3050196170806885,2.055715322494507,3.1892380714416504
-1.3316725492477417,-1.4146947860717773,-1.4645147323608398,-2.028935194015503,-2.1068427562713623,-2.128164529800415,-1.6948994398117065
2.716203212738037,2.4197540283203125,1.914994478225708,2.147897481918335,2.329545259475708,2.346766948699951,1.132689118385315
-0.6017001271247864,0.3902372121810913,0.5804958343505859,0.11879047751426697,0.5107890367507935,0.21473991870880127,1.046875238418579
-2.9712588787078857,-2.6250200271606445,-2.568485736846924,-3.917517900466919,-3.0349063873291016,-3.3389511108398438,-2.570780038833618
-0.3846791386604309,-1.3443632125854492,-2.286635637283325,-1.4263713359832764,-1.608429193496704,-1.3361625671386719,-2.058993101119995
-2.482940196990967,-1.0118913650512695,-1.6384327411651611,-0.8568961024284363,-0.888059139251709,-0.6420350074768066,-0.3588389754295349
-1.0377212762832642,-0.7226336002349854,0.0014972761273384094,-1.2331335544586182,-0.7519514560699463,-0.8083319664001465,-0.5553004145622253
-0.8888974189758301,-0.5477926135063171,0.26183173060417175,0.14148490130901337,0.6359933614730835,0.4826383888721466,1.930700659751892
-0.2016892433166504,-0.24942532181739807,0.9524024128913879,0.821599543094635,1.370233416557312,1.8065160512924194,1.985097050666809
-0.43836137652397156,-1.0883452892303467,0.25238358974456787,0.12363094091415405,-1.2514386177062988,-0.522182285785675,-0.5857933759689331
-0.11069253087043762,-0.30820560455322266,-0.2815866470336914,1.0431506633758545,-0.14432567358016968,0.7831851840019226,-0.06320999562740326
-1.0311379432678223,-1.026306390762329,-0.32370254397392273,0.6033982634544373,0.32949140667915344,0.5689549446105957,1.3913707733154297
-1.4705761671066284,-2.284496545791626,-0.6167604327201843,-1.4738469123840332,-1.050275444984436,-0.6953856348991394,-0.6430877447128296
-1.6374812126159668,-1.9021663665771484,-0.7833719253540039,-1.0221689939498901,-0.23330295085906982,-1.3071982860565186,-0.712253212928772
0.06766662001609802,1.705539345741272,0.19466054439544678,1.5874477624893188,0.10848403722047806,0.6648573279380798,0.15016746520996094
3.21958327293396,4.483741760253906,4.904852867126465,5.410842418670654,4.459549427032471,5.031965255737305,4.582595348358154
-0.8528421521186829,0.0010529328137636185,-1.4578700065612793,-0.9449096918106079,-1.5595598220825195,-1.4472088813781738,-2.545252799987793
-2.034182071685791,-3.0244498252868652,-2.7653043270111084,-2.13999342918396,-1.724532961845398,-1.9261574745178223,-2.2626850605010986
-0.9771438241004944,-1.4309626817703247,-1.0602864027023315,-1.656484842300415,-1.3464945554733276,-1.5449539422988892,-1.2486591339111328
0.6048609614372253,1.5020320415496826,1.0345863103866577,0.4341849088668823,0.5132201313972473,0.9433522820472717,-0.27088677883148193
4.227226734161377,3.0753066539764404,4.365908622741699,4.594710826873779,4.725103855133057,5.331963539123535,4.383053302764893
-1.403501033782959,-0.5361592769622803,-1.6670500040054321,-0.6040209531784058,-1.4702308177947998,-1.0745420455932617,-1.1911436319351196
2.737321138381958,1.4900281429290771,0.9571808576583862,1.775826096534729,1.2827014923095703,1.8787460327148438,0.20635607838630676
1.7227513790130615,1.9207348823547363,1.7774258852005005,0.3256787061691284,0.7266980409622192,0.8300281763076782,-0.02414935827255249
-0.3671391010284424,-1.099025845527649,-1.3040459156036377,-1.1539711952209473,-0.7103077173233032,-1.4697020053863525,-1.3644903898239136
1.1961201429367065,2.2627010345458984,3.7052221298217773,3.610093116760254,3.7724685668945312,3.387031078338623,4.84548282623291
-0.0052014850080013275,0.6320815086364746,-0.9522624015808105,-0.3035789430141449,-1.4385700225830078,-0.5020383596420288,-1.3044819831848145
-1.115202784538269,-2.4000813961029053,-2.5116124153137207,-2.572298288345337,-3.09386944770813,-2.097882032394409,-3.364201545715332
3.8455982208251953,2.2883338928222656,2.785097599029541,1.2730741500854492,2.381720542907715,2.0123767852783203,1.6406843662261963
-0.1160566434264183,0.7092781066894531,0.6129186153411865,0.6375210285186768,1.469902515411377,1.0426405668258667,1.4264079332351685
-0.3328452706336975,0.22620779275894165,0.8802218437194824,0.023647964000701904,0.6768419742584229,0.3463495969772339,1.7258481979370117
-0.9545218348503113,-1.2371368408203125,-0.6948587894439697,-0.1234678328037262,-0.8946508765220642,-0.24524980783462524,-1.2875480651855469
1.8853938579559326,1.5784064531326294,1.050479769706726,1.5485762357711792,2.3693740367889404,1.893727421760559,1.5077314376831055
-1.094712257385254,-2.043163537979126,-2.522090435028076,-2.459764242172241,-2.3662750720977783,-2.4072790145874023,-2.0318703651428223
0.2962673604488373,0.13834652304649353,-0.9187883734703064,-1.3345692157745361,-2.7082033157348633,-1.589613914489746,-3.644512176513672
-1.1615115404129028,-1.0928009748458862,-2.0141611099243164,-1.57541823387146,-2.4348623752593994,-1.467167615890503,-1.7078771591186523
1.2845772504806519,0.7663624286651611,0.5826643705368042,-0.10948339104652405,0.28784552216529846,0.4600624144077301,0.9221914410591125
3.9412262439727783,3.1027302742004395,1.808233618736267,0.7614010572433472,1.089433193206787,1.0918934345245361,0.6907972097396851
-3.1714608669281006,-1.6762521266937256,-1.7885005474090576,-1.6547763347625732,-2.423447847366333,-1.8026471138000488,-1.8342183828353882
0.27725011110305786,0.5108548998832703,0.06257850676774979,-0.4048673212528229,0.16139817237854004,0.20875781774520874,0.19299070537090302
-2.777148723602295,-1.4611103534698486,-1.0209323167800903,-0.8130419850349426,-0.2160235345363617,-0.4226837754249573,-0.049421072006225586
0.40034571290016174,-0.617759108543396,-0.09987840056419373,0.23348432779312134,0.6612330079078674,-0.04575306177139282,0.3146204650402069
0.1684769243001938,2.3986830711364746,2.6988325119018555,3.3409554958343506,2.0755715370178223,2.603703260421753,2.389765977859497
-0.14329487085342407,0.24504354596138,1.274654507637024,0.23848287761211395,1.1147388219833374,-0.3497197926044464,2.7873103618621826
1.8587318658828735,1.432542324066162,1.099179744720459,1.3466389179229736,0.8916994333267212,1.5824121236801147,-0.4715350568294525
4.040736198425293,2.218956232070923,2.4473485946655273,3.2600479125976562,3.562657594680786,3.7201130390167236,3.0461742877960205
1.6469008922576904,1.038680076599121,0.6499619483947754,1.9871028661727905,-0.00405215285718441,1.4712724685668945,-1.3577836751937866
-0.5613744854927063,1.5056771039962769,0.8881570100784302,0.4840623438358307,-0.22653725743293762,-0.2287924587726593,0.09916050732135773
1.900434970855713,2.201244831085205,2.171721935272217,1.4477958679199219,1.4590718746185303,1.430164098739624,2.0258708000183105
0.08574776351451874,0.6954768300056458,0.9242792725563049,0.3243905007839203,1.136680006980896,0.09189772605895996,1.5763521194458008
-0.11552987992763519,-0.27879244089126587,1.5385055541992188,0.8972026705741882,1.1489675045013428,0.8389769196510315,2.510056734085083
0.7602142095565796,0.08257236331701279,-0.8802018761634827,-0.01665734499692917,-0.5702115893363953,-0.7653906345367432,-0.8658110499382019
-0.24779577553272247,-1.0475033521652222,0.18856266140937805,-0.3412092328071594,-1.5387314558029175,-0.12824463844299316,-0.6995362043380737
2.3233530521392822,2.8437917232513428,2.0761964321136475,3.3965258598327637,2.6576335430145264,3.113598108291626,1.9362151622772217
0.2836437523365021,1.2144240140914917,1.2824907302856445,1.3308753967285156,2.060746908187866,1.512113094329834,1.5953999757766724
-1.8342519998550415,-1.7177106142044067,-3.087859869003296,-2.3989925384521484,-2.9550070762634277,-2.9140028953552246,-2.8884119987487793
-2.3981244564056396,-2.469451904296875,-1.5633145570755005,-1.848446249961853,-0.7649151086807251,-1.5450676679611206,-0.5483753681182861
1.0992677211761475,0.5417781472206116,-0.9589689373970032,-1.0344164371490479,-0.8687601685523987,-0.7867521643638611,-1.4380910396575928
0.00857168436050415,1.3923192024230957,1.2857087850570679,1.9309070110321045,1.1945260763168335,1.4308630228042603,1.6670840978622437
-3.344959020614624,-2.598299026489258,-1.5373201370239258,-1.7541545629501343,-1.2513171434402466,-2.2624762058258057,-0.85526442527771
1.0431196689605713,-0.07309490442276001,-1.0927623510360718,-0.8865121603012085,-1.0107543468475342,-0.24221080541610718,-1.895730972290039
2.1306087970733643,0.902921199798584,1.191794514656067,0.7030267715454102,0.14475707709789276,0.15869837999343872,0.008454881608486176
2.1662843227386475,3.4550395011901855,2.850640296936035,4.303003311157227,4.051238536834717,4.353847980499268,4.308074951171875
-0.8230583071708679,-0.1696893572807312,0.1136484444141388,-0.3487231433391571,-0.20269757509231567,0.006422877311706543,1.0696053504943848
-1.7828487157821655,-0.23983174562454224,-1.696704387664795,-1.6023951768875122,-1.8426786661148071,-1.8951637744903564,-0.5428817272186279
-1.3494973182678223,-2.146487236022949,-1.196424126625061,-0.8951982855796814,-1.1457841396331787,-1.1714116334915161,-2.019143581390381
4.30679988861084,2.392995595932007,2.894679546356201,3.2097954750061035,3.213895797729492,2.9988298416137695,2.385145902633667
-0.9231598377227783,-0.7031119465827942,-0.043357253074645996,-0.28077057003974915,-1.311201572418213,-0.7248440384864807,-0.06534266471862793
4.805683612823486,3.9594645500183105,3.6584949493408203,4.427422523498535,3.564493179321289,4.61604118347168,3.2152421474456787
0.04255281388759613,1.5797923803329468,2.338366746902466,1.7011642456054688,1.7397080659866333,1.5527297258377075,3.3113253116607666
1.7326688766479492,0.9740597605705261,-0.4709731340408325,0.5307551026344299,0.057978808879852295,0.7767791748046875,-1.8079793453216553
-1.7297269105911255,-1.2151789665222168,-1.3992869853973389,-0.38484758138656616,-0.11463116109371185,-0.8990379571914673,-0.2997419536113739
-6.486721992492676,-5.0096940994262695,-4.864949703216553,-5.697228908538818,-5.90952730178833,-5.951966285705566,-4.286891937255859
-3.194211959838867,-2.310439348220825,-2.307979106903076,-3.1764440536499023,-3.7587010860443115,-3.369982957839966,-3.1997809410095215
-0.49883347749710083,-0.8057621121406555,-1.2588564157485962,-2.321270704269409,-1.087459683418274,-1.5922192335128784,-1.493152141571045
0.9287528991699219,0.0933554619550705,1.0532594919204712,0.9062601327896118,1.9680589437484741,0.8248670101165771,1.3092396259307861
0.7278792262077332,-1.6585549116134644,-1.793868064880371,-1.6995588541030884,-2.459773302078247,-1.4740368127822876,-3.5519304275512695
0.6489214897155762,0.9081805348396301,2.1838154792785645,1.603198528289795,1.8709547519683838,1.2920165061950684,1.2809083461761475
2.722942352294922,2.9750585556030273,3.9255313873291016,3.690988540649414,3.4105210304260254,4.4421820640563965,3.3515143394470215
-0.22078393399715424,0.020152032375335693,-0.3198224902153015,-0.8132546544075012,0.3820125460624695,-0.365285724401474,0.7172505855560303
0.0781216025352478,1.1780537366867065,-0.5976252555847168,0.18985693156719208,-0.21044479310512543,0.09677782654762268,-0.8518534898757935
-1.731029987335205,-0.36947348713874817,0.14748460054397583,-1.2771999835968018,-0.15420246124267578,-0.6969931125640869,1.4156818389892578
-0.21033945679664612,-0.9379732608795166,0.0629347562789917,-0.29369762539863586,0.21998023986816406,-0.2769884765148163,-0.4693242609500885
1.4976956844329834,0.9680671095848083,1.1767776012420654,1.8758962154388428,1.2030200958251953,1.1870285272598267,0.6518781185150146
2.280395984649658,0.9564869403839111,0.6145135164260864,-0.8403089642524719,-0.1530817151069641,-0.6697322726249695,0.3157832622528076
-1.009907841682434,-1.27783203125,-2.2726407051086426,-1.814625859260559,-2.828655242919922,-2.3439877033233643,-3.3037447929382324
1.6672123670578003,0.9168194532394409,0.2016068398952484,1.1955442428588867,0.040051013231277466,0.7068275809288025,0.36435064673423767
-0.7439317107200623,-0.43577760457992554,-0.1949559450149536,0.21372593939304352,0.23996855318546295,0.13315311074256897,0.6797786355018616
-1.9429317712783813,-1.0972716808319092,-1.6672273874282837,-1.3276116847991943,-1.531914234161377,-1.2340199947357178,-0.9610621929168701
0.995476484298706,-0.0976579338312149,0.5597389340400696,-0.843520998954773,-0.027131037786602974,-0.6590029001235962,0.3464431166648865
0.2005566656589508,-0.7161470651626587,-0.8621213436126709,-0.781343400478363,-1.3722113370895386,-0.5906747579574585,-0.5034694075584412
-0.9917521476745605,0.5957132577896118,0.18731316924095154,1.220204472541809,0.9996027946472168,0.8642895221710205,1.5955685377120972
1.299802541732788,1.464961290359497,-0.4236837923526764,0.7526189088821411,-0.756636381149292,-0.08007010817527771,-0.8541479706764221
0.8777364492416382,1.9331154823303223,2.3370048999786377,2.4304940700531006,3.2358131408691406,2.962726354598999,3.89202880859375
-0.21055352687835693,-0.8301315903663635,-1.6836814880371094,-1.474971055984497,-2.8830490112304688,-1.4044440984725952,-2.874638319015503
-3.0636754035949707,-2.5115137100219727,-2.53078556060791,-2.29890775680542,-2.401212692260742,-2.182046413421631,-2.5083096027374268
-0.6922053694725037,-1.4528896808624268,-0.5489048957824707,-2.140937328338623,-1.6644704341888428,-1.8317668437957764,-1.1992318630218506
-1.3213778734207153,-1.1531455516815186,-1.532073736190796,-1.0559660196304321,-1.279642939567566,-1.4812800884246826,-0.899620532989502
1.7818386554718018,1.3780814409255981,0.6654314994812012,0.9750118255615234,1.655396819114685,1.0373380184173584,1.2027899026870728
-0.37039798498153687,0.47572505474090576,-1.1113353967666626,0.3258553445339203,-1.5426976680755615,0.01586497575044632,-0.34045201539993286
-0.3793373703956604,-1.0126994848251343,-1.2572884559631348,-0.5575549602508545,-1.4497125148773193,-0.6313621997833252,-1.8042422533035278
-1.3701176643371582,-0.6014364361763,-0.8257284164428711,-0.8160924911499023,-0.9691399335861206,-1.320954442024231,-0.043662965297698975
2.203948974609375,1.8041735887527466,0.919306755065918,1.9116041660308838,0.47892364859580994,1.8486629724502563,-0.3558873236179352
1.967797040939331,0.9982393980026245,0.3447378873825073,-0.5663714408874512,0.19302299618721008,-0.28426381945610046,-0.1292802095413208
1.7454781532287598,2.2734336853027344,2.22135853767395,1.9519619941711426,2.336169719696045,1.8389959335327148,1.6546705961227417
1.1151598691940308,-0.18904262781143188,0.2023022621870041,-0.5386018753051758,-0.512769341468811,-0.6472625136375427,-0.9717568159103394
-1.7286161184310913,-1.6872930526733398,-1.4371684789657593,-1.086584210395813,-1.3059556484222412,-0.9930950403213501,-1.0103745460510254
-2.8219194412231445,-2.2697906494140625,-2.8463072776794434,-1.8209247589111328,-1.2500207424163818,-1.4808733463287354,-0.9364428520202637
-0.18861007690429688,-1.8969436883926392,-2.251218318939209,-2.133126735687256,-2.3516783714294434,-2.432866096496582,-4.538932800292969
2.20206880569458,1.127236247062683,1.1711105108261108,1.1040689945220947,1.4437873363494873,0.49987468123435974,1.1767702102661133
-1.7061313390731812,-1.1435877084732056,-1.758442997932434,-1.2116544246673584,-1.2028385400772095,-1.4815633296966553,-2.2610509395599365
-1.5030617713928223,0.06631186604499817,-1.3062975406646729,-1.5271040201187134,-1.992909550666809,-1.9945498704910278,-2.04548716545105
0.17574021220207214,-0.5955586433410645,0.4443032741546631,-0.2360558658838272,-0.7919678688049316,-0.27921262383461,0.06709186732769012
-1.5621646642684937,-2.103612184524536,-3.1155917644500732,-2.4677281379699707,-2.384079933166504,-1.7891113758087158,-2.194143295288086
0.8803066611289978,0.2951893210411072,0.932237982749939,1.3545793294906616,0.5595114827156067,-0.09655280411243439,0.6387709975242615
-0.30248114466667175,0.02289414405822754,-0.6169735193252563,-0.33230316638946533,-0.06183040142059326,-0.2080097198486328,-0.015355154871940613
1.5899038314819336,1.9396038055419922,1.9789676666259766,2.5169403553009033,2.807249069213867,2.9072985649108887,2.544851541519165
-6.667182922363281,-3.9407119750976562,-4.596981525421143,-3.7984280586242676,-3.880436420440674,-3.602428913116455,-2.5998518466949463
2.8862836360931396,3.591187000274658,2.69840145111084,3.3070292472839355,2.0998709201812744,2.748417854309082,2.1268668174743652
1.3053334951400757,0.6938246488571167,0.7067409157752991,1.0116569995880127,1.5491684675216675,1.2828474044799805,2.065641164779663
-1.1424520015716553,-2.7452635765075684,-1.7008912563323975,-1.8579366207122803,-1.4862351417541504,-2.025233030319214,-1.4745253324508667
1.6883904933929443,0.4748336374759674,0.13573047518730164,-1.2057161331176758,0.48282942175865173,-0.5361204147338867,-0.48401737213134766
-2.5824406147003174,-1.1604381799697876,-1.8673474788665771,-2.250734806060791,-2.4143409729003906,-1.1928313970565796,-1.4331963062286377
-1.735337734222412,-2.1677870750427246,-3.333415985107422,-2.7823219299316406,-2.4622855186462402,-2.6117453575134277,-2.529816150665283
0.6324667930603027,1.235355019569397,-0.5069056153297424,1.371078372001648,1.1143932342529297,1.3694381713867188,0.29556912183761597
-1.4606071710586548,-1.2312817573547363,-1.342594861984253,-1.5157344341278076,-2.3038315773010254,-1.4082014560699463,-2.757514715194702
3.6719324588775635,2.5839450359344482,2.977618455886841,2.8442177772521973,3.5239617824554443,2.8072116374969482,2.270566940307617
-1.687522053718567,-2.154561758041382,-1.9114079475402832,-1.8031573295593262,-1.2659022808074951,-1.3034210205078125,-1.9077390432357788
-0.2720557749271393,0.4018036127090454,1.7280784845352173,1.131675124168396,1.2553023099899292,0.7104613780975342,3.252368688583374
2.67887544631958,2.723731279373169,3.1813361644744873,3.456883192062378,4.062102317810059,3.2149593830108643,3.389174222946167
-2.0569827556610107,-0.7271651029586792,-1.9857834577560425,-0.7476670742034912,-2.0602056980133057,-1.9632312059402466,-2.817958354949951
-4.697671890258789,-5.362594127655029,-3.8442158699035645,-5.367514610290527,-4.67536735534668,-4.877106666564941,-1.7973113059997559
-0.3134964406490326,1.62102472782135,0.7354403734207153,1.133076786994934,0.6778810024261475,0.861835241317749,2.1658835411071777
-2.5474624633789062,-2.151451587677002,-1.5956422090530396,-1.7602733373641968,-1.5849812030792236,-1.7371060848236084,-0.03328871726989746
-29.2542724609375,-15.237489700317383,-43.15958786010742,-4.740460395812988,-35.49675369262695,-4.110638618469238,-56.061180114746094
3.2378547191619873,2.801581859588623,3.239504814147949,2.8548872470855713,3.3625168800354004,3.277228593826294,3.450162649154663
0.19406026601791382,1.7507052421569824,1.233644723892212,0.6321157813072205,0.2077241837978363,-0.3011356592178345,0.2715994417667389
1.418176531791687,0.4584049880504608,-0.6806866526603699,0.0008000731468200684,0.8522485494613647,0.5199110507965088,-1.1126371622085571
5.221896648406982,3.0194873809814453,2.9889392852783203,3.2696118354797363,2.7425050735473633,2.5750999450683594,0.8832171559333801
-0.2593187391757965,-0.14147165417671204,0.4575970470905304,0.024184584617614746,1.0078709125518799,0.330484539270401,1.0001553297042847
2.5162456035614014,0.46448859572410583,0.765509307384491,0.576429545879364,1.2751381397247314,0.3092884123325348,-0.08038491010665894
-5.482754707336426,-4.5598015785217285,-5.169940948486328,-4.795164585113525,-5.481571674346924,-4.918176651000977,-4.932631969451904
0.8689208030700684,1.7538561820983887,1.7620570659637451,1.8498055934906006,2.004800796508789,1.7284338474273682,2.399001359939575
-2.4879093170166016,-2.87412691116333,-2.7363533973693848,-4.194456100463867,-2.458038806915283,-3.5105090141296387,-3.112431287765503
1.681061029434204,1.2510775327682495,2.336453914642334,2.9105100631713867,2.808000087738037,2.4725873470306396,2.8522958755493164
1.2386430501937866,0.3465580940246582,0.30104362964630127,0.40867915749549866,0.7008328437805176,0.18146567046642303,-0.35037001967430115
-3.4077584743499756,-3.883094549179077,-3.286076068878174,-2.9107868671417236,-2.90791654586792,-2.990847110748291,-2.383277654647827
0.6941910982131958,0.6110243797302246,0.21715515851974487,-1.2772108316421509,-0.886852502822876,-1.186181902885437,-0.2930413484573364
-2.393723964691162,-2.500725269317627,-1.493666648864746,-2.7475695610046387,-1.6718289852142334,-2.495804786682129,-0.059970200061798096
-2.4761478900909424,-2.695133924484253,-3.0494086742401123,-3.2634496688842773,-2.707435131072998,-2.7426986694335938,-2.883199691772461
-2.8854353427886963,-2.0843918323516846,-1.7002097368240356,-1.6808353662490845,-1.7279130220413208,-1.1015254259109497,0.05290976166725159
2.3285205364227295,1.3470969200134277,0.663765013217926,1.5876879692077637,0.19549909234046936,1.870103120803833,-1.0014593601226807
0.11335071176290512,0.305549293756485,1.8585766553878784,0.06126788258552551,1.619933009147644,-0.05859193205833435,2.718524217605591
2.900420665740967,1.5207788944244385,2.497084379196167,2.242859363555908,3.5467870235443115,3.017015218734741,2.3921151161193848
1.5116480588912964,3.1014437675476074,2.558551073074341,3.311384439468384,1.8323698043823242,3.0817618370056152,2.0611507892608643
-0.48595908284187317,1.1620104312896729,1.3842521905899048,0.8602206707000732,1.5745106935501099,1.0463790893554688,1.8239203691482544
1.7197461128234863,0.6336062550544739,1.432159662246704,1.0924413204193115,1.9963748455047607,2.0615713596343994,1.4598551988601685
2.383578062057495,2.5406494140625,1.6100633144378662,1.4042232036590576,0.9663003087043762,1.6592681407928467,-0.0123615562915802
0.14405015110969543,1.4467265605926514,1.5533369779586792,1.830524206161499,0.621725857257843,1.6927506923675537,1.248106598854065
0.9204705357551575,-0.02214137651026249,-0.7011680006980896,0.01148192398250103,-1.0136183500289917,-0.21937069296836853,-2.0784809589385986
-0.2958051860332489,-1.4453495740890503,-0.9692930579185486,-1.3912242650985718,-1.0299789905548096,-1.0445353984832764,-2.193983316421509
-0.550784170627594,-0.6767699718475342,-1.1811193227767944,-1.225813627243042,-1.411971926689148,-0.6714394092559814,-1.6362615823745728
3.2939891815185547,3.8877925872802734,4.366719722747803,4.1354570388793945,4.133816719055176,4.166619777679443,5.603183269500732
-1.848288893699646,-1.450255036354065,-1.1363563537597656,-1.5747919082641602,-1.200117588043213,-1.5664372444152832,-0.22896526753902435
-0.09419869631528854,-0.11025121808052063,-0.29917722940444946,-0.3251122832298279,0.05827529728412628,-0.19041407108306885,-0.6767290234565735
-0.7657833695411682,-1.208434820175171,-1.950607419013977,-0.2917899489402771,-1.4634798765182495,-0.366929829120636,-2.8951737880706787
3.1081337928771973,2.4498488903045654,1.7064461708068848,1.6850216388702393,0.4570537805557251,1.6507830619812012,0.25173866748809814
0.13211286067962646,0.04274183511734009,-0.6565817594528198,-0.49523088335990906,-0.281189888715744,-0.14628669619560242,-2.105343818664551
-2.710753917694092,-1.5590943098068237,-1.2437734603881836,-1.9499651193618774,-1.6005083322525024,-2.071439504623413,-0.7130906581878662
1.2298444509506226,0.03160112351179123,0.2724997103214264,0.057433657348155975,0.0022832676768302917,0.03180616348981857,-0.6517317295074463
-0.022260397672653198,-0.0957469642162323,0.7636972665786743,-0.0748349130153656,1.678907036781311,-0.6796441078186035,1.5300636291503906
-0.23840773105621338,-0.07915991544723511,-1.211075782775879,-0.2584499716758728,0.06455917656421661,-0.4682367444038391,-1.5201300382614136
-0.437539279460907,1.0464824438095093,-0.06728913635015488,0.5507439374923706,-0.27659544348716736,0.028557755053043365,0.037003904581069946
2.2834994792938232,1.7760504484176636,2.036733388900757,1.8034204244613647,1.6828685998916626,1.7980901002883911,1.0198781490325928
-0.38175731897354126,1.0337774753570557,-0.14877836406230927,-0.9082753658294678,-0.708957314491272,-0.6015652418136597,-1.2741239070892334
0.7219061851501465,-0.043600231409072876,-0.5804966688156128,0.45341968536376953,0.14219918847084045,0.19417178630828857,0.033463090658187866
-3.1490230560302734,-2.9489798545837402,-2.7509307861328125,-3.259585380554199,-1.9093233346939087,-2.932373523712158,-2.2994983196258545
-2.919696807861328,-2.660226345062256,-2.7020504474639893,-3.0079402923583984,-2.620042324066162,-2.983337879180908,-1.3446013927459717
-4.378281593322754,-2.8567593097686768,-3.733015298843384,-3.0375871658325195,-3.434095859527588,-3.733835458755493,-3.1649398803710938
0.9106016755104065,1.0006664991378784,0.2603902816772461,-0.34672534465789795,0.41902458667755127,-0.07548379898071289,-0.33305320143699646
0.7427207231521606,2.2037246227264404,1.9183365106582642,2.5022337436676025,2.0675909519195557,1.9888633489608765,1.7696313858032227
1.083652138710022,0.5847934484481812,1.042705774307251,0.6733492612838745,1.7432594299316406,0.854702353477478,2.105067253112793
6.666248321533203,5.672694206237793,7.056989669799805,7.086512565612793,7.309575080871582,7.535917282104492,6.26099157333374
-0.1531561315059662,0.870582103729248,1.1711158752441406,0.47999322414398193,0.9260528087615967,0.4049558937549591,1.6079847812652588
-5.589118957519531,-2.298922061920166,-3.503620147705078,-1.9491575956344604,-3.7147903442382812,-2.649608612060547,-1.9079056978225708
-0.09005299210548401,0.4486180543899536,-1.269450306892395,-0.5420390367507935,-1.429365873336792,-0.8733514547348022,-0.8435278534889221
-1.3586381673812866,-1.096367597579956,-1.1414719820022583,-0.7576743960380554,-0.32205793261528015,-0.715850293636322,-0.45200115442276
-0.12566262483596802,0.4987345337867737,0.5232688784599304,0.7047116756439209,0.9685723781585693,0.25776785612106323,0.8357635736465454
-2.415937662124634,-1.5385186672210693,-0.07190752029418945,-0.23674368858337402,0.24546349048614502,-0.13259351253509521,2.2407093048095703
-0.5801609754562378,-1.860551357269287,-1.7945349216461182,-2.5621302127838135,-1.4893624782562256,-2.0942742824554443,-2.6056466102600098
-1.2328463792800903,-1.3095747232437134,-1.8003926277160645,-1.7993676662445068,-1.800187587738037,-1.1338725090026855,-1.7760547399520874
1.1358060836791992,0.4843882918357849,-0.031032241880893707,-0.290997713804245,-1.3111774921417236,-0.5616242289543152,-2.5116257667541504
-2.591285467147827,-2.7763984203338623,-3.5587551593780518,-3.171677350997925,-2.542675495147705,-2.3679983615875244,-2.9213523864746094
-1.1486612558364868,-1.0018864870071411,-0.6529422402381897,-1.3761504888534546,-0.6447414755821228,-0.7398707866668701,-0.5240570902824402
-0.16607898473739624,-0.6891679167747498,-0.20942093431949615,-0.5571349859237671,-0.9983382821083069,-0.9212506413459778,-1.451304316520691
1.1771490573883057,2.9387059211730957,1.8693207502365112,2.2367172241210938,1.4568203687667847,1.9488688707351685,1.9741759300231934
0.6212722063064575,1.5985676050186157,0.4750574827194214,1.9512019157409668,1.6100486516952515,2.3661625385284424,2.494626998901367
0.31962984800338745,-0.08998915553092957,-0.2827080488204956,0.009240537881851196,0.9327023029327393,0.5644350051879883,0.6245874762535095
-0.7886115908622742,0.8191490173339844,0.3992680311203003,0.3053687810897827,-0.24475130438804626,0.5354013442993164,-0.4960886240005493
-8.837874412536621,-12.585811614990234,-10.998136520385742,-13.322243690490723,-11.898584365844727,-13.719162940979004,-11.076386451721191
-0.7347325682640076,-0.7058466076850891,-0.5931880474090576,-0.5353724360466003,-0.8030261397361755,-0.5087839365005493,-0.3716976046562195
-1.2741860151290894,-1.377134084701538,-1.2999440431594849,-2.5005416870117188,-2.085581064224243,-2.230325222015381,-1.577494502067566
-1.1545007228851318,-0.8925281167030334,-1.4054882526397705,0.3794165849685669,0.17603664100170135,1.3348102569580078,0.0741177573800087
0.7418777942657471,0.8453158140182495,0.7395254373550415,1.6932789087295532,1.6604756116867065,2.1344821453094482,0.7405530214309692
-4.287336349487305,-2.980695962905884,-2.7629644870758057,-2.102799654006958,-3.008988618850708,-2.590542793273926,-2.6929781436920166
-1.969567060470581,-0.6811420321464539,0.9130941033363342,-0.47038137912750244,-0.05132034420967102,0.11351579427719116,2.4055206775665283
0.07898087799549103,0.7024204134941101,-0.7388707995414734,0.7655665874481201,-0.8044771552085876,0.4166224002838135,-0.9342020750045776
1.0226236581802368,1.864478349685669,1.239128589630127,1.932955265045166,0.4793626070022583,1.2317607402801514,-0.24548861384391785
0.6848568320274353,0.5419760942459106,-1.3843926191329956,-0.3191082775592804,-1.064561367034912,-1.013716459274292,-1.7333860397338867
-1.6171047687530518,-0.9169608950614929,-1.737707495689392,-1.5499091148376465,-2.0468780994415283,-1.2380735874176025,-2.2010302543640137
0.774779736995697,1.1833614110946655,1.5339456796646118,1.1800810098648071,0.7544593214988708,0.9205256700515747,1.205032467842102
5.127791881561279,3.27695369720459,3.909773826599121,3.7266652584075928,3.1158077716827393,3.788273811340332,2.2161827087402344
0.23539984226226807,0.7923663854598999,1.563241958618164,1.3762637376785278,0.7685840129852295,1.4664725065231323,1.5587482452392578
-4.313473701477051,-3.821650981903076,-3.4591755867004395,-2.4811782836914062,-2.670104503631592,-2.1923563480377197,-1.9846926927566528
7.5089921951293945,4.660314083099365,4.709211349487305,4.676100730895996,5.198697090148926,3.905430316925049,3.332019805908203
2.1784181594848633,0.7819200754165649,0.35937362909317017,0.16173428297042847,-0.03241974115371704,0.30012279748916626,-0.38000744581222534
0.7684080600738525,0.4961230158805847,0.5258509516716003,-1.1186151504516602,0.19284707307815552,-1.3818609714508057,-0.28280526399612427
2.307796001434326,0.28556230664253235,-0.8764913082122803,-0.5148360729217529,-0.1728626787662506,-0.9781813621520996,-0.714977502822876
-4.271873950958252,-4.453949928283691,-4.218587398529053,-4.170202732086182,-3.728999376296997,-4.646668434143066,-2.702315330505371
-0.14158038794994354,-0.3414262533187866,-0.8400352001190186,-0.5169234275817871,-0.5821198225021362,-1.051615834236145,-1.6851402521133423
-1.091599941253662,0.10857290029525757,0.7691476345062256,0.14916688203811646,-0.09480699896812439,-0.008493483066558838,1.0949723720550537
0.8003084063529968,1.2934184074401855,0.03233984112739563,1.2999790906906128,0.4784635603427887,0.7802531719207764,-0.34046006202697754
-2.303358316421509,-3.261251449584961,-2.2312302589416504,-1.4603548049926758,-1.3028481006622314,-1.4238612651824951,-1.2071857452392578
-2.068263053894043,-0.864464282989502,-0.9926018118858337,-1.119816780090332,-1.1333993673324585,-0.24222837388515472,-0.25446268916130066
2.9514577388763428,2.1098837852478027,2.122185230255127,1.5220913887023926,1.0771976709365845,1.298824429512024,0.48611465096473694
1.7754777669906616,0.5417488813400269,2.09662127494812,1.7791475057601929,1.6311229467391968,0.720526397228241,1.2527045011520386
2.592595100402832,0.5641308426856995,1.464476466178894,1.3853387832641602,0.37910014390945435,0.8918554186820984,-0.3526769280433655
2.199213981628418,1.4204602241516113,0.4757276177406311,1.066185474395752,1.514769434928894,1.3400923013687134,2.418773651123047
-0.9616646766662598,0.18778036534786224,0.9291329979896545,-0.9504912495613098,0.1590775102376938,0.0903957337141037,1.6211416721343994
-0.08262138068675995,0.37099868059158325,-0.23601454496383667,0.25741755962371826,0.9799082279205322,0.6330143809318542,1.0801215171813965
1.0847194194793701,0.33654311299324036,1.2230499982833862,0.7711856961250305,0.24305394291877747,1.6781944036483765,0.466533362865448
-3.019519805908203,-1.8846707344055176,-2.33609938621521,-1.5475921630859375,-2.1026840209960938,-1.451847791671753,-2.152313470840454
-2.2307932376861572,-1.487112045288086,-2.7635669708251953,-2.388585090637207,-2.3754639625549316,-1.8779826164245605,-2.0931637287139893
-0.25085362792015076,-0.6531559228897095,-0.8737576007843018,-0.9008201956748962,-0.10752061009407043,-0.18406996130943298,-0.2114201933145523
1.0506668090820312,0.3496951460838318,0.9864875674247742,0.8600926995277405,1.0572195053100586,0.7313240766525269,0.25464770197868347
1.6759819984436035,1.1102055311203003,0.67756187915802,0.052096813917160034,0.025854244828224182,0.24850603938102722,0.03252653777599335
-0.8348119258880615,-1.1747055053710938,-0.40054962038993835,-0.2693367600440979,0.18042603135108948,-0.5079801082611084,0.922692596912384
4.522717475891113,3.8315582275390625,3.6285881996154785,2.869450092315674,2.383296251296997,2.3738651275634766,2.3894460201263428
-0.03360133618116379,-0.2876071631908417,-0.0813569724559784,-0.008779853582382202,-0.26177462935447693,-0.2707955539226532,-0.40953245759010315
1.6048458814620972,-0.5323224067687988,-0.8824967741966248,-0.07635779678821564,0.08683818578720093,-0.21003089845180511,-1.1199313402175903
5.103965759277344,4.078351974487305,4.690951347351074,3.769181489944458,4.817243576049805,4.285831928253174,4.47548770904541
1.6125338077545166,1.6167852878570557,-0.014354616403579712,0.25176140666007996,0.7501652240753174,0.6812784671783447,0.18373125791549683
1.0717988014221191,-0.6966124773025513,-0.5621192455291748,-0.23244696855545044,0.03243899345397949,0.36698055267333984,-0.45192205905914307
0.2514570951461792,0.7298174500465393,1.2554889917373657,0.6966041922569275,-0.11630036681890488,1.1915227174758911,1.2245392799377441
2.329274892807007,2.714465618133545,1.5310897827148438,2.4897637367248535,1.3412411212921143,2.3216471672058105,1.4650288820266724
0.907241702079773,1.3446719646453857,0.5750265121459961,1.6241142749786377,0.8018812537193298,0.8220757842063904,0.47646623849868774
-2.1303980350494385,-1.5634582042694092,-1.0451675653457642,-1.6438262462615967,-1.3965718746185303,-1.0845314264297485,-0.5845276713371277
1.9716217517852783,0.6036443114280701,0.9296261072158813,0.8687351942062378,1.3390512466430664,0.7606896758079529,1.4755046367645264
-1.7801721096038818,-1.155356764793396,-2.017261028289795,-0.9033870697021484,-1.2882095575332642,-1.3997405767440796,-1.537551999092102
-0.6300342082977295,-1.5080466270446777,-1.2718634605407715,-0.5177997946739197,-0.5600339770317078,-0.3849468231201172,-1.9293349981307983
3.719882011413574,3.354450225830078,2.199777126312256,2.2452147006988525,0.17745888233184814,1.9092636108398438,-0.4062420725822449
-1.2564951181411743,-1.044282078742981,0.11654159426689148,0.21495124697685242,-0.5206607580184937,0.006650865077972412,-0.33992481231689453
-1.005566120147705,-1.867336630821228,-0.9424909353256226,-1.965746283531189,-0.8963614106178284,-1.6286932229995728,-1.5667755603790283
-1.061012864112854,0.1121625155210495,-0.8604527115821838,0.17079831659793854,-0.7998692393302917,-0.02069045603275299,-0.7643241882324219
-0.9515547156333923,-1.3825992345809937,-1.8709572553634644,-1.70694100856781,-1.170915961265564,-0.6375563144683838,-1.2314447164535522
-2.247465133666992,-1.9130467176437378,-1.0350481271743774,-0.8013252019882202,-0.9587806463241577,-1.0522698163986206,-1.1661641597747803
1.8542256355285645,0.7385860085487366,0.9384806156158447,0.7897385358810425,0.6352558732032776,0.585384726524353,-0.20955252647399902
-0.2826419174671173,0.1552906036376953,0.9794712662696838,1.1516880989074707,0.3127460479736328,0.9483082890510559,1.2964997291564941
-2.3415822982788086,-2.0522754192352295,-1.6328043937683105,-1.3597177267074585,-1.9411547183990479,-2.3280274868011475,-1.3710784912109375
0.8702107667922974,0.3679911196231842,0.023762375116348267,0.4081750512123108,0.2011047601699829,0.2566651999950409,0.2667511999607086
-2.1803388595581055,-1.9650931358337402,-1.7988219261169434,-1.6091783046722412,-1.508103370666504,-0.98099684715271,-0.7552120685577393
2.5447676181793213,0.9405518174171448,-0.6024293303489685,-0.8484535217285156,-0.8066294193267822,-0.6294920444488525,-1.8546098470687866
1.599474549293518,1.136041283607483,0.3222140669822693,-0.002537772059440613,1.2260195016860962,-0.2420012503862381,0.8363538980484009
0.5966691970825195,1.2250349521636963,0.5253013968467712,1.021245002746582,1.3455867767333984,1.6637779474258423,2.9719159603118896
1.4985957145690918,1.5357625484466553,1.4791769981384277,1.686657428741455,1.1171115636825562,1.803108811378479,-0.842323899269104
-2.798089027404785,-1.4565629959106445,-1.957273244857788,-2.605905532836914,-2.436969041824341,-2.6735620498657227,-2.5917794704437256
-2.1361913681030273,-1.982738971710205,-0.7813212275505066,-1.2118632793426514,-1.0677342414855957,-1.1751646995544434,0.5867756605148315
-0.9260803461074829,-1.2003618478775024,1.0046290159225464,-0.5303564071655273,-0.09345853328704834,-0.7491639852523804,1.5513699054718018
2.7265005111694336,0.7430827617645264,0.46302539110183716,1.4178038835525513,2.1232781410217285,3.049968719482422,0.9216071367263794
-2.416688919067383,-3.405496835708618,-2.428678512573242,-2.570225715637207,-2.1768112182617188,-2.644000768661499,-3.252666711807251
-9.535115242004395,-12.889013290405273,-12.360881805419922,-13.869829177856445,-13.115355491638184,-14.017443656921387,-13.290998458862305
-0.6231001615524292,-1.3921353816986084,-2.0342581272125244,-1.213357925415039,-2.252399444580078,-2.252399444580078,-2.6763792037963867
2.3162569999694824,2.952738046646118,3.1741597652435303,2.3713009357452393,2.5066142082214355,2.039578437805176,3.654334783554077
0.08465884625911713,-0.5189652442932129,-1.929503083229065,-0.4878022074699402,-1.4194133281707764,-0.39267289638519287,-2.5894603729248047
-0.2958075702190399,0.08271537721157074,-0.03086574375629425,0.7857293486595154,0.3162332773208618,0.8603566288948059,-0.6826117634773254
2.216728925704956,0.742359459400177,1.2366628646850586,2.009793519973755,1.8675096035003662,1.7572088241577148,1.5724351406097412
-1.3662700653076172,-0.8506535887718201,-2.0377197265625,-0.855984091758728,-0.9539838433265686,-0.3751799464225769,-1.80781888961792
-1.0752202272415161,-1.1964558362960815,-2.3097147941589355,-2.700073003768921,-2.3261165618896484,-3.070749282836914,-3.218247175216675
-4.447908401489258,-5.225629806518555,-5.693075656890869,-5.100977897644043,-5.089496612548828,-4.5884270668029785,-4.556074142456055
-1.2159016132354736,-1.3299686908721924,-0.05761411786079407,0.38030874729156494,1.2914180755615234,0.5262830257415771,1.3074029684066772
1.879725456237793,1.5903596878051758,2.0151615142822266,0.19171270728111267,0.28028133511543274,0.046148449182510376,1.2863916158676147
0.9616479873657227,0.8186300992965698,-0.01785185933113098,1.7994462251663208,0.8672455549240112,1.4578827619552612,1.1499896049499512
-1.9307355880737305,-2.9177961349487305,-2.0567119121551514,-2.322007894515991,-2.3277482986450195,-2.160452127456665,-2.2014520168304443
0.4939795136451721,-0.11557457596063614,0.7059409022331238,-0.5020374059677124,0.17668157815933228,-0.8374502658843994,0.2712640166282654
-1.6047335863113403,-1.651698112487793,-2.156559944152832,-2.0007448196411133,-2.8433775901794434,-1.9472345113754272,-3.910602569580078
-0.9602103233337402,-0.9973533153533936,-2.2815990447998047,-1.8403958082199097,-1.550087332725525,-1.983089804649353,-1.9400469064712524
3.215409755706787,3.8209447860717773,3.565079689025879,4.081730365753174,3.6241254806518555,3.56343936920166,2.868640899658203
-0.285002738237381,-0.09259927272796631,-0.2509772777557373,-0.35748523473739624,-0.06266631186008453,-0.6290343403816223,-0.48960167169570923
-0.3987584114074707,-0.3343665599822998,0.9137956500053406,-0.21017566323280334,-0.07773268967866898,-0.17573228478431702,0.7664700746536255
2.45668363571167,1.481156349182129,1.2392326593399048,1.698887586593628,2.398416042327881,1.703808069229126,1.3705341815948486
-2.0046026706695557,-0.8921884298324585,-0.5469345450401306,-1.245028018951416,-1.126116394996643,-1.7230322360992432,-0.3473203182220459
-1.2905867099761963,-0.09825460612773895,-1.6847001314163208,-0.4812321662902832,-1.025970458984375,-0.8931174874305725,-1.3800477981567383
-2.461174964904785,-0.5384695529937744,0.6932911276817322,0.8015417456626892,0.8819095492362976,0.6883706450462341,2.8418312072753906
-2.044764280319214,-0.3392755687236786,-1.7630376815795898,-1.8239798545837402,-1.4316226243972778,-1.1228623390197754,-1.0983995199203491
0.17993327975273132,-1.9812841415405273,-0.26813647150993347,-0.6363525390625,0.1549224555492401,-0.8553139567375183,-0.2487574815750122
-1.773362159729004,-1.5757763385772705,-1.9785127639770508,-1.7684953212738037,-1.6085795164108276,-1.5132452249526978,-1.3610997200012207
3.0203335285186768,3.3155899047851562,2.370652198791504,2.5213420391082764,0.7815415859222412,1.873171091079712,0.12448388338088989
-2.675060749053955,-4.2464423179626465,-3.9987778663635254,-5.022238731384277,-4.997636318206787,-5.069803237915039,-5.59757137298584
-2.649045467376709,-1.344874620437622,-2.9667375087738037,-2.8289127349853516,-3.3917953968048096,-2.920492649078369,-3.7059764862060547
-0.49988308548927307,0.08671388030052185,0.1980910450220108,0.29518571496009827,0.1325358748435974,-0.4717608392238617,0.7129110097885132
2.3815512657165527,2.704988956451416,1.5499053001403809,2.278956651687622,2.2982285022735596,1.5868089199066162,1.1339713335037231
-1.5039186477661133,-0.9101759195327759,1.0727782249450684,-0.528479814529419,-0.0708237737417221,-0.45400625467300415,0.6117110252380371
1.3171627521514893,0.004742294549942017,1.0865306854248047,0.114389568567276,1.1439363956451416,0.26224756240844727,0.7991608381271362
-1.5896568298339844,-1.4703359603881836,-0.5674275755882263,-0.47762876749038696,0.016059577465057373,-0.9446645379066467,-0.6190029382705688
0.279986172914505,0.461428165435791,-0.3434807062149048,0.17286238074302673,0.6771093010902405,0.42595967650413513,0.21990543603897095
-1.0075594186782837,-1.5881810188293457,-0.8695856332778931,-0.3597007095813751,-0.5684111714363098,-0.8472384214401245,-0.415889710187912
-2.1876416206359863,-1.9400241374969482,-3.6708037853240967,-3.1434922218322754,-2.9614343643188477,-3.793815851211548,-3.7019529342651367
-2.109079360961914,-0.5979927778244019,-0.6890215873718262,-0.2896425426006317,-1.117923617362976,0.19912537932395935,-0.4264681339263916
-0.27491629123687744,-0.3239230215549469,0.7950766682624817,0.29933810234069824,0.6417216062545776,-0.4735875725746155,0.36557549238204956
2.7796413898468018,2.118565320968628,2.110774517059326,2.6442368030548096,2.8074328899383545,3.135464906692505,2.4776015281677246
0.5189447402954102,0.047168195247650146,0.07956136018037796,0.16669490933418274,0.28232622146606445,1.1706782579421997,-0.8610882759094238
-1.4996651411056519,-0.23236218094825745,-0.6128794550895691,-0.9035979509353638,-0.2290818691253662,-0.5111895203590393,0.5892889499664307
2.8561813831329346,3.565646171569824,2.1637189388275146,3.3065009117126465,2.5971312522888184,3.454935312271118,1.9937020540237427
0.3799937963485718,0.053439781069755554,-0.3837655186653137,-0.8946754932403564,-1.0750932693481445,-1.2907745838165283,-2.009268283843994
0.12223696708679199,0.007357925176620483,-0.5052178502082825,-0.4387657046318054,-0.7790991067886353,-0.11749930679798126,-1.508378505706787
-4.596257209777832,-2.886538028717041,-5.52709436416626,-4.551198482513428,-5.73047399520874,-4.966159343719482,-5.9145026206970215
-0.8223704099655151,-1.6272255182266235,-2.166428327560425,-1.607953667640686,-2.4608373641967773,-1.7252252101898193,-2.4106621742248535
4.872343063354492,5.861694812774658,5.559905052185059,4.380014419555664,5.40818977355957,4.942384719848633,5.814371585845947
0.5996925830841064,0.8490854501724243,0.606290340423584,1.17768132686615,0.9937783479690552,2.193760871887207,0.7303929924964905
0.7425682544708252,-0.357830286026001,0.45266538858413696,-0.5582886934280396,0.1316039264202118,0.6970492601394653,0.43725112080574036
0.2264198362827301,-0.4024255871772766,-0.9326074719429016,0.09485071897506714,-0.5410191416740417,0.12263095378875732,-1.9875669479370117
0.43079617619514465,0.8695824146270752,1.1311880350112915,1.8167752027511597,1.6330772638320923,1.31160569190979,2.413900852203369
1.3096508979797363,1.2541639804840088,1.6028006076812744,1.5847588777542114,1.0823060274124146,1.621252417564392,1.3074350357055664
-1.0251868963241577,-0.7990041375160217,-0.3090061545372009,-1.4697273969650269,-0.6952639818191528,-1.0975134372711182,-0.25986024737358093
1.7633872032165527,2.0248653888702393,1.607034683227539,1.0500975847244263,1.6566494703292847,1.0733673572540283,1.574965000152588
4.999332904815674,2.690141201019287,3.2225780487060547,2.9841911792755127,3.3318538665771484,2.995467185974121,2.433201789855957
1.2380435466766357,0.3576083779335022,-0.6366366147994995,0.3446921110153198,0.24946027994155884,0.9912229180335999,-1.4921144247055054
-0.1140252947807312,-0.11129377782344818,0.7122718691825867,0.006695285439491272,0.7573762536048889,-0.27961522340774536,1.0672829151153564
2.981004476547241,2.369637966156006,3.0134010314941406,3.26680588722229,3.13969349861145,3.3209311962127686,2.7377970218658447
1.897519826889038,1.4515480995178223,0.33946797251701355,1.3234617710113525,-0.1484798938035965,0.9738001823425293,-0.7212475538253784
-1.9333610534667969,-0.821033239364624,-1.578582525253296,-0.022684991359710693,-0.8038115501403809,0.11016802489757538,-1.5604223012924194
-1.721261739730835,-1.7231369018554688,-2.112265110015869,-2.227896213531494,-2.727324962615967,-2.3968329429626465,-2.8770055770874023
-1.2936136722564697,-1.193359613418579,-1.771106243133545,-0.6818344593048096,-0.3337102234363556,-1.0047410726547241,-1.0634318590164185
4.347136974334717,3.0328266620635986,3.73009991645813,3.425196647644043,3.686225652694702,3.662853479385376,2.876507043838501
0.2952910363674164,0.1386016309261322,-0.3419654369354248,1.3432997465133667,1.050940990447998,1.772201657295227,0.1861739158630371
0.35803937911987305,0.1181039810180664,0.5591021776199341,0.25116199254989624,0.40431201457977295,-0.4118729829788208,-1.4131203889846802
-2.6106016635894775,-2.7639918327331543,-3.4061148166656494,-2.6664023399353027,-1.9443213939666748,-2.6417999267578125,-2.117497205734253
0.341640830039978,0.6823152303695679,0.528140127658844,1.068572998046875,1.3293585777282715,0.8766742944717407,0.30180656909942627
-2.4511897563934326,-1.4165091514587402,-1.68539297580719,-2.6522676944732666,-2.3258755207061768,-3.4723479747772217,-1.7928745746612549
-1.4059395790100098,-0.9166196584701538,1.5134836435317993,-0.2882330119609833,0.4785420894622803,-0.6572691798210144,2.1872386932373047
1.3004083633422852,1.1530624628067017,1.4322996139526367,0.6572213172912598,0.1000792384147644,0.7442523241043091,-0.08703954517841339
-0.09077697992324829,-0.6048115491867065,0.5549870729446411,0.28130125999450684,0.9652323126792908,0.09225669503211975,2.117412567138672
0.3259921073913574,0.9900987148284912,0.32665371894836426,0.2692480981349945,-0.6582627892494202,0.5734978914260864,-0.6121214032173157
6.847294807434082,11.74038028717041,9.606531143188477,12.252110481262207,10.45449447631836,11.750221252441406,11.032978057861328
2.5476717948913574,1.2941293716430664,1.068607211112976,1.557375192642212,1.806064486503601,1.9931966066360474,2.000812530517578
-3.848137378692627,-2.192174196243286,-2.757824420928955,-2.5104165077209473,-3.3199894428253174,-2.927170991897583,-3.48581862449646
-1.0144715309143066,-0.445407897233963,-0.8821007013320923,0.5313076972961426,-0.08621273934841156,0.4484795928001404,-0.34790319204330444
-0.26706114411354065,1.92092764377594,2.527787208557129,2.908304452896118,1.869262456893921,2.3391685485839844,2.700226306915283
-1.2367192506790161,-1.922842025756836,-3.1308205127716064,-1.4275133609771729,-1.1421253681182861,-1.0375651121139526,-2.804722785949707
-2.491386651992798,-3.2736010551452637,-2.491244316101074,-2.259981632232666,-1.0471851825714111,-2.2468605041503906,-0.1383846253156662
-0.42650774121284485,0.016781717538833618,0.008170872926712036,-0.39325839281082153,-0.015201419591903687,-0.90765380859375,-0.2658085227012634
3.0662050247192383,3.190739631652832,2.264509916305542,3.3213884830474854,2.629035711288452,3.382279634475708,2.660968065261841
-1.404563069343567,-2.2247581481933594,-1.9129035472869873,-1.7412184476852417,-1.0604490041732788,-1.1440972089767456,-1.5534610748291016
0.06053131818771362,-0.08297532796859741,0.8053766489028931,0.47078385949134827,0.5765742063522339,0.44044092297554016,0.8725475668907166
-0.7897188067436218,-1.4218511581420898,-0.5136121511459351,-0.37501850724220276,0.1305609941482544,0.5791448950767517,0.16204522550106049
-0.14137952029705048,-0.02017025649547577,-0.4469452500343323,0.4501458406448364,0.5641370415687561,-0.2202698141336441,1.028629183769226
1.6531641483306885,1.9300284385681152,1.8761080503463745,2.5514440536499023,2.2701568603515625,3.0016682147979736,1.796524167060852
1.2039726972579956,0.4515368342399597,0.16040833294391632,0.7278013825416565,1.4167715311050415,0.5938208103179932,0.6273378133773804
3.894287586212158,2.560790538787842,3.8309924602508545,2.2709946632385254,4.110639572143555,2.814195394515991,3.109264612197876
-0.9777981638908386,-1.8126647472381592,-2.7278740406036377,-1.9910322427749634,-2.0685298442840576,-2.08821177482605,-3.0804271697998047
-1.6750731468200684,-1.662388563156128,-1.6677191257476807,-1.571974754333496,-1.2724404335021973,-1.4873013496398926,-0.8795335292816162
-1.8471547365188599,-1.3732799291610718,-1.3812116384506226,-2.610217571258545,-1.7540534734725952,-2.747990846633911,-1.7401833534240723
-1.232867956161499,-1.6291372776031494,-2.243377447128296,-1.8111951351165771,-1.507765293121338,-1.6447187662124634,-2.465519666671753
4.3089599609375,2.6877684593200684,3.2021639347076416,3.0258467197418213,2.3681421279907227,2.340669631958008,1.9293255805969238
2.0561304092407227,0.5505183339118958,1.224316954612732,1.2040199041366577,1.5907903909683228,1.8720779418945312,1.637331485748291
0.023109670728445053,-0.9160183072090149,-1.871002197265625,-1.4084765911102295,-1.292025089263916,-1.6512203216552734,-2.1542296409606934
0.6469367742538452,-0.7696754932403564,-1.589755654335022,-1.2969869375228882,-1.2576231956481934,-1.261723518371582,-2.9370806217193604
2.0079219341278076,-0.2620861232280731,0.4825468361377716,1.3836102485656738,1.5978561639785767,1.1431728601455688,0.4043349623680115
0.6331475377082825,-1.2211251258850098,-1.9075322151184082,-1.774679183959961,-1.531935453414917,-2.250325918197632,-1.9876680374145508
2.923612356185913,0.7325304746627808,0.5299707055091858,0.46477431058883667,0.0014288127422332764,0.24212247133255005,-0.8168631792068481
-2.2945590019226074,-1.7547467947006226,-2.3553531169891357,-1.458390235900879,-3.0118277072906494,-2.566524028778076,-2.8714916706085205
-1.981534719467163,-0.6934000849723816,-0.9004703760147095,-1.2846778631210327,-0.4449157118797302,-1.5708346366882324,0.13578958809375763
1.6974859237670898,0.641842246055603,0.5923299789428711,0.8045128583908081,0.0016671419143676758,1.1229219436645508,-1.1971009969711304
-1.4904465675354004,-1.0699489116668701,-1.0260745286941528,-0.014710471034049988,0.2973300814628601,0.1070714145898819,0.8783705830574036
-2.133119583129883,-1.5141719579696655,-1.9475843906402588,-0.606343150138855,-0.695321798324585,-1.4486680030822754,-1.5554046630859375
0.4046209454536438,1.0845507383346558,0.48548197746276855,0.3618548512458801,0.7565186023712158,-0.34423431754112244,0.45992156863212585
2.9291794300079346,2.347072124481201,2.9746387004852295,2.4358458518981934,2.41780424118042,2.534665584564209,1.9237323999404907
1.7084953784942627,1.4705896377563477,1.0259010791778564,1.9154832363128662,0.3261675238609314,0.9918677806854248,0.37719738483428955
1.9032557010650635,1.5611395835876465,-0.2389369010925293,0.8792426586151123,0.2978057861328125,1.0161960124969482,-2.104130983352661
1.136863350868225,0.7259714603424072,1.0663049221038818,-0.5472031831741333,1.028581142425537,0.08651384711265564,1.308133840560913
-1.058642864227295,-0.3258272409439087,-2.412111520767212,-1.8327248096466064,-2.195610284805298,-2.0980207920074463,-2.1306111812591553
-1.6736756563186646,-0.5243276357650757,-1.4264159202575684,-1.8382244110107422,-1.5164198875427246,-1.2209858894348145,-1.9704878330230713
3.5922927856445312,1.9539955854415894,2.6508076190948486,2.222315788269043,2.7504472732543945,2.8103129863739014,2.669706106185913
0.7885558009147644,0.793103814125061,0.2577963173389435,-0.6104637384414673,-0.7617685794830322,-0.6354762315750122,-0.8187724947929382
0.8475006222724915,0.86281818151474,0.47615039348602295,1.3273937702178955,0.07451607286930084,1.099001407623291,-0.033685456961393356
1.8970476388931274,0.10997313261032104,0.7340542674064636,0.6684479117393494,1.2078557014465332,0.5814169049263,-0.014729112386703491
0.07158351689577103,1.1483184099197388,1.147498369216919,1.1614396572113037,1.3484179973602295,1.3500581979751587,1.4553321599960327
2.9054784774780273,1.5497063398361206,2.6580448150634766,1.9458050727844238,3.116469383239746,2.2228894233703613,2.642180919647217
-1.7082048654556274,-0.6846240758895874,-1.570720911026001,-1.3462238311767578,-1.2504794597625732,-1.7995233535766602,-2.0333919525146484
0.8724957704544067,1.2656404972076416,-0.45909103751182556,1.1710237264633179,-0.1810837835073471,0.7935817241668701,-0.2847498059272766
-1.4913008213043213,0.10068875551223755,-0.5160117149353027,0.7141088247299194,1.0265594720840454,1.3250688314437866,0.10429692268371582
-1.1984870433807373,-0.399012953042984,0.9530946016311646,-0.599522590637207,0.2265033721923828,-1.238570213317871,0.902198314666748
-1.0658891201019287,-2.2331392765045166,-0.4576651155948639,-2.171633243560791,-1.9657931327819824,-2.1535916328430176,-1.4939512014389038
-4.24822998046875,-4.223240375518799,-3.882086753845215,-3.706589698791504,-2.3897459506988525,-2.479032039642334,-2.8574562072753906
0.8032299876213074,0.6497900485992432,0.4050985872745514,0.4207826554775238,-0.09351025521755219,0.004899382591247559,-1.124739646911621
-2.284818649291992,-1.9675902128219604,-1.0589412450790405,-2.39567232131958,-2.2578988075256348,-1.9930126667022705,-1.9427986145019531
4.080008029937744,5.800716400146484,4.351634979248047,4.297509670257568,3.2204365730285645,4.525491714477539,4.096124172210693
0.6740354299545288,1.7018996477127075,0.6300544142723083,1.508360505104065,0.02811555564403534,1.25177800655365,0.41229501366615295
-0.6541998982429504,-0.6726459860801697,-1.1868363618850708,-1.1199997663497925,-2.0093767642974854,-1.1085186004638672,-2.2335994243621826
-3.229905366897583,-2.732445001602173,-4.292442798614502,-4.012795448303223,-3.594144344329834,-3.4641613960266113,-3.946584701538086
-5.191178798675537,-4.445350170135498,-4.4111247062683105,-5.170249938964844,-4.6722564697265625,-5.063229560852051,-4.140020370483398
-0.2046288251876831,-0.5515546798706055,0.5047087669372559,0.10204938054084778,1.585574746131897,0.8311007618904114,2.002720832824707
-0.8057505488395691,-1.5132495164871216,-0.701985239982605,-1.970649242401123,-2.2092928886413574,-1.6766504049301147,-1.2084318399429321
2.2025082111358643,1.467005729675293,1.1385633945465088,1.9656145572662354,0.5997706651687622,1.287203073501587,0.7623847126960754
-0.07849673926830292,-1.2214099168777466,-1.7708640098571777,-0.49850913882255554,0.012400895357131958,-0.8884572982788086,-1.7795679569244385
-1.3007633686065674,-1.9552648067474365,-1.906059980392456,-1.8617756366729736,-1.525132656097412,-1.9241018295288086,-0.9928146004676819
0.9492557644844055,-0.25562506914138794,-0.2843279242515564,0.6206308603286743,1.1204698085784912,1.4374308586120605,0.04223857820034027
2.4948740005493164,2.0046558380126953,1.2211394309997559,2.4975945949554443,2.4414191246032715,2.4377286434173584,1.7671537399291992
3.0679092407226562,1.927303433418274,3.0311317443847656,3.2837164402008057,3.3895068168640137,3.4485526084899902,2.6465601921081543
-3.184553861618042,-2.4990792274475098,-2.867295265197754,-1.9761754274368286,-2.3412139415740967,-2.1558756828308105,-2.7827229499816895
2.3426175117492676,0.9842604398727417,0.6803950667381287,0.7552274465560913,0.8048422932624817,0.8116079568862915,0.38216936588287354
-2.875178813934326,-2.0488665103912354,-3.286367893218994,-3.130552291870117,-3.47334623336792,-2.7857089042663574,-4.0177202224731445
-3.6848180294036865,-3.20990252494812,-2.5423572063446045,-2.610013961791992,-3.055727481842041,-2.1490259170532227,-1.6246740818023682
-1.0278959274291992,0.04668325185775757,-0.8566352128982544,-0.4578198790550232,-1.8083384037017822,-0.5362913608551025,-0.6854798197746277
-3.0054986476898193,-2.5341005325317383,-1.9624017477035522,-1.871782898902893,-1.2601054906845093,-1.9529708623886108,-1.6320312023162842
1.7772157192230225,0.4281172752380371,2.093290328979492,1.1552209854125977,2.258946418762207,2.720651865005493,3.1170411109924316
0.7929028272628784,0.4594574272632599,0.48241981863975525,0.6579169034957886,0.20851290225982666,0.8428449630737305,-0.01353427767753601
1.4534118175506592,1.0527037382125854,0.6771069765090942,-0.07285648584365845,0.18977415561676025,-0.5825363993644714,-0.21903902292251587
2.48000431060791,0.5680515766143799,0.5344282984733582,1.7577831745147705,2.0125205516815186,2.267770528793335,2.124335765838623
-1.5762526988983154,-1.5326523780822754,-1.2353477478027344,-1.1655640602111816,-0.43518000841140747,-0.47290366888046265,-0.5455628633499146
-2.762890577316284,-1.1965504884719849,-1.9682459831237793,-2.1970484256744385,-1.0054717063903809,-1.9983839988708496,-0.0009447038173675537
-1.6329299211502075,-0.6851215362548828,0.2572532892227173,-0.43919986486434937,-1.1512346267700195,-0.505626380443573,0.6927258968353271
4.035115718841553,1.1672213077545166,2.555412530899048,0.4963955879211426,1.9493730068206787,1.1303176879882812,0.7631482481956482
-1.1605920791625977,-0.5697126388549805,-0.639265775680542,-0.41917672753334045,-1.2926647663116455,-0.7555121183395386,-1.2424874305725098
2.658280849456787,3.205448627471924,3.5269200801849365,4.544639587402344,3.446552038192749,4.091955661773682,3.550551414489746
-10.48779296875,-37.48217010498047,0.4121055603027344,-46.824527740478516,-7.5131516456604,-47.454349517822266,15.78950309753418
0.5714187026023865,1.016649603843689,0.7221382856369019,2.1707077026367188,1.2858408689498901,2.0903398990631104,0.33905228972435
1.105239987373352,-0.10915675759315491,0.8788350820541382,2.473276376724243,2.1370434761047363,2.713559865951538,1.1503429412841797
1.1927231550216675,1.2638102769851685,0.13784007728099823,0.38950225710868835,-0.5067430138587952,0.44613903760910034,-1.3581011295318604
1.084736943244934,1.5433986186981201,2.0629196166992188,1.3925037384033203,0.895714521408081,0.6942054629325867,1.7380400896072388
2.279953956604004,2.5052976608276367,2.8513717651367188,1.8048465251922607,3.0391697883605957,2.3539929389953613,3.457634687423706
3.4563839435577393,2.9588634967803955,2.200289249420166,2.0629255771636963,1.179699182510376,1.5708775520324707,0.2571693956851959
0.8732008934020996,0.992339015007019,0.03387010097503662,1.570700764656067,1.4177557229995728,1.7601393461227417,0.9180892705917358
0.6199042201042175,0.5051741600036621,1.2245897054672241,1.1598032712936401,1.1753848791122437,1.4328900575637817,1.7132254838943481
-2.5993154048919678,-3.825272798538208,-3.6456751823425293,-3.6948800086975098,-3.690779685974121,-3.9950296878814697,-4.237844467163086
0.3294534981250763,-0.435924232006073,-0.3658073842525482,-0.5864089727401733,-2.1351306438446045,-0.8951693177223206,-2.2554562091827393
-0.5025161504745483,-0.07256413996219635,-0.4145376682281494,-0.3673830032348633,0.4436764121055603,0.7413655519485474,0.6654524803161621
-1.6827661991119385,0.8348263502120972,0.376401424407959,1.0431268215179443,-0.17797285318374634,0.02089667320251465,0.763393759727478
0.2484053671360016,-1.783050537109375,-1.1548693180084229,-1.1548693180084229,-2.0274345874786377,-1.630515694618225,-3.7097392082214355
-3.0238847732543945,-2.437739133834839,-3.308664321899414,-2.4504504203796387,-2.4887893199920654,-2.7403488159179688,-2.5505917072296143
2.9046010971069336,2.405378818511963,1.074798583984375,2.7248003482818604,1.5336334705352783,2.9265401363372803,0.4974842369556427
-0.8810720443725586,-0.7339377999305725,-0.887549102306366,-0.7330664992332458,-0.40083152055740356,-0.42010337114334106,-1.3300285339355469
-2.658393621444702,-1.64212965965271,-2.794342517852783,-2.292863368988037,-2.932935953140259,-2.024287223815918,-3.3236563205718994
2.1454877853393555,1.432004451751709,2.1423990726470947,2.135838270187378,2.429427146911621,2.588522434234619,2.566638946533203
-3.590872049331665,-2.593550205230713,-3.157355546951294,-2.4075968265533447,-3.534797430038452,-1.7736748456954956,-2.350597620010376
-4.620992660522461,-2.9920272827148438,-3.734405040740967,-3.8174381256103516,-4.257411003112793,-4.273402690887451,-4.550562381744385
0.32502734661102295,0.5150721073150635,-1.5503002405166626,-1.1222182512283325,-2.2104651927948,-1.6347683668136597,-2.435715436935425
0.5528984665870667,1.1155707836151123,0.38293153047561646,0.9764646291732788,0.3976929783821106,0.5043034553527832,0.8054633140563965
1.1717041730880737,2.6853232383728027,2.911665439605713,2.4712822437286377,2.572972297668457,2.7853729724884033,2.0222177505493164
-0.8671902418136597,-0.8722021579742432,-1.0587705373764038,-2.0219550132751465,-1.6709606647491455,-2.6206135749816895,-1.57096266746521
1.4808679819107056,0.056293874979019165,-0.34308522939682007,-1.1115003824234009,0.6211754083633423,-0.4857792258262634,-0.1923730969429016
-0.047794029116630554,-1.0178135633468628,-0.9452364444732666,-2.051115036010742,-1.4663975238800049,-1.9609061479568481,-2.025394916534424
0.4799879193305969,-1.613806962966919,-1.0672234296798706,-1.4834141731262207,-1.4916150569915771,-1.9779225587844849,-2.4361352920532227
1.43759286403656,-0.04053933173418045,0.7557586431503296,0.7600640654563904,1.0839444398880005,0.235007643699646,0.6837452054023743
-1.5240401029586792,-0.6976163387298584,-0.47009533643722534,0.03076871484518051,0.03814943879842758,-0.8478447794914246,1.8780770301818848
0.3510131537914276,-0.09702593088150024,-1.5785009860992432,-0.49599504470825195,-0.8724119663238525,-0.6509902477264404,-1.9716012477874756
0.8189815282821655,-0.21276186406612396,0.07713654637336731,0.548375129699707,-0.05161610245704651,-0.07252815365791321,-0.15321755409240723
-1.3683679103851318,-0.17786633968353271,-0.0675654411315918,1.0139155387878418,-0.17048561573028564,0.36851227283477783,0.24512487649917603
1.0805038213729858,0.5766507983207703,1.1932487487792969,-0.21154898405075073,0.4351869225502014,-0.5264598727226257,0.16541147232055664
-0.7258269786834717,-0.5529879927635193,-0.019115686416625977,-0.22700606286525726,-0.16180968284606934,-0.2524285614490509,0.6517126560211182
-2.98410964012146,-0.38383764028549194,-2.7313175201416016,-1.7652629613876343,-2.2718677520751953,-1.6631629467010498,-2.9556074142456055
-0.03999197483062744,-0.6774111986160278,-1.0634640455245972,0.3562999367713928,0.24722924828529358,0.8065240383148193,-0.4320208430290222
-0.16198784112930298,1.2371734380722046,1.4643356800079346,1.5119003057479858,0.8828986287117004,0.9936094880104065,2.1827404499053955
-0.9508817791938782,0.06179179251194,-0.10550455749034882,-0.6401969790458679,-0.758288562297821,-0.3359471559524536,-0.6003150343894958
0.0700453445315361,-0.618779718875885,-0.5121693015098572,-0.6319010853767395,-0.24810345470905304,-0.8114985823631287,-0.49105826020240784
-0.8747234344482422,-1.6959401369094849,-1.4522737264633179,-1.9672842025756836,-0.5235326290130615,-1.4243910312652588,-0.5108116269111633
-1.158658504486084,-0.23095783591270447,0.7605193853378296,0.9294558763504028,1.6740888357162476,1.0114638805389404,2.333789587020874
1.1695209741592407,1.7525558471679688,1.8821284770965576,1.2687084674835205,1.6197028160095215,1.5204731225967407,2.221332311630249
-0.4763791561126709,-0.2587583661079407,0.41893550753593445,0.3492286801338196,-0.16383405029773712,0.8330761194229126,0.7923593521118164
2.1155683994293213,1.0825743675231934,1.8038350343704224,1.369397521018982,2.2671804428100586,1.739048719406128,2.787353038787842
-2.5972347259521484,-2.8822929859161377,-1.9685183763504028,-2.4468302726745605,-2.545650005340576,-2.892953872680664,-1.7679039239883423
0.16353733837604523,0.3322123885154724,1.008778691291809,0.38059714436531067,-0.6242062449455261,0.12965258955955505,-0.863235354423523
-1.9133168458938599,-2.3926475048065186,-1.5799480676651,-2.7411816120147705,-1.878047227859497,-2.915038585662842,-1.2287687063217163
-3.521723508834839,-2.77536678314209,-3.1265146732330322,-3.270028829574585,-1.999314308166504,-2.4558939933776855,-1.3111966848373413
13.167681694030762,20.192543029785156,16.40705108642578,18.070175170898438,15.126907348632812,18.273555755615234,16.56769561767578
-0.60601407289505,-2.1771585941314697,-0.21101602911949158,-0.8158252239227295,-1.3104362487792969,-1.2592837810516357,-0.8549364805221558
0.8246467709541321,3.3683974742889404,1.234548807144165,1.838127851486206,1.1254781484603882,1.6511496305465698,0.8168817162513733
0.6540073752403259,0.7894277572631836,0.7607249617576599,0.28536027669906616,0.05596838891506195,0.09666489064693451,0.23045772314071655
-0.22958147525787354,-0.16171252727508545,-0.7132805585861206,0.20199310779571533,-0.009997665882110596,-0.11332780122756958,-1.3190314769744873
-2.7224268913269043,-1.394317865371704,-1.6749904155731201,-1.9605833292007446,-1.8081510066986084,-1.3645899295806885,-0.5742990970611572
-0.06519048660993576,-0.680366575717926,-0.9287996888160706,-0.677906334400177,-0.4886728823184967,-0.6656051278114319,-0.6789132952690125
3.087949752807617,1.3013626337051392,1.0067487955093384,1.0621042251586914,1.1375516653060913,0.8935776948928833,0.6329663395881653
-0.2752792239189148,0.5516773462295532,-0.24579951167106628,-0.23754742741584778,0.26218903064727783,1.017483115196228,-0.12049835920333862
-0.8514460325241089,-1.4328203201293945,-1.4992469549179077,-2.0052363872528076,-2.0774033069610596,-2.47760272026062,-2.552677869796753
5.8868184089660645,5.321403503417969,5.398490905761719,5.019613742828369,4.621464729309082,4.487792015075684,3.943964958190918
-2.5076465606689453,-1.4842946529388428,-1.1472415924072266,-1.038991093635559,-1.737289547920227,-0.8729248046875,0.1025148332118988
-0.43714383244514465,-2.0615031719207764,-1.2176401615142822,-1.8400812149047852,-1.0790467262268066,-1.630140781402588,-1.1600419282913208
1.22760009765625,1.8172354698181152,2.465919017791748,2.412613868713379,3.19169020652771,2.23465633392334,3.4885659217834473
0.9870038628578186,1.365365982055664,1.567720890045166,1.1172149181365967,1.4559848308563232,1.1468145847320557,2.032799005508423
-0.3883536756038666,-1.6035977602005005,-1.524049997329712,-1.3608540296554565,-1.549472451210022,-0.7339025735855103,-2.3575263023376465
4.396609783172607,5.893613815307617,5.9879231452941895,6.708773612976074,5.072508335113525,5.854249954223633,6.130909442901611
0.0697070062160492,-0.0104556605219841,-0.19025826454162598,0.27913522720336914,0.43136268854141235,0.5879979729652405,-0.3376007676124573
0.9326519966125488,0.36874377727508545,1.7939410209655762,0.17612741887569427,0.8580242395401001,-0.1525198072195053,0.43594223260879517
-2.4204697608947754,-1.7024784088134766,-2.1753573417663574,-2.6743760108947754,-2.0519351959228516,-2.1095457077026367,-2.140732765197754
-0.7401760220527649,0.2686499059200287,-0.24533547461032867,-0.1957206130027771,-1.4723807573318481,-0.719546914100647,-0.2344958782196045
1.1101456880569458,0.5603697299957275,1.1229448318481445,-0.08585351705551147,-0.17503726482391357,0.12803363800048828,-0.3936268985271454
-0.27582693099975586,0.18645285069942474,-0.7579721212387085,-0.6459926962852478,-1.0387471914291382,-0.4062601923942566,-1.8920866250991821
0.6884419918060303,0.4622025191783905,0.3124353885650635,0.8640418648719788,1.3692114353179932,0.6594318151473999,1.2673903703689575
2.576235771179199,2.4014503955841064,3.4708352088928223,1.5424165725708008,2.6064705848693848,1.183221459388733,2.490856885910034
1.7671959400177002,1.9717247486114502,1.6582491397857666,1.906067132949829,1.0348854064941406,1.3174030780792236,1.5039609670639038
-1.1133875846862793,-1.241314172744751,-1.6361572742462158,-1.083525538444519,-1.8411775827407837,-0.8566708564758301,-2.088575839996338
-3.5988545417785645,-2.4875497817993164,-2.855970859527588,-2.964759588241577,-3.0460243225097656,-2.348546266555786,-4.002549171447754
0.9878233075141907,0.8040013313293457,1.4535049200057983,2.0201804637908936,1.3772374391555786,1.5773371458053589,1.3389967679977417
-3.7044084072113037,-3.2310776710510254,-3.3106255531311035,-2.1463165283203125,-2.2900354862213135,-2.1022372245788574,-2.788761854171753
0.605097770690918,1.8667441606521606,-0.21215975284576416,0.6126360893249512,-0.11580032110214233,0.5486185550689697,-1.5513534545898438
1.180741786956787,1.0657373666763306,1.3515353202819824,1.178498387336731,1.0964903831481934,1.516371488571167,1.694117784500122
-1.6112021207809448,-1.2942655086517334,-2.809133291244507,-1.392444372177124,-3.3085622787475586,-1.3302552700042725,-2.616309404373169
-0.5662403702735901,-1.0242962837219238,-1.518189787864685,-1.3102993965148926,-1.9173638820648193,-0.5859633684158325,-1.8371213674545288
-3.036529541015625,-2.5552003383636475,-1.8087223768234253,-2.1566414833068848,-1.3623936176300049,-1.2947369813919067,0.4455726146697998
3.6772878170013428,2.7730870246887207,1.912412405014038,3.6247403621673584,2.7632460594177246,3.6518030166625977,0.9600608348846436
1.212223768234253,0.7372157573699951,-0.6709646582603455,0.8919034004211426,-0.7529727816581726,-0.15923455357551575,-0.7355393171310425
6.59682559967041,4.683045387268066,4.510828495025635,4.200838088989258,4.177055835723877,3.9982779026031494,2.7386746406555176
-3.827932834625244,-3.299680233001709,-3.0138821601867676,-3.872096300125122,-3.217672109603882,-3.5727667808532715,-2.394174575805664
-2.67132306098938,-2.9735875129699707,-2.938324213027954,-2.1551475524902344,-1.8743724822998047,-1.9093284606933594,-2.3516268730163574
-0.4452192783355713,0.15638241171836853,0.4282390773296356,-0.509932816028595,-0.5957081317901611,-0.27354466915130615,0.8668961524963379
0.4333261549472809,0.6622664928436279,-0.26375794410705566,1.3973147869110107,0.8347908854484558,1.6027448177337646,1.7731890678405762
-0.471355140209198,-0.8110616207122803,-1.4451888799667358,-1.3959840536117554,-1.0810731649398804,-1.3992643356323242,-2.1734986305236816
-9.524334907531738,-14.280036926269531,-12.917576789855957,-13.592809677124023,-11.246560096740723,-12.291342735290527,-12.544753074645996
1.4067410230636597,0.6691029667854309,0.13707587122917175,0.39206957817077637,1.022147536277771,0.9208675622940063,-0.08362460881471634
2.0851566791534424,0.5640364289283752,1.0042145252227783,0.5578858256340027,1.1205633878707886,0.7337931394577026,1.419800043106079
-1.6095945835113525,-1.8376528024673462,-1.7585150003433228,-1.8704559803009033,-1.1314098834991455,-1.684297800064087,-0.711697518825531
0.9151867032051086,-0.14153297245502472,-0.09048300981521606,-0.5005230903625488,-0.2469133883714676,-0.014010488986968994,-0.6615679860115051
-0.9806899428367615,-0.3786465525627136,0.3604508340358734,0.9939628839492798,1.215384602546692,1.3539782762527466,0.9919034838676453
-3.267487049102783,-2.453277349472046,-2.2646589279174805,-2.121964931488037,-0.9861537218093872,-2.271219491958618,-1.22988760471344
1.2950429916381836,0.8944417238235474,0.3804563879966736,1.7128819227218628,1.2815195322036743,0.897722065448761,0.6695615649223328
-1.826472520828247,-1.6321302652359009,-2.3622066974639893,-2.438474178314209,-1.7518620491027832,-2.244115114212036,-2.768425703048706
-2.5757408142089844,-0.7237345576286316,-2.3667654991149902,-0.39611247181892395,-1.4303362369537354,-0.050858646631240845,-0.9860783815383911
0.29146242141723633,-0.478432297706604,0.20510472357273102,0.5319067239761353,1.5951406955718994,1.1192891597747803,1.7489265203475952
0.648908257484436,-0.9618226885795593,-1.1192781925201416,-0.5931965708732605,-0.6907861828804016,-0.4394315481185913,-1.424729824066162
1.4707876443862915,2.132363796234131,3.0266611576080322,2.4460442066192627,3.1422924995422363,1.8398000001907349,3.9911341667175293
-1.7602028846740723,-1.6755154132843018,-1.7954776287078857,-2.5438523292541504,-1.9868128299713135,-2.648822784423828,-2.352816581726074
1.594602108001709,2.0777251720428467,3.267251968383789,1.4171504974365234,3.427987813949585,1.5974656343460083,3.009920597076416
1.187880277633667,-1.0283055305480957,0.7209255695343018,-0.43415749073028564,-0.24061858654022217,-0.5838221311569214,-0.9682064056396484
2.1816835403442383,2.4894371032714844,0.8496863842010498,1.9215314388275146,1.610823392868042,2.1183507442474365,1.6683748960494995
1.6208616495132446,1.8374965190887451,1.5283262729644775,1.499213457107544,0.9526298642158508,1.1125454902648926,1.1570308208465576
-0.46523505449295044,-0.5773996114730835,-1.752984642982483,-1.1387444734573364,-1.5300253629684448,-1.1116818189620972,-2.4444942474365234
-1.531109094619751,-1.0931735038757324,0.09594300389289856,-0.4752429723739624,0.10742411017417908,-0.7397189140319824,0.6016616225242615
0.17780989408493042,-0.9428520202636719,0.4664560854434967,-1.1970769166946411,0.7789067029953003,-1.377084493637085,0.02417561411857605
3.8145077228546143,2.9651730060577393,2.8954660892486572,2.628119945526123,1.3483847379684448,2.5079782009124756,1.3508135080337524
-1.1185805797576904,-0.07475558668375015,-0.6340663433074951,-1.3676280975341797,-0.2603147327899933,-1.6587567329406738,-1.030907154083252
0.34536075592041016,-0.16741427779197693,0.9079161286354065,-0.4888857901096344,0.8177072405815125,0.03924595192074776,1.1313782930374146
1.248884916305542,1.1315782070159912,-0.2458491325378418,1.4394159317016602,0.02805769443511963,1.1747350692749023,-1.0853989124298096
1.0484602451324463,0.4455426335334778,-0.432148277759552,-0.044250309467315674,0.682802140712738,0.7182193398475647,0.6252154111862183
3.2363104820251465,2.7253594398498535,2.3645238876342773,2.2611937522888184,2.698296546936035,3.132939338684082,2.555628776550293
0.6502270698547363,-0.11304883658885956,0.820407509803772,0.6478832960128784,0.36182892322540283,0.8948298692703247,0.6791601777076721
4.475364685058594,2.3768789768218994,2.6717171669006348,1.6681439876556396,3.279191732406616,2.3082165718078613,2.0138819217681885
-1.413432002067566,-2.005034923553467,-2.5143048763275146,-2.066951036453247,-2.1013944149017334,-1.9992945194244385,-2.4781553745269775
-0.37545540928840637,1.5468952655792236,1.0659184455871582,1.229114294052124,1.7847185134887695,0.6027780771255493,2.937917470932007
-4.803135395050049,-3.5557262897491455,-4.021531581878662,-4.152744770050049,-3.9961094856262207,-4.078937530517578,-3.949655532836914
1.1063752174377441,-0.24470776319503784,1.4668000936508179,0.988693118095398,1.5160048007965088,1.0653706789016724,1.927681565284729
0.2961795926094055,0.1669773906469345,0.9056648015975952,-0.7910814881324768,-0.28099149465560913,-0.7217847108840942,-0.015174627304077148
0.5932973623275757,0.6567847728729248,0.9189029932022095,1.2196674346923828,1.633398175239563,1.581732988357544,2.541168451309204
-0.845879316329956,-0.46345385909080505,0.5458599925041199,0.3248996436595917,0.7391939759254456,0.21008840203285217,1.9982885122299194
-0.8927232623100281,-0.937777042388916,-0.9476180076599121,-0.33050763607025146,-0.9738606214523315,-0.5150256156921387,-1.0647414922714233
-2.706350803375244,-0.931155800819397,-2.488898515701294,-0.605993926525116,-1.6492642164230347,-1.0836906433105469,-1.5180811882019043
-0.5842409133911133,-0.14034104347229004,0.37835973501205444,-0.8140370845794678,0.3984517455101013,-0.48456984758377075,1.046642780303955
3.5965874195098877,3.6681435108184814,3.3739397525787354,3.2939820289611816,3.2402665615081787,2.8152599334716797,3.0620036125183105
-0.07133910059928894,-0.168365478515625,0.8712913990020752,-0.3387050926685333,0.3074861168861389,-0.8045428991317749,1.1441543102264404
2.25156569480896,1.8145020008087158,2.6997787952423096,2.594808578491211,2.8564140796661377,2.443093776702881,2.6044692993164062
1.8397756814956665,0.922345757484436,1.8970112800598145,1.2536582946777344,2.049546003341675,1.742016077041626,1.0865981578826904
4.623857498168945,3.14097261428833,3.681610584259033,3.7699742317199707,4.723727703094482,3.6951420307159424,3.8675270080566406
0.7310292720794678,0.1842779815196991,-0.659584641456604,-0.11915171146392822,-0.5972585678100586,0.4327623248100281,-0.7928823828697205
0.08638174086809158,-0.4092269837856293,-1.1398160457611084,-0.8482775092124939,-0.456074059009552,-0.11809844523668289,-1.111358404159546
0.6408897638320923,0.9749524593353271,1.6489558219909668,2.195129632949829,2.385388135910034,1.9556660652160645,1.8118633031845093
-1.2907519340515137,-0.6563779711723328,-0.45914867520332336,-2.2920284271240234,-0.8887682557106018,-1.5100816488265991,-0.21286077797412872
0.8491185307502747,0.7635247707366943,0.32888221740722656,1.583605170249939,0.385877788066864,0.940662145614624,-0.705379843711853
1.15122652053833,0.989375650882721,1.6879303455352783,1.8535354137420654,1.921191930770874,1.9408738613128662,1.156997799873352
0.3916448950767517,0.8240950703620911,-0.22396767139434814,0.14096811413764954,0.43107151985168457,0.8425468802452087,-0.44364166259765625
2.174215793609619,1.2670271396636963,1.0741032361984253,0.9715931415557861,-0.26795822381973267,0.5431011915206909,-0.3551914095878601
0.31883999705314636,0.7263157367706299,1.9613566398620605,1.6858097314834595,2.3435139656066895,1.502931833267212,2.5349626541137695
2.899651527404785,3.419403076171875,3.0741493701934814,1.8202468156814575,1.6792954206466675,1.6778602600097656,1.6265761852264404
1.1298000812530518,1.1384000778198242,0.1493830680847168,0.8275895714759827,-0.45604121685028076,0.9817646741867065,-0.5666074752807617
1.2249658107757568,1.0838631391525269,0.1551220864057541,1.045729398727417,0.09771651029586792,1.2868330478668213,-1.7480144500732422
-2.5132696628570557,-2.641883373260498,-2.9399826526641846,-3.8412508964538574,-3.1999480724334717,-2.436453342437744,-3.338876724243164
-0.13087476789951324,0.7767828702926636,-0.011724475771188736,-0.361078679561615,0.6034382581710815,-0.06174936890602112,-0.3212219178676605
-2.9428203105926514,-1.3421716690063477,-0.3106643557548523,-0.543157160282135,-0.552588164806366,-0.5784206986427307,0.451748788356781
-1.925412893295288,-1.1621558666229248,-2.5542421340942383,-2.8675129413604736,-2.5214390754699707,-2.837169885635376,-2.5433919429779053
-3.411625385284424,-2.03476619720459,-2.0564985275268555,-2.0388667583465576,-0.4470905363559723,-0.7542106509208679,-0.2744404673576355
-1.6336015462875366,-0.9596753120422363,-1.4709954261779785,-1.7330108880996704,-1.9773950576782227,-1.3902174234390259,-1.257710337638855
-1.933490514755249,-1.4618191719055176,-2.6687467098236084,-1.070000171661377,-1.528630018234253,-0.704654335975647,-2.611172676086426
-1.1031190156936646,-0.05483626201748848,-0.4244362413883209,1.1948124170303345,1.372769832611084,1.4367362260818481,1.0517804622650146
-0.6680169105529785,0.32351547479629517,-0.11789274215698242,-0.8094254732131958,-0.7477144002914429,-0.9574499130249023,-0.45957911014556885
-2.81781005859375,-1.2821108102798462,-1.946990966796875,-0.4981139898300171,-1.3793928623199463,-0.38002249598503113,-0.6623703241348267
2.4198899269104004,0.9187141060829163,0.5644393563270569,1.1147133111953735,2.3624656200408936,1.5405911207199097,0.9639135599136353
-2.597761631011963,-1.7291712760925293,-0.8876662850379944,0.09191963076591492,-0.7199598550796509,-0.4411325752735138,-0.15391358733177185
-1.5691587924957275,-1.7916799783706665,-2.4499993324279785,-1.843345046043396,-2.9764909744262695,-2.306485414505005,-2.463202476501465
3.849616050720215,2.2953333854675293,2.921682357788086,2.2969350814819336,2.058958053588867,2.397343635559082,2.5604381561279297
0.7461479306221008,1.0223970413208008,2.3870110511779785,1.1162961721420288,2.327965259552002,1.2805172204971313,3.2686164379119873
-1.0176130533218384,-1.1268490552902222,-1.1027336120605469,-2.6265709400177,-1.0606275796890259,-2.584746837615967,-0.4358585476875305
-5.922165870666504,-6.711287498474121,-6.094587326049805,-6.516108512878418,-5.583779811859131,-6.701446533203125,-4.696133613586426
-1.776916265487671,-2.357729911804199,-2.491608142852783,-1.9157065153121948,-2.936707019805908,-1.7082263231277466,-3.3524978160858154
3.0042953491210938,2.5502607822418213,2.0032670497894287,2.181788206100464,1.9323300123214722,2.152829170227051,2.508667230606079
-1.372214674949646,-0.9215655326843262,0.04674440622329712,-0.7419679164886475,-0.5153181552886963,-0.5020943880081177,0.046491414308547974
-0.6189586520195007,-0.6794911623001099,-1.1500635147094727,-0.8829224109649658,-0.325677752494812,-1.0393526554107666,-0.5656790137290955
1.3307862281799316,1.4040489196777344,0.32031264901161194,1.042701005935669,-0.03970261663198471,0.24855563044548035,0.905659556388855
-1.7962253093719482,-1.0025949478149414,-0.7178221344947815,-0.49476030468940735,-1.670345425605774,-1.5069444179534912,-0.9007872343063354
6.289628505706787,5.084799766540527,4.844311237335205,4.5746073722839355,4.8617377281188965,5.295150279998779,3.9635276794433594
1.2390003204345703,0.7858813405036926,1.226597547531128,0.5601541996002197,0.5560538172721863,0.8955671191215515,1.2871067523956299
2.6506192684173584,3.5231680870056152,2.3750555515289307,3.0409607887268066,2.3988378047943115,3.683903694152832,2.650084972381592
-1.465970516204834,-0.35763823986053467,-0.6831076741218567,-1.210009217262268,0.556033730506897,-1.063214898109436,0.1815989464521408
1.2672383785247803,0.7339252233505249,-1.2092550992965698,0.5395662188529968,0.6506870985031128,0.08565175533294678,-1.0379583835601807
-0.8214521408081055,0.9801272749900818,1.3065192699432373,1.3458831310272217,0.7800276875495911,0.7529650330543518,2.049750804901123
1.975611686706543,1.9006094932556152,2.236842393875122,1.8780572414398193,0.8295844793319702,2.4377620220184326,0.5100218653678894
1.5059919357299805,1.3167614936828613,0.5526003241539001,1.7419219017028809,1.060435175895691,1.4593273401260376,1.2245937585830688
2.939746141433716,2.7722716331481934,1.9476807117462158,2.7095353603363037,2.0436301231384277,3.105224132537842,0.91722571849823
-1.8154447078704834,-1.4972938299179077,-1.903541088104248,-1.1610608100891113,-1.0921740531921387,-1.3841227293014526,-1.3342530727386475
-2.053173065185547,-1.5924187898635864,-1.1667972803115845,-0.8482985496520996,-0.5352329015731812,-0.7967872023582458,-0.013002514839172363
-1.5235179662704468,-0.2841677963733673,0.09716959297657013,-1.0488927364349365,-0.13163284957408905,-0.6605846285820007,0.3736192286014557
2.182406187057495,1.0721468925476074,2.160188674926758,1.4878250360488892,1.706889033317566,0.932323157787323,1.6534141302108765
0.9754157662391663,1.713796854019165,2.3220911026000977,1.7769430875778198,2.217120885848999,1.3650577068328857,2.31014084815979
-1.5374009609222412,-1.3765660524368286,-2.7889492511749268,-2.041856050491333,-2.04841685295105,-1.6900417804718018,-2.185044050216675
-1.257721185684204,-0.9058765172958374,-1.4176064729690552,-1.451434850692749,-1.6287771463394165,-0.8312491178512573,-1.36080002784729
3.0901496410369873,2.453563690185547,2.490877151489258,3.797675371170044,3.3974761962890625,3.9403693675994873,2.8835039138793945
1.9445480108261108,0.9731274843215942,2.0671145915985107,0.5188030004501343,1.485677719116211,1.0452945232391357,2.3852081298828125
-1.8074028491973877,-1.3051629066467285,-1.871018648147583,-1.6110527515411377,-1.3888111114501953,-1.6364753246307373,-0.9459983110427856
-4.493143558502197,-5.163326263427734,-4.372769355773926,-4.3506269454956055,-3.368785858154297,-3.7753405570983887,-2.8122682571411133
2.7321584224700928,1.7250511646270752,1.640582799911499,1.6184406280517578,2.25769305229187,2.5102779865264893,1.4221923351287842
0.14556345343589783,0.7989294528961182,0.5151817798614502,0.34870538115501404,0.4811483919620514,1.0301921367645264,0.8604242205619812
1.1781761646270752,0.8686865568161011,1.163095474243164,0.724147379398346,1.2533042430877686,0.755515456199646,1.7913490533828735
0.1033250093460083,-0.7050039172172546,-3.0861072540283203,-1.7182130813598633,-1.7657777070999146,-1.2884910106658936,-4.685359477996826
-1.7109664678573608,-0.9289886355400085,-1.1738851070404053,-0.9356517791748047,-1.261428713798523,-0.7792214751243591,-0.3225160837173462
-6.151103496551514,-4.3354997634887695,-3.2378218173980713,-3.362884044647217,-2.8232712745666504,-2.7133805751800537,-1.1661885976791382
-0.5802286863327026,0.08054041862487793,1.3065606355667114,0.05101752281188965,0.4676183760166168,0.10760307312011719,0.9302237033843994
-0.521675169467926,-0.10612772405147552,-0.5842345952987671,0.772793173789978,0.6676180958747864,1.3905190229415894,1.4497488737106323
2.053154706954956,1.6208562850952148,2.1678497791290283,1.74755859375,1.9710304737091064,1.4234219789505005,2.0660712718963623
7.474070072174072,5.425996780395508,5.308096885681152,5.326805114746094,4.6600799560546875,4.9065141677856445,3.8982861042022705
-1.536050796508789,-0.5816120505332947,-1.2132790088653564,-0.61257004737854,-1.226400375366211,-0.395863801240921,-0.5321098566055298
1.4881954193115234,0.1902177631855011,1.0443315505981445,0.2123599350452423,0.8145039677619934,-0.1287933886051178,1.579272747039795
-6.290434837341309,-4.649965286254883,-4.675797939300537,-5.098958969116211,-5.291677951812744,-5.466354846954346,-3.235990524291992
-2.5597453117370605,-2.235081672668457,-2.512678861618042,-3.296675682067871,-3.5476200580596924,-4.0839524269104,-3.0694968700408936
-1.0805749893188477,-0.47992298007011414,-1.1737109422683716,-0.32533785700798035,-1.122865915298462,-0.2671121060848236,-0.8533109426498413
0.11604218184947968,-0.17320603132247925,-1.5246984958648682,-1.2212687730789185,-1.7608814239501953,-1.7461199760437012,-2.2714297771453857
-2.1325247287750244,-1.8550806045532227,-2.774390459060669,-2.4028942584991455,-2.877720594406128,-1.9174067974090576,-2.4610679149627686
-0.25121742486953735,-0.9481301307678223,-0.3408350348472595,-0.10683021694421768,-0.9140968322753906,-0.12415443360805511,0.73743736743927
-2.0169334411621094,-2.5833730697631836,-3.457988739013672,-3.302173376083374,-2.9601998329162598,-3.138157367706299,-3.792109489440918
2.3448221683502197,2.1285078525543213,2.550849437713623,1.8816635608673096,1.3197035789489746,1.7898147106170654,0.9949078559875488
0.029952213168144226,-1.0464478731155396,-2.3431999683380127,-0.9041127562522888,-1.8146581649780273,-0.8281015753746033,-2.8954546451568604
0.4850652813911438,-0.23994839191436768,0.3702682554721832,0.3589152693748474,-0.43266725540161133,-0.10545521974563599,-0.7396385669708252
-1.6290771961212158,-0.23589172959327698,-0.6248148679733276,-0.9409558176994324,-1.8717470169067383,-1.17508864402771,-1.7604222297668457
-0.0867283046245575,0.4969589412212372,1.1710649728775024,0.16052088141441345,0.5711761713027954,0.43217259645462036,1.5100302696228027
1.4675954580307007,1.484789490699768,1.310983657836914,2.0445456504821777,1.6259970664978027,1.3441969156265259,2.3898534774780273
-0.17772427201271057,2.263572931289673,1.7485623359680176,1.6312909126281738,0.8745616674423218,1.1712257862091064,2.1092605590820312
-2.9796581268310547,-1.806907296180725,-2.642364025115967,-2.1557488441467285,-2.7948989868164062,-2.6813178062438965,-2.2080044746398926
1.0073989629745483,0.357433557510376,-1.1548972129821777,0.6841331124305725,-0.6398867964744568,0.975671648979187,-2.0038061141967773
-0.059099167585372925,0.22275012731552124,-0.9229021668434143,-0.996709406375885,-0.5694475173950195,-1.3706660270690918,-1.4656882286071777
-3.102055549621582,-1.0123344659805298,-0.7130051255226135,-1.0582588911056519,-2.0464556217193604,-1.697921633720398,-0.5273748636245728
2.9350814819335938,1.9140657186508179,3.5496134757995605,2.4580864906311035,3.7005081176757812,3.098569393157959,4.050648212432861
-3.6099863052368164,-2.3806495666503906,-2.8612165451049805,-1.871738314628601,-1.436736822128296,-1.503778338432312,-0.8651878833770752
-1.8318790197372437,0.0709356889128685,0.3276209235191345,0.5080385208129883,0.032391928136348724,0.45227304100990295,0.5757036209106445
2.959789752960205,3.410250425338745,2.8985202312469482,2.5922203063964844,3.4184513092041016,3.375807046890259,2.6376097202301025
-2.5118629932403564,-1.2608131170272827,-0.8368315696716309,-1.4190887212753296,-1.1041778326034546,-1.7877147197723389,-0.9163963198661804
0.8802406191825867,1.1285226345062256,0.9878789186477661,2.041887044906616,1.2445640563964844,1.1686041355133057,1.3165040016174316
-2.1603965759277344,-2.8912301063537598,-2.792410373687744,-3.6530847549438477,-2.1087710857391357,-2.760017156600952,-2.671684503555298
-0.3808786869049072,0.298880934715271,-0.46443450450897217,0.2451656311750412,0.08442986756563187,0.9664263129234314,-0.5384306907653809
0.7293550372123718,1.4665963649749756,2.320061206817627,0.43059617280960083,0.4404371380805969,0.8615484237670898,1.1350834369659424
1.0706167221069336,1.0998784303665161,0.14224250614643097,-0.22516630589962006,1.5763450860977173,0.29804494976997375,0.9111005067825317
-3.3576979637145996,-2.4835197925567627,-2.646920919418335,-4.138442039489746,-3.20088529586792,-3.7411131858825684,-2.753331422805786
0.08112939447164536,1.1196222305297852,0.0920616090297699,1.3271026611328125,0.8809788823127747,1.4058303833007812,0.2814667820930481
-1.5696609020233154,0.6111413240432739,0.48156869411468506,1.2385029792785645,0.9932988882064819,1.3254315853118896,1.780426263809204
0.540058970451355,-0.10077434778213501,-0.6460251808166504,-0.016511082649230957,0.7575422525405884,0.21946707367897034,0.5249437689781189
4.699468612670898,4.881413459777832,4.33113956451416,5.248809337615967,4.32867956161499,4.661632061004639,3.789679765701294
-0.4542539417743683,-0.012616798281669617,0.48691466450691223,0.01629103720188141,0.5243307948112488,-0.1569509357213974,0.5457202792167664
-1.065290927886963,-1.0211777687072754,-1.5660698413848877,-1.1709961891174316,-0.9691540002822876,-1.2169207334518433,-1.4472724199295044
5.677006721496582,4.319439888000488,4.986165523529053,3.170302629470825,3.8872578144073486,3.391634464263916,2.895988702774048
-0.9242905378341675,-1.158769965171814,-1.399072527885437,-0.8034893274307251,-1.5790802240371704,-1.8302299976348877,-2.498094320297241
-0.16518503427505493,0.3372812271118164,-1.0387110710144043,0.010684207081794739,-0.7073985934257507,0.19830967485904694,-0.48339420557022095
-1.2202848196029663,-0.14483556151390076,-0.2752283215522766,0.03517204523086548,-0.03412473201751709,-0.13581469655036926,0.13488200306892395
1.9051767587661743,2.3686957359313965,0.3377668559551239,1.637594223022461,-0.43105828762054443,0.7324305772781372,-0.9667533040046692
-2.7231197357177734,-2.8843607902526855,-1.7059056758880615,-2.1100001335144043,-1.6115963459014893,-1.716566562652588,-1.1759973764419556
-1.4946671724319458,-1.250125765800476,-2.099113941192627,-1.5771328210830688,-2.481271505355835,-2.605923652648926,-2.836085557937622
1.8806759119033813,0.9272996187210083,0.983065128326416,1.4144275188446045,1.0978764295578003,1.830823302268982,-0.9032801389694214
-0.13210603594779968,-0.016936302185058594,0.647328794002533,0.1478998064994812,1.5633585453033447,0.9368171095848083,1.6666889190673828
3.050611734390259,1.2497434616088867,1.3834166526794434,0.36815714836120605,1.871159315109253,0.4321233630180359,0.9766291379928589
2.748004913330078,1.8700108528137207,1.7425907850265503,0.9816588163375854,0.8258435726165771,0.6601873636245728,1.2820297479629517
1.4106732606887817,2.1730384826660156,2.0959506034851074,1.8081024885177612,1.1489629745483398,1.0387647151947021,0.9976339936256409
1.441577434539795,0.6708210110664368,-0.11071555316448212,0.4752318859100342,0.04673989489674568,0.28456318378448486,-0.6504925489425659
1.2558141946792603,0.8035419583320618,1.14080011844635,0.22292517125606537,1.1342394351959229,0.8773491978645325,0.9432988166809082
-3.0415761470794678,-0.925385594367981,-1.9742681980133057,0.09643448889255524,-0.6892023682594299,0.10463537275791168,-0.6465917229652405
0.001737445592880249,-1.0082699060440063,-0.302693247795105,0.5765354037284851,0.03764010965824127,0.524050235748291,0.21041667461395264
0.5799652338027954,0.3514055609703064,0.9984233379364014,0.6121655106544495,0.21832191944122314,0.11827215552330017,0.28884315490722656
-0.5055471658706665,0.598198652267456,-0.3518643379211426,0.985276460647583,0.3652959167957306,0.9918371438980103,0.5317549705505371
-2.43487286567688,-0.5922272205352783,-1.1415785551071167,0.23164615035057068,-1.3699709177017212,-0.20176641643047333,-0.904296338558197
-2.825413227081299,-2.2426435947418213,-2.7773358821868896,-1.758796215057373,-1.055532455444336,-1.3118524551391602,-0.47961801290512085
-0.5461899638175964,1.891711950302124,2.0967321395874023,1.629286289215088,1.3488186597824097,2.108213186264038,2.311372756958008
1.8514193296432495,0.7516602277755737,1.822275161743164,1.0317176580429077,1.682246446609497,0.5347489714622498,1.1052961349487305
-0.05759899318218231,0.7768914103507996,1.2865713834762573,1.5260348320007324,2.501110792160034,0.9970830678939819,3.2808163166046143
0.9848537445068359,0.9662825465202332,-0.6222130656242371,0.3708015978336334,-0.1830601841211319,0.49163538217544556,-0.5968900918960571
-3.7285304069519043,-2.9784038066864014,-2.760467529296875,-3.697819471359253,-2.911567211151123,-2.705522060394287,-1.8758889436721802
-0.23331880569458008,-1.0023319721221924,-1.241795539855957,-1.8970396518707275,-2.1201014518737793,-2.0266125202178955,-0.7486566305160522
0.48718559741973877,0.3458114266395569,0.9504412412643433,1.4389785528182983,0.9350391626358032,1.0954673290252686,0.3109007179737091
0.4630360007286072,1.7364243268966675,0.22829663753509521,1.0055277347564697,0.019586164504289627,0.6009206175804138,-0.8214483261108398
-4.470731258392334,-3.008389472961426,-2.52597713470459,-2.096665143966675,-2.6885836124420166,-2.8743064403533936,-0.7380051612854004
-0.7535785436630249,-0.7159040570259094,-0.9604417681694031,-0.86777263879776,-2.167600154876709,-1.1166670322418213,-0.6572142243385315
-5.160148620605469,-4.192792892456055,-5.039115905761719,-5.01451301574707,-4.794732093811035,-4.581510543823242,-3.971550941467285
-1.4564638137817383,-0.313859224319458,0.2429753541946411,-0.0907973051071167,0.6054508686065674,0.29628050327301025,0.7989389896392822
-4.494784832000732,-2.741425037384033,-2.985808849334717,-3.2363433837890625,-3.5895934104919434,-2.979658603668213,-3.56516432762146
-1.3648412227630615,-0.15617956221103668,-1.049041986465454,-0.015535786747932434,0.14930036664009094,0.39942485094070435,0.6411742568016052
-0.8918684720993042,-0.7614790201187134,-0.9496874809265137,-1.5581870079040527,-0.46809524297714233,-0.9906914830207825,0.07876335084438324
-0.010193496942520142,1.7739661931991577,2.1093790531158447,1.7829872369766235,1.457005262374878,1.1293832063674927,2.6838552951812744
1.3554697036743164,-0.21077653765678406,0.7872613072395325,-0.15501107275485992,1.0701889991760254,0.15825960040092468,2.2942631244659424
-3.435842514038086,-0.5629395842552185,-2.269526720046997,-1.4881951808929443,-2.550814390182495,-2.2465643882751465,-2.142517328262329
0.8545385599136353,0.5020899772644043,0.9842459559440613,1.1068480014801025,1.1146388053894043,1.0592832565307617,1.5498688220977783
2.726850986480713,1.6004257202148438,-0.050601065158843994,0.9144284725189209,0.9861855506896973,0.926729679107666,-0.9364070296287537
1.608025312423706,1.5262925624847412,0.8173330426216125,1.1072313785552979,0.8484960794448853,1.1763231754302979,-0.06663660705089569
-1.618553876876831,-0.7718159556388855,-1.035881757736206,-1.7694789171218872,-1.7534328699111938,-1.5581704378128052,-1.5153257846832275
-3.761911392211914,-3.4742348194122314,-4.480472564697266,-3.6345605850219727,-3.738710641860962,-3.553372621536255,-4.0719499588012695
0.8100883364677429,0.47439321875572205,1.2825311422348022,0.6884343028068542,-0.30837348103523254,0.022118903696537018,-0.02025240659713745
0.31271761655807495,0.18486285209655762,0.6737676858901978,-0.22845768928527832,0.8527158498764038,0.26543569564819336,1.078733205795288
0.027874648571014404,0.9161016941070557,0.323721706867218,1.4044594764709473,0.4658776521682739,0.7221527099609375,0.13039614260196686
-2.502997398376465,-1.7155992984771729,-1.7348711490631104,-0.709360659122467,-0.3583662509918213,-0.762665867805481,-0.0994834303855896
-0.025095432996749878,-1.2784215211868286,-0.5690521001815796,-0.8052351474761963,0.21591851115226746,-0.455471009016037,0.3205481469631195
0.1016329824924469,2.519619941711426,0.49768638610839844,1.1664875745773315,0.16906481981277466,0.5071173310279846,0.8430925607681274
1.7503639459609985,0.41385868191719055,1.2298386096954346,1.0711530447006226,1.0740233659744263,1.449620008468628,1.6520885229110718
-1.6375828981399536,-1.7517870664596558,-2.538346767425537,-2.187352180480957,-1.6377702951431274,-1.8019144535064697,-2.99739670753479
1.3933203220367432,-0.08389240503311157,0.08340398967266083,-0.9162739515304565,-0.6505679488182068,-1.28531014919281,-0.9179842472076416
3.084353446960449,3.177830457687378,2.9080238342285156,2.8949027061462402,2.162775754928589,3.110583782196045,1.3829991817474365
-4.134570121765137,-2.4125821590423584,-2.0513367652893066,-3.8827810287475586,-2.172503709793091,-3.989391565322876,0.5700454115867615
5.083291053771973,4.932448387145996,4.420718669891357,4.551111221313477,3.8319010734558105,4.871762275695801,3.747896909713745
2.1191301345825195,2.0251379013061523,1.6053080558776855,1.5986448526382446,1.7010011672973633,1.4773755073547363,2.0543370246887207
-1.1533719301223755,-0.34453055262565613,-1.4713208675384521,-0.7215625047683716,-0.4454004466533661,-0.3334594666957855,-0.5901216268539429
0.9389582276344299,0.6729132533073425,1.3109357357025146,0.978752076625824,1.0629639625549316,0.7572790384292603,1.204585075378418
-1.4805450439453125,-2.465585231781006,-1.043360948562622,-1.9571356773376465,-1.3298765420913696,-1.2496111392974854,-0.6497031450271606
1.3742339611053467,1.4696142673492432,0.4851076602935791,0.49904900789260864,-0.8778658509254456,0.16855663061141968,-2.048659324645996
-1.695675253868103,-2.9860575199127197,-3.193537950515747,-2.5419838428497314,-3.080366849899292,-2.8573050498962402,-3.8459572792053223
-2.597048759460449,-2.7740886211395264,-1.6694406270980835,-2.2144863605499268,-2.0681021213531494,-1.9017283916473389,-1.3245408535003662
0.8769476413726807,0.0058917999267578125,0.5425318479537964,-0.15853430330753326,0.9346327781677246,0.3266136944293976,-0.07245922088623047
1.9212582111358643,2.617504119873047,1.5313076972961426,2.6252949237823486,0.9199378490447998,1.998138427734375,0.02493046224117279
-0.7731667160987854,-0.5431959629058838,0.8904901146888733,-0.27771422266960144,0.26640915870666504,0.17456001043319702,1.4815559387207031
-0.13372042775154114,-1.1504312753677368,-0.6302952766418457,-0.43070828914642334,-0.13845209777355194,0.21295234560966492,-0.3770778775215149
0.5317102670669556,-0.804140031337738,-1.4757859706878662,-0.8918885588645935,-1.270765781402588,-1.434781789779663,-2.6840224266052246
1.7752639055252075,2.5796306133270264,0.48268499970436096,-0.056107714772224426,0.9845741987228394,-0.1495968997478485,0.023615196347236633
0.44791921973228455,0.720827043056488,0.4525582790374756,0.12421862781047821,0.06701802462339401,0.4935622811317444,-0.8870837688446045
0.49312978982925415,-0.43025022745132446,-1.3429996967315674,-1.4282881021499634,-0.29247671365737915,-1.3364390134811401,0.0670076534152031
-1.9647905826568604,-0.9711753726005554,-1.534570574760437,-1.423859715461731,-1.8667030334472656,-1.3931066989898682,-1.1458412408828735
0.5879851579666138,1.1696292161941528,1.709344744682312,1.8212857246398926,2.3014426231384277,1.7835619449615479,3.1254000663757324
3.5017879009246826,0.7454164028167725,1.0644276142120361,0.5600782632827759,1.2243432998657227,0.42394495010375977,0.5214281678199768
-3.3872721195220947,-1.7835429906845093,0.09895128011703491,-1.182834267616272,-1.0819642543792725,-2.2185957431793213,0.09466320276260376
0.03224767744541168,0.4076696038246155,0.17948222160339355,-1.2894866466522217,-1.1861565113067627,-2.1546711921691895,0.32147568464279175
0.33491194248199463,0.2830660939216614,-0.0052946507930755615,0.6269872784614563,0.7866979241371155,0.7292922735214233,-0.17474037408828735
3.5097947120666504,3.306267499923706,2.1048498153686523,2.79125714302063,2.77854585647583,2.4162240028381348,1.19085693359375
-1.30315101146698,-0.27134382724761963,0.46918871998786926,-0.9874790906906128,-0.7062299251556396,0.30681276321411133,0.08877307921648026
1.223132848739624,0.5563652515411377,-0.04044818878173828,0.31751686334609985,-0.12901687622070312,-0.346338152885437,-1.2539939880371094
-3.843571186065674,-1.6614338159561157,-3.0131313800811768,-1.4504680633544922,-1.3893721103668213,-2.3488662242889404,-0.9801293611526489
0.3093152344226837,1.2532098293304443,1.802663803100586,0.48110419511795044,0.4378449618816376,0.8944247364997864,2.546422243118286
1.106210470199585,0.648740291595459,0.41030192375183105,1.060318112373352,1.101219654083252,0.8457646369934082,1.0227136611938477
1.6235523223876953,1.9852402210235596,2.6290030479431152,1.5538780689239502,2.013123035430908,0.9806418418884277,2.398571014404297
0.037640273571014404,-0.856635570526123,1.058661937713623,0.38599109649658203,0.9631226062774658,0.636115550994873,1.1817939281463623
1.0447463989257812,1.357190728187561,0.9709327816963196,0.8331591486930847,0.7806740403175354,0.8635021448135376,0.10220898687839508
1.012833833694458,0.8363813161849976,0.2096349447965622,0.07924215495586395,-0.5505794882774353,-0.03679917752742767,-1.2160751819610596
3.2761454582214355,3.029493808746338,3.138218402862549,4.61651611328125,2.9880285263061523,3.9817733764648438,3.252877712249756
0.1105862483382225,1.6599630117416382,1.3655540943145752,1.007999062538147,1.42870032787323,0.9838067293167114,2.625382661819458
1.52552330493927,1.609043836593628,2.5465493202209473,1.7707535028457642,2.494884490966797,1.700329065322876,2.430554151535034
-1.8211039304733276,-0.8679709434509277,-2.056882381439209,-1.357353925704956,-2.0320749282836914,-1.480570912361145,-1.3533897399902344
0.6543965339660645,0.08823844790458679,1.2960116863250732,0.6912025213241577,1.697031021118164,1.0786904096603394,2.293734312057495
-0.3581487536430359,0.3167969882488251,-0.024715185165405273,-1.4247972965240479,-1.1492503881454468,-1.3755924701690674,-1.3487627506256104
3.8753185272216797,0.7785892486572266,2.2649848461151123,2.467339515686035,3.3163275718688965,3.3273987770080566,2.256985664367676
5.896012306213379,5.145703315734863,4.709830284118652,4.557500839233398,4.903049468994141,4.834380149841309,4.23145866394043
1.0115197896957397,0.15153062343597412,-0.058409929275512695,1.1587942838668823,1.0300415754318237,1.7513023614883423,1.3756388425827026
-0.6235409379005432,-0.736901044845581,-0.6393114924430847,-1.914536476135254,0.3734877407550812,-1.7579011917114258,0.1000531017780304
1.1585439443588257,3.1695213317871094,1.901677131652832,1.93284010887146,1.1517136096954346,1.409628987312317,0.791368305683136
0.026144713163375854,-0.3929074704647064,-2.1249170303344727,-0.6586134433746338,-1.4245684146881104,-0.7931065559387207,-3.243842124938965
5.041954517364502,3.0214810371398926,2.964895248413086,3.0659704208374023,3.0528488159179688,2.7753543853759766,1.226886510848999
1.371644377708435,1.027251124382019,-0.22255143523216248,0.8374024629592896,0.03741404414176941,1.2075663805007935,-1.741041898727417
0.9813762903213501,0.9499648213386536,1.5188955068588257,0.3355196714401245,0.7211624383926392,-0.345967173576355,1.1214983463287354
1.5156004428863525,1.630664587020874,1.3164198398590088,0.6500533223152161,1.1822341680526733,0.8382617235183716,2.168466567993164
0.9741086959838867,1.2809388637542725,2.4450430870056152,1.952174425125122,2.668105125427246,1.2288637161254883,4.450122833251953
0.6080701947212219,0.20819513499736786,-0.25525277853012085,-0.13449595868587494,-0.6417157053947449,-0.0804731696844101,-1.6660223007202148
0.8910030126571655,0.8782734274864197,1.6021994352340698,0.936089038848877,1.2325481176376343,0.619948148727417,0.3162890076637268
-3.550882339477539,-2.018906831741333,-1.9514552354812622,-2.2694413661956787,-3.012024164199829,-2.718435287475586,-1.6944139003753662
0.14572188258171082,0.8054336309432983,0.395393431186676,0.9186047315597534,-0.06139132380485535,1.0178344249725342,-0.1616729497909546
-1.0714448690414429,-0.46722206473350525,0.2380470335483551,1.6731876134872437,0.9679185152053833,2.0996294021606445,1.535834789276123
3.1750388145446777,1.8892532587051392,2.6578478813171387,2.101654052734375,2.952282428741455,2.782935857772827,2.7543299198150635
0.7894458770751953,0.38441985845565796,0.6861069202423096,0.15787272155284882,0.46560782194137573,-0.10680824518203735,-0.052616506814956665
0.09717418998479843,0.1891724169254303,0.0701918751001358,-0.3852602541446686,0.04610203206539154,0.4018118977546692,-0.3600166440010071
-1.3853739500045776,-0.7093828916549683,-0.6659186482429504,-1.2621171474456787,-0.5806303024291992,-1.6655967235565186,0.03033044934272766
1.1721912622451782,1.6971772909164429,1.9655741453170776,2.934678554534912,2.697265386581421,2.486504554748535,3.366865634918213
-2.1841509342193604,-3.109951972961426,-1.6607996225357056,-2.7802796363830566,-2.4616785049438477,-2.3296456336975098,-1.452365756034851
0.8321012258529663,1.2160999774932861,0.6721816658973694,0.6386609077453613,0.9294818043708801,0.6305626034736633,1.2622016668319702
-1.6886346340179443,-1.6373634338378906,-1.931362271308899,-0.6565474271774292,-2.043713092803955,-1.415941834449768,-1.939995288848877
1.4623408317565918,1.181800127029419,1.7386345863342285,1.6074217557907104,1.324289083480835,0.9729359745979309,2.0780653953552246
0.9109722375869751,1.612939476966858,1.6498430967330933,0.3767707943916321,1.401358723640442,0.5605008602142334,1.6843430995941162
0.3125331699848175,0.9341101050376892,1.3158575296401978,-0.09509066492319107,0.18701693415641785,0.10152358561754227,0.9072779417037964
-4.741123676300049,-2.854255199432373,-4.033121109008789,-2.9481544494628906,-3.785456657409668,-3.306119441986084,-3.432298183441162
1.6787548065185547,-0.37613779306411743,-0.3425145745277405,0.29263779520988464,-0.37941819429397583,-0.039494723081588745,-1.8263336420059204
4.453930377960205,2.136899709701538,2.8097755908966064,2.6867635250091553,2.425567865371704,2.718336582183838,1.9787986278533936
-0.6792768239974976,-0.1183265969157219,1.304512858390808,0.13671837747097015,0.5697207450866699,-0.6707532405853271,0.8046079874038696
0.5192818641662598,0.248098224401474,-0.43123579025268555,-0.6005823612213135,-1.5088212490081787,-0.751067042350769,-1.530922532081604
6.329580307006836,4.85225772857666,4.844056606292725,3.6933817863464355,3.029219150543213,2.996415615081787,2.8915185928344727
-1.5488736629486084,-1.8474693298339844,-1.3258981704711914,-1.654340386390686,-0.8482014536857605,-0.9161655902862549,-0.851740300655365
-4.056557655334473,-4.051809310913086,-4.869429588317871,-5.06788969039917,-6.178277969360352,-5.16957950592041,-6.146838188171387
0.5375679731369019,0.3659020960330963,-0.44351720809936523,0.3736928403377533,-0.572679877281189,-0.5033831000328064,-0.7509432435035706
1.7816592454910278,0.7205991744995117,0.4380815327167511,0.8946611881256104,-0.5808684229850769,0.07519598305225372,-0.8476235270500183
-1.4188936948776245,-1.5066052675247192,-0.5204586982727051,-0.9736554622650146,0.03145533800125122,-0.8568453788757324,0.6073986291885376
0.6386470794677734,-0.4298965036869049,0.7403581738471985,-0.7874515056610107,0.42588454484939575,-0.9293254017829895,0.6168881058692932
0.29505014419555664,-0.8737069964408875,0.55179762840271,-0.29883068799972534,-0.02225857973098755,0.43186086416244507,0.8130754232406616
3.33655047416687,0.08122305572032928,3.541962146759033,2.0215330123901367,2.6825177669525146,1.6582374572753906,1.8258744478225708
0.2656003534793854,-0.24484042823314667,0.5642200708389282,1.659386157989502,1.9086905717849731,1.409261703491211,1.1000747680664062
0.05096323788166046,0.6343808770179749,1.357692003250122,0.08267185091972351,0.2751857042312622,-0.6322331428527832,0.2205142378807068
2.670945882797241,1.142413854598999,0.18455997109413147,1.4056596755981445,1.447483777999878,1.3966386318206787,-0.3456125557422638
-0.31755736470222473,-0.10711951553821564,-0.9289088845252991,-0.7553930878639221,-1.0922410488128662,-0.5028082728385925,-1.477805495262146
-0.18207615613937378,-0.17697539925575256,0.34018775820732117,0.11159037798643112,0.6017934083938599,0.5853918194770813,2.0524022579193115
-1.7817105054855347,-1.4871925115585327,-1.6582049131393433,-2.5949418544769287,-1.7890076637268066,-2.5826406478881836,-1.6778790950775146
0.2419879138469696,0.3520287275314331,-0.5922937989234924,0.09206324815750122,-0.5779423117637634,0.02891702950000763,-0.7028632164001465
-1.9091452360153198,0.4534915089607239,0.5067968964576721,0.3911655843257904,-1.2448947429656982,-0.5271194577217102,0.40735262632369995
-2.96684193611145,-2.424379587173462,-0.9289630651473999,-1.2174263000488281,-1.0031803846359253,-0.8949297666549683,-0.6891058683395386
1.6528912782669067,0.9047480821609497,1.7235982418060303,1.1986443996429443,1.4085848331451416,1.3899281024932861,1.6283645629882812
-1.8796513080596924,-1.1644172668457031,-2.367065191268921,-1.9763991832733154,-3.2724335193634033,-2.545022487640381,-2.9420385360717773
2.891781806945801,2.4979372024536133,2.1403820514678955,1.0271227359771729,2.4245400428771973,1.64054274559021,1.944474697113037
-1.3063143491744995,-1.174175500869751,-0.8099574446678162,-1.0874520540237427,-0.48059263825416565,-0.8606486916542053,-0.6270105838775635
0.29210081696510315,0.8686912059783936,2.2365851402282715,0.44050678610801697,1.5985627174377441,-0.2187352180480957,1.473148226737976
-1.0554237365722656,0.08472324907779694,-0.8261809945106506,-0.8142898082733154,-0.7831267714500427,-1.146012306213379,-1.5292832851409912
0.10600566864013672,0.31743016839027405,-1.3934625387191772,-0.42986807227134705,-0.4462696611881256,0.13680745661258698,-1.30385422706604
1.9877467155456543,1.205989122390747,1.8956767320632935,0.26986753940582275,1.196148157119751,0.8766757249832153,0.018695596605539322
-4.714676380157471,-4.13709020614624,-4.2533369064331055,-3.93647837638855,-4.323863506317139,-4.364047527313232,-4.303293704986572
3.1208693981170654,1.9259839057922363,2.537661552429199,2.6496024131774902,3.1162281036376953,2.083131790161133,2.624587059020996
2.0764477252960205,1.6461758613586426,3.532360792160034,2.464616060256958,2.726221799850464,2.2032666206359863,3.931273937225342
-2.418003797531128,-0.9211558103561401,-1.7122259140014648,-2.6839184761047363,-2.5166220664978027,-2.135899782180786,-2.290842294692993
1.1207077503204346,0.5955716967582703,-0.1121576577425003,-0.12691910564899445,0.41515403985977173,0.5791701078414917,-0.03756198287010193
1.7186360359191895,1.86236572265625,1.5109612941741943,1.8621606826782227,1.4580659866333008,1.415421962738037,1.590250015258789
-0.4985787868499756,-1.5240994691848755,-1.0525531768798828,-1.0861763954162598,-1.080435872077942,-1.027540683746338,-0.873926043510437
0.6949827671051025,0.6146352291107178,-1.1134791374206543,-1.4374107122421265,-1.2455120086669922,-1.4833351373672485,-1.2339123487472534
2.666295289993286,2.615281820297241,3.252279043197632,3.4261362552642822,3.413835048675537,3.401533842086792,4.4709672927856445
-1.5121546983718872,-1.1251827478408813,-1.7656655311584473,-0.9812586307525635,-2.691946268081665,-1.1782829761505127,-3.653031349182129
2.056339979171753,1.279815673828125,2.0471034049987793,1.075615644454956,0.7795666456222534,1.6342954635620117,0.052564799785614014
-1.671904444694519,-0.5793234705924988,-0.5625117421150208,-1.4209308624267578,-0.8121494054794312,-1.2511743307113647,0.2171906977891922
-1.8292896747589111,-1.0087839365005493,-1.9318100214004517,-1.4282807111740112,-2.4976654052734375,-1.802647352218628,-1.8277031183242798
-3.1276726722717285,-1.8497750759124756,-1.4581867456436157,-2.6145002841949463,-1.5609017610549927,-2.435722589492798,0.3407682776451111
3.1417741775512695,1.2210067510604858,1.140638828277588,0.36812323331832886,0.709276556968689,-0.09276195615530014,0.6781951189041138
5.069775104522705,3.9024736881256104,4.3840651512146,5.068012237548828,4.062798976898193,3.8237459659576416,2.954146146774292
1.4447368383407593,1.6808147430419922,3.1528589725494385,2.4869537353515625,3.2496285438537598,2.141700029373169,4.294999122619629
3.9751291275024414,2.6992316246032715,1.689917802810669,1.660599946975708,0.8536409735679626,0.5674329400062561,-0.7154113054275513
-2.4550275802612305,-2.0885586738586426,-2.421511173248291,-2.592087984085083,-3.588895559310913,-3.1263701915740967,-3.1975605487823486
0.5664420127868652,0.40420714020729065,0.4215312898159027,1.2090133428573608,1.3927114009857178,1.4935812950134277,0.5548020601272583
-1.75407075881958,-2.319193124771118,-2.3224735260009766,-1.8111532926559448,-2.160097599029541,-0.765550971031189,-2.730645179748535
0.7324144840240479,-0.26304367184638977,-0.21834930777549744,0.6900945901870728,0.0030723437666893005,-0.16504409909248352,-0.42107969522476196
0.26267242431640625,0.7539869546890259,-0.08146989345550537,0.33384954929351807,-0.3190881907939911,0.048205286264419556,-0.10723694413900375
-2.5865070819854736,-3.5877039432525635,-2.3703784942626953,-3.5663819313049316,-3.9149160385131836,-4.1478190422058105,-3.7823164463043213
3.336991786956787,2.774358034133911,3.0654866695404053,3.1171517372131348,3.6264216899871826,2.87686824798584,3.503316879272461
-0.5905646085739136,-0.5742402076721191,-1.0703375339508057,0.03718090057373047,-1.393449306488037,-0.48225024342536926,-1.2452821731567383
2.4108872413635254,1.854653239250183,2.888363838195801,2.981442928314209,3.943397045135498,2.7956948280334473,4.138643741607666
0.8244576454162598,0.3483891785144806,0.7736008763313293,0.7924627065658569,1.543656349182129,1.3337156772613525,0.5142116546630859
2.2813074588775635,2.237387180328369,2.9348654747009277,3.122663974761963,2.870079278945923,2.404273509979248,2.4474501609802246
2.300199031829834,2.207198143005371,1.6417527198791504,0.8575509786605835,1.533912181854248,0.9326908588409424,0.4979824423789978
2.078106641769409,2.1032118797302246,-0.006854891777038574,2.1360151767730713,-0.4890620708465576,1.7247447967529297,-1.351365566253662
0.3332090377807617,-1.3046138286590576,-0.6747920513153076,-1.4530483484268188,-0.39965522289276123,-1.0249664783477783,0.3329382836818695
-1.2428255081176758,-1.2823761701583862,-1.2070313692092896,-2.423210382461548,-2.7373011112213135,-2.6241302490234375,-2.1742894649505615
-2.6771650314331055,-1.1540944576263428,-0.2310941219329834,-1.0487141609191895,-0.6206322908401489,-1.1307222843170166,1.307015061378479
-1.848313808441162,-1.0341274738311768,0.505163311958313,0.10947448015213013,0.6921417713165283,-0.004516661167144775,1.816845178604126
-2.4371981620788574,-2.7256035804748535,-2.123459577560425,-2.4853200912475586,-2.1966516971588135,-2.5685582160949707,-2.393695831298828
1.3031319379806519,1.333001732826233,0.727577269077301,1.4601142406463623,1.6224900484085083,1.4404323101043701,0.877063512802124
3.676353693008423,3.165024995803833,2.8292019367218018,2.1394119262695312,2.375697374343872,1.4309648275375366,0.4503374695777893
3.06219482421875,1.6630243062973022,1.783986210823059,3.2666919231414795,2.0779848098754883,2.9333291053771973,1.3617820739746094
-3.353579044342041,-2.6016082763671875,-2.7690327167510986,-3.1890933513641357,-3.0876083374023438,-3.190528392791748,-3.3008055686950684
1.379751443862915,0.7482346892356873,1.6335113048553467,0.6727873086929321,1.625720500946045,1.1841075420379639,1.2084078788757324
0.13186177611351013,1.1464474201202393,0.7416865825653076,1.9099421501159668,0.015146613121032715,1.893540620803833,1.1931604146957397
0.9572862386703491,0.548298716545105,-1.132046103477478,0.4154457151889801,-1.5470067262649536,0.09602438658475876,-2.0082669258117676
0.10782986879348755,-0.426491379737854,-2.0469703674316406,-1.4597926139831543,-1.8534311056137085,-2.2749526500701904,-4.010883331298828
-1.0807920694351196,-1.6967535018920898,-2.4512274265289307,-1.8086943626403809,-2.0321664810180664,-1.9140750169754028,-2.5301852226257324
-1.3450822830200195,-2.042241096496582,-1.7330708503723145,-1.7519327402114868,-1.2592694759368896,-1.4907371997833252,-1.3421210050582886
0.6228106021881104,-2.0540153980255127,-3.786025285720825,-2.5296621322631836,-3.3497426509857178,-2.9626643657684326,-5.881643295288086
-0.28854042291641235,0.6948751211166382,0.060543060302734375,-0.38660576939582825,0.203852117061615,0.050087034702301025,0.3546048402786255
1.1080058813095093,1.5754328966140747,1.8493397235870361,2.790792226791382,2.0806024074554443,2.2495388984680176,1.4502357244491577
1.0094969272613525,-0.24091774225234985,-0.32497602701187134,-0.8002124428749084,-1.1020021438598633,-0.3298965096473694,-1.2094653844833374
0.7290001511573792,0.7576649785041809,0.6086153984069824,1.4873313903808594,0.48273298144340515,1.4815908670425415,0.6232321262359619
-0.43933606147766113,-0.16210412979125977,0.2831994295120239,0.1556769460439682,1.197178840637207,0.3172328472137451,0.7077389359474182
2.621647834777832,0.5248900055885315,1.7369686365127563,2.604613780975342,3.485380172729492,2.503744125366211,2.644932508468628
1.6677138805389404,1.2787994146347046,2.208155393600464,1.618722677230835,2.0183067321777344,1.2310938835144043,2.7794055938720703
1.1248440742492676,0.3198739290237427,0.9563586711883545,0.34816670417785645,0.5656930208206177,0.6219710111618042,0.5831835269927979
-0.45151209831237793,-0.4397878646850586,-1.8324893712997437,-0.0812077596783638,-2.961740016937256,-1.2350608110427856,-4.198153495788574
-1.2637802362442017,-1.146317481994629,-1.7216038703918457,-1.5608680248260498,-1.05405855178833,-1.4083330631256104,-1.409821629524231
1.6489665508270264,1.2858093976974487,0.22759811580181122,1.848281741142273,1.1188205480575562,1.344035029411316,0.632337212562561
0.3067178428173065,-0.6762433648109436,-0.20715740323066711,0.20278030633926392,-0.22417402267456055,0.22564005851745605,-0.3979308605194092
-0.2696421444416046,-0.4722754955291748,0.24437215924263,-0.2715737223625183,0.15252317488193512,-0.22153599560260773,0.027313172817230225
-5.240436553955078,-3.4628853797912598,-3.16109561920166,-3.5196757316589355,-3.5133204460144043,-3.4878978729248047,-1.9370461702346802
1.4086658954620361,1.447652816772461,2.5158071517944336,2.2336995601654053,2.374753475189209,2.9307680130004883,2.3496856689453125
-0.3646697402000427,0.6576974987983704,1.0100245475769043,1.1067938804626465,2.0567545890808105,0.39281147718429565,2.315349578857422
-0.893990159034729,-0.7540587782859802,-0.8762251734733582,-0.17339065670967102,-0.5703094601631165,-0.3497079312801361,-1.137734293937683
-2.3967955112457275,-1.919691801071167,-1.7575721740722656,-1.8658912181854248,-1.835197925567627,-1.8899638652801514,-2.091484785079956
1.496585488319397,2.206688404083252,2.4625535011291504,2.067275047302246,2.437130928039551,2.2083287239074707,2.356003761291504
-4.217004299163818,-2.529893159866333,-3.366375207901001,-3.3940529823303223,-2.4933996200561523,-3.747302293777466,-1.8619099855422974
0.6934096813201904,-0.39467158913612366,-0.15992361307144165,0.2096891552209854,0.10875524580478668,0.15039993822574615,-0.19811293482780457
0.08606588840484619,0.38668161630630493,-0.1384773850440979,0.16864275932312012,-0.4948022663593292,-0.1384773850440979,1.326357364654541
-2.6209397315979004,-1.1737947463989258,-0.9839460849761963,-1.3181288242340088,-0.4849272072315216,-1.4511868953704834,-0.38264691829681396
2.6590771675109863,2.386422634124756,1.5140624046325684,2.1807875633239746,1.5827441215515137,1.9396328926086426,1.0731340646743774
-3.1456916332244873,-4.094430923461914,-3.791821002960205,-3.9779791831970215,-2.443404197692871,-4.20924186706543,-2.700288772583008
-0.6519550085067749,-1.132177710533142,-1.9932620525360107,-2.041646957397461,-1.9940822124481201,-1.8841915130615234,-3.149448871612549
0.5759702920913696,0.02374395728111267,0.3390648365020752,0.18652988970279694,0.14368070662021637,0.7634564638137817,-1.134191870689392
-0.7474808096885681,-1.338468074798584,-1.3245266675949097,-2.0408668518066406,-0.8279680013656616,-1.522576093673706,-0.6936391592025757
-1.8711237907409668,-1.0015661716461182,0.28062936663627625,-0.45867305994033813,0.8128615617752075,0.5947201251983643,1.7489120960235596
0.885932207107544,0.29798415303230286,-0.6601260304450989,-0.1262536644935608,-0.4268130660057068,0.3131812810897827,-0.9707592129707336
2.818645715713501,2.048692226409912,1.908868670463562,2.8663125038146973,2.1413614749908447,2.5596022605895996,0.9547792077064514
2.16707181930542,1.5103294849395752,2.3652632236480713,2.335740327835083,2.336970567703247,2.233025312423706,2.828550100326538
2.8607349395751953,2.6648507118225098,2.8030343055725098,2.8571596145629883,2.8665904998779297,3.058079481124878,2.1548731327056885
-5.373721122741699,-2.7164347171783447,-2.695932626724243,-2.544218063354492,-3.8360493183135986,-3.4463062286376953,-2.6410679817199707
-3.259155750274658,-0.3375045657157898,-2.349212884902954,-0.4326338469982147,-1.396228313446045,-0.07015842199325562,-0.9004027247428894
-2.070152759552002,-1.8440513610839844,-0.21393652260303497,-1.8760344982147217,-1.1373469829559326,-1.7409262657165527,-0.30223140120506287
0.264038622379303,-0.3410186171531677,-0.6346073746681213,-0.6141054034233093,-0.34347882866859436,-0.5230764150619507,-0.6222122311592102
1.6624031066894531,0.961216390132904,0.8342064023017883,0.9129341244697571,1.0458896160125732,0.8358466029167175,0.19000303745269775
0.19998663663864136,-0.33943790197372437,-0.18105989694595337,-0.5594245791435242,-0.5020021796226501,0.8255887031555176,-0.47387540340423584
-0.8545178174972534,-1.357055902481079,-3.397006034851074,-2.2029688358306885,-2.9787650108337402,-2.6244900226593018,-3.588343858718872
2.3792998790740967,1.5201810598373413,0.8601187467575073,1.7004961967468262,2.187008857727051,2.2083308696746826,0.8363240957260132
1.373892903327942,1.1581645011901855,0.9571935534477234,2.128268241882324,2.7031445503234863,2.223397731781006,1.9614049196243286
0.983786404132843,0.2859901785850525,0.6037713289260864,1.5077048540115356,1.4992990493774414,1.3327714204788208,1.3093478679656982
5.948683738708496,3.946838617324829,5.368704319000244,5.158763408660889,5.868133068084717,5.065274238586426,5.42543888092041
0.2604984641075134,-0.3007161617279053,-0.2506912350654602,-0.1358799934387207,0.5431464910507202,-0.3208081126213074,-0.22536784410476685
-1.557615041732788,-0.4977894723415375,-0.7060994505882263,-1.9053548574447632,-1.4674320220947266,-1.5076159238815308,-0.7079234719276428
3.0628833770751953,1.813352108001709,0.39676573872566223,1.2992641925811768,1.2594903707504272,1.7967454195022583,0.196107417345047
0.6147803664207458,0.19153496623039246,0.021778330206871033,0.32479798793792725,0.5659016370773315,1.016535758972168,0.7917110919952393
-0.2727230191230774,-0.4343017339706421,1.010064959526062,-0.474895715713501,-0.7264553904533386,-1.385389804840088,0.9958471059799194
-0.13018271327018738,0.732571005821228,0.9178067445755005,0.29946616291999817,0.5989364385604858,0.024739250540733337,1.396274447441101
-3.392911911010742,-3.3702800273895264,-3.934495210647583,-2.6842825412750244,-2.732872486114502,-2.707859992980957,-2.5443572998046875
2.107203960418701,2.1379880905151367,2.212615489959717,2.627986192703247,2.420506000518799,2.4844722747802734,3.7140984535217285
-1.9548152685165405,0.02517867088317871,-0.7963367700576782,-0.7368810176849365,-1.581358790397644,-1.3609620332717896,-0.9615469574928284
1.7669662237167358,1.7366074323654175,2.52429461479187,2.7744193077087402,2.365199089050293,2.794921398162842,2.496056318283081
0.5934029817581177,-0.5760854482650757,-0.961523175239563,-1.0931462049484253,-1.0230292081832886,-1.4035465717315674,-2.1424832344055176
-1.4268254041671753,-1.2114089727401733,-1.3647639751434326,-1.379115343093872,-2.762181043624878,-1.4562029838562012,-2.5012686252593994
-0.6537957191467285,0.5046936869621277,-1.314449667930603,-0.2579811215400696,-0.7535146474838257,-0.21431182324886322,-1.1889008283615112
0.549638032913208,0.03971187770366669,-0.14562629163265228,1.1049964427947998,0.3846581280231476,0.5100278258323669,0.7860473394393921
2.573014974594116,2.5481605529785156,1.3625292778015137,1.9162884950637817,2.205366849899292,2.1746137142181396,1.2426538467407227
-0.1336814910173416,1.4261095523834229,0.851233184337616,1.6819747686386108,0.5125400424003601,0.8803461194038391,0.9526402354240417
-1.4898970127105713,-0.4532952308654785,-0.32085224986076355,-0.7372480630874634,-0.5976293683052063,-0.9096698760986328,-0.03811633586883545
0.13574662804603577,1.0542255640029907,-0.1488323211669922,-0.07061716914176941,-0.023052528500556946,0.17433059215545654,-0.5312893390655518
-1.5972483158111572,-1.4298113584518433,-1.0363777875900269,-0.7253624200820923,-1.3957780599594116,-1.3420628309249878,-1.5886775255203247
0.12107905745506287,-0.5713518857955933,-0.4688418209552765,-1.4570386409759521,-0.3884739279747009,-0.7255270481109619,-1.1666343212127686
4.583722114562988,3.7125213146209717,3.7875587940216064,3.481668710708618,2.805307626724243,4.0450639724731445,1.3349778652191162
-2.4561429023742676,-2.018286943435669,-2.476301908493042,-2.117926836013794,-1.6713929176330566,-1.1982066631317139,-1.2341996431350708
1.1963599920272827,1.093969702720642,0.590645432472229,0.6829044222831726,0.04160160571336746,0.553946852684021,-0.1326131373643875
-1.5967960357666016,-0.8873453140258789,-0.49227163195610046,-0.020520389080047607,1.041893720626831,0.7729074954986572,1.606593370437622
-1.1800296306610107,-0.8505171537399292,-0.20798414945602417,0.23188646137714386,-0.2100343406200409,-0.26702994108200073,-0.20638377964496613
1.9685561656951904,-0.1482270061969757,0.5824645161628723,0.2560725808143616,0.903935968875885,0.16832400858402252,0.8023735284805298
-0.6568623185157776,-2.7799997329711914,-1.445523977279663,-2.034546375274658,-2.1190147399902344,-1.2406063079833984,-2.775087833404541
-4.105775356292725,-2.784400463104248,-3.414170980453491,-2.455292224884033,-2.2890210151672363,-2.315673351287842,-1.8730462789535522
-0.27184656262397766,1.0462592840194702,-0.24331700801849365,0.1261291652917862,-0.24680238962173462,-0.21697193384170532,-0.7846621870994568
-5.058926582336426,-2.5497429370880127,-2.3020787239074707,-1.949444055557251,-3.2872002124786377,-3.7474703788757324,-1.5791330337524414
2.999889373779297,2.4566056728363037,2.1248831748962402,2.2015604972839355,1.8325245380401611,2.396739959716797,0.5394881367683411
0.19849425554275513,-0.20398974418640137,0.42924049496650696,-0.4799467921257019,0.43946585059165955,-0.27697688341140747,1.1263943910598755
0.8069932460784912,0.6246188879013062,0.9018059968948364,0.3515321612358093,-0.4933556914329529,0.09218175709247589,-1.3104188442230225
-0.28142911195755005,-1.0692479610443115,-0.6528521776199341,-0.329535573720932,-0.5895010232925415,0.0610276460647583,-1.0514686107635498
5.868372440338135,3.3284249305725098,5.729722499847412,4.67673921585083,5.390209197998047,4.6217942237854,5.557260036468506
2.1402297019958496,1.464836835861206,2.1194660663604736,2.738421678543091,2.8946468830108643,2.0000932216644287,2.385687828063965
3.1150176525115967,1.8668657541275024,2.894170045852661,2.267423629760742,2.2584028244018555,2.2817749977111816,1.7881557941436768
-2.6591622829437256,-2.1775829792022705,-3.303553342819214,-1.8288439512252808,-2.3805527687072754,-1.8753834962844849,-2.75557804107666
0.7855421304702759,1.698559045791626,1.0273232460021973,1.2278329133987427,0.2172888219356537,1.3270626068115234,2.021928071975708
-0.9883366823196411,-1.7906575202941895,-1.1768274307250977,-1.017731785774231,-0.43383461236953735,-0.8795482516288757,-0.42683470249176025
0.08330675959587097,0.8117977380752563,-0.2568950951099396,0.4957336187362671,-0.5398228168487549,0.7206407785415649,-0.5500150918960571
1.476611852645874,-0.4064563810825348,-0.24900108575820923,-0.23998022079467773,-0.05853748321533203,0.19404730200767517,-0.7575998306274414
-0.6409212350845337,-0.7752137184143066,-0.114434152841568,-0.7329796552658081,-0.6509716510772705,-0.6054571866989136,0.2428349107503891
1.299882411956787,0.9529234170913696,0.48670774698257446,0.5149492621421814,0.05452539026737213,0.30321481823921204,-1.2005128860473633
0.7303868532180786,-0.4740447402000427,-1.4072961807250977,-1.8009347915649414,-1.0013563632965088,-1.2268785238265991,-1.9204707145690918
2.006286382675171,0.6990184783935547,1.6141256093978882,1.9209381341934204,1.2304304838180542,2.063632011413574,1.6295403242111206
-0.8362666368484497,-1.2692394256591797,-0.096114382147789,-0.8963590860366821,-0.6245536804199219,-0.4737613797187805,0.6929449439048767
-4.163940906524658,-3.153571367263794,-2.0359299182891846,-3.8245251178741455,-3.5383169651031494,-3.304081678390503,-1.335392713546753
1.312368631362915,1.5299674272537231,0.6397702097892761,1.7669706344604492,0.9112167358398438,1.5266871452331543,0.5553669333457947
-0.4395650625228882,-0.9248129725456238,-1.6936383247375488,-0.6875022649765015,-0.9879592061042786,-0.6367085576057434,-1.8401678800582886
-0.6863995790481567,-0.4480472207069397,-0.5499421954154968,-1.1301491260528564,-0.39863741397857666,-0.8275394439697266,-0.9755228161811829
-2.110764265060425,-0.5438531041145325,-1.6720784902572632,-0.36179524660110474,-1.3882282972335815,-0.5963382124900818,-0.5384949445724487
-2.128755807876587,-2.3296618461608887,-2.1104953289031982,-1.8413039445877075,-1.4681674242019653,-1.8525800704956055,-1.9459948539733887
3.1674306392669678,0.9448148012161255,2.6832826137542725,2.0765256881713867,3.462461471557617,2.7949674129486084,3.4644556045532227
-0.5221644043922424,-0.31151866912841797,1.460265040397644,0.586776852607727,0.31010228395462036,0.09237093478441238,1.2240551710128784
1.06549072265625,2.537122964859009,0.8968595862388611,1.1733291149139404,0.45985931158065796,0.46806007623672485,0.3742249011993408
-0.4100491404533386,-1.392529010772705,-1.1366639137268066,-1.2522952556610107,-0.9874093532562256,-1.488478422164917,-1.031536340713501
-3.590625047683716,-3.141700506210327,-3.650970458984375,-3.7936644554138184,-3.4533309936523438,-4.06757116317749,-2.64961576461792
-0.21431878209114075,0.7304410934448242,0.43152183294296265,-0.4072153568267822,-1.168044924736023,-0.4687213897705078,-1.2873787879943848
-2.0656418800354004,-2.7122764587402344,-2.5663022994995117,-2.036325216293335,-3.1005845069885254,-2.3032615184783936,-3.7862823009490967
-0.6734790205955505,0.34432369470596313,0.5954732894897461,1.3446166515350342,2.23850417137146,2.2253830432891846,2.3670434951782227
-0.9957759380340576,-1.2091165781021118,-1.530588150024414,-0.6131232380867004,-1.220597743988037,-0.17048484086990356,-2.5340564250946045
-2.3725266456604004,-1.3501216173171997,-0.7014379501342773,-1.7445802688598633,-1.3005067110061646,-1.392765760421753,-1.1719871759414673
-0.9173991680145264,-0.9169765114784241,0.5813102126121521,-0.8284080028533936,-0.12641914188861847,-1.575911283493042,0.060610607266426086
-2.6500778198242188,-0.39827895164489746,1.1028780937194824,0.7092394828796387,-0.012021183967590332,0.37054648995399475,1.169941782951355
-1.7505282163619995,-1.4540101289749146,-0.7202432751655579,-1.7191011905670166,-0.34423643350601196,-1.2780003547668457,0.4610966444015503
1.6182656288146973,1.0735759735107422,2.726447582244873,2.0925257205963135,2.4607415199279785,1.5492225885391235,2.868830680847168
-1.6856629848480225,-1.9986426830291748,-0.7234177589416504,-0.9345883727073669,0.4566778540611267,-0.8786178827285767,0.9973315000534058
-0.44994205236434937,0.02190379798412323,-0.6804950833320618,-0.028531134128570557,-0.34467214345932007,0.19863112270832062,-0.8105477690696716
0.31485432386398315,0.290838360786438,-0.5757815837860107,-0.9464579820632935,-1.4253848791122437,-1.0538884401321411,-1.213670253753662
0.5930525660514832,0.13712036609649658,-0.8748587369918823,-1.144665241241455,-1.041335105895996,-1.4562958478927612,-2.2308621406555176
-1.9343942403793335,-1.2065297365188599,-1.5396873950958252,-0.9616332054138184,-1.50831937789917,-1.4133950471878052,-1.3214149475097656
-1.6428548097610474,-0.1608128845691681,-0.5557328462600708,-1.115796446800232,0.24102655053138733,0.12662526965141296,0.5238054990768433
1.5349726676940918,2.1575353145599365,2.2133007049560547,2.196899175643921,1.5020860433578491,1.8491849899291992,2.7774314880371094
0.6673944592475891,0.5956782102584839,0.6817866563796997,0.8466227054595947,1.108228325843811,0.855643630027771,1.793461561203003
0.25515031814575195,0.2606911063194275,1.7816325426101685,0.3825755715370178,1.4601609706878662,0.6614028811454773,3.044085741043091
2.0883092880249023,1.4800570011138916,0.6652045845985413,0.4687952995300293,0.4294314384460449,-0.1790681928396225,0.6514791250228882
-4.505198001861572,-4.028838634490967,-3.49086594581604,-5.210574150085449,-4.04524040222168,-4.536468505859375,-2.7724108695983887
-1.3670177459716797,-2.240600824356079,-2.4689931869506836,-2.598155975341797,-2.3455710411071777,-2.268073558807373,-3.2191483974456787
-0.32982680201530457,-1.13981294631958,-0.7266973853111267,-0.7122434973716736,-1.029102087020874,-1.0307422876358032,-1.1875981092453003
-0.38857734203338623,0.15304195880889893,0.7652319669723511,0.9407291412353516,1.0768624544143677,0.1907656490802765,1.1642978191375732
-0.37263286113739014,-0.7646368145942688,-1.0205531120300293,-1.0355194807052612,-1.545609474182129,-1.3832335472106934,-2.537405252456665
-0.6178015470504761,-1.143594741821289,-0.5934233665466309,-0.4088027775287628,-0.6541092991828918,-0.2970668077468872,-0.1314433515071869
2.6714651584625244,3.310716152191162,1.520480751991272,2.2230844497680664,0.5019409656524658,1.5418028831481934,1.0553584098815918
2.0552542209625244,2.3148350715637207,1.5939844846725464,1.1791263818740845,2.202484130859375,1.1981931924819946,1.2815101146697998
8.340047836303711,18.30486488342285,13.738658905029297,12.433091163635254,10.68139934539795,10.537065505981445,12.70021915435791
2.684000015258789,1.6565611362457275,2.085463047027588,2.152709722518921,2.065781354904175,2.852238416671753,1.219752550125122
0.4925840497016907,0.2168794870376587,1.4492871761322021,-0.2966637909412384,1.5673787593841553,0.2660394608974457,1.5924084186553955
-1.8202781677246094,-0.7956422567367554,-0.12563659250736237,-1.573898434638977,-2.5784971714019775,-1.4037318229675293,-1.7908408641815186
2.4729275703430176,2.7616286277770996,1.976401925086975,2.390132427215576,1.5577510595321655,2.3126349449157715,1.687159538269043
-1.0773307085037231,-1.0368322134017944,-0.7316598892211914,-1.335649013519287,-2.3367621898651123,-2.6237902641296387,-1.3918730020523071
-1.5555928945541382,-1.9660325050354004,-1.3216544389724731,-0.9579489231109619,0.1132810115814209,-0.8693802356719971,0.7252389788627625
0.666926383972168,-0.801238477230072,-0.6142601370811462,0.15630781650543213,0.6527640223503113,-0.36372560262680054,0.6428335905075073
0.9201376438140869,-0.7570170760154724,-0.6282645463943481,-0.4224243760108948,0.6682825088500977,-0.6126829981803894,-0.11766928434371948
2.5056538581848145,2.6693763732910156,2.187809944152832,2.3869614601135254,0.861099362373352,1.955291509628296,0.5608596801757812
0.9023098945617676,0.2307726889848709,0.41631585359573364,0.8599792718887329,0.94239741563797,0.8899123072624207,1.1707792282104492
2.512342929840088,1.462017297744751,1.2246296405792236,1.8680596351623535,1.5144000053405762,1.9287455081939697,1.9884638786315918
-2.413343906402588,-3.1894264221191406,-2.9827661514282227,-2.831871509552002,-2.4082999229431152,-3.151702880859375,-2.0771045684814453
-3.090022325515747,-6.385533809661865,-3.833444118499756,-5.330910682678223,-4.4501447677612305,-4.030263423919678,-4.898704528808594
-0.03398282080888748,-0.4166010320186615,-0.8375073075294495,-0.8227458596229553,0.45821964740753174,-0.8297165036201477,-0.7085561156272888
-2.4636871814727783,-2.4414355754852295,-2.564652681350708,-2.576133966445923,-3.456284999847412,-3.1989848613739014,-4.754878997802734
-0.6462044715881348,-0.8002206087112427,-2.2312607765197754,-1.4735066890716553,-1.8343420028686523,-2.3395113945007324,-2.5055160522460938
0.696098268032074,0.5547630786895752,2.6369471549987793,1.5421396493911743,2.5221357345581055,2.00630521774292,3.6146342754364014
-1.2513933181762695,-2.113825559616089,-0.9116902351379395,-0.2957073748111725,-0.4252800941467285,0.06102755665779114,-0.450712651014328
0.7914986610412598,-0.16812554001808167,-0.284576952457428,-0.6978974938392639,0.30137044191360474,0.03607445955276489,1.306377649307251
-1.367400050163269,-2.652865171432495,-1.3709774017333984,-2.0710184574127197,-1.4726673364639282,-1.987370252609253,-2.339142322540283
0.9995468854904175,0.14745567739009857,0.5361737608909607,0.6669765114784241,0.4627765417098999,0.5538054704666138,0.5697466731071472
-3.68168044090271,-1.950814962387085,-2.187716007232666,-2.8302488327026367,-2.8441903591156006,-2.9278385639190674,-1.6110552549362183
-2.1600401401519775,-1.2797181606292725,0.20011664927005768,0.8865238428115845,1.1915937662124634,0.8159970045089722,1.803794264793396
-0.5763421654701233,-1.4416489601135254,-2.338099241256714,-2.3897643089294434,-1.99612557888031,-2.231898784637451,-2.386631965637207
-2.546429395675659,-1.571054458618164,-2.8733417987823486,-2.8749821186065674,-2.0114376544952393,-1.767873764038086,-2.5843307971954346
-0.5251883268356323,-0.9294965267181396,-2.4142520427703857,-1.9714086055755615,-1.6942213773727417,-1.0254459381103516,-2.4933271408081055
-2.371807813644409,-2.994401693344116,-1.6630011796951294,-1.4255878925323486,-0.8843348622322083,-1.6035453081130981,-0.6466506123542786
-1.8806670904159546,-1.4542953968048096,-1.4134963750839233,-0.746770977973938,-1.2515305280685425,-0.895205557346344,-1.2709639072418213
2.197195529937744,1.5058386325836182,1.3085068464279175,0.6146163940429688,0.7007247805595398,0.5867335796356201,0.6455433964729309
1.1552963256835938,-0.796218752861023,0.605298638343811,0.083112433552742,0.13477744162082672,-0.40627050399780273,0.22932018339633942
1.955443024635315,1.492643117904663,2.814356565475464,1.6781350374221802,1.5972546339035034,1.3996152877807617,1.4669820070266724
-0.8958206176757812,-2.1881327629089355,-1.138430118560791,-2.0044350624084473,-0.7657036781311035,-2.366910219192505,-0.8489731550216675
0.4621470272541046,-0.0056528374552726746,-1.42808198928833,-0.8901093602180481,-0.7293737530708313,-0.5005713105201721,-1.7694522142410278
-0.0694996789097786,0.5688397884368896,0.08970783650875092,-0.1940399557352066,0.4273758828639984,-0.47327733039855957,0.7066558003425598
0.7712147235870361,0.3549737334251404,1.505136251449585,1.3091371059417725,2.85170841217041,1.1779242753982544,1.9014480113983154
0.035906463861465454,0.5028480887413025,0.3589239716529846,-0.005037903785705566,-1.0417730808258057,-0.13886487483978271,-0.2634693384170532
-2.3089447021484375,-1.315963625907898,-1.2382609844207764,-2.6553597450256348,-2.6110754013061523,-2.8054347038269043,-1.411362648010254
-0.6810281276702881,-0.897019624710083,-1.6361169815063477,0.3722597360610962,-0.33854493498802185,-0.40087103843688965,-0.665324330329895
0.8422133326530457,-0.3232157826423645,0.7945536971092224,0.7568300366401672,1.603973150253296,1.205414056777954,2.4556732177734375
-0.3483484387397766,-0.6443175077438354,-1.465627908706665,-0.9776800870895386,-1.4262640476226807,-1.2811098098754883,-0.4883689284324646
0.277543306350708,0.30962082743644714,0.2772276699542999,1.2906420230865479,1.0019737482070923,0.8537442684173584,-0.5449784398078918
-2.2806034088134766,-1.576606273651123,-0.9426841735839844,-1.7605252265930176,-0.002872169017791748,-1.152214765548706,0.33943942189216614
-1.1383448839187622,-1.1576298475265503,-0.08429849147796631,-0.28321921825408936,0.29083704948425293,0.8933911323547363,1.8107126951217651
2.0811848640441895,1.3835970163345337,0.46961748600006104,0.2631622552871704,0.6090695858001709,0.7986747026443481,1.025744915008545
1.1658673286437988,0.5437870025634766,-0.3277534246444702,-0.326113224029541,-0.6283128261566162,-0.12273330241441727,-0.9973045587539673
-1.849746584892273,-1.3008490800857544,-1.058483362197876,-1.91119384765625,-2.0161643028259277,-1.9874613285064697,-0.209926575422287
6.186020851135254,5.687709331512451,5.728713512420654,6.286367893218994,6.027222633361816,6.3470540046691895,6.053061008453369
1.0074341297149658,1.1437267065048218,1.6489732265472412,1.2618951797485352,1.2208911180496216,1.155387282371521,1.651780128479004
3.403177499771118,2.283154010772705,1.122740387916565,0.7733861207962036,1.4591398239135742,0.9993182420730591,-0.05870160460472107
-0.5319453477859497,-0.5716732144355774,-1.097754716873169,-0.6864844560623169,-0.24389737844467163,-0.0690152496099472,0.2888435125350952
3.2956302165985107,3.0506560802459717,2.7472264766693115,3.0568065643310547,2.2365212440490723,1.9578990936279297,2.7799246311187744
1.5708935260772705,0.7713279128074646,1.1752175092697144,0.7159724831581116,-0.5539218783378601,0.2860454022884369,0.5907556414604187
-0.45792609453201294,-0.683429479598999,-1.2125864028930664,-1.7612202167510986,-1.7120153903961182,-2.3688995838165283,-1.2667930126190186
0.17978358268737793,0.8873955011367798,-0.49854034185409546,1.3367995023727417,1.956780195236206,1.0120476484298706,1.13336980342865
-2.855125904083252,-3.247762441635132,-3.0063512325286865,-4.002954006195068,-4.212894916534424,-3.9193055629730225,-3.125605821609497
-1.1988449096679688,-0.7744133472442627,-0.4500716030597687,-0.9568811655044556,-0.4090675711631775,-0.6567318439483643,-0.36010488867759705
-2.0142037868499756,-1.6429795026779175,-1.113412618637085,-2.5042688846588135,-1.5521043539047241,-2.2791566848754883,-2.0741517543792725
-0.5189130306243896,-0.025867730379104614,-1.251067876815796,0.1508595496416092,-0.5402502417564392,0.3005242347717285,0.13105304539203644
0.7127293944358826,0.6715651154518127,0.6547534465789795,0.6682847738265991,1.5761138200759888,1.0176390409469604,0.8795866966247559
0.4548235833644867,1.6579679250717163,0.5988342761993408,1.8904606103897095,0.4819728136062622,1.8191136121749878,0.6277867555618286
0.8958568572998047,1.9106173515319824,0.298339307308197,0.8994581699371338,-0.026412488892674446,1.3505536317825317,0.17445653676986694
0.651982307434082,0.5247681140899658,1.2796521186828613,1.4682705402374268,2.0661091804504395,1.8430472612380981,1.8186671733856201
-0.013968545943498611,-0.15490177273750305,-0.3919049799442291,-0.5682222843170166,-0.9060953855514526,-0.9282375574111938,-0.6801608800888062
-1.96718168258667,-1.5350857973098755,-3.2744762897491455,-3.23675274848938,-2.741424083709717,-3.2580747604370117,-3.026090145111084
0.6583833694458008,0.1400890201330185,0.9179351925849915,1.1311562061309814,1.493221640586853,1.8618476390838623,1.7930965423583984
1.0405558347702026,0.41462060809135437,0.08535835891962051,0.4452711045742035,0.6709469556808472,0.552804172039032,1.0467556715011597
1.6635353565216064,-0.1593908667564392,0.468790739774704,0.27935221791267395,-0.6908027529716492,0.78780198097229,-0.5945243835449219
2.245835304260254,1.8056659698486328,0.20322903990745544,0.6083486676216125,-0.4757975935935974,0.9732844233512878,-1.6736607551574707
3.983790159225464,2.0764241218566895,2.0641229152679443,2.641356945037842,2.961393117904663,2.8900461196899414,0.6514120101928711
-1.6721324920654297,-1.6416234970092773,-2.040182590484619,-2.4231600761413574,-2.4731850624084473,-2.506808280944824,-2.164821147918701
-0.22286644577980042,0.4765084385871887,-0.19523990154266357,-0.07017761468887329,-0.4306029677391052,-0.09601014852523804,-0.7629419565200806
-0.6910176277160645,-0.6331374645233154,-1.1596291065216064,-1.8353753089904785,-1.0915623903274536,-0.9078644514083862,-1.080403447151184
-0.32128721475601196,0.7450339794158936,-0.385036826133728,0.004245089367032051,-0.8979970216751099,-0.06910086423158646,-1.0704454183578491
2.463099718093872,3.231816530227661,4.058457374572754,3.7279651165008545,3.7927513122558594,3.4638991355895996,3.167588710784912
-1.7912901639938354,-0.5931393504142761,-1.039673089981079,-1.3346970081329346,-1.7480686902999878,-1.5819511413574219,-1.6175453662872314
1.412906289100647,1.8377258777618408,1.4108738899230957,2.6783082485198975,1.3374767303466797,1.7770397663116455,1.091915488243103
-0.4944590628147125,-0.8831889629364014,-1.0365439653396606,-0.08586573600769043,-1.064016580581665,-0.7843692302703857,-1.4931902885437012
3.313175678253174,2.3982574939727783,3.1424806118011475,3.666922092437744,3.832578182220459,3.8071558475494385,5.085021495819092
2.8508381843566895,3.0785024166107178,2.6381194591522217,3.2777819633483887,2.4441704750061035,3.1096653938293457,2.9699325561523438
-1.3990144729614258,-1.2237539291381836,-1.6489654779434204,-0.15272904932498932,-0.5468801259994507,-0.35649335384368896,-0.9524130821228027
-2.2349796295166016,-1.0994315147399902,-1.9662564992904663,-0.8054326772689819,-1.6788182258605957,-1.0231640338897705,-2.001404047012329
3.912776470184326,2.588757038116455,4.3543901443481445,4.939927577972412,4.780831813812256,4.733267307281494,4.1066575050354
-0.5417823791503906,0.6207096576690674,1.8930643796920776,1.8832234144210815,1.6691824197769165,1.9963945150375366,2.7497265338897705
-0.1999683380126953,-0.3267388939857483,-0.20833979547023773,-1.001152515411377,0.2925242781639099,-0.9626087546348572,0.8213465213775635
-2.6587047576904297,-1.8779805898666382,-1.7664496898651123,-1.3309869766235352,-0.9086456894874573,-2.023134708404541,-0.998931884765625
-0.7805130481719971,-0.5695540308952332,0.32033562660217285,-0.011386871337890625,0.47533082962036133,1.205202341079712,0.9563904404640198
-0.004201740026473999,-1.165340781211853,-0.3905315101146698,-1.1959880590438843,-0.8792992830276489,-1.157024621963501,-2.09732985496521
1.2091788053512573,0.9571362733840942,1.0290982723236084,0.8361743688583374,0.14751186966896057,-0.32403433322906494,-1.143141508102417
-1.7044445276260376,-1.4562923908233643,-1.1090909242630005,-2.093904972076416,-1.8306591510772705,-2.0799636840820312,-1.671541690826416
0.19939279556274414,0.9141537547111511,1.5677576065063477,1.4709882736206055,2.777376174926758,1.7735977172851562,3.576176166534424
-3.7861781120300293,-3.6766319274902344,-4.538536548614502,-4.086671829223633,-3.973500967025757,-3.5856029987335205,-4.318109035491943
-0.18210729956626892,0.004399165511131287,0.4034707546234131,0.475432813167572,0.21669748425483704,0.8920336961746216,0.9061736464500427
-0.7605201601982117,-0.4659697413444519,-1.0392059087753296,-0.4774509072303772,-1.4754887819290161,0.07507824897766113,-1.4333736896514893
-1.689595341682434,-0.489072322845459,-1.7009460926055908,-1.408843755722046,-2.1624462604522705,-1.8016109466552734,-1.5332847833633423
4.097138404846191,1.864577293395996,2.7864503860473633,3.37721586227417,3.8434314727783203,3.6539928913116455,2.531646728515625
-0.37626051902770996,0.6783961057662964,1.1839756965637207,1.282385230064392,1.1618335247039795,1.0150392055511475,2.2947998046875
2.9793813228607178,2.1696231365203857,0.899113655090332,1.5559979677200317,1.1221755743026733,1.3468774557113647,0.7305269837379456
-0.9524837732315063,-0.7213175296783447,0.6047524213790894,0.5014222860336304,0.8097724914550781,0.4973219335079193,0.8321451544761658
-0.29429131746292114,0.04649072885513306,-0.10973457992076874,1.08922278881073,1.2926028966903687,1.519765019416809,0.9541548490524292
-4.21593713760376,-4.087240695953369,-3.944546699523926,-3.8567981719970703,-4.004412651062012,-3.567309856414795,-3.899846076965332
-3.7438130378723145,-2.4621613025665283,-2.3645718097686768,-2.26985239982605,-3.3398523330688477,-2.6237170696258545,-2.251175880432129
0.13675101101398468,-0.09549036622047424,0.9743044972419739,0.6856362223625183,1.2145880460739136,0.8939366340637207,2.0816662311553955
0.641128420829773,-0.018669426441192627,-0.29288384318351746,0.5624598264694214,-0.20677536725997925,0.29019320011138916,-0.526485025882721
-3.639615774154663,-3.048598527908325,-1.5023372173309326,-2.345789670944214,-0.9131094813346863,-1.748053789138794,0.4041992127895355
2.2548089027404785,2.076904296875,1.8481019735336304,1.5618940591812134,1.1591318845748901,1.5979775190353394,1.3893214464187622
-2.472245931625366,-1.6096992492675781,-2.1033875942230225,-3.0345888137817383,-3.154730796813965,-3.0854339599609375,-1.9156742095947266
0.5214492082595825,0.5579744577407837,1.7606221437454224,1.4202890396118164,1.9295586347579956,1.5039371252059937,2.386035680770874
0.02836492657661438,0.05257914960384369,0.008704856038093567,0.6438570618629456,0.7168442606925964,1.09982168674469,0.47224390506744385
-3.775158405303955,-2.5743842124938965,-2.192636728286743,-2.5715138912200928,-2.4657235145568848,-1.1798374652862549,-1.9919490814208984
1.289778470993042,0.18700028955936432,0.8717673420906067,0.9373737573623657,0.838144063949585,0.7770481109619141,0.5680548548698425
-0.9378055334091187,-1.6640431880950928,0.565345287322998,-0.6139302253723145,0.14136376976966858,-0.9048793315887451,1.3673101663589478
-2.3524856567382812,-1.9676032066345215,-1.9577622413635254,-1.1756618022918701,-1.525579810142517,-1.9048670530319214,-1.5145515203475952
-0.8724919557571411,0.07655593752861023,-1.0340379476547241,-0.4643895924091339,-0.9602307081222534,-0.8175367116928101,-1.301069736480713
2.298910617828369,1.6958980560302734,0.5039112567901611,0.22508391737937927,0.8974473476409912,0.017603546380996704,0.13406994938850403
-2.471977949142456,-1.9650055170059204,-2.117335557937622,-1.4603486061096191,-0.4570828080177307,-1.529799222946167,-0.7889293432235718
-3.434007167816162,-3.8190767765045166,-3.68294358253479,-3.8953442573547363,-3.7608511447906494,-3.721487283706665,-4.284604549407959
0.10233044624328613,0.6126532554626465,-1.3292970657348633,-0.7749227285385132,-1.4490288496017456,-0.6022958755493164,-1.4807026386260986
-1.0938695669174194,-1.1295400857925415,0.4015843868255615,-0.9619017243385315,0.6894325017929077,-0.5017341375350952,0.6877124905586243
2.3100221157073975,0.7160828113555908,0.6657503843307495,-0.07724236696958542,0.21921662986278534,0.007635936141014099,-1.4658222198486328
-1.856928825378418,-0.4541335999965668,-1.9618513584136963,-1.776103138923645,-1.0575077533721924,-1.3390387296676636,-1.64992356300354
1.7858717441558838,1.0694142580032349,1.903384804725647,1.3658733367919922,1.4884753227233887,0.8032981157302856,2.1764280796051025
0.1065908670425415,1.652756690979004,1.1738297939300537,1.7823293209075928,2.746743679046631,1.8102118968963623,3.048276424407959
4.707999229431152,3.650696277618408,4.037774085998535,4.434692859649658,3.9492053985595703,3.383965015411377,3.3637912273406982
2.180386543273926,3.2054765224456787,3.392864942550659,3.7684617042541504,2.716298818588257,3.2641122341156006,2.7355902194976807
2.0583274364471436,0.8776172399520874,1.2040092945098877,0.32160279154777527,1.226561427116394,0.08377954363822937,1.3405319452285767
-3.7471280097961426,-3.4058938026428223,-3.5969724655151367,-3.6732399463653564,-3.712603807449341,-3.215635061264038,-4.0476155281066895
1.0900776386260986,1.2462286949157715,1.2363877296447754,1.866209626197815,1.9203346967697144,1.8178247213363647,1.9703869819641113
-1.8602524995803833,-1.5832781791687012,-1.0211130380630493,-2.2590243816375732,-2.4525632858276367,-2.765833854675293,-2.027388095855713
0.45104849338531494,0.08604682981967926,-0.06915339827537537,-1.0678062438964844,-1.1125006675720215,-1.012860894203186,-0.9642674922943115
6.1965155601501465,5.011035442352295,5.263210296630859,5.788881778717041,5.995542049407959,5.8540778160095215,5.270527362823486
1.3315989971160889,1.4180933237075806,0.9840657114982605,0.7230238914489746,0.36675024032592773,0.18920285999774933,0.015912622213363647
0.2784416973590851,0.7989211082458496,1.1519657373428345,0.8673977851867676,-0.47958412766456604,0.5758593082427979,-0.6770557761192322
20.908767700195312,10.18657112121582,27.769094467163086,6.932492256164551,24.93489646911621,7.194917678833008,36.694915771484375
-1.9548929929733276,-1.618926763534546,-1.8768932819366455,-1.4385603666305542,-2.7607345581054688,-1.6418378353118896,-2.4437029361724854
0.8508697748184204,1.2326109409332275,1.019800066947937,0.3512808382511139,0.3684256374835968,0.3972565233707428,1.2636021375656128
0.8243406414985657,1.4413820505142212,1.498787522315979,0.2979336977005005,0.847233772277832,0.016697436571121216,2.265618324279785
0.009284697473049164,0.31741541624069214,-1.4215648174285889,0.40106362104415894,-1.3633391857147217,0.32889655232429504,-0.7105643153190613
-0.22143414616584778,-0.21712595224380493,-0.04203876852989197,0.22776761651039124,0.01639196276664734,0.045709818601608276,0.29456627368927
1.099880576133728,-0.5412713885307312,0.9440990686416626,0.03893539309501648,0.6737800240516663,0.6149905323982239,0.4094599485397339
1.3683135509490967,1.6313594579696655,1.7227983474731445,1.8646724224090576,2.2406795024871826,2.4333982467651367,2.577768325805664
-0.9609814286231995,0.034447625279426575,-0.6551886796951294,-0.9400129318237305,-1.1628696918487549,-0.5753846168518066,-1.6636626720428467
0.6642992496490479,0.8631570339202881,1.281372308731079,1.2463138103485107,1.5655304193496704,0.9562104940414429,2.7571094036102295
-0.024843335151672363,-0.6778881549835205,-0.4607718586921692,-0.5495455265045166,0.0006771385669708252,-0.22059084475040436,-0.28500229120254517
-0.3130274713039398,-1.5342379808425903,-1.4604307413101196,-1.6400282382965088,-1.3497198820114136,-1.8827720880508423,-1.123705267906189
-2.371115207672119,-2.425926685333252,-2.621515989303589,-1.629218578338623,-1.6586389541625977,-1.4572067260742188,-2.465595006942749
4.943274021148682,2.6174793243408203,2.3710453510284424,2.794052839279175,2.5342414379119873,3.193995952606201,1.36912202835083
-1.3298935890197754,-0.8170713186264038,-1.1985112428665161,-1.9394538402557373,-1.1560720205307007,-0.9794344305992126,-0.413082480430603
2.2241387367248535,1.3851826190948486,2.2599008083343506,1.9613914489746094,1.2684236764907837,0.7025682926177979,0.49010223150253296
-4.193061828613281,-2.942854166030884,-2.2896599769592285,-1.664348840713501,-1.7324154376983643,-1.4929521083831787,-0.015488624572753906
-3.5777394771575928,-2.988677740097046,-2.786015272140503,-3.4863638877868652,-4.014290809631348,-2.765308141708374,-3.9723589420318604
-3.3002729415893555,-2.5304393768310547,-2.5644726753234863,-1.4184105396270752,-2.0998971462249756,-1.6742753982543945,-2.2018351554870605
0.5168104767799377,-0.033991098403930664,0.6896272897720337,-0.056440770626068115,1.0885963439941406,0.37174364924430847,1.2369766235351562
0.9704900979995728,1.5581433773040771,0.4966517984867096,1.5179593563079834,0.9516938328742981,1.3359016180038452,-0.2184281200170517
-1.666001796722412,-2.9882993698120117,-2.8480656147003174,-3.357335329055786,-2.147717237472534,-4.300427436828613,-2.6700053215026855
-0.001127883791923523,-0.12750308215618134,-1.9754003286361694,-0.5673224925994873,-1.2545496225357056,-0.6776233315467834,-2.624004364013672
-2.7233121395111084,-4.335625648498535,-4.156847953796387,-4.027275562286377,-3.1317474842071533,-3.734506607055664,-4.1450324058532715
1.0290639400482178,2.1489551067352295,1.3359479904174805,3.190047264099121,2.5118408203125,3.3524229526519775,2.214085817337036
0.9642409682273865,0.9194934964179993,-0.16403770446777344,-0.08987164497375488,-0.5058062076568604,-0.051558494567871094,-1.4113848209381104
-0.47412341833114624,-1.729434609413147,-0.47184136509895325,-0.5981336832046509,0.7336767911911011,-0.6411879062652588,1.2370082139968872
-1.23892343044281,-0.8573461771011353,-1.655489444732666,-2.2525079250335693,-1.8113048076629639,-2.260708808898926,-2.542830228805542
1.4948103427886963,1.9748589992523193,2.479208469390869,2.413602113723755,1.9773192405700684,1.5054656267166138,2.2447688579559326
-5.2738423347473145,-5.078505992889404,-6.115087509155273,-6.949109077453613,-6.970431327819824,-7.067200660705566,-6.861332893371582
2.418160915374756,1.3215943574905396,2.576317310333252,1.2322056293487549,0.6569192409515381,0.34200847148895264,-0.2575322091579437
-1.2832093238830566,-2.35971736907959,-2.853405714035034,-2.5417752265930176,-2.1501870155334473,-2.956735849380493,-2.5559186935424805
-3.0821688175201416,-0.7336587905883789,-2.028104305267334,-0.7787631750106812,-2.8912899494171143,-2.086261034011841,-2.7935144901275635
1.220155119895935,0.4024844765663147,-0.05414653569459915,0.2866481840610504,0.41212043166160583,0.820315420627594,-0.5171400308609009
0.460842102766037,0.5215012431144714,1.902106523513794,1.5363507270812988,1.767613410949707,1.5314302444458008,1.9848089218139648
1.1502598524093628,2.7039716243743896,2.4066925048828125,2.33063006401062,2.097048044204712,2.785569667816162,2.9658541679382324
-4.002357006072998,-3.088942289352417,-4.181904315948486,-3.715893507003784,-4.661036491394043,-4.357606410980225,-4.414238452911377
1.4419392347335815,-0.13216868042945862,-0.3609711229801178,-1.1794111728668213,-0.8989436626434326,-1.0547590255737305,-0.9845957159996033
0.903096616268158,0.5948469638824463,0.42421895265579224,0.45984119176864624,1.5373241901397705,1.3659274578094482,1.6513092517852783
-4.4058661460876465,-4.259160041809082,-2.370105028152466,-3.9426093101501465,-3.7310285568237305,-4.2050347328186035,-2.0707826614379883
0.745984673500061,0.07410363852977753,-0.2219454050064087,0.4058261215686798,1.701963186264038,0.8177114725112915,0.2567862868309021
1.1497379541397095,-0.9612405300140381,-0.6545305848121643,-1.1432983875274658,-1.1457586288452148,-1.222846269607544,-0.7778499722480774
0.19573408365249634,0.3341861665248871,1.8347282409667969,1.856870412826538,1.890493631362915,1.4566709995269775,3.1863181591033936
0.3906937539577484,0.1364368498325348,1.06727933883667,1.4986416101455688,1.2124335765838623,1.5732688903808594,2.477339267730713
1.3016501665115356,0.38696303963661194,-0.08540324866771698,1.0799310207366943,-0.4150754511356354,0.4972638785839081,-1.077195167541504
-5.533216953277588,-4.241531848907471,-4.402729034423828,-4.16526460647583,-4.943521022796631,-4.4380950927734375,-4.342864036560059
-1.0679274797439575,-0.5336249470710754,-0.6121476888656616,-0.7823143005371094,-0.4690436124801636,-0.8528412580490112,-0.07832355797290802
-2.955861806869507,-0.7449948191642761,-2.7927353382110596,-2.256812810897827,-2.1506125926971436,-2.519648551940918,-2.603239059448242
0.9532005786895752,-0.4823164939880371,-0.6807760000228882,-0.2637650966644287,-0.702149510383606,-0.20635950565338135,-1.9482455253601074
1.6618880033493042,0.9226751923561096,2.049670696258545,1.909436821937561,2.2022056579589844,1.6252790689468384,2.130117177963257
2.904721736907959,2.1589043140411377,2.4852962493896484,2.425840377807617,3.443150043487549,3.480053663253784,3.821312665939331
1.642484188079834,0.14745058119297028,2.082430124282837,1.4542485475540161,2.2382452487945557,1.7621197700500488,2.491960287094116
2.269848585128784,2.5188698768615723,2.597597599029541,3.67313289642334,3.079394817352295,2.4573638439178467,3.3892393112182617
-0.5022130012512207,-0.4858662188053131,-1.2801140546798706,-1.2251685857772827,-0.6242548227310181,-0.03912746161222458,-1.9930490255355835
3.74630069732666,1.6547640562057495,1.6240110397338867,1.4366226196289062,2.5363502502441406,1.7839266061782837,1.6971451044082642
-0.34247758984565735,0.589559018611908,0.9512144327163696,0.7322530150413513,0.26808756589889526,0.8560850620269775,0.9968279004096985
1.3701893091201782,-0.38439875841140747,-0.19906054437160492,0.14024768769741058,0.6511576771736145,0.453005850315094,0.29047122597694397
-2.6688408851623535,-0.38534262776374817,-0.7334668040275574,-0.49031296372413635,-1.305780291557312,0.0017352700233459473,-0.5557563304901123
-1.8011996746063232,-0.8300162553787231,0.07673633098602295,-0.4589298963546753,0.16509997844696045,-0.4728713035583496,1.6182260513305664
-1.9538679122924805,-2.2634711265563965,-1.1898196935653687,-2.4512696266174316,-1.4321149587631226,-2.6193864345550537,-0.028478115797042847
-0.13234686851501465,-0.046460434794425964,-0.3010953962802887,0.3340567946434021,-0.3578859567642212,-0.243484765291214,-0.8349921703338623
2.796670436859131,2.971893787384033,2.6815853118896484,2.841501235961914,1.9857470989227295,2.648782253265381,1.9821912050247192
-5.172060489654541,-3.0542733669281006,-2.515685796737671,-2.35371994972229,-2.8353118896484375,-3.019932508468628,-0.8703584671020508
1.9427318572998047,2.055169105529785,0.787324845790863,0.02834048867225647,-0.4251638650894165,-0.7613969445228577,-0.6899529695510864
3.6707565784454346,1.6046481132507324,3.089813709259033,2.2607126235961914,2.961881160736084,2.375523567199707,3.1429803371429443
-1.0653408765792847,0.07946440577507019,-0.17722076177597046,-0.3084336221218109,-1.0637274980545044,-0.297465056180954,0.5402460694313049
-0.43085604906082153,-0.9839552044868469,-0.6817556619644165,-0.7293203473091125,-0.12246087938547134,-0.1901174783706665,-0.46009209752082825
-1.5356402397155762,-1.0355061292648315,-1.048319935798645,-0.3485862910747528,-0.7057312726974487,0.2693442404270172,-0.4879618287086487
1.6066265106201172,0.512842059135437,1.6732046604156494,0.5915698409080505,1.037642240524292,0.3812704086303711,2.5681686401367188
1.1115602254867554,1.0572880506515503,1.4722486734390259,0.4713405966758728,0.6689799427986145,0.5029136538505554,0.7259385585784912
-1.6339668035507202,-0.061855167150497437,-1.9080610275268555,-1.702349066734314,-1.766340970993042,-1.422573447227478,-2.737596035003662
-1.2366993427276611,0.10404752194881439,-0.7180317044258118,-0.015274137258529663,-2.26639461517334,-0.3945612907409668,-2.080399751663208
1.6508482694625854,1.0170766115188599,0.5088319182395935,0.24353593587875366,-0.3821853995323181,0.3907403349876404,-0.5542399883270264
-0.5505675673484802,-1.5969539880752563,-1.3222270011901855,-1.6543595790863037,-1.6149957180023193,-1.5936737060546875,-1.1127698421478271
1.3129081726074219,0.642288327217102,1.1729828119277954,0.6540000438690186,1.7835326194763184,0.5482866168022156,1.6448123455047607
0.7595135569572449,-0.7549213171005249,-0.4662531912326813,-1.383923053741455,-0.5572820901870728,-1.1887439489364624,-0.9471429586410522
0.11047390103340149,0.6131764650344849,0.38355401158332825,-0.4108988344669342,-0.634601354598999,-0.7646610140800476,-1.6118682622909546
1.3765844106674194,1.0437248945236206,1.1220425367355347,2.0780510902404785,1.4806227684020996,1.6475090980529785,0.1491362750530243
1.346125841140747,0.07288584113121033,-0.6254125833511353,-0.4212125837802887,-0.36626723408699036,-0.9042397737503052,-0.8036784529685974
1.9134615659713745,0.6410328149795532,1.7970898151397705,1.4633171558380127,1.770847201347351,0.860865592956543,2.2156052589416504
-1.416638731956482,-0.09706036746501923,0.17848670482635498,-0.15036557614803314,0.8042079210281372,-0.19464991986751556,2.0108914375305176
2.0528571605682373,2.0583319664001465,2.012510061264038,1.998671293258667,1.860180139541626,1.8807334899902344,1.5746374130249023
-2.8882389068603516,-1.7820651531219482,-2.7067055702209473,-3.642827272415161,-2.8354580402374268,-3.9347758293151855,-2.438174247741699
-0.676864743232727,-2.017512798309326,-2.769526720046997,-2.0101318359375,-2.8564553260803223,-1.804291844367981,-3.5809741020202637
2.7070302963256836,1.9685635566711426,1.7455015182495117,2.284499406814575,1.3709299564361572,1.4377665519714355,1.9614958763122559
3.190124988555908,2.6055471897125244,2.745370864868164,3.0973901748657227,3.3897488117218018,3.5258822441101074,3.426391124725342
0.16356056928634644,-0.24571657180786133,0.4293120801448822,0.4735964238643646,-0.6310518980026245,0.2445889711380005,-0.6455813646316528
-1.9604474306106567,-1.1734257936477661,-0.93047696352005,-0.6942937970161438,-0.5151062607765198,-0.5872732996940613,-0.14268331229686737
1.22202467918396,0.26355257630348206,1.4377025365829468,0.024499118328094482,0.3433053493499756,-0.3080434203147888,0.4894794225692749
-3.0559864044189453,-1.6977369785308838,-1.375035285949707,-1.9622385501861572,-2.0275118350982666,-2.258056879043579,-1.4980775117874146
1.6733945608139038,2.184148073196411,3.1764450073242188,3.1272401809692383,2.7073590755462646,2.3793270587921143,2.9952094554901123
-0.5146775245666504,0.08257237076759338,0.40066099166870117,0.6905593872070312,0.8394039869308472,0.9812778234481812,-0.31620532274246216
3.5760741233825684,2.985358715057373,2.647690773010254,3.0915589332580566,1.7166944742202759,2.486647367477417,0.2601165771484375
0.052177950739860535,0.49459171295166016,0.9124225974082947,0.9433806538581848,0.6767520308494568,1.5865287780761719,1.0379157066345215
-1.6403892040252686,-2.978137254714966,-1.8982963562011719,-2.751384973526001,-1.025525689125061,-2.1405789852142334,-1.1407026052474976
-0.04827535152435303,0.6801358461380005,0.9302603006362915,0.6329811811447144,0.7941269874572754,0.6584036350250244,1.927011251449585
-1.176517128944397,0.3184182643890381,-1.600569725036621,-0.9176735281944275,-1.5419340133666992,-0.6209838390350342,-1.835574746131897
3.9029715061187744,4.137282371520996,5.48877477645874,4.721179485321045,5.193545818328857,4.908157825469971,4.6856794357299805
-1.4657188653945923,-1.0895744562149048,-1.81110417842865,-1.3528202772140503,-1.8489688634872437,-1.6301099061965942,-1.6216018199920654
1.9941492080688477,0.14341682195663452,1.7089502811431885,1.2321760654449463,1.2324836254119873,0.8903049230575562,1.320986032485962
2.1449575424194336,2.015277147293091,1.5336849689483643,2.189749240875244,1.998260498046875,2.334083318710327,1.7303714752197266
3.6462666988372803,3.1466963291168213,3.239365339279175,3.8593461513519287,3.7970199584960938,3.901170253753662,4.337787628173828
1.5546067953109741,0.39884963631629944,0.2061307430267334,0.7855175733566284,0.4669162929058075,0.07655806839466095,0.05396377295255661
-2.0643129348754883,-1.9251952171325684,-2.2433862686157227,-1.816124439239502,-1.7201751470565796,-1.9034630060195923,-1.2864422798156738
-1.9175509214401245,-1.9039889574050903,-3.59417462348938,-3.1431305408477783,-4.447058200836182,-3.3743932247161865,-4.11295223236084
0.06674744188785553,-0.2082870453596115,0.25362318754196167,0.7571524977684021,0.3716314435005188,1.4031707048416138,-0.2562471032142639
2.1717405319213867,1.3024733066558838,1.955052137374878,1.9804747104644775,0.6847476959228516,1.1263225078582764,0.17408224940299988
2.9114725589752197,2.2809548377990723,3.206005811691284,2.277674674987793,2.876948356628418,2.4650630950927734,3.4746813774108887
-0.2834329605102539,-1.417466163635254,-1.6971135139465332,-0.2709936797618866,-0.884003758430481,-0.82331782579422,-0.4225682020187378
-1.9458080530166626,-2.356252670288086,-3.4719717502593994,-3.045530080795288,-2.8655223846435547,-2.977463483810425,-3.44286847114563
-4.271155834197998,-3.878695487976074,-2.2516562938690186,-2.5921945571899414,-1.9457664489746094,-3.1279120445251465,-0.02937537431716919
-1.2117104530334473,-0.02931680530309677,0.6492998003959656,0.18144387006759644,0.04572056606411934,-0.3218804895877838,1.052046775817871
1.6980087757110596,0.4361627399921417,0.441903293132782,1.5555723905563354,1.5465515851974487,2.380983352661133,0.8355103731155396
-0.4854442775249481,0.20534886419773102,-0.002541467547416687,-0.6863858699798584,0.02329106628894806,-0.7061446905136108,0.2976805865764618
1.4764384031295776,2.039987564086914,2.638646125793457,2.185961961746216,3.5866591930389404,2.8772895336151123,5.267766952514648
-1.6850852966308594,0.14435604214668274,0.027904599905014038,-0.16440415382385254,-1.0024590492248535,-0.902425229549408,-0.8723157048225403
0.05729520320892334,0.6474931240081787,-0.5606902837753296,-0.7124052047729492,-0.5910332202911377,-1.3077834844589233,-0.3542178273200989
0.2768978476524353,-0.28618040680885315,1.033328890800476,0.9271285533905029,2.3749802112579346,1.9452582597732544,2.4408366680145264
0.8831327557563782,0.629544198513031,2.070835590362549,0.8356918692588806,1.0136748552322388,1.1150318384170532,1.4000015258789062
-2.346465587615967,-1.1292338371276855,-1.0226234197616577,-1.3822286128997803,-2.0631003379821777,-1.5118012428283691,-2.0918631553649902
-2.462578296661377,-2.343841314315796,-1.2121304273605347,-2.1753146648406982,-1.3693808317184448,-2.3134982585906982,-0.0722862184047699
1.1536239385604858,0.3610970675945282,-0.0059913694858551025,-0.47610247135162354,-0.29035425186157227,-0.2546807527542114,-0.8720912933349609
-2.034330368041992,-2.085871696472168,-1.2621009349822998,-1.3912636041641235,-1.709557294845581,-1.6915154457092285,-2.058664083480835
1.0646767616271973,-0.4301069676876068,-1.2407565116882324,-1.007853627204895,-0.8901721239089966,-0.8811511993408203,-2.52994441986084
0.7452033758163452,0.33328086137771606,-0.37933051586151123,-0.8057721257209778,-0.10624381899833679,-0.2263854742050171,-0.27205219864845276
-3.0633857250213623,-3.4351751804351807,-3.9633071422576904,-3.7878098487854004,-2.9103236198425293,-3.4704387187957764,-2.42291522026062
-3.365938425064087,-2.738840103149414,-2.157197952270508,-2.505424737930298,-2.349916934967041,-2.8253583908081055,-2.4999444484710693
-0.6239359378814697,-0.0012395381927490234,-0.6050237417221069,-0.4301415681838989,-0.4758610427379608,-0.6700150966644287,-0.7439289093017578
1.794622778892517,2.075120210647583,1.9094637632369995,1.3199286460876465,0.8857985734939575,0.8851835131645203,0.8933736681938171
5.789450168609619,4.782569885253906,5.595269203186035,5.592808723449707,6.554762840270996,5.853594779968262,6.767460346221924
-1.5554847717285156,-0.7435325384140015,-1.9039461612701416,-0.8033984303474426,-0.5926377773284912,-0.2752666175365448,-0.5947228074073792
-1.8235541582107544,-1.442368745803833,0.30645260214805603,-0.9605715870857239,-0.6525672674179077,-0.8259758353233337,0.8780016899108887
0.6360650062561035,1.344619631767273,1.2534881830215454,1.2622015476226807,0.8786088824272156,1.2726576328277588,1.532386302947998
1.860396385192871,0.540242075920105,-0.20162296295166016,0.03414998948574066,1.0621206760406494,0.03497014939785004,-0.30647462606430054
-0.628093957901001,-0.5120002031326294,-0.5715585350990295,-1.25099515914917,-0.972372829914093,-0.7995408773422241,0.28819459676742554
-0.8564242124557495,-0.6168645024299622,-1.8393992185592651,-1.9140264987945557,-2.4323174953460693,-2.0583605766296387,-1.9004839658737183
0.6846224069595337,0.34543687105178833,0.4722418189048767,0.3209882378578186,0.2225273847579956,-0.1961236596107483,-0.23994651436805725
-0.9142010807991028,-0.2695106565952301,0.6785021424293518,0.05278089642524719,0.20203550159931183,0.20203550159931183,1.1136287450790405
3.910573959350586,4.505464553833008,4.434117317199707,5.6798200607299805,4.87614107131958,5.145127296447754,4.318450450897217
0.27559250593185425,-0.3213379979133606,-1.4555091857910156,-1.1717612743377686,-0.6510103940963745,-0.06465286016464233,-0.6656649112701416
-1.9165098667144775,-0.961328387260437,-1.2200636863708496,-1.1563024520874023,-1.508629560470581,-1.2537895441055298,-0.7772877216339111
-1.9533666372299194,-0.8478411436080933,0.3589071035385132,-0.14544230699539185,0.1530669927597046,0.13584530353546143,0.36659300327301025
1.3963080644607544,0.1267101764678955,-0.42520394921302795,-0.5449355840682983,-0.03402554988861084,-1.4781872034072876,-0.6873086094856262
-3.497767686843872,-1.9912018775939941,-1.909501314163208,-2.6303517818450928,-1.112793207168579,-2.274949550628662,-0.46795031428337097
-1.662631630897522,-2.3581788539886475,-1.8489089012145996,-2.244187831878662,-1.3322582244873047,-2.02522611618042,-1.4476432800292969
0.4688401222229004,0.4842967689037323,0.17035982012748718,0.702181875705719,0.11561945080757141,-0.015388429164886475,0.2855648398399353
1.1919395923614502,1.4224656820297241,0.6249375939369202,0.9632207155227661,-0.13179157674312592,1.0895130634307861,0.5632818341255188
-2.821744441986084,-1.417162537574768,-1.8456544876098633,-1.9547251462936401,-2.2015695571899414,-2.984745979309082,-1.7462407350540161
0.5307796001434326,1.4768208265304565,0.8996893167495728,1.275901198387146,0.5582797527313232,1.1344373226165771,0.6835741400718689
4.056221961975098,3.0352258682250977,2.6583991050720215,4.0947699546813965,2.589512348175049,3.2256898880004883,2.5868570804595947
-2.365880012512207,-1.910682201385498,-0.6463234424591064,-2.9581298828125,-2.104426145553589,-2.333228588104248,-1.0695350170135498
-1.2061465978622437,-0.25147098302841187,-1.0412083864212036,-0.9743717908859253,-1.4151649475097656,-0.823477029800415,-1.6390047073364258
0.2665645480155945,-0.6849930286407471,0.07363245636224747,0.6739313006401062,0.0974147692322731,0.3623007535934448,-0.12091261148452759
-1.5799921751022339,0.17296358942985535,-0.3713647723197937,-0.6039600372314453,-1.3314738273620605,-0.9523916244506836,-0.03558605909347534
0.23930291831493378,0.9371529817581177,0.47319257259368896,1.5349915027618408,0.4738076329231262,1.0211087465286255,0.8369364738464355
2.0280847549438477,2.883586883544922,2.310145854949951,2.11474871635437,1.758846640586853,2.4794921875,2.6424055099487305
-0.036702804267406464,1.6288355588912964,1.2376571893692017,0.6508896946907043,0.7542198300361633,0.021888092160224915,1.3889707326889038
0.8467826247215271,0.0029183700680732727,0.4702104330062866,-0.33408331871032715,0.08508021384477615,-0.27749788761138916,0.6913584470748901
-0.896784782409668,0.19064533710479736,-0.8637728691101074,-0.3504026532173157,-0.688724160194397,-0.9556219577789307,-0.25279128551483154
-1.0400303602218628,-1.073874831199646,-1.16408371925354,-1.724198579788208,-2.32285737991333,-2.229368209838867,-3.075324773788452
2.032989501953125,2.7150356769561768,2.2549707889556885,1.6965985298156738,1.9410849809646606,2.8372278213500977,2.626000165939331
-0.7900294661521912,-0.5968692898750305,-1.1121360063552856,-0.05684638395905495,-0.4841082990169525,-0.4800078570842743,-0.9259815216064453
2.8322510719299316,1.8038709163665771,1.541445255279541,1.5262737274169922,1.338065266609192,1.43196439743042,-0.22602760791778564
-4.664318561553955,-2.362940549850464,-2.777081251144409,-2.0012853145599365,-3.1785106658935547,-3.132380962371826,-3.4375312328338623
0.5932368040084839,0.14778392016887665,0.26300519704818726,0.264850378036499,-0.6089453101158142,-0.45395007729530334,-1.8295819759368896
-0.47295740246772766,-1.8671258687973022,-1.9712761640548706,-0.5726288557052612,-0.6582760214805603,-0.16135859489440918,-0.5792862772941589
1.1763869524002075,1.341871738433838,1.3172693252563477,1.152433156967163,0.9941576719284058,1.3074283599853516,0.2606716454029083
1.7701486349105835,0.4962688088417053,0.9995931386947632,-0.37957704067230225,-0.7846965789794922,-0.3008493185043335,-0.8311336636543274
0.12710383534431458,-0.33035171031951904,0.6298598647117615,0.19070684909820557,0.2054682970046997,-0.12867122888565063,1.971414566040039
0.6099264621734619,0.8205280303955078,0.15575039386749268,1.5240544080734253,0.40013429522514343,1.3063231706619263,-1.1902965307235718
3.321711778640747,2.5432660579681396,3.3232650756835938,2.7875475883483887,2.734037399291992,3.0046639442443848,2.7096893787384033
0.4896656572818756,-0.40953806042671204,-0.9147076606750488,-0.7351100444793701,-0.4452115595340729,-0.3357308804988861,-1.9599653482437134
2.0214388370513916,1.915541648864746,0.5345262289047241,0.8096631765365601,1.4001209735870361,1.1553270816802979,1.1126759052276611
-1.910718560218811,-5.781408309936523,-0.5853790044784546,-5.807651042938232,-1.2660458087921143,-6.070076942443848,1.050584077835083
-1.5562458038330078,0.09383833408355713,-0.4105110168457031,0.5670247077941895,-0.25551584362983704,0.029872119426727295,0.14163082838058472
2.245511293411255,2.705291986465454,1.8384668827056885,3.1456751823425293,2.431385040283203,2.071779727935791,1.6368085145950317
-1.2353785037994385,-2.0959908962249756,-2.2034213542938232,-2.654465436935425,-2.094350814819336,-1.6515072584152222,-2.568307399749756
-4.100315093994141,-3.44187593460083,-4.995927810668945,-3.0892412662506104,-3.6165530681610107,-4.028233051300049,-3.620086669921875
-0.4119624197483063,0.01903936266899109,-0.178600013256073,-0.9640319347381592,-1.1573659181594849,-1.5046699047088623,-1.5175179243087769
0.8930743932723999,-1.052199363708496,-1.3256961107254028,-0.3600514829158783,-0.16220709681510925,0.30626380443573,-1.7224020957946777
0.6890085339546204,0.817539393901825,3.1995651721954346,1.38185715675354,1.1444438695907593,0.9482397437095642,3.4314606189727783
-1.5011134147644043,-1.3040359020233154,-2.16225004196167,-1.2601617574691772,-1.8465192317962646,-1.8342180252075195,-1.2989556789398193
1.2063796520233154,0.5405712723731995,-0.7091288566589355,-0.13220220804214478,-0.13835281133651733,0.1158720850944519,-2.516892910003662
2.296511650085449,2.527907609939575,2.038524627685547,2.618116617202759,2.5648112297058105,2.5049455165863037,3.401306390762329
-0.5693767666816711,-0.3383644223213196,-0.7045302391052246,-0.3289335370063782,-1.4073392152786255,-0.21084195375442505,-1.8161612749099731
-0.6642754673957825,-0.8059117794036865,0.7801236510276794,0.7227180004119873,1.5034347772598267,-0.04795243591070175,1.2589071989059448
-1.2850418090820312,-1.2526788711547852,-1.3822516202926636,-0.9437137842178345,-1.562669277191162,-1.0015294551849365,-1.3496410846710205
0.6242482662200928,0.39202478528022766,0.0906452089548111,0.9693611860275269,0.233544260263443,0.5667018890380859,1.0204334259033203
-2.5519518852233887,-2.177769184112549,-1.0224809646606445,-1.1897773742675781,-0.6362231373786926,-1.197978138923645,-0.4898264408111572
-3.5437560081481934,-2.959743022918701,-2.793267011642456,-2.7309410572052,-3.2918756008148193,-2.4676952362060547,-2.7746806144714355
0.28281155228614807,0.3706980347633362,0.32128819823265076,0.7692570686340332,1.7299811840057373,0.6290233731269836,0.6679802536964417
-2.0568950176239014,-2.7428133487701416,-2.398789882659912,-1.9477458000183105,-1.2129536867141724,-2.4865381717681885,-0.6909263134002686
3.1155054569244385,2.1533846855163574,2.7548365592956543,1.0347176790237427,2.039419174194336,1.3648000955581665,2.0852668285369873
0.07477587461471558,-0.37487703561782837,0.8433523178100586,-0.1173718124628067,0.005025215446949005,-0.8931677341461182,-0.10842254757881165
0.09494803845882416,-0.2214931845664978,-0.7725231647491455,0.7372448444366455,1.2333934307098389,1.6335923671722412,0.6333092451095581
0.6484286785125732,-0.07442939281463623,0.11275400221347809,0.2964519262313843,-0.09739160537719727,0.3292551636695862,-0.12981334328651428
2.678239107131958,3.5778937339782715,1.640453577041626,1.8225114345550537,1.562135934829712,1.789708137512207,1.6267749071121216
-0.5159130096435547,0.20857879519462585,-1.0022698640823364,0.610008180141449,-0.011100206524133682,1.2377794981002808,-0.9827857613563538
1.1148841381072998,1.0876847505569458,0.8789743185043335,1.2168474197387695,1.4841936826705933,0.8654429912567139,1.8247863054275513
-0.7322297096252441,-0.07402113080024719,-0.12978658080101013,0.2782033681869507,-0.7616201043128967,0.4496001601219177,-0.6776672005653381
-2.3667352199554443,-1.7883864641189575,-0.6734873056411743,-2.2771544456481934,-1.9807785749435425,-3.3075852394104004,-1.0829639434814453
3.4191925525665283,3.988607406616211,4.19198751449585,3.7475037574768066,2.955306053161621,2.783499240875244,2.921386241912842
-2.5777230262756348,-1.486904263496399,-1.7888988256454468,-1.3520010709762573,-2.4951930046081543,-1.0051071643829346,-1.4664201736450195
0.3204369843006134,1.5699214935302734,1.5453190803527832,1.494474172592163,1.574021816253662,1.9135351181030273,1.3469579219818115
-1.2399958372116089,-1.2103315591812134,-1.36942720413208,-0.9040316343307495,0.3059968650341034,-0.9306842088699341,-0.6196786761283875
0.7693785429000854,1.084378957748413,1.1266131401062012,0.5000717639923096,-0.0963316559791565,0.20340770483016968,0.7300043106079102
-0.0786714255809784,0.4281640350818634,-0.7609524726867676,0.6987905502319336,0.7102717161178589,0.989919126033783,0.8518761396408081
0.7854489088058472,0.0011326372623443604,-0.2736968398094177,-0.7368372678756714,-0.5129551887512207,-0.10353001952171326,-1.4594697952270508
0.02846503257751465,0.4264413118362427,0.7339714765548706,-0.9899911284446716,-0.5843077898025513,-0.709677517414093,0.06405647099018097
3.6169443130493164,2.1330175399780273,2.657151460647583,2.5493106842041016,2.738339424133301,2.602205991744995,1.8997013568878174
0.2748512625694275,0.3168452978134155,-0.20657095313072205,-0.3101061284542084,-0.7275269031524658,0.5796810388565063,-1.183530569076538
-0.992857813835144,-1.5459740161895752,-2.2635440826416016,-1.781337022781372,-2.182356119155884,-1.7936382293701172,-2.012326717376709
4.0860419273376465,3.7246766090393066,3.562300682067871,4.288891792297363,3.828826904296875,4.039587497711182,2.9770684242248535
3.321584939956665,3.1367897987365723,3.3110568523406982,2.9297194480895996,2.9670331478118896,3.2339694499969482,2.529834270477295
1.1666502952575684,0.5330462455749512,0.24191772937774658,-0.7943052053451538,-0.9004544019699097,-0.6882585287094116,-1.7549901008605957
3.431986093521118,2.834819793701172,4.139157772064209,3.697134494781494,3.32891845703125,3.9570999145507812,3.4322762489318848
0.9344789981842041,1.8915293216705322,2.1449341773986816,1.21773099899292,1.930483341217041,1.6069614887237549,1.934240698814392
-4.112693786621094,-4.57242488861084,-4.387086391448975,-3.366086483001709,-4.508458614349365,-3.1774682998657227,-4.158605575561523
1.434911847114563,0.47756561636924744,2.2608304023742676,1.7314685583114624,1.1043120622634888,1.372452735900879,0.9560133218765259
1.261989712715149,1.7943322658538818,0.8881435394287109,1.972699761390686,0.2698030173778534,1.8800307512283325,0.6928093433380127
0.24217495322227478,-1.264463186264038,-0.014045745134353638,0.8861974477767944,1.0584142208099365,0.7152106761932373,0.7882680892944336
-3.958801507949829,-4.716856479644775,-4.342900276184082,-5.000604629516602,-4.841508865356445,-5.509054660797119,-4.676219463348389
1.9857958555221558,0.6875624060630798,1.5654199123382568,1.4636147022247314,1.8143527507781982,0.9196451306343079,0.5282230973243713
-1.1766737699508667,-0.38381510972976685,0.4671720266342163,0.8152961730957031,1.1933531761169434,0.27445316314697266,2.7110607624053955
1.394396424293518,1.2067980766296387,0.5152652859687805,0.5119849443435669,0.6891223192214966,1.2670738697052002,0.03376436233520508
-2.19891619682312,-0.6221169233322144,-0.21371692419052124,-0.8861828446388245,0.7687392830848694,-0.5597907900810242,0.899911642074585
3.9249229431152344,3.260984182357788,3.397271156311035,3.4798431396484375,3.4629290103912354,3.5513951778411865,2.7186338901519775
0.5727669596672058,0.7591953277587891,2.3070971965789795,1.2815865278244019,1.4099290370941162,1.2861994504928589,2.93611741065979
-3.1070737838745117,-1.612916111946106,-1.7228069305419922,-2.6800968647003174,-2.6938588619232178,-3.3203232288360596,-2.326207160949707
2.2115042209625244,2.4085826873779297,2.593920946121216,2.3126332759857178,2.0141241550445557,2.2646586894989014,2.5452470779418945
0.06946274638175964,-1.7177013158798218,-1.912880301475525,-1.4929991960525513,-1.612730860710144,-0.5142331719398499,-1.9401774406433105
-3.224881410598755,-2.5163843631744385,-2.5776853561401367,-2.4975223541259766,-1.952989101409912,-1.9531941413879395,-1.3853404521942139
1.2892838716506958,2.5721395015716553,2.7607579231262207,3.1092920303344727,3.1191329956054688,3.2093420028686523,3.7898752689361572
2.0024187564849854,0.7810676097869873,1.4857215881347656,0.7421138286590576,0.32715314626693726,1.4666547775268555,1.0087100267410278
-0.028438732028007507,1.0228559970855713,1.2280043363571167,1.2858198881149292,0.6459522247314453,1.0877705812454224,1.8285496234893799
-5.160503387451172,-4.4670729637146,-4.788954734802246,-4.622478485107422,-4.819297790527344,-4.5904951095581055,-5.160127639770508
0.3490360677242279,0.8816627264022827,-0.20842903852462769,0.3213428556919098,0.7719770073890686,0.6960170269012451,1.429772138595581
-2.369351863861084,-2.6344339847564697,-2.9755873680114746,-2.0095326900482178,-2.747605085372925,-2.2038917541503906,-3.400393009185791
-2.26967453956604,-2.5057108402252197,-2.1911072731018066,-1.7924458980560303,-1.3588283061981201,-1.7776844501495361,-1.4390937089920044
0.19391849637031555,-0.39371106028556824,1.1205673217773438,0.047697216272354126,1.0553709268569946,1.1279480457305908,0.5755095481872559
1.5639570951461792,2.2593483924865723,2.7835845947265625,1.6086148023605347,1.1475245952606201,1.7130725383758545,1.6450506448745728
0.02690194547176361,0.055695660412311554,-0.03933113068342209,0.8642948865890503,0.19859467446804047,0.9487631916999817,0.2212231457233429
1.307848572731018,1.2528880834579468,1.2438671588897705,1.6735892295837402,1.468569278717041,1.64898681640625,1.8522660732269287
0.7975769639015198,0.7659060955047607,1.2538539171218872,1.0660555362701416,0.6978394389152527,0.8651357889175415,1.0194649696350098
-1.163498878479004,0.7003448009490967,-0.01025475561618805,0.11808773875236511,-0.9836902618408203,-0.4824032187461853,-0.1935156285762787
-2.439389944076538,-1.6162092685699463,-2.801225423812866,-2.712502956390381,-3.1915836334228516,-2.1053872108459473,-2.3229997158050537
-3.6424150466918945,-2.1371753215789795,-1.6439483165740967,-1.3763458728790283,-1.1538989543914795,-1.2982330322265625,-1.6300206184387207
1.2084665298461914,-0.18872737884521484,-0.662733793258667,-0.9218791723251343,-0.3855466842651367,-0.3740655779838562,-0.6588085293769836
-3.053469181060791,-1.9110320806503296,-1.420624017715454,-2.6394684314727783,-1.6974011659622192,-2.0811989307403564,-0.4018874168395996
0.4379161596298218,0.12522563338279724,-0.9674286842346191,-0.6627689599990845,-2.4156908988952637,-2.0974996089935303,-4.190305233001709
0.7116906642913818,-0.3302121162414551,1.6584827899932861,0.7127251029014587,1.736390471458435,1.2685346603393555,1.512840986251831
-2.6986165046691895,-1.7416377067565918,-1.521651268005371,-1.5659356117248535,-0.528533935546875,-1.408480167388916,-0.6003947854042053
2.964958667755127,2.291745662689209,0.9475315809249878,2.290208101272583,0.8917661905288696,1.781143307685852,-0.620529055595398
0.9516053199768066,-0.2557435631752014,0.24758072197437286,0.2478882223367691,0.3856617510318756,0.3857898712158203,-0.11993580311536789
-3.417633533477783,-2.3120460510253906,-2.0459301471710205,-2.075453042984009,-1.819998025894165,-2.499844551086426,-0.8177654147148132
1.4276413917541504,0.7160749435424805,0.4681288003921509,1.3489720821380615,0.22207903861999512,0.709514319896698,-0.8441929817199707
1.1763395071029663,1.3059310913085938,1.095324158668518,0.6706764101982117,0.8269016742706299,0.11015147715806961,1.1063352823257446
-4.2005791664123535,-2.1089463233947754,-0.805018424987793,-0.8886666297912598,-1.2347406148910522,-0.45894452929496765,-0.0972244143486023
-1.332106590270996,-2.1281590461730957,-0.45760399103164673,0.1815972924232483,-0.2253674864768982,0.9167993664741516,0.6554021835327148
1.1350613832473755,0.9843682050704956,1.9725650548934937,1.0717068910598755,1.3607851266860962,0.9199918508529663,2.252256393432617
3.4681460857391357,2.19608473777771,1.087131142616272,1.6768712997436523,0.2256367802619934,1.3405358791351318,0.2327178716659546
-4.487317085266113,-2.4054017066955566,-2.391050338745117,-3.0253825187683105,-2.5460457801818848,-2.938659191131592,-1.3135173320770264
0.14939481019973755,-0.27459245920181274,-0.8338873386383057,0.36999067664146423,-0.5660285353660583,0.6127344369888306,-1.287552833557129
1.3527028560638428,1.2428046464920044,1.179555892944336,-0.06850376725196838,0.9366071820259094,0.37679988145828247,0.6322639584541321
0.19263488054275513,0.5264877676963806,-0.6021477580070496,0.1314140409231186,-0.8744144439697266,-0.6669341325759888,-0.8450618982315063
0.2039194405078888,0.6439688205718994,-0.10558456182479858,0.2917443513870239,-0.05576467514038086,0.7891230583190918,0.07660122215747833
4.091019153594971,3.152069091796875,3.59962797164917,3.0770320892333984,3.2037343978881836,3.476205825805664,3.24802565574646
-1.1082186698913574,-0.4824288487434387,-1.046849250793457,-1.7174698114395142,-0.8127163052558899,-1.7695448398590088,-0.5510101914405823
1.255096435546875,1.474588394165039,-0.20780646800994873,0.817191481590271,0.3621494174003601,1.0180087089538574,0.18586201965808868
-1.187804102897644,-0.20567448437213898,-1.308169960975647,-0.09578372538089752,-0.7128941416740417,0.39380425214767456,-0.7724856734275818
-0.6270784139633179,-0.5234524011611938,-1.5950924158096313,-1.4938124418258667,-0.7980256080627441,-1.0126303434371948,-0.5234639644622803
-0.18779397010803223,0.12786303460597992,-0.5173693895339966,-0.9607936143875122,-0.7406020164489746,-0.3790491819381714,0.2293400764465332
-0.15969352424144745,-0.3744029402732849,-0.8245245814323425,-0.7930538654327393,-1.6475776433944702,-0.6204270124435425,-1.255300521850586
0.5653001070022583,1.9923593997955322,0.1666555404663086,1.6561263799667358,0.71303391456604,1.4888299703598022,0.9623714685440063
2.8075127601623535,2.788482666015625,2.421496629714966,2.514575719833374,2.2587108612060547,1.764817476272583,2.3938846588134766
0.3544917404651642,-0.36571747064590454,-1.0295724868774414,0.02136051654815674,0.2725100517272949,0.3286343216896057,-0.06902822852134705
-2.5284738540649414,-2.2544634342193604,-2.5595333576202393,-2.059284210205078,-2.757992744445801,-2.6563029289245605,-2.0657505989074707
2.486100673675537,1.9085298776626587,2.2886881828308105,2.660184860229492,2.304269790649414,2.556854724884033,2.7718539237976074
-3.602175235748291,-3.790832757949829,-3.432457447052002,-3.767050266265869,-2.8854637145996094,-2.5797789096832275,-3.313199520111084
0.952322781085968,1.4174848794937134,1.4666897058486938,1.0558295249938965,1.0043694972991943,0.9651082158088684,0.840579092502594
0.907604455947876,2.8323867321014404,2.425626754760742,2.662630081176758,3.2055232524871826,2.0254275798797607,3.278440475463867
-1.8081767559051514,-3.1270885467529297,-2.331610679626465,-3.3239078521728516,-2.326690196990967,-3.766751289367676,-1.9370901584625244
-0.263486385345459,-1.3156800270080566,-1.1746262311935425,-1.6117289066314697,-2.1644632816314697,-1.5649843215942383,-2.1891136169433594
-0.5014016032218933,-1.7634837627410889,-0.6003021597862244,-0.9811272621154785,0.06693561375141144,-0.019992902874946594,0.36077362298965454
1.0644893646240234,3.5731468200683594,2.562808036804199,1.7825018167495728,0.9485697746276855,1.1502197980880737,1.706474781036377
0.4487157464027405,-1.3957887887954712,-0.4755558371543884,-0.9652463793754578,-0.24480579793453217,-0.9681167006492615,-1.604004979133606
1.4123241901397705,1.9563207626342773,1.6139371395111084,2.2884535789489746,2.5533394813537598,1.8931745290756226,1.8137528896331787
1.9897853136062622,0.3673992455005646,1.5630764961242676,0.6896908283233643,0.8373054265975952,0.17714065313339233,1.6803268194198608
-0.41867977380752563,0.6704931259155273,-0.5596274137496948,0.7073967456817627,-0.12949532270431519,0.29279476404190063,-1.6629023551940918
0.8832097053527832,-0.633716344833374,-0.17590652406215668,0.29892003536224365,-0.013735577464103699,0.32536762952804565,-1.0161519050598145
0.5786309242248535,0.9025211334228516,0.5849450826644897,1.9475085735321045,1.4562803506851196,2.31162428855896,1.0855895280838013
0.7231254577636719,-0.1311851143836975,0.5418958067893982,-0.14512646198272705,1.0101616382598877,0.5808495879173279,1.1591497659683228
-0.08556007593870163,0.948793351650238,0.6076400279998779,0.8348022699356079,0.923370897769928,0.6977462768554688,1.830500841140747
0.6489475965499878,0.8556780219078064,0.6810008883476257,0.015505701303482056,0.21273502707481384,0.4070940613746643,-0.6034467816352844
-0.782630443572998,-1.467289686203003,-0.9695007801055908,-1.7649787664413452,-0.6459791660308838,-1.0588895082473755,-0.7714120149612427
-2.3631794452667236,-1.3855575323104858,-1.111445665359497,-1.2803821563720703,-1.7565926313400269,-1.9911872148513794,-1.9973117113113403
1.2072945833206177,0.7540400624275208,1.0333799123764038,0.7644448280334473,0.25860899686813354,0.7732607126235962,-0.208886057138443
-6.868677616119385,-5.673844814300537,-6.103567123413086,-6.1289896965026855,-5.51310920715332,-6.156872272491455,-6.081286907196045
1.0441659688949585,-0.17851296067237854,0.9884613156318665,0.2507990896701813,0.7655532360076904,-0.5549299120903015,0.30762237310409546
-0.12620368599891663,-1.0579570531845093,-1.2982406616210938,-0.7578076124191284,-1.3400647640228271,-1.2662575244903564,-2.1302833557128906
-2.031425952911377,-1.8481398820877075,-1.8022154569625854,-0.12146076560020447,-0.946769118309021,-0.2297113835811615,-0.5271466374397278
0.5847961902618408,0.6964342594146729,2.025784730911255,0.025608599185943604,1.3172352313995361,0.7794674038887024,2.901193141937256
-5.001838684082031,-2.316890001296997,-2.249643564224243,-1.850264310836792,-2.4095592498779297,-2.1741960048675537,-0.9081987142562866
1.4983726739883423,0.67997807264328,0.27524274587631226,0.6289281249046326,0.18518775701522827,0.3607617914676666,-0.8308062553405762
-0.9215056300163269,-1.7709509134292603,-2.3552582263946533,-1.6557296514511108,-0.40264686942100525,-1.023242712020874,-1.2051292657852173
-1.0529872179031372,-1.4381340742111206,-0.7263044118881226,-1.555815577507019,0.19300559163093567,-0.735735297203064,0.0914698988199234
0.033614471554756165,0.0633610337972641,0.7215780019760132,0.10867045819759369,1.5519092082977295,1.0869237184524536,1.6679863929748535
0.5399801135063171,-0.11693452298641205,0.7633192539215088,0.7928421497344971,-0.03841184079647064,0.84860759973526,-0.14698511362075806
-1.6719344854354858,-0.3174239695072174,-1.045655369758606,-0.6815396547317505,-0.41419345140457153,-0.32152435183525085,-0.2095358669757843
0.4540618062019348,0.5073308944702148,1.2019388675689697,0.290829598903656,1.156014323234558,0.5204521417617798,2.3568904399871826
-1.2475157976150513,-1.4011361598968506,-1.0033972263336182,-0.29587286710739136,-1.1731537580490112,-0.12357907742261887,-1.1550272703170776
-0.28874510526657104,-0.5756064653396606,-0.8502308130264282,-0.40324866771698,-0.4403444826602936,-0.6878550052642822,0.27323195338249207
-0.7582653760910034,0.1687891185283661,-1.8354872465133667,0.2548975944519043,-0.23264022171497345,0.042086705565452576,-0.6242873072624207
-1.014967918395996,-1.8206002712249756,-1.2151758670806885,-2.1435070037841797,-1.449436902999878,-1.9983527660369873,-1.523212194442749
2.1218793392181396,0.4169411361217499,1.4580844640731812,1.8147680759429932,2.4007155895233154,1.462133526802063,2.2207846641540527
3.0606603622436523,1.4897407293319702,3.685915946960449,3.117600440979004,3.004429340362549,2.6653261184692383,3.6273293495178223
-1.7000336647033691,-2.6018178462982178,-3.797495126724243,-3.015138626098633,-3.5235884189605713,-1.9449336528778076,-5.444215774536133
0.7432252764701843,0.7657836675643921,0.16302461922168732,0.9388206601142883,1.2231836318969727,0.9142182469367981,0.8681408762931824
1.7605425119400024,2.2275550365448,2.1570281982421875,2.7843894958496094,1.3191112279891968,1.7703603506088257,1.9195356369018555
1.9813283681869507,1.7009844779968262,1.5979106426239014,1.6316365003585815,1.4730534553527832,1.671769142150879,0.6655590534210205
0.345405638217926,1.1154544353485107,1.6677783727645874,0.9438526630401611,1.3430267572402954,0.5116062164306641,1.3876513242721558
2.392972469329834,2.425760269165039,2.661123275756836,2.9678335189819336,3.5878143310546875,3.28110408782959,2.7431373596191406
5.6892008781433105,3.6040916442871094,3.3656535148620605,3.981431007385254,3.9498581886291504,3.5509915351867676,3.326969623565674
2.0055224895477295,1.907105565071106,2.8202648162841797,1.469900131225586,1.4651846885681152,1.2891749143600464,2.5408129692077637
-0.34041711688041687,-0.15680629014968872,-0.29868021607398987,-0.17279785871505737,-0.7550549507141113,0.057849690318107605,-0.8696209788322449
1.5634746551513672,1.8254761695861816,1.139581561088562,0.653581440448761,-0.047177284955978394,-0.16772910952568054,0.5045709013938904
0.23658695816993713,0.08459637314081192,-0.24261566996574402,0.4959179162979126,0.496174156665802,0.014684565365314484,-0.2634910047054291
3.4701640605926514,2.546841859817505,2.1760246753692627,1.8814105987548828,1.71083402633667,1.7456873655319214,0.9113462567329407
0.1578473150730133,-0.3963320255279541,0.9330182075500488,0.808366060256958,0.07552169263362885,0.8050857782363892,0.8980829119682312
-0.3181864619255066,1.0305715799331665,0.5602555274963379,1.856392502784729,0.7037696242332458,1.195407748222351,0.9832941293716431
0.5536500215530396,0.4889410138130188,0.06577956676483154,1.412351369857788,2.5284810066223145,2.2562143802642822,2.236387014389038
1.4869710206985474,-0.1893538236618042,-0.9491583704948425,-0.3521398603916168,-0.5965237617492676,0.23216743767261505,-2.6548449993133545
-2.461533784866333,-1.5314806699752808,-1.2191325426101685,-2.435926675796509,-1.243939995765686,-2.5171146392822266,-0.974522590637207
-0.8918758034706116,-0.9313086271286011,-0.815677285194397,-1.103115439414978,-0.7480206489562988,-0.8216228485107422,-1.5316890478134155
-2.873089075088501,-3.089350461959839,-1.1908644437789917,-1.7481091022491455,-1.19496488571167,-1.5623608827590942,-1.1567327976226807
0.8151766657829285,0.41136878728866577,0.905877411365509,0.285076379776001,0.8697938323020935,0.554882824420929,0.8518952131271362
-0.11876785010099411,-1.3515253067016602,-1.0538363456726074,-0.7975612878799438,-1.4433742761611938,-1.346604824066162,-1.5480036735534668
-0.5743456482887268,-2.673323154449463,-1.3575044870376587,-1.7937872409820557,-1.6135746240615845,-1.7605739831924438,-1.7077000141143799
2.055168628692627,1.7608435153961182,2.5475058555603027,1.9463868141174316,1.6833457946777344,1.4088239669799805,1.9837995767593384
-0.3577759861946106,-0.9938638210296631,-1.108091950416565,-1.9087978601455688,-0.872421383857727,-1.892396330833435,-0.3711414337158203
-2.1367290019989014,-1.57034432888031,-2.5555171966552734,-1.992121934890747,-2.553877115249634,-2.094222068786621,-2.5331902503967285
-3.4603347778320312,-1.0850489139556885,-2.076526165008545,-1.1039108037948608,-1.6215095520019531,-1.54073166847229,-0.46841901540756226
3.1197268962860107,2.6041977405548096,3.1454508304595947,1.6891930103302002,2.201230525970459,1.6531094312667847,1.4183125495910645
-2.30583119392395,-1.8807237148284912,-2.4154162406921387,-2.307985782623291,-1.954531192779541,-2.452319860458374,-2.7324059009552
-0.38810569047927856,-0.9653565287590027,-1.6017389297485352,-1.9666748046875,-2.908947229385376,-2.3545727729797363,-3.13545298576355
3.5898256301879883,3.0544843673706055,4.549349784851074,3.25034236907959,4.628897190093994,4.3672919273376465,5.1837615966796875
-0.30111923813819885,0.010619908571243286,-0.4128491282463074,1.1330022811889648,0.5419294238090515,0.7717569470405579,0.2477593719959259
-0.6348423361778259,0.28615641593933105,1.2225087881088257,0.2500472068786621,1.2364501953125,1.1154882907867432,2.372370958328247
3.2680842876434326,3.0431830883026123,4.5673017501831055,2.7799370288848877,3.5061182975769043,2.99971866607666,4.871037006378174
-1.3028886318206787,-0.3731641471385956,-1.2627463340759277,-1.884572148323059,-1.887032389640808,-2.277390480041504,-1.8277369737625122
1.0170789957046509,0.44516193866729736,1.5387390851974487,-0.17850914597511292,0.8615577220916748,0.3762751817703247,0.762902021408081
0.13118860125541687,0.19602233171463013,-0.022272884845733643,-0.6345140933990479,-0.03949457406997681,-0.4342094659805298,-0.01602751761674881
-0.15161803364753723,-0.19887280464172363,1.898892879486084,1.2559497356414795,1.3420581817626953,1.5273964405059814,2.999929428100586
1.6528044939041138,1.9799357652664185,1.8315011262893677,1.5202807188034058,1.1809724569320679,1.7248907089233398,1.162257432937622
2.104740858078003,0.7639924883842468,2.34305739402771,0.9489205479621887,0.6877250671386719,0.5889053344726562,0.6284477710723877
0.4008791446685791,0.02749025821685791,0.12507981061935425,1.159098505973816,1.558990240097046,2.2326862812042236,1.7117981910705566
1.103830337524414,0.7386617660522461,1.8527408838272095,1.5759637355804443,2.2365384101867676,2.1783127784729004,1.699133276939392
0.23754224181175232,2.038074016571045,3.658552646636963,3.389566421508789,2.817150354385376,3.3370814323425293,3.8120718002319336
1.5504297018051147,1.2872247695922852,1.3377622365951538,1.5187948942184448,1.716434359550476,1.8701993227005005,1.347111701965332
-1.5078117847442627,-0.48207223415374756,-0.8214829564094543,-0.42917704582214355,-0.6120549440383911,-0.0043753981590271,-0.019895106554031372
-3.9417710304260254,-3.3606157302856445,-3.110901117324829,-2.5957372188568115,-2.795375347137451,-2.7583179473876953,-2.1677725315093994
0.9086549282073975,1.063890814781189,1.3037642240524292,0.40075331926345825,0.17246343195438385,0.553954541683197,0.7509814500808716
1.363588809967041,1.152409315109253,0.5242277383804321,0.9514896869659424,0.06580287218093872,0.38952958583831787,0.5989304780960083
3.763165235519409,2.748187303543091,3.0384957790374756,1.7731120586395264,0.9702534675598145,1.8329778909683228,1.4059011936187744
-0.05727425962686539,1.0842610597610474,-0.2803526222705841,1.0670393705368042,0.36935606598854065,1.302402377128601,0.2639053463935852
-2.251051425933838,-1.4786968231201172,-0.462104856967926,-0.5162301659584045,0.06028631329536438,-0.12013143301010132,0.25414931774139404
1.0332982540130615,0.8217048645019531,0.6084839105606079,-1.0206055641174316,-0.030153587460517883,-0.8516690135002136,-1.0387611389160156
-3.3130788803100586,-3.0374748706817627,-3.533623456954956,-2.132516384124756,-2.884119987487793,-2.0570690631866455,-3.020665168762207
1.863947868347168,1.4503647089004517,2.4395864009857178,1.8835721015930176,1.9569692611694336,2.4957618713378906,1.851395845413208
0.5675874352455139,1.8645319938659668,0.659731388092041,2.117116689682007,1.8546910285949707,1.5102572441101074,1.4603796005249023
-2.1643295288085938,-1.89060640335083,-0.7230169773101807,-1.7585735321044922,-0.5077459812164307,-0.9407483339309692,-0.5984041094779968
-1.2291513681411743,1.0225249528884888,0.7044234275817871,1.7175430059432983,-0.14813992381095886,0.9971023797988892,1.9782311916351318
2.5865538120269775,2.576173782348633,2.076744794845581,1.229191780090332,1.1701459884643555,1.0061298608779907,1.430328369140625
0.5320717692375183,1.1204460859298706,-0.12402577698230743,1.444172739982605,-0.3913719654083252,0.6468496322631836,-0.6379775404930115
0.02913951873779297,-0.5097649693489075,-1.798931360244751,-1.1010429859161377,-1.9014413356781006,-1.4458868503570557,-3.429323434829712
-3.202951669692993,-2.4670512676239014,-2.798773765563965,-1.8876644372940063,-3.46713924407959,-2.6823222637176514,-3.644709825515747
1.2315714359283447,0.9225956797599792,1.6707909107208252,1.795443058013916,0.9880995750427246,1.533427357673645,0.34456250071525574
-1.1999328136444092,-0.11657020449638367,-0.5115926861763,-0.7195342779159546,-0.536297619342804,-0.7265049815177917,0.09186926484107971
0.8885730504989624,0.577358603477478,1.2347042560577393,0.3924304246902466,0.38981640338897705,0.14563751220703125,0.7524015307426453
-1.6879856586456299,-1.3179351091384888,-0.6249673366546631,-1.858983039855957,-0.9341375827789307,-1.5122941732406616,-0.05591592192649841
0.6627247333526611,1.7448697090148926,0.34663301706314087,0.9590280652046204,0.7925005555152893,0.8269439339637756,0.6984764933586121
0.9319995045661926,1.2242603302001953,2.281343936920166,1.0089892148971558,1.7466514110565186,1.5654137134552002,2.891627788543701
1.4228085279464722,1.0577828884124756,1.5804816484451294,0.9737246632575989,0.11264029145240784,1.394425868988037,0.6512202620506287
4.305233478546143,2.186166286468506,1.3445587158203125,2.2919564247131348,1.797653079032898,2.7861576080322266,0.5461769104003906
-2.3864994049072266,-1.5425324440002441,-2.1299662590026855,-2.86270809173584,-3.4605467319488525,-3.5851991176605225,-2.5226802825927734
-1.875053882598877,-2.9502112865448,-1.5642756223678589,-2.1243906021118164,-1.0750977993011475,-2.5049078464508057,-0.10381090641021729
-0.20366112887859344,-1.6504340171813965,-1.9772359132766724,-1.9616543054580688,-2.3028078079223633,-1.7000489234924316,-2.9597368240356445
3.215000867843628,1.8890751600265503,3.1478984355926514,2.870711326599121,3.7350761890411377,2.6861932277679443,3.483626365661621
-2.9145939350128174,-1.8652753829956055,-3.17781400680542,-2.43441104888916,-3.0548017024993896,-3.389394760131836,-3.1809332370758057
-1.2611002922058105,-0.009584909304976463,0.2917945981025696,-0.9436564445495605,-0.699528694152832,-1.1982914209365845,-0.2719256281852722
-0.8410651683807373,-0.6634762287139893,-0.9816673994064331,0.13323181867599487,-0.46460676193237305,0.37269532680511475,-1.356628656387329
-0.14261698722839355,-0.985642671585083,-0.19754549860954285,-0.8966639637947083,-0.16761258244514465,-1.2210057973861694,-0.37097328901290894
-2.3252768516540527,-2.813149929046631,-2.6942386627197266,-2.745903491973877,-2.7664055824279785,-3.0476932525634766,-2.8163907527923584
2.134936809539795,1.1671030521392822,0.6906363368034363,0.5532728433609009,1.0051372051239014,0.7693639993667603,0.3151419162750244
-1.028164029121399,-2.0884816646575928,-2.2278952598571777,-2.4525973796844482,-3.2242929935455322,-3.20461106300354,-3.6680870056152344
1.521531581878662,1.1119369268417358,-0.051039546728134155,0.5127657055854797,-0.036278098821640015,1.0584266185760498,-1.8012816905975342
1.5124861001968384,0.9782969355583191,1.9224143028259277,1.9371757507324219,1.5459975004196167,1.8650087118148804,1.4719624519348145
-1.9047120809555054,-2.114485740661621,-0.877394437789917,-0.89543616771698,-1.2611920833587646,-1.283744215965271,0.32465559244155884
-4.063154697418213,-2.9443092346191406,-2.1960883140563965,-3.1056599617004395,-2.8343160152435303,-3.2195487022399902,-2.641317129135132
1.5889240503311157,2.0980610847473145,1.496121883392334,1.2693697214126587,0.7900328040122986,1.860237717628479,0.8422916531562805
0.24359622597694397,-0.13741368055343628,-0.11691167950630188,-1.1073637008666992,-0.8670801520347595,-0.9269460439682007,-0.9391416311264038
0.16330218315124512,1.3399815559387207,1.2948771715164185,1.9952256679534912,1.3367012739181519,1.9493012428283691,2.089733839035034
-1.0015769004821777,-0.7459377646446228,0.33820849657058716,-0.12124144285917282,0.7962234020233154,-0.6356367468833923,0.38788941502571106
-3.711406946182251,-2.1230626106262207,-0.9646990895271301,-2.1104538440704346,-2.2134764194488525,-2.1620163917541504,0.06438589096069336
-1.61190664768219,-0.5967597961425781,-0.10348145663738251,-0.8631833791732788,0.1704254001379013,-0.7394537925720215,0.23978960514068604
-1.319496750831604,-0.890785276889801,0.8342536687850952,0.5431251525878906,0.8047307729721069,0.23313474655151367,2.061521530151367
0.27263587713241577,0.46433526277542114,2.350109577178955,0.6263010501861572,1.9007056951522827,1.0781654119491577,2.513728618621826
-3.128448486328125,-2.4148948192596436,-1.2876944541931152,-2.5231454372406006,-1.4681121110916138,-3.276799201965332,-1.4618501663208008
-1.9542653560638428,-1.5288937091827393,-0.5849812030792236,-1.7794795036315918,-1.9414453506469727,-1.9282728433609009,-1.6706352233886719
-0.33802178502082825,1.1215237379074097,0.6163544058799744,0.42322540283203125,0.2938576936721802,0.21718022227287292,0.13493210077285767
15.379788398742676,21.39130210876465,18.50461769104004,21.62092399597168,18.80312728881836,21.08951187133789,17.725645065307617
-2.623424530029297,-1.6708729267120361,-1.1511470079421997,-0.43603700399398804,-1.077339768409729,-0.7927718758583069,-1.5560542345046997
0.6201210021972656,0.38713112473487854,0.32357490062713623,1.685523271560669,2.1144254207611084,1.8766019344329834,2.4723286628723145
-2.0289692878723145,-2.752201557159424,-1.8220254182815552,-2.7686030864715576,-2.5307798385620117,-2.7136576175689697,-2.366137981414795
-2.557403087615967,-2.912816047668457,-2.30021595954895,-3.039928436279297,-2.7701220512390137,-2.8964145183563232,-2.454193353652954
-1.1460590362548828,-0.9215482473373413,-0.6742939949035645,-0.27922025322914124,-0.7448209524154663,-0.8981759548187256,-1.904591679573059
2.094235897064209,1.8822031021118164,1.587794303894043,2.284862995147705,1.265810251235962,1.9084457159042358,0.7672597765922546
4.223733901977539,2.6279799938201904,3.046015739440918,2.3053295612335205,2.3550214767456055,1.7511091232299805,1.2966485023498535
1.919673204421997,0.13177445530891418,1.2749665975570679,-0.18395642936229706,1.5296014547348022,0.14817605912685394,1.2793077230453491
-2.1085171699523926,-0.6341432332992554,-0.5611560344696045,-0.869506299495697,-0.16505730152130127,-0.7973392009735107,0.7868755459785461
2.6528983116149902,1.610146164894104,1.3750907182693481,0.4448121190071106,1.2825241088867188,0.48048561811447144,0.5091132521629333
-0.38558363914489746,-1.2108078002929688,-0.40415629744529724,-0.6523330807685852,-0.9697041511535645,0.5031601786613464,-0.03963397815823555
-0.39935529232025146,-0.39585331082344055,-1.7437914609909058,-1.63144052028656,-2.002936601638794,-2.421997547149658,-3.1084539890289307
0.31128066778182983,0.22434304654598236,-0.697957456111908,0.017870206385850906,-1.333519697189331,-0.9119983911514282,-1.8802902698516846
4.407362937927246,3.0185461044311523,3.850825309753418,2.964933395385742,4.345743656158447,3.213622808456421,3.9981343746185303
2.271787643432617,1.3440347909927368,1.3448548316955566,1.936953067779541,0.902011513710022,1.7669912576675415,2.769918203353882
0.24570201337337494,0.44883549213409424,0.21789319813251495,-0.6681139469146729,0.8674865961074829,-0.004156380891799927,1.110105037689209
1.6158055067062378,2.4334089756011963,2.0209085941314697,3.368300437927246,3.3814218044281006,3.261690139770508,2.209885358810425
-2.010758876800537,-1.0614666938781738,-0.9216430187225342,-0.7207232713699341,-0.9487056732177734,-1.1486003398895264,-0.6315175890922546
-2.629201889038086,-2.817575693130493,-2.097416877746582,-2.49466872215271,-1.7354795932769775,-2.78764271736145,-0.9363985061645508
1.9731324911117554,1.8489129543304443,2.117079019546509,2.3790946006774902,2.1265101432800293,2.7050764560699463,1.7543658018112183
-0.038968246430158615,0.0501389354467392,1.4061416387557983,1.6087015867233276,0.6963621377944946,1.4947103261947632,2.0805015563964844
-0.2203669548034668,-0.8449313044548035,-1.9930436611175537,0.2843194007873535,0.14664840698242188,0.7558656334877014,-0.4066114127635956
-0.8977498412132263,0.5238933563232422,0.029384762048721313,0.5575165748596191,0.1494625210762024,0.12141313403844833,0.4157539904117584
2.490316152572632,3.1598081588745117,3.8008675575256348,5.527790546417236,5.378536224365234,4.911910057067871,5.57438850402832
-1.6794408559799194,-0.5085275769233704,-0.13313573598861694,-1.1381442546844482,-0.5710586905479431,-1.5444941520690918,0.4410730004310608
-2.473604917526245,-1.2985353469848633,-3.512752056121826,-1.1107368469238281,-2.942796230316162,-1.698939561843872,-2.8937222957611084
2.9109957218170166,2.4913315773010254,1.9808313846588135,1.3467555046081543,1.1099059581756592,1.7104098796844482,0.8722777962684631
2.798396110534668,2.5364737510681152,2.428633213043213,2.3121817111968994,2.007931709289551,1.953601598739624,1.8457367420196533
0.789441704750061,0.35931047797203064,0.0501401424407959,-0.4160754680633545,-0.1253570318222046,0.02635788917541504,-0.5184608697891235
-0.4373955726623535,-0.7293221354484558,0.32981163263320923,0.9936666488647461,0.2970084547996521,0.6176598072052002,0.5306480526924133
2.149205207824707,2.943588972091675,1.9990613460540771,3.0969438552856445,2.862093448638916,3.5121095180511475,3.2472503185272217
0.41001033782958984,0.7887156009674072,-0.5195176005363464,0.6628332138061523,-0.6441697478294373,0.3838009238243103,-1.6618876457214355
-1.7679251432418823,-0.3955460786819458,-0.2987765669822693,-0.07694487273693085,-1.250479817390442,-0.22127902507781982,-0.395591676235199
-1.5759838819503784,-1.3249828815460205,-1.3333375453948975,-1.2708191871643066,-0.6183043718338013,-1.362629771232605,-1.8648854494094849
2.3770298957824707,2.0140256881713867,2.3785512447357178,3.2252843379974365,3.4754087924957275,3.6525461673736572,3.43475079536438
0.06087614223361015,0.3731478452682495,2.0239696502685547,0.3522357940673828,1.622130274772644,0.6224522590637207,2.9438059329986572
2.1850950717926025,2.2295327186584473,2.8985133171081543,2.609844923019409,2.825526237487793,2.825526237487793,3.574293613433838
0.35167014598846436,-0.12646812200546265,0.4038163125514984,0.018173545598983765,1.5388073921203613,-0.03492668271064758,0.6518074870109558
-1.8512465953826904,-2.234189987182617,-3.831296682357788,-2.2571523189544678,-2.451921224594116,-1.801187515258789,-3.6451637744903564
-3.592745542526245,-2.8672168254852295,-3.3422484397888184,-3.124927043914795,-3.5226662158966064,-3.021596908569336,-4.146209716796875
4.114381790161133,3.0629236698150635,3.1141788959503174,3.2745046615600586,3.757019281387329,2.8886566162109375,4.271657466888428
-0.1520821899175644,-0.32148468494415283,-0.25070154666900635,0.0015244632959365845,-0.584833025932312,0.19178301095962524,0.4640141725540161
0.647194504737854,0.15290389955043793,-0.12858867645263672,-1.4487130641937256,-0.6492371559143066,-1.090337872505188,-1.4949179887771606
0.6987065076828003,1.4707599878311157,1.217765212059021,2.631173610687256,2.4573166370391846,2.135845184326172,2.234060049057007
1.4111742973327637,1.9607834815979004,0.9691014289855957,1.524500846862793,1.163665533065796,1.945202112197876,0.5721457004547119
1.27321457862854,-0.6527582406997681,-0.09141330420970917,0.4683171510696411,-0.38910239934921265,0.33103054761886597,-1.142020344734192
-1.2359585762023926,-1.7246289253234863,-2.063322067260742,-2.5422489643096924,-2.9129252433776855,-1.7398003339767456,-3.6386656761169434
-2.9793264865875244,-1.2909038066864014,-2.9437758922576904,-2.5437815189361572,-2.1573188304901123,-1.9955579042434692,-1.3186994791030884
-0.6823519468307495,0.6154423356056213,0.2603858709335327,-0.6657282114028931,-0.7534767985343933,-0.6698286533355713,-0.885884702205658
-4.696927070617676,-3.7534494400024414,-3.4861032962799072,-4.585011005401611,-4.268459796905518,-4.926164150238037,-2.483586549758911
0.5493434071540833,-0.05301682651042938,0.6858500242233276,0.42427003383636475,0.18521647155284882,-0.08869032561779022,-0.010809719562530518
-4.509953498840332,-2.1969542503356934,-3.1582932472229004,-2.1846532821655273,-2.6238574981689453,-3.061523914337158,-2.3817272186279297
2.3933897018432617,0.6856516599655151,0.6257858276367188,1.144794225692749,0.7172247767448425,0.22497150301933289,-0.5104199647903442
-2.9999003410339355,-2.6016294956207275,-1.713072419166565,-1.8844692707061768,-1.4542346000671387,-1.1246647834777832,-0.3594118654727936
-0.8926905989646912,-1.3302652835845947,-0.9540535807609558,-1.8903802633285522,-0.22725743055343628,-0.7896274328231812,0.5136725902557373
-0.8702831268310547,-0.6665874123573303,-1.9237704277038574,-0.7010307908058167,-0.8904693722724915,-1.1020500659942627,-2.537459373474121
3.0975685119628906,2.0275049209594727,2.2397005558013916,3.0571155548095703,3.5089800357818604,2.5929501056671143,2.78523850440979
-1.0607047080993652,-0.8721327185630798,-1.3539299964904785,-1.4416786432266235,-2.9096224308013916,-2.8702585697174072,-2.527920961380005
0.38108599185943604,0.37929606437683105,0.6002564430236816,1.5324828624725342,1.1691871881484985,1.762925386428833,0.7240164279937744
-2.83791184425354,-2.323821544647217,-1.6765729188919067,-1.7357724905014038,-2.0999393463134766,-1.688054084777832,-1.3790680170059204
1.021353006362915,2.2866833209991455,2.6286568641662598,2.290783643722534,2.435117721557617,3.246997356414795,3.108733654022217
-0.9337283372879028,-1.8504406213760376,-2.2596607208251953,-2.4474592208862305,-2.018557071685791,-2.0214273929595947,-3.011124849319458
0.4027937352657318,1.5401983261108398,0.6022313833236694,1.3487095832824707,0.1977267563343048,1.2835133075714111,0.7405627965927124
-0.08483284711837769,1.1633210182189941,0.20136681199073792,1.9916021823883057,0.7598415017127991,1.453629493713379,0.9587969779968262
1.9540772438049316,2.3334715366363525,1.5410689115524292,1.8188711404800415,1.535738468170166,1.7471141815185547,0.9676306843757629
-1.751074194908142,-0.8777821660041809,-1.7784866094589233,-0.4226887822151184,-1.7916079759597778,-1.2302629947662354,-1.8454889059066772
1.2761346101760864,-0.3823425769805908,0.4522942006587982,0.4885827302932739,0.02451980486512184,0.10570770502090454,-0.23256656527519226
-3.1401748657226562,-1.0440610647201538,-3.141416549682617,-1.4405698776245117,-2.3192861080169678,-2.148709297180176,-1.9549229145050049
0.4796818494796753,-0.06121331453323364,-0.9292683601379395,-0.2502419948577881,-0.9079462289810181,-0.4999563694000244,-0.7774070501327515
-2.7852654457092285,-1.3055949211120605,-1.7127647399902344,-1.4933931827545166,-1.5631000995635986,-1.9653494358062744,-0.547694742679596
-0.49571493268013,0.3893636167049408,0.574701726436615,-0.021086551249027252,-0.22833624482154846,0.033448778092861176,0.8128803968429565
-1.010421633720398,0.9518636465072632,0.814500093460083,1.1011180877685547,1.0240305662155151,1.5292000770568848,1.4525432586669922
-2.7572667598724365,-2.0471606254577637,-0.6630699634552002,-1.1731598377227783,-0.648308515548706,-1.3351256847381592,-0.8095024228096008
0.4087499976158142,0.08789577335119247,-1.1067562103271484,-0.17754758894443512,-0.9263385534286499,0.060833122581243515,-0.881203293800354
2.477762222290039,1.562090516090393,2.3541855812072754,1.9425053596496582,2.441934108734131,2.15449595451355,1.9227502346038818
2.385356903076172,3.1214728355407715,2.384220600128174,2.9820592403411865,2.507232666015625,3.1796984672546387,2.6705360412597656
0.6851372122764587,0.8440823554992676,1.0861598253250122,1.2811338901519775,2.229146957397461,1.9535998106002808,1.6222124099731445
-1.5795098543167114,-0.12242743372917175,0.750855565071106,-0.0872664749622345,-0.3499484956264496,-0.258781760931015,0.7523788809776306
0.7868722677230835,-0.08713257312774658,-0.8313555121421814,-0.5902519226074219,-0.9674888849258423,-0.40409359335899353,-1.3371390104293823
-1.8889578580856323,-1.8699630498886108,-1.179147720336914,-1.1836581230163574,-1.1050329208374023,-0.7284111380577087,-0.5944309234619141
-0.45359423756599426,-1.1790051460266113,-0.009570538997650146,-1.5705934762954712,-1.7108272314071655,-2.525167226791382,-1.1428234577178955
3.6678833961486816,3.7497620582580566,3.779284954071045,4.209826946258545,3.810447931289673,3.393437147140503,2.918823480606079
4.61006498336792,1.4958581924438477,2.1306002140045166,1.852593183517456,2.4961512088775635,2.5334649085998535,1.5635461807250977
-1.276990532875061,-1.4733548164367676,-0.025503069162368774,-0.7832573652267456,-0.9519888162612915,-1.3233826160430908,-0.3732808232307434
-4.571043014526367,-3.240861654281616,-3.1210272312164307,-2.604991912841797,-3.1812007427215576,-2.710782289505005,-2.9587361812591553
0.1959797590970993,0.46877503395080566,-0.014406058937311172,0.17113713920116425,0.027623087167739868,-0.28769776225090027,-0.3289870619773865
1.6281177997589111,1.8594388961791992,1.4206959009170532,0.9114260673522949,1.4879425764083862,0.9446393251419067,1.5354753732681274
0.12106937170028687,-0.6613554358482361,-1.885735273361206,-2.0071072578430176,-2.8009450435638428,-2.464712142944336,-2.141087055206299
-0.5587069988250732,0.4221656024456024,1.3701783418655396,-0.18633398413658142,0.3819817006587982,0.18803265690803528,2.127168655395508
1.9085949659347534,0.29285553097724915,1.7677700519561768,0.5454403162002563,1.2582951784133911,0.6003856658935547,1.1534934043884277
-3.4534246921539307,-1.786786675453186,-2.3301925659179688,-2.89399790763855,-2.9169602394104004,-2.86857533454895,-2.6759159564971924
-0.33643239736557007,-1.214455485343933,-1.5203454494476318,-2.3125429153442383,-2.3994715213775635,-2.530684471130371,-2.6480095386505127
-1.60015869140625,-0.8220952749252319,-1.764623761177063,-1.5154731273651123,-1.780512809753418,-1.600966453552246,-2.0081753730773926
2.8423006534576416,2.18450665473938,1.8606772422790527,1.7854349613189697,1.7275679111480713,2.357543706893921,0.7228695750236511
-2.940847396850586,-1.8530478477478027,-1.6634042263031006,-3.232217788696289,-2.224339246749878,-3.2338578701019287,-1.8494367599487305
-0.40044665336608887,0.7719570398330688,-0.2582688331604004,-0.91556316614151,-0.8224840760231018,-1.2708630561828613,-1.3229739665985107
-3.6718649864196777,-1.948960781097412,-0.37871208786964417,-1.7310245037078857,-1.3058128356933594,-2.1589527130126953,0.7098616361618042
1.1801152229309082,0.08649656176567078,0.8879201412200928,0.6066325902938843,0.12175998091697693,-0.4293339252471924,0.2286168485879898
-3.389756202697754,-2.6541311740875244,-3.9219751358032227,-3.0313680171966553,-3.7431976795196533,-2.984623432159424,-3.04451584815979
1.894178867340088,0.31600692868232727,0.9240964651107788,0.877761960029602,1.192672848701477,0.6202567219734192,1.14947509765625
-0.2167864739894867,0.8643472790718079,-0.4095449447631836,-0.09719686210155487,-0.5679229497909546,-0.07936010509729385,-0.8941918015480042
-0.2840816378593445,0.28601959347724915,0.2252311408519745,0.28212419152259827,-0.28660157322883606,-0.992485523223877,-0.2735064923763275
0.40095674991607666,-0.24749529361724854,0.23143160343170166,-0.8896181583404541,-0.9437434673309326,-0.4721973240375519,-0.90522700548172
2.517117500305176,1.381287693977356,1.353814959526062,1.3646810054779053,1.9250009059906006,1.1134289503097534,1.2838478088378906
1.5745795965194702,3.003944158554077,3.108914613723755,2.8202462196350098,2.0723328590393066,1.8074469566345215,3.2152750492095947
2.8325512409210205,2.4821581840515137,2.13248348236084,2.755039930343628,3.285221815109253,2.4981496334075928,4.014343738555908
-1.0528931617736816,-1.4418184757232666,-0.41466790437698364,-0.8887640237808228,-1.3991743326187134,-1.0424394607543945,-0.31922447681427
-0.6915203332901001,-0.3021411895751953,-1.1252968311309814,-1.083165168762207,-0.7678443193435669,-0.7618987560272217,-1.6794896125793457
-0.8007515072822571,-1.4712514877319336,-1.3416788578033447,-1.2244073152542114,-0.8213379383087158,-1.6541295051574707,-1.3659335374832153
-1.725456953048706,-1.3419272899627686,-1.8583729267120361,-1.2617645263671875,-0.2994002103805542,-1.0523877143859863,0.05169790983200073
2.7416696548461914,2.4022908210754395,2.2714879512786865,1.7782094478607178,1.9389455318450928,2.9968490600585938,1.6909430027008057
-1.0251810550689697,-1.3060451745986938,-1.6469680070877075,-0.9416989088058472,-1.355788230895996,-0.7680468559265137,-1.645886778831482
3.8980917930603027,2.7429983615875244,2.569141387939453,2.476267099380493,3.495421886444092,2.9496583938598633,2.6921825408935547
-0.47650986909866333,1.3938592672348022,-0.39227578043937683,0.595100998878479,0.30397242307662964,0.406482458114624,0.36311396956443787
0.9685145020484924,0.45272818207740784,1.7238527536392212,0.5257152318954468,1.2998712062835693,0.9751192927360535,1.880783200263977
1.4063389301300049,0.9716061353683472,-0.36133188009262085,0.731168806552887,-0.09808614104986191,0.6162038445472717,-1.0644258260726929
-1.7840547561645508,-0.7843390107154846,-1.26326584815979,-1.0492249727249146,-2.331535816192627,-0.8581461906433105,-1.944397211074829
1.313124418258667,0.4080154597759247,1.1784809827804565,0.11037755012512207,0.5373831391334534,-0.1789570152759552,1.545896053314209
-1.0109983682632446,-1.0279275178909302,-1.636068344116211,-1.9312974214553833,-2.14041805267334,-1.2243880033493042,-2.1006505489349365
2.646696090698242,2.5838491916656494,2.659809112548828,3.0585732460021973,2.2838025093078613,2.9876363277435303,2.1114392280578613
0.05524208024144173,0.06632883846759796,-0.8617202043533325,-1.6088134050369263,-2.046736240386963,-0.9748913049697876,-2.2337403297424316
-2.509239673614502,-2.233065366744995,-1.903700590133667,-0.7774227857589722,-2.0499825477600098,-0.8766524791717529,-1.8827486038208008
-1.0475847721099854,-1.4858428239822388,-2.1886515617370605,-1.3423287868499756,-1.9450877904891968,-1.1733921766281128,-2.6997504234313965
3.9464707374572754,3.0457000732421875,2.5626721382141113,3.6628103256225586,3.272861957550049,3.7062745094299316,3.0906734466552734
-1.6445274353027344,-0.8682699203491211,-1.6112626791000366,-0.8502280712127686,-2.2652769088745117,-1.3857406377792358,-2.113267421722412
0.41566526889801025,-0.9332442283630371,-1.0127921104431152,-0.7360150218009949,-0.7413455843925476,-1.3990498781204224,-1.4171247482299805
-0.9819064736366272,-0.6759105920791626,-1.0329017639160156,-1.5536015033721924,-0.9383362531661987,-1.5810742378234863,-0.5272380113601685
1.5596543550491333,0.4748373329639435,0.6804725527763367,0.5490546822547913,1.1140388250350952,0.8236790895462036,1.6246100664138794
-2.663196563720703,-2.3600215911865234,-1.4326132535934448,-1.872483730316162,-1.5755634307861328,-1.9138978719711304,-1.607285737991333
0.8017633557319641,0.2524779140949249,0.05770885944366455,-0.36750274896621704,-0.2731935381889343,-0.6151670813560486,-0.6888165473937988
5.1018967628479,4.510823726654053,3.6895134449005127,4.0294365882873535,3.2402760982513428,3.472602128982544,2.3056259155273438
-1.6275660991668701,-0.7547457814216614,-0.10657472908496857,-0.4397323727607727,0.004956208169460297,0.05785138159990311,0.02289821207523346
3.9572627544403076,2.218848705291748,1.7128591537475586,1.1142005920410156,2.3377604484558105,1.4717555046081543,0.7591594457626343
1.171998143196106,1.0881633758544922,1.395898461341858,1.2136356830596924,1.2484890222549438,1.1980540752410889,2.481682300567627
-4.086331367492676,-4.8055500984191895,-2.9392008781433105,-4.985967636108398,-3.659487724304199,-4.787508487701416,-1.9632692337036133
-0.5477972030639648,0.5356677174568176,1.1507279872894287,0.6394078731536865,0.6369476318359375,-0.564470112323761,0.7958876490592957
1.7413949966430664,1.7238998413085938,1.846911907196045,1.428670883178711,1.3212404251098633,1.5566034317016602,1.3053979873657227
-2.3946118354797363,-0.9320709705352783,0.2116336226463318,-0.5038865804672241,-0.40342673659324646,-0.9705122709274292,0.868276059627533
1.6809381246566772,2.397277355194092,0.6500963568687439,1.2092885971069336,0.68576979637146,0.873363196849823,0.2688145637512207
3.5752012729644775,2.59011173248291,3.643095016479492,1.6748082637786865,2.979649543762207,2.1854021549224854,2.6801421642303467
-1.7169047594070435,-1.4674683809280396,-0.2098751664161682,0.42240676283836365,-0.9424118995666504,-0.3632301986217499,-0.6638093590736389
-0.2083509862422943,-0.8173372149467468,-0.9690520763397217,-0.7099066972732544,-1.5824722051620483,-0.8493203520774841,-0.34418433904647827
4.593769550323486,3.216764450073242,4.086869239807129,3.9154725074768066,3.8769288063049316,4.5231523513793945,2.9167613983154297
-0.18909353017807007,0.5423091650009155,0.0133572518825531,0.009256869554519653,-0.0022242367267608643,-0.7462421655654907,-0.23882892727851868
1.1974128484725952,2.0922389030456543,1.0125007629394531,1.3871750831604004,1.251861810684204,1.8564660549163818,1.1885746717453003
-0.041952818632125854,-1.4372389316558838,-0.44740188121795654,-1.311356544494629,-1.1864993572235107,-0.7571359276771545,-0.740416944026947
1.1022123098373413,1.531193733215332,1.2294039726257324,0.985020101070404,1.2490859031677246,1.2023413181304932,1.2855451107025146
0.6749286651611328,1.479952096939087,1.0468984842300415,1.4865126609802246,1.145154356956482,0.975500226020813,2.2436025142669678
1.4198458194732666,0.46777254343032837,1.699533224105835,0.39191508293151855,1.8336162567138672,0.6654118895530701,1.7042627334594727
-1.5428770780563354,-1.9651851654052734,-1.8552944660186768,-1.928281545639038,-1.211531639099121,-2.1857869625091553,-1.2256505489349365
0.6166507601737976,0.05167806148529053,-0.4227384030818939,-0.8721425533294678,0.15705838799476624,-0.4079769551753998,0.30132243037223816
-4.179782867431641,-3.2874341011047363,-5.176284313201904,-3.8276619911193848,-4.8548126220703125,-4.198338508605957,-5.547261714935303
-0.005319133400917053,-1.7159355878829956,-1.7979434728622437,-1.0106664896011353,-0.09627686440944672,-0.37100380659103394,-1.232996940612793
-0.7678965330123901,-1.4787445068359375,-0.6996682286262512,-1.086746096611023,-0.6234007477760315,-1.7616722583770752,-0.9178726077079773
0.36670470237731934,-0.8606402277946472,-0.23696914315223694,-1.9160836935043335,-0.6748920679092407,-1.503583312034607,-0.7167506217956543
-3.2726857662200928,-2.981987476348877,-4.392731189727783,-4.471458911895752,-4.6026716232299805,-4.801131248474121,-4.446140766143799
-0.019113093614578247,0.7500836849212646,-0.16533097624778748,1.3758050203323364,0.3892483115196228,0.8271712064743042,0.5672677159309387
2.3092451095581055,2.0941460132598877,0.1874592900276184,1.60947847366333,1.6892313957214355,2.1922481060028076,0.8487467765808105
3.8157835006713867,3.5231316089630127,2.857431411743164,3.4534249305725098,3.469006299972534,3.557574987411499,2.416599988937378
-0.7197826504707336,-1.2910685539245605,-0.018098801374435425,1.0283236503601074,0.9282739758491516,1.339954137802124,1.375910758972168
0.5149403214454651,0.19020861387252808,-0.6195182204246521,-0.9795334339141846,-1.3182265758514404,-1.013156771659851,-2.9572620391845703
-0.31777191162109375,-0.9286152720451355,-1.7536160945892334,-1.6865744590759277,-1.7974903583526611,-1.9155819416046143,-3.0125486850738525
4.942047595977783,4.129528045654297,3.619643449783325,3.3345630168914795,2.770655393600464,2.7148900032043457,2.1820552349090576
1.7022466659545898,2.1666197776794434,1.1513601541519165,2.5340158939361572,2.057548999786377,2.256828546524048,2.357102394104004
3.5084235668182373,1.5751436948776245,1.298776626586914,0.890376627445221,1.128199815750122,0.8018079400062561,0.8999047875404358
3.7438530921936035,2.1807327270507812,1.8688971996307373,1.424721121788025,2.1819629669189453,1.8543407917022705,0.026737511157989502
1.8991172313690186,1.8551980257034302,1.7218836545944214,3.3052027225494385,0.9388606548309326,1.8114261627197266,0.5246313810348511
-3.4608137607574463,-3.0024807453155518,-3.1993000507354736,-2.2377560138702393,-2.4763994216918945,-2.5998213291168213,-1.7275875806808472
-3.0702872276306152,-2.6183242797851562,-0.7169679999351501,-2.3878817558288574,-1.7406845092773438,-1.9001388549804688,-0.5505558848381042
-1.5451778173446655,-0.3980177938938141,-0.012375012040138245,-0.551372766494751,0.4817233383655548,-0.6165691614151001,0.9792911410331726
0.05089831352233887,0.4881640076637268,-0.7157139778137207,0.00031866133213043213,-0.821094274520874,0.2970852255821228,-1.9191683530807495
0.23844993114471436,-0.2883647680282593,0.035566940903663635,0.4484773874282837,0.47923046350479126,0.8323776125907898,0.0012370552867650986
-1.7284880876541138,-0.4808078110218048,-0.9101711511611938,0.24926868081092834,-0.4279126822948456,0.17136111855506897,0.0914607048034668
0.9145094156265259,0.8618289232254028,0.8618289232254028,0.633846640586853,-0.14933015406131744,1.27186918258667,0.6075342893600464
-1.1512725353240967,-1.7613525390625,-1.627679467201233,-1.6223489046096802,-1.6424407958984375,-1.0163605213165283,-1.1352100372314453
1.8495995998382568,1.1222374439239502,1.228847861289978,0.5574070811271667,-0.010293513536453247,0.6996910572052002,-0.6062966585159302
1.31895112991333,1.4863190650939941,0.6030926704406738,1.314102292060852,0.7695690393447876,0.8716690540313721,0.2592301666736603
2.4105939865112305,1.822986364364624,0.5582175254821777,1.9228310585021973,0.8034214973449707,2.0286214351654053,0.5491700768470764
0.0829009860754013,-1.2499566078186035,-1.275994062423706,-1.0929111242294312,-1.0678987503051758,-1.1468313932418823,0.016352251172065735
3.5096120834350586,1.6598899364471436,2.6357858180999756,2.8645880222320557,3.234034299850464,3.530083179473877,2.9897992610931396
0.11728660762310028,0.14732930064201355,0.10673532634973526,0.1616806983947754,-0.27091169357299805,0.3650606572628021,0.003131866455078125
-0.38619232177734375,-1.1691226959228516,-0.4183390438556671,-0.32033947110176086,-0.42120933532714844,-0.49235132336616516,-1.5057408809661865
-0.011607237160205841,-0.267287939786911,0.5007171630859375,-0.2574469745159149,-0.5288935899734497,-0.7396541833877563,-0.6437473297119141
2.3298182487487793,-0.4220832586288452,0.21675926446914673,-0.046486496925354004,0.6021970510482788,-0.2252640724182129,-0.15475571155548096
-0.624879002571106,0.08826699107885361,0.6282898783683777,0.2863163948059082,-0.5300735831260681,-0.06959846615791321,0.6661596298217773
-0.9660155773162842,0.6258506774902344,0.09935900568962097,-0.5029900074005127,-1.0155402421951294,-0.7414283752441406,-0.3319389820098877
-2.9807374477386475,-2.4016809463500977,-1.6230148077011108,-1.6648389101028442,-1.1129248142242432,-1.5090235471725464,-0.5097628831863403
2.98366117477417,2.2302463054656982,1.2420495748519897,1.5249773263931274,0.683574914932251,0.7983860969543457,-0.04879447817802429
0.6259206533432007,-0.5212379693984985,-0.36870306730270386,-0.712931752204895,-0.1333400011062622,-0.804370641708374,-0.14075633883476257
0.8409876227378845,1.7249326705932617,0.6461169123649597,0.33848434686660767,0.1539662480354309,0.4312046766281128,0.31801050901412964
-1.1094579696655273,-1.6799383163452148,-2.8739752769470215,-2.985506296157837,-1.7890090942382812,-2.613189697265625,-2.19278883934021
-0.4990759491920471,-0.6490092277526855,-0.6534299850463867,-0.9339487552642822,-0.3307796120643616,-1.283918023109436,-0.6917961835861206
1.992498755455017,0.9839167594909668,1.3656642436981201,1.2004436254501343,0.4738267660140991,-0.26096510887145996,0.5485960245132446
-3.027571439743042,-3.079702377319336,-2.471407651901245,-2.857870578765869,-2.8636112213134766,-2.81809663772583,-2.5687825679779053
1.6641820669174194,0.18917356431484222,1.8199033737182617,0.8638946413993835,0.6541590690612793,0.9288859963417053,0.9657790660858154
-2.1701412200927734,-2.1633682250976562,-2.119083881378174,-0.876252293586731,-0.6622112393379211,-0.9053651094436646,-0.2600192725658417
1.2127994298934937,2.196103572845459,1.8098458051681519,1.56382155418396,1.3711026906967163,1.746699571609497,0.6625691056251526
2.6432278156280518,1.8963024616241455,2.4953713417053223,1.3904154300689697,0.9810927510261536,1.2370219230651855,0.4180430471897125
-1.8980170488357544,-0.4969337284564972,0.28337258100509644,-0.607285737991333,-0.1373283714056015,-0.34870409965515137,0.9025173187255859
-1.9007518291473389,-1.0575602054595947,-1.9133141040802002,-2.2663586139678955,-1.6111657619476318,-2.0763051509857178,-0.761850118637085
0.03669338673353195,-0.5391298532485962,-0.3974609673023224,0.02875015139579773,0.3186742067337036,0.524514377117157,0.5629791617393494
0.7456202507019043,0.1678420454263687,-0.6604390144348145,-1.1434664726257324,-0.5923724174499512,-1.3222439289093018,-1.0945769548416138
2.1163480281829834,1.7912102937698364,0.739662230014801,1.4945461750030518,1.4547209739685059,1.25405752658844,0.23733124136924744
-1.8444243669509888,0.18524649739265442,-1.0061253309249878,0.5723243951797485,0.13440153002738953,1.17426335811615,-0.6321930885314941
-0.08107160031795502,1.5248188972473145,1.6527513265609741,0.3291415274143219,0.15897485613822937,-0.5317890644073486,1.3327524662017822
-1.189070463180542,-0.9627496600151062,-0.26573243737220764,-0.614266574382782,-0.27844372391700745,-0.24318024516105652,0.2747904658317566
-2.4941182136535645,-1.0164334774017334,-0.5707197189331055,-1.652200698852539,0.10010594129562378,-1.2998738288879395,1.4016942977905273
-0.7418785095214844,-0.33632197976112366,-0.8952580094337463,-0.44318872690200806,-1.128160834312439,-0.27773749828338623,-2.4830448627471924
4.089522361755371,2.574384927749634,3.263047456741333,2.621232032775879,3.716141939163208,2.92594313621521,2.784524917602539
1.0840723514556885,1.1614680290222168,2.6364846229553223,1.2018568515777588,2.3773393630981445,2.155097484588623,3.18536114692688
0.982158899307251,1.7288755178451538,2.2791495323181152,1.4705501794815063,0.842778742313385,0.43878668546676636,1.6446820497512817
2.3541581630706787,1.6207852363586426,2.066088914871216,1.9894113540649414,2.461777448654175,1.3119736909866333,1.4214012622833252
2.3244593143463135,1.8204381465911865,2.30941104888916,1.872103214263916,2.425452470779419,1.406400203704834,1.4998695850372314
3.999073028564453,3.477485418319702,3.0998384952545166,3.720639228820801,3.8141283988952637,3.974043846130371,2.411954164505005
-0.8668071627616882,1.314565658569336,1.5511587858200073,1.1099555492401123,1.4437280893325806,1.0049853324890137,2.7920315265655518
-3.0148963928222656,-1.1957545280456543,-2.5882508754730225,-1.2494697570800781,-2.3004026412963867,-1.9692440032958984,-3.8725192546844482
4.034222602844238,3.585833787918091,2.544536828994751,2.325267791748047,2.1085104942321777,1.9106148481369019,2.0408809185028076
2.217013359069824,0.5033584833145142,1.0446115732192993,0.7946919798851013,0.6757803559303284,0.3721455931663513,-0.28713124990463257
0.9270673990249634,0.5258585810661316,0.502076268196106,1.3000143766403198,2.1340363025665283,1.7133349180221558,0.7472720742225647
2.8768558502197266,2.778986930847168,5.070496082305908,3.677999973297119,4.8047895431518555,4.282398700714111,7.126321792602539
-0.04876634106040001,1.2632334232330322,1.2743043899536133,0.7477105259895325,2.048870325088501,0.48108184337615967,2.1740002632141113
0.8626425266265869,1.338376522064209,0.0818084180355072,2.137749671936035,1.6501222848892212,2.5592710971832275,0.8655417561531067
0.2766529619693756,0.3334417939186096,0.9165189266204834,0.7496325373649597,0.5124243497848511,0.7935068607330322,0.1894395798444748
-0.6465440392494202,0.03471857309341431,0.09089410305023193,0.20734547078609467,-0.34810516238212585,0.5312772393226624,0.8170366287231445
0.6111254692077637,-1.2030850648880005,0.5471715927124023,-0.5039664506912231,-0.7856640815734863,-1.1300978660583496,0.4229091703891754
-2.9209420680999756,-2.2307639122009277,-1.9183131456375122,-3.0355958938598633,-3.2568893432617188,-2.997744083404541,-2.8174400329589844
-0.24562250077724457,-0.22139891982078552,0.11196370422840118,-0.1767044961452484,-0.08034506440162659,-0.09879687428474426,-0.16060173511505127
0.3907092213630676,0.2620680034160614,0.8802355527877808,0.42744874954223633,0.6694749593734741,0.14134323596954346,0.671330988407135
4.054540157318115,1.382203221321106,1.061551809310913,0.4628930985927582,1.1542208194732666,0.7441806793212891,-1.117836833000183
-3.980520248413086,-3.8375542163848877,-5.716768264770508,-4.383317947387695,-5.465823650360107,-3.7016258239746094,-5.483234882354736
1.6332688331604004,0.11523681879043579,2.0067520141601562,0.7626903057098389,1.9444260597229004,1.4721366167068481,2.75937819480896
0.6433933973312378,0.9858051538467407,2.152369737625122,1.1891851425170898,1.5717525482177734,1.4655520915985107,2.675963878631592
-3.5517501831054688,-1.6744940280914307,-2.3527004718780518,-2.0156474113464355,-2.3863236904144287,-1.5194988250732422,-1.803815484046936
-1.0191519260406494,-1.0478647947311401,-0.45884209871292114,-0.3130728006362915,-0.0924711674451828,0.135511115193367,0.06227874755859375
-0.6851410865783691,-2.023714303970337,-1.6259751319885254,-0.8760117292404175,-1.4435073137283325,-0.9690909385681152,-1.922059178352356
0.216196209192276,-0.7051746845245361,-0.9897425174713135,-1.1873819828033447,-1.2693901062011719,-0.8462284803390503,-1.3845714330673218
2.5019357204437256,2.4253103733062744,2.6757423877716064,2.6458094120025635,2.043972969055176,2.154632568359375,3.0172300338745117
-2.9047818183898926,-2.0629916191101074,-2.833867073059082,-3.289421558380127,-2.3676514625549316,-3.025765895843506,-1.5442136526107788
1.8968654870986938,1.0853197574615479,2.835371494293213,2.658233880996704,2.7041585445404053,2.571305513381958,3.1925971508026123
-1.089436650276184,-1.9701365232467651,-2.5413224697113037,-2.2214913368225098,-2.9226598739624023,-2.4306116104125977,-2.3706870079040527
1.5964521169662476,1.4370343685150146,0.7613394260406494,0.2184462696313858,0.8630293607711792,0.49481332302093506,-0.1477329432964325
-3.722165822982788,-2.8927698135375977,-3.247044563293457,-2.6701178550720215,-2.5967206954956055,-2.4745287895202637,-2.3584110736846924
2.509906768798828,1.2091212272644043,1.3823630809783936,1.5650358200073242,1.5344879627227783,1.4473545551300049,1.1894208192825317
0.6678757071495056,-0.19371922314167023,-0.6231338977813721,0.17295920848846436,-0.21422119438648224,-0.1605059653520584,-1.1142680644989014
-1.0994514226913452,-0.9941104054450989,-0.10083787888288498,-0.4405561685562134,-0.9297340512275696,-0.1822308897972107,-0.23657537996768951
2.6084744930267334,1.3070716857910156,0.8609481453895569,1.3923600912094116,2.282557487487793,0.5616188049316406,0.48811960220336914
-0.18451780080795288,-0.3013017773628235,0.5630629062652588,-0.47146838903427124,-0.12713715434074402,-0.23364512622356415,0.4512958228588104
-0.6584095358848572,0.6725905537605286,1.6353648900985718,1.459047555923462,1.1621785163879395,0.9415768980979919,1.3999823331832886
-1.245427131652832,-0.7621661424636841,0.04543367028236389,0.11350032687187195,0.6002180576324463,0.0765967071056366,1.1579862833023071
2.003848075866699,0.913109302520752,0.6195205450057983,0.6892273426055908,0.9635442495346069,0.4194369912147522,0.7708595991134644
-0.4540247619152069,-0.6074650287628174,0.2517741322517395,0.522810697555542,0.45556411147117615,0.14106327295303345,-1.1704243421554565
-1.5547279119491577,-0.29646170139312744,-0.6681630611419678,-0.7159327864646912,-0.13654598593711853,-0.14228656888008118,0.16325190663337708
1.209330677986145,-0.4084290862083435,0.5855081081390381,-0.6282106041908264,0.5592656135559082,-0.4752655625343323,1.228081464767456
-1.2399362325668335,-0.4807104468345642,0.48431915044784546,0.8972294926643372,0.9070704579353333,0.3412150740623474,2.1864309310913086
-0.28034400939941406,-0.4363711476325989,-0.21412937343120575,0.05667653679847717,-0.731190025806427,-0.36215388774871826,-0.8986417055130005
-0.558957576751709,-1.2563778162002563,-0.5472133755683899,-1.414243221282959,-0.7663285732269287,-0.8616116642951965,-0.2475423514842987
0.3000015616416931,0.1477123647928238,-0.44541072845458984,-0.349256306886673,-0.529879093170166,-0.6553513407707214,-1.4791406393051147
3.8297483921051025,2.6413562297821045,2.6755945682525635,3.760150909423828,4.225956439971924,3.4013657569885254,3.1974403858184814
2.118236541748047,0.9457454085350037,1.6561400890350342,2.3521831035614014,2.8671934604644775,2.1406023502349854,2.95092511177063
0.5833591222763062,-0.2787187099456787,-0.8326829075813293,-0.07574884593486786,-0.16826413571834564,0.421629935503006,-1.9600324630737305
0.5425958633422852,0.5356252789497375,-0.874707818031311,-0.6910098195075989,-1.1338531970977783,-0.5606170296669006,-1.7789764404296875
-2.1986241340637207,-1.376572608947754,-1.5225467681884766,-2.068002700805664,-0.8537713289260864,-1.4950741529464722,-0.578444242477417
2.2562813758850098,1.6559062004089355,1.588967204093933,2.492593288421631,2.7123749256134033,2.658249616622925,2.439100980758667
2.3353867530822754,2.6150782108306885,2.387916088104248,2.1025283336639404,1.2065904140472412,1.2288349866867065,0.6183483600616455
0.9045650959014893,2.1969103813171387,1.6622179746627808,2.9513840675354004,1.6851801872253418,2.2690775394439697,2.4958252906799316
1.3671069145202637,1.143986701965332,0.6931987404823303,0.26260530948638916,-0.928561270236969,-0.5783870816230774,-1.832027554512024
-2.9739842414855957,-1.706124186515808,-0.2428956925868988,-2.1752099990844727,-1.0096709728240967,-2.248812198638916,-0.7696282863616943
1.424910306930542,1.032747745513916,1.4067044258117676,1.5340218544006348,0.787543773651123,1.2800019979476929,1.5286616086959839
1.3869894742965698,2.8777785301208496,2.154467821121216,1.542828917503357,0.9075356125831604,1.4518640041351318,1.5823520421981812
2.40636944770813,1.6725674867630005,1.3009045124053955,1.3560677766799927,0.7762197256088257,1.690609335899353,0.4421522617340088
-2.0383355617523193,-1.0472478866577148,-1.3693344593048096,-1.232688546180725,-1.056473731994629,-1.733450174331665,0.6038233041763306
0.7838158011436462,0.8525160551071167,1.5377956628799438,2.204110860824585,1.3696792125701904,1.4496370553970337,1.6878963708877563
1.4545320272445679,2.0559775829315186,0.6823427677154541,1.5380966663360596,1.3084741830825806,2.4446957111358643,1.3050616979599
1.4585520029067993,1.406019687652588,0.14719630777835846,1.8636245727539062,1.6737759113311768,1.2477442026138306,1.0879958868026733
2.5272858142852783,1.0681825876235962,0.9498859643936157,0.8748486042022705,0.5355403423309326,1.977651596069336,0.12694621086120605
2.4323415756225586,0.9990476369857788,1.6559321880340576,0.4856773614883423,0.4258115291595459,1.101967692375183,-0.25587156414985657
-0.17526304721832275,-1.45902419090271,-2.4144179821014404,-1.5172500610351562,-0.5132473707199097,-1.3241209983825684,-1.6836541891098022
1.863094687461853,2.555272102355957,1.672558307647705,2.280545234680176,2.5659332275390625,2.4339003562927246,2.114788770675659
4.79656457901001,2.788710355758667,3.518171787261963,2.3499674797058105,3.469787120819092,2.1761105060577393,2.34731125831604
-0.18945813179016113,-0.5835292339324951,-1.8813064098358154,-1.4630653858184814,-1.26460599899292,-0.8611263632774353,-2.720750331878662
0.6972886323928833,-1.226297378540039,-0.6422975659370422,-2.67691707611084,-1.5312647819519043,-2.4259724617004395,-2.1906564235687256
2.9322495460510254,2.143211841583252,1.7247657775878906,1.0281075239181519,1.651368498802185,2.0390615463256836,0.831998348236084
-0.7208789587020874,0.7107105255126953,0.24285462498664856,0.18421897292137146,0.2580260932445526,-0.19168542325496674,-0.29853856563568115
