-0.181464523,-0.124198355,,0.0329,0.0154,0.0225,,-0.001787,-0.001412,,0.000003,0.000002,0.000003,,,,,
0.784779429,0.218946755,,0.6159,0.0479,0.1718,,0.007728,0.002489,,0.000060,0.000006,0.000019,,,,,
0.775899053,-0.594448268,,0.6020,0.3534,-0.4612,,0.007640,-0.006757,,0.000058,0.000046,-0.000052,,,,,
-1.178585291,0.18811062,,1.3891,0.0354,-0.2217,,-0.011605,0.002138,,0.000135,0.000005,-0.000025,,,,,
-1.50379324,-1.852992415,,2.2614,3.4336,2.7865,,-0.014808,-0.021063,,0.000219,0.000444,0.000312,,,,,
-0.305907667,1.212366581,,0.0936,1.4698,-0.3709,,-0.003012,0.013781,,0.000009,0.000190,-0.000042,,,,,
-0.324473441,1.560904264,,0.1053,2.4364,-0.5065,,-0.003195,0.017743,,0.000010,0.000315,-0.000057,,,,,
-3.580162764,-0.953766465,,12.8176,0.9097,3.4146,,-0.035253,-0.010842,,0.001243,0.000118,0.000382,,,,,
-1.10184443,0.983346462,,1.2141,0.9670,-1.0835,,-0.010850,0.011178,,0.000118,0.000125,-0.000121,,,,,
-1.526947975,-1.030392289,,2.3316,1.0617,1.5734,,-0.015036,-0.011713,,0.000226,0.000137,0.000176,,,,,
-1.392501593,-1.168421626,,1.9391,1.3652,1.6270,,-0.013712,-0.013282,,0.000188,0.000176,0.000182,,,,,
-0.782884479,-2.562757969,,0.6129,6.5677,2.0063,,-0.007709,-0.029131,,0.000059,0.000849,0.000225,,,,,sqrt by 16 or indic by 4
-0.27482307,-1.088624597,,0.0755,1.1851,0.2992,,-0.002706,-0.012375,,0.000007,0.000153,0.000033,,,,,
-0.171229929,-0.649275064,,0.0293,0.4216,0.1112,,-0.001686,-0.007380,,0.000003,0.000054,0.000012,,,,,
1.31841588,-0.074408323,,1.7382,0.0055,-0.0981,,0.012982,-0.000846,,0.000169,0.000001,-0.000011,,,,,
-0.888957798,-0.018492922,,0.7902,0.0003,0.0164,,-0.008753,-0.000210,,0.000077,0.000000,0.000002,,,,,Why excel problem….
-0.470275402,-1.051034212,,0.2212,1.1047,0.4943,,-0.004631,-0.011947,,0.000021,0.000143,0.000055,,,,,
0.555178881,-0.127182066,,0.3082,0.0162,-0.0706,,0.005467,-0.001446,,0.000030,0.000002,-0.000008,,,,,
0.662180185,0.513241172,,0.4385,0.2634,0.3399,,0.006520,0.005834,,0.000043,0.000034,0.000038,,,,,Recreate….
-2.364817619,-0.612386763,,5.5924,0.3750,1.4482,,-0.023286,-0.006961,,0.000542,0.000048,0.000162,,,,,
0.283239543,-0.806445122,,0.0802,0.6504,-0.2284,,0.002789,-0.009167,,0.000008,0.000084,-0.000026,,,,,
-0.306474447,-0.423765719,,0.0939,0.1796,0.1299,,-0.003018,-0.004817,,0.000009,0.000023,0.000015,,,,,
-0.601730049,0.781968415,,0.3621,0.6115,-0.4705,,-0.005925,0.008889,,0.000035,0.000079,-0.000053,,,,,
-3.578888178,-0.091110274,,12.8084,0.0083,0.3261,,-0.035241,-0.001036,,0.001242,0.000001,0.000036,,,,,
-0.317978382,0.050043181,,0.1011,0.0025,-0.0159,,-0.003131,0.000569,,0.000010,0.000000,-0.000002,,,,,
0.142849743,-0.050627239,,0.0204,0.0026,-0.0072,,0.001407,-0.000575,,0.000002,0.000000,-0.000001,,,,,
-1.508376122,-0.784326971,,2.2752,0.6152,1.1831,,-0.014853,-0.008916,,0.000221,0.000079,0.000132,,,,,
-1.607555628,-0.44738555,,2.5842,0.2002,0.7192,,-0.015829,-0.005085,,0.000251,0.000026,0.000081,,,,,
0.726123929,1.416545153,,0.5273,2.0066,1.0286,,0.007150,0.016102,,0.000051,0.000259,0.000115,,,,,
0.107104026,-0.575182199,,0.0115,0.3308,-0.0616,,0.001055,-0.006538,,0.000001,0.000043,-0.000007,,,,,
0.63468802,1.32310605,,0.4028,1.7506,0.8398,,0.006250,0.015040,,0.000039,0.000226,0.000094,,,,,
2.644062281,0.322911978,,6.9911,0.1043,0.8538,,0.026036,0.003671,,0.000678,0.000013,0.000096,,,,,
0.734244823,-1.240922451,,0.5391,1.5399,-0.9111,,0.007230,-0.014106,,0.000052,0.000199,-0.000102,,,,,
0.630860865,-0.990211785,,0.3980,0.9805,-0.6247,,0.006212,-0.011256,,0.000039,0.000127,-0.000070,,,,,
-1.258834839,0.21601285,,1.5847,0.0467,-0.2719,,-0.012396,0.002455,,0.000154,0.000006,-0.000030,,,,,
0.906186104,-0.368747711,,0.8212,0.1360,-0.3342,,0.008923,-0.004192,,0.000080,0.000018,-0.000037,,,,,
-0.001446707,-0.73963809,,0.0000,0.5471,0.0011,,-0.000014,-0.008408,,0.000000,0.000071,0.000000,,,,,
-0.209024906,-0.148394048,,0.0437,0.0220,0.0310,,-0.002058,-0.001687,,0.000004,0.000003,0.000003,,,,,
-1.784222603,-0.52134335,,3.1835,0.2718,0.9302,,-0.017569,-0.005926,,0.000309,0.000035,0.000104,,,,,
-0.264956146,0.769536078,,0.0702,0.5922,-0.2039,,-0.002609,0.008747,,0.000007,0.000077,-0.000023,,,,,
-0.166899696,-0.173785031,,0.0279,0.0302,0.0290,,-0.001643,-0.001975,,0.000003,0.000004,0.000003,,,,,
0.359490037,-0.26926747,,0.1292,0.0725,-0.0968,,0.003540,-0.003061,,0.000013,0.000009,-0.000011,,,,,
-1.109386206,0.15507178,,1.2307,0.0240,-0.1720,,-0.010924,0.001763,,0.000119,0.000003,-0.000019,,,,,
2.140024662,0.693965197,,4.5797,0.4816,1.4851,,0.021073,0.007888,,0.000444,0.000062,0.000166,,,,,
3.067567587,3.172176361,,9.4100,10.0627,9.7309,,0.030206,0.036059,,0.000912,0.001300,0.001089,,,,,
-0.025183201,-1.080275297,,0.0006,1.1670,0.0272,,-0.000248,-0.012280,,0.000000,0.000151,0.000003,,,,,
0.185379803,0.925192058,,0.0344,0.8560,0.1715,,0.001825,0.010517,,0.000003,0.000111,0.000019,,,,,
0.656184077,-0.523642361,,0.4306,0.2742,-0.3436,,0.006461,-0.005952,,0.000042,0.000035,-0.000038,,,,,
1.171874762,-0.578732371,,1.3733,0.3349,-0.6782,,0.011539,-0.006579,,0.000133,0.000043,-0.000076,,,,,
-0.407146633,0.485482931,,0.1658,0.2357,-0.1977,,-0.004009,0.005519,,0.000016,0.000030,-0.000022,,,,,
1.427291632,1.324750423,,2.0372,1.7550,1.8908,,0.014054,0.015059,,0.000198,0.000227,0.000212,,,,,
-0.550447166,0.396703601,,0.3030,0.1574,-0.2184,,-0.005420,0.004509,,0.000029,0.000020,-0.000024,,,,,
0.302902758,0.217681527,,0.0918,0.0474,0.0659,,0.002983,0.002474,,0.000009,0.000006,0.000007,,,,,
2.519056797,2.02858305,,6.3456,4.1151,5.1101,,0.024805,0.023059,,0.000615,0.000532,0.000572,,,,,
-0.433745772,-0.486713499,,0.1881,0.2369,0.2111,,-0.004271,-0.005533,,0.000018,0.000031,0.000024,,,,,
-0.208144069,-2.040428877,,0.0433,4.1634,0.4247,,-0.002050,-0.023194,,0.000004,0.000538,0.000048,,,,,
0.303507507,0.701931357,,0.0921,0.4927,0.2130,,0.002989,0.007979,,0.000009,0.000064,0.000024,,,,,
0.298870802,0.309760898,,0.0893,0.0960,0.0926,,0.002943,0.003521,,0.000009,0.000012,0.000010,,,,,
1.220112801,0.220332116,,1.4887,0.0485,0.2688,,0.012014,0.002505,,0.000144,0.000006,0.000030,,,,,
-0.442369312,0.471997499,,0.1957,0.2228,-0.2088,,-0.004356,0.005365,,0.000019,0.000029,-0.000023,,,,,
1.092124701,-0.006494395,,1.1927,0.0000,-0.0071,,0.010754,-0.000074,,0.000116,0.000000,-0.000001,,,,,
-1.675220966,-0.192390636,,2.8064,0.0370,0.3223,,-0.016496,-0.002187,,0.000272,0.000005,0.000036,,,,,
-1.225680351,-0.084864065,,1.5023,0.0072,0.1040,,-0.012069,-0.000965,,0.000146,0.000001,0.000012,,,,,
-0.800338864,-0.074072659,,0.6405,0.0055,0.0593,,-0.007881,-0.000842,,0.000062,0.000001,0.000007,,,,,
0.416728437,-1.325164557,,0.1737,1.7561,-0.5522,,0.004103,-0.015063,,0.000017,0.000227,-0.000062,,,,,
0.171743587,-2.10343647,,0.0295,4.4244,-0.3613,,0.001691,-0.023910,,0.000003,0.000572,-0.000040,,,,,
-2.591175079,-0.189016312,,6.7142,0.0357,0.4898,,-0.025515,-0.002149,,0.000651,0.000005,0.000055,,,,,
3.292947292,1.224380612,,10.8435,1.4991,4.0318,,0.032425,0.013918,,0.001051,0.000194,0.000451,,,,,
3.554031372,2.652454615,,12.6311,7.0355,9.4269,,0.034996,0.030151,,0.001225,0.000909,0.001055,,,,,
1.321687698,-0.707614064,,1.7469,0.5007,-0.9352,,0.013015,-0.008044,,0.000169,0.000065,-0.000105,,,,,
-2.020317554,-0.548225462,,4.0817,0.3006,1.1076,,-0.019894,-0.006232,,0.000396,0.000039,0.000124,,,,,
-0.167617679,-0.491573989,,0.0281,0.2416,0.0824,,-0.001651,-0.005588,,0.000003,0.000031,0.000009,,,,,
-0.951355994,1.250622988,,0.9051,1.5641,-1.1898,,-0.009368,0.014216,,0.000088,0.000202,-0.000133,,,,,
-0.174239948,-0.095334247,,0.0304,0.0091,0.0166,,-0.001716,-0.001084,,0.000003,0.000001,0.000002,,,,,
0.888086915,-1.361379981,,0.7887,1.8534,-1.2090,,0.008745,-0.015475,,0.000076,0.000239,-0.000135,,,,,
0.119440272,-1.391501546,,0.0143,1.9363,-0.1662,,0.001176,-0.015817,,0.000001,0.000250,-0.000019,,,,,
-1.491124153,0.567122221,,2.2235,0.3216,-0.8456,,-0.014683,0.006447,,0.000216,0.000042,-0.000095,,,,,
1.285586357,0.605988085,,1.6527,0.3672,0.7791,,0.012659,0.006888,,0.000160,0.000047,0.000087,,,,,
0.876865864,-0.950730383,,0.7689,0.9039,-0.8337,,0.008634,-0.010807,,0.000075,0.000117,-0.000093,,,,,
-0.699613929,-1.104956388,,0.4895,1.2209,0.7730,,-0.006889,-0.012560,,0.000047,0.000158,0.000087,,,,,
-0.964997828,-0.200232029,,0.9312,0.0401,0.1932,,-0.009502,-0.002276,,0.000090,0.000005,0.000022,,,,,
2.54234314,2.170651913,,6.4635,4.7117,5.5185,,0.025034,0.024674,,0.000627,0.000609,0.000618,,,,,
-1.022737741,-0.494684309,,1.0460,0.2447,0.5059,,-0.010071,-0.005623,,0.000101,0.000032,0.000057,,,,,
0.946561933,0.974016249,,0.8960,0.9487,0.9220,,0.009321,0.011072,,0.000087,0.000123,0.000103,,,,,
0.676117539,1.092313647,,0.4571,1.1931,0.7385,,0.006658,0.012416,,0.000044,0.000154,0.000083,,,,,
0.557050407,-0.717318058,,0.3103,0.5145,-0.3996,,0.005485,-0.008154,,0.000030,0.000066,-0.000045,,,,,
0.718104839,-0.029802337,,0.5157,0.0009,-0.0214,,0.007071,-0.000339,,0.000050,0.000000,-0.000002,,,,,
-1.731316566,-0.777981579,,2.9975,0.6053,1.3469,,-0.017048,-0.008843,,0.000291,0.000078,0.000151,,,,,
-0.622287333,0.134711981,,0.3872,0.0181,-0.0838,,-0.006128,0.001531,,0.000038,0.000002,-0.000009,,,,,
-0.039339364,0.469906479,,0.0015,0.2208,-0.0185,,-0.000387,0.005341,,0.000000,0.000029,-0.000002,,,,,
-1.564513087,0.861352205,,2.4477,0.7419,-1.3476,,-0.015406,0.009791,,0.000237,0.000096,-0.000151,,,,,
-1.462299347,1.100827694,,2.1383,1.2118,-1.6097,,-0.014399,0.012513,,0.000207,0.000157,-0.000180,,,,,
1.24764061,-0.360135794,,1.5566,0.1297,-0.4493,,0.012285,-0.004094,,0.000151,0.000017,-0.000050,,,,,
1.514356732,0.003499687,,2.2933,0.0000,0.0053,,0.014912,0.000040,,0.000222,0.000000,0.000001,,,,,
-1.197843552,0.250931561,,1.4348,0.0630,-0.3006,,-0.011795,0.002852,,0.000139,0.000008,-0.000034,,,,,
2.564075232,0.512016773,,6.5745,0.2622,1.3128,,0.025248,0.005820,,0.000637,0.000034,0.000147,,,,,
-1.23328054,-0.201963425,,1.5210,0.0408,0.2491,,-0.012144,-0.002296,,0.000147,0.000005,0.000028,,,,,
0.565152407,-2.119705915,,0.3194,4.4932,-1.1980,,0.005565,-0.024095,,0.000031,0.000581,-0.000134,,,,,
0.105120197,0.209735498,,0.0111,0.0440,0.0220,,0.001035,0.002384,,0.000001,0.000006,0.000002,,,,,
-2.006018162,2.563176632,,4.0241,6.5699,-5.1418,,-0.019753,0.029136,,0.000390,0.000849,-0.000576,,,,,
-0.790456474,-2.612803459,,0.6248,6.8267,2.0653,,-0.007784,-0.029700,,0.000061,0.000882,0.000231,,,,,
-0.62566334,0.80481571,,0.3915,0.6477,-0.5035,,-0.006161,0.009148,,0.000038,0.000084,-0.000056,,,,,
1.202504873,0.178641111,,1.4460,0.0319,0.2148,,0.011841,0.002031,,0.000140,0.000004,0.000024,,,,,
-1.237025976,-1.450159073,,1.5302,2.1030,1.7939,,-0.012181,-0.016484,,0.000148,0.000272,0.000201,,,,,
-0.326419771,-1.118109941,,0.1065,1.2502,0.3650,,-0.003214,-0.012710,,0.000010,0.000162,0.000041,,,,,
1.182932854,-0.093845859,,1.3993,0.0088,-0.1110,,0.011648,-0.001067,,0.000136,0.000001,-0.000012,,,,,
0.135976419,0.044934969,,0.0185,0.0020,0.0061,,0.001339,0.000511,,0.000002,0.000000,0.000001,,,,,
-0.898318291,-1.624638081,,0.8070,2.6394,1.4594,,-0.008846,-0.018468,,0.000078,0.000341,0.000163,,,,,
-0.845154524,0.369776726,,0.7143,0.1367,-0.3125,,-0.008322,0.004203,,0.000069,0.000018,-0.000035,,,,,
0.435229719,-0.778981328,,0.1894,0.6068,-0.3390,,0.004286,-0.008855,,0.000018,0.000078,-0.000038,,,,,
0.703672409,0.305277884,,0.4952,0.0932,0.2148,,0.006929,0.003470,,0.000048,0.000012,0.000024,,,,,
0.046328183,-0.015451491,,0.0021,0.0002,-0.0007,,0.000456,-0.000176,,0.000000,0.000000,0.000000,,,,,
1.165563822,-1.576391697,,1.3585,2.4850,-1.8374,,0.011477,-0.017919,,0.000132,0.000321,-0.000206,,,,,
1.430191159,3.001178741,,2.0454,9.0071,4.2923,,0.014083,0.034115,,0.000198,0.001164,0.000480,,,,,
-0.874295175,0.919353485,,0.7644,0.8452,-0.8038,,-0.008609,0.010450,,0.000074,0.000109,-0.000090,,,,,
2.591212749,1.902772307,,6.7144,3.6205,4.9305,,0.025515,0.021629,,0.000651,0.000468,0.000552,,,,,
-0.057389084,-1.447425365,,0.0033,2.0950,0.0831,,-0.000565,-0.016453,,0.000000,0.000271,0.000009,,,,,
-1.074916959,0.066730358,,1.1554,0.0045,-0.0717,,-0.010585,0.000759,,0.000112,0.000001,-0.000008,,,,,
-0.717770517,1.009242535,,0.5152,1.0186,-0.7244,,-0.007068,0.011472,,0.000050,0.000132,-0.000081,,,,,
-0.105892509,0.80850035,,0.0112,0.6537,-0.0856,,-0.001043,0.009190,,0.000001,0.000084,-0.000010,,,,,
0.176634356,2.157765627,,0.0312,4.6560,0.3811,,0.001739,0.024528,,0.000003,0.000602,0.000043,,,,,
0.479246497,-0.477277011,,0.2297,0.2278,-0.2287,,0.004719,-0.005425,,0.000022,0.000029,-0.000026,,,,,
-3.161488056,-0.047267709,,9.9950,0.0022,0.1494,,-0.031131,-0.000537,,0.000969,0.000000,0.000017,,,,,
0.746636093,2.256793976,,0.5575,5.0931,1.6850,,0.007352,0.025653,,0.000054,0.000658,0.000189,,,,,
-2.071130514,0.012010895,,4.2896,0.0001,-0.0249,,-0.020394,0.000137,,0.000416,0.000000,-0.000003,,,,,
2.169803143,1.26721859,,4.7080,1.6058,2.7496,,0.021366,0.014405,,0.000456,0.000207,0.000308,,,,,
-0.026879251,2.182911873,,0.0007,4.7651,-0.0587,,-0.000265,0.024813,,0.000000,0.000616,-0.000007,,,,,
2.402094364,-0.023023546,,5.7701,0.0005,-0.0553,,0.023653,-0.000262,,0.000559,0.000000,-0.000006,,,,,
-0.199776426,-0.641953886,,0.0399,0.4121,0.1282,,-0.001967,-0.007297,,0.000004,0.000053,0.000014,,,,,
2.633871317,0.248253077,,6.9373,0.0616,0.6539,,0.025935,0.002822,,0.000673,0.000008,0.000073,,,,,
-0.1402594,-0.606498837,,0.0197,0.3678,0.0851,,-0.001381,-0.006894,,0.000002,0.000048,0.000010,,,,,
-0.308885247,2.651889563,,0.0954,7.0325,-0.8191,,-0.003042,0.030144,,0.000009,0.000909,-0.000092,,,,,
-0.918614686,-1.011152744,,0.8439,1.0224,0.9289,,-0.009046,-0.011494,,0.000082,0.000132,0.000104,,,,,
0.960189044,0.884505212,,0.9220,0.7823,0.8493,,0.009455,0.010054,,0.000089,0.000101,0.000095,,,,,
0.624637008,0.859092593,,0.3902,0.7380,0.5366,,0.006151,0.009765,,0.000038,0.000095,0.000060,,,,,
0.86951375,0.665406287,,0.7561,0.4428,0.5786,,0.008562,0.007564,,0.000073,0.000057,0.000065,,,,,
1.350422382,0.545113504,,1.8236,0.2971,0.7361,,0.013297,0.006196,,0.000177,0.000038,0.000082,,,,,
-1.385102034,0.162505746,,1.9185,0.0264,-0.2251,,-0.013639,0.001847,,0.000186,0.000003,-0.000025,,,,,
-0.283076584,-1.58944416,,0.0801,2.5263,0.4499,,-0.002787,-0.018067,,0.000008,0.000326,0.000050,,,,,
3.321257114,-0.134425566,,11.0307,0.0181,-0.4465,,0.032704,-0.001528,,0.001070,0.000002,-0.000050,,,,,
1.460853577,-1.702770352,,2.1341,2.8994,-2.4875,,0.014385,-0.019356,,0.000207,0.000375,-0.000278,,,,,
-1.1132828,0.123046197,,1.2394,0.0151,-0.1370,,-0.010962,0.001399,,0.000120,0.000002,-0.000015,,,,,
1.581601143,-0.446921259,,2.5015,0.1997,-0.7069,,0.015574,-0.005080,,0.000243,0.000026,-0.000079,,,,,
0.608149529,-1.380743146,,0.3698,1.9065,-0.8397,,0.005988,-0.015695,,0.000036,0.000246,-0.000094,,,,,
0.610641897,0.682031453,,0.3729,0.4652,0.4165,,0.006013,0.007753,,0.000036,0.000060,0.000047,,,,,
2.077510834,1.095951319,,4.3161,1.2011,2.2769,,0.020457,0.012458,,0.000418,0.000155,0.000255,,,,,
-3.072808027,-1.003645897,,9.4421,1.0073,3.0840,,-0.030258,-0.011409,,0.000916,0.000130,0.000345,,,,,
1.305580258,0.307413876,,1.7045,0.0945,0.4014,,0.012856,0.003494,,0.000165,0.000012,0.000045,,,,,
-1.274679899,-2.223646879,,1.6248,4.9446,2.8344,,-0.012552,-0.025277,,0.000158,0.000639,0.000317,,,,,
-0.535102785,-1.360008478,,0.2863,1.8496,0.7277,,-0.005269,-0.015459,,0.000028,0.000239,0.000081,,,,,
0.095013753,0.368001103,,0.0090,0.1354,0.0350,,0.000936,0.004183,,0.000001,0.000017,0.000004,,,,,
0.622952819,0.621312857,,0.3881,0.3860,0.3870,,0.006134,0.007063,,0.000038,0.000050,0.000043,,,,,
1.191955805,0.493951678,,1.4208,0.2440,0.5888,,0.011737,0.005615,,0.000138,0.000032,0.000066,,,,,
-1.324261546,-0.122614235,,1.7537,0.0150,0.1624,,-0.013040,-0.001394,,0.000170,0.000002,0.000018,,,,,
-1.313354611,-0.741957247,,1.7249,0.5505,0.9745,,-0.012932,-0.008434,,0.000167,0.000071,0.000109,,,,,
0.495734066,-0.924364448,,0.2458,0.8544,-0.4582,,0.004881,-0.010507,,0.000024,0.000110,-0.000051,,,,,
0.272700012,3.408780813,,0.0744,11.6198,0.9296,,0.002685,0.038748,,0.000007,0.001501,0.000104,,,,,
-0.726030767,-1.12247324,,0.5271,1.2599,0.8150,,-0.007149,-0.012759,,0.000051,0.000163,0.000091,,,,,
2.352007151,0.574617207,,5.5319,0.3302,1.3515,,0.023160,0.006532,,0.000536,0.000043,0.000151,,,,,
-2.311415672,-2.435988426,,5.3426,5.9340,5.6306,,-0.022760,-0.027690,,0.000518,0.000767,0.000630,,,,,
-1.770906925,-1.267627954,,3.1361,1.6069,2.2449,,-0.017438,-0.014409,,0.000304,0.000208,0.000251,,,,,
-1.54080677,-1.090114594,,2.3741,1.1883,1.6797,,-0.015172,-0.012391,,0.000230,0.000154,0.000188,,,,,
0.327196389,0.021299519,,0.1071,0.0005,0.0070,,0.003222,0.000242,,0.000010,0.000000,0.000001,,,,,
0.792630076,1.242929459,,0.6283,1.5449,0.9852,,0.007805,0.014129,,0.000061,0.000200,0.000110,,,,,
-2.283009529,-0.229388103,,5.2121,0.0526,0.5237,,-0.022481,-0.002607,,0.000505,0.000007,0.000059,,,,,
4.084965706,0.342259556,,16.6869,0.1171,1.3981,,0.040224,0.003891,,0.001618,0.000015,0.000156,,,,,
-0.508145988,-0.588176489,,0.2582,0.3460,0.2989,,-0.005004,-0.006686,,0.000025,0.000045,0.000033,,,,,
0.303380549,1.620713472,,0.0920,2.6267,0.4917,,0.002987,0.018423,,0.000009,0.000339,0.000055,,,,,
-0.423656553,-0.366631567,,0.1795,0.1344,0.1553,,-0.004172,-0.004168,,0.000017,0.000017,0.000017,,,,,
1.174667597,1.040562153,,1.3798,1.0828,1.2223,,0.011567,0.011828,,0.000134,0.000140,0.000137,,,,,
-0.234542608,0.276479483,,0.0550,0.0764,-0.0648,,-0.002310,0.003143,,0.000005,0.000010,-0.000007,,,,,
-0.968630731,-0.661683977,,0.9382,0.4378,0.6409,,-0.009538,-0.007521,,0.000091,0.000057,0.000072,,,,,
1.155562878,1.5391289,,1.3353,2.3689,1.7786,,0.011379,0.017496,,0.000129,0.000306,0.000199,,,,,
-1.230212092,1.335397482,,1.5134,1.7833,-1.6428,,-0.012114,0.015180,,0.000147,0.000230,-0.000184,,,,,
-0.874763489,-3.1290977,,0.7652,9.7913,2.7372,,-0.008614,-0.035569,,0.000074,0.001265,0.000306,,,,,
-0.886702299,2.350859165,,0.7862,5.5265,-2.0845,,-0.008731,0.026723,,0.000076,0.000714,-0.000233,,,,,
-1.309816957,-1.835484982,,1.7156,3.3690,2.4041,,-0.012898,-0.020864,,0.000166,0.000435,0.000269,,,,,
-1.707741737,2.262522936,,2.9164,5.1190,-3.8638,,-0.016816,0.025718,,0.000283,0.000661,-0.000432,,,,,
-0.399309039,0.605480433,,0.1594,0.3666,-0.2418,,-0.003932,0.006883,,0.000015,0.000047,-0.000027,,,,,
-1.742432117,1.170814633,,3.0361,1.3708,-2.0401,,-0.017158,0.013309,,0.000294,0.000177,-0.000228,,,,,
-1.370183706,0.093912467,,1.8774,0.0088,-0.1287,,-0.013492,0.001068,,0.000182,0.000001,-0.000014,,,,,
1.086057544,0.619870543,,1.1795,0.3842,0.6732,,0.010694,0.007046,,0.000114,0.000050,0.000075,,,,,
2.18606472,-0.349960059,,4.7789,0.1225,-0.7650,,0.021526,-0.003978,,0.000463,0.000016,-0.000086,,,,,
-1.044109583,-1.386133552,,1.0902,1.9214,1.4473,,-0.010281,-0.015756,,0.000106,0.000248,0.000162,,,,,
1.436897516,-0.982708812,,2.0647,0.9657,-1.4121,,0.014149,-0.011171,,0.000200,0.000125,-0.000158,,,,,
0.736408174,-0.835266709,,0.5423,0.6977,-0.6151,,0.007251,-0.009495,,0.000053,0.000090,-0.000069,,,,,
-2.424706936,1.037703753,,5.8792,1.0768,-2.5161,,-0.023876,0.011796,,0.000570,0.000139,-0.000282,,,,,
0.189928979,0.452099055,,0.0361,0.2044,0.0859,,0.001870,0.005139,,0.000003,0.000026,0.000010,,,,,
-0.221862882,-1.757913589,,0.0492,3.0903,0.3900,,-0.002185,-0.019982,,0.000005,0.000399,0.000044,,,,,
-2.160001278,-2.307868719,,4.6656,5.3263,4.9850,,-0.021269,-0.026234,,0.000452,0.000688,0.000558,,,,,
0.532418251,-1.168699741,,0.2835,1.3659,-0.6222,,0.005243,-0.013285,,0.000027,0.000176,-0.000070,,,,,
-0.032947078,-0.719735026,,0.0011,0.5180,0.0237,,-0.000324,-0.008181,,0.000000,0.000067,0.000003,,,,,
-0.146747544,0.068601966,,0.0215,0.0047,-0.0101,,-0.001445,0.000780,,0.000002,0.000001,-0.000001,,,,,
-0.296944559,1.127688646,,0.0882,1.2717,-0.3349,,-0.002924,0.012819,,0.000009,0.000164,-0.000037,,,,,
-0.855941176,-0.232830942,,0.7326,0.0542,0.1993,,-0.008428,-0.002647,,0.000071,0.000007,0.000022,,,,,
0.180277511,0.644441307,,0.0325,0.4153,0.1162,,0.001775,0.007325,,0.000003,0.000054,0.000013,,,,,
1.117608309,-0.589380145,,1.2490,0.3474,-0.6587,,0.011005,-0.006700,,0.000121,0.000045,-0.000074,,,,,
0.522854626,-0.011669084,,0.2734,0.0001,-0.0061,,0.005148,-0.000133,,0.000027,0.000000,-0.000001,,,,,
-0.410913765,-0.60130477,,0.1689,0.3616,0.2471,,-0.004046,-0.006835,,0.000016,0.000047,0.000028,,,,,
-1.380829692,2.041931629,,1.9067,4.1695,-2.8196,,-0.013597,0.023211,,0.000185,0.000539,-0.000316,,,,,
-1.152936816,-1.506592512,,1.3293,2.2698,1.7370,,-0.011353,-0.017126,,0.000129,0.000293,0.000194,,,,,
-0.751393199,-0.948497891,,0.5646,0.8996,0.7127,,-0.007399,-0.010782,,0.000055,0.000116,0.000080,,,,,
-0.257455349,-0.878774166,,0.0663,0.7722,0.2262,,-0.002535,-0.009989,,0.000006,0.000100,0.000025,,,,,
-0.860348642,-1.112317443,,0.7402,1.2373,0.9570,,-0.008472,-0.012644,,0.000072,0.000160,0.000107,,,,,
-0.246983528,1.305711627,,0.0610,1.7049,-0.3225,,-0.002432,0.014842,,0.000006,0.000220,-0.000036,,,,,
0.144743979,0.761548221,,0.0210,0.5800,0.1102,,0.001425,0.008657,,0.000002,0.000075,0.000012,,,,,
-1.419132352,1.800440192,,2.0139,3.2416,-2.5551,,-0.013974,0.020466,,0.000195,0.000419,-0.000286,,,,,
-0.371699512,3.407427549,,0.1382,11.6106,-1.2665,,-0.003660,0.038733,,0.000013,0.001500,-0.000142,,,,,
1.038002849,-1.765660167,,1.0774,3.1176,-1.8328,,0.010221,-0.020071,,0.000104,0.000403,-0.000205,,,,,
0.214560658,-0.616850495,,0.0460,0.3805,-0.1324,,0.002113,-0.007012,,0.000004,0.000049,-0.000015,,,,,
1.243664861,-1.580597162,,1.5467,2.4983,-1.9657,,0.012246,-0.017967,,0.000150,0.000323,-0.000220,,,,,
-2.620702744,0.454471439,,6.8681,0.2065,-1.1910,,-0.025806,0.005166,,0.000666,0.000027,-0.000133,,,,,
0.857893825,0.113306433,,0.7360,0.0128,0.0972,,0.008448,0.001288,,0.000071,0.000002,0.000011,,,,,
-0.573039651,0.544281363,,0.3284,0.2962,-0.3119,,-0.005643,0.006187,,0.000032,0.000038,-0.000035,,,,,
2.40184474,-0.580649257,,5.7689,0.3372,-1.3946,,0.023651,-0.006600,,0.000559,0.000044,-0.000156,,,,,
-4.774571419,-3.466803074,,22.7965,12.0187,16.5525,,-0.047015,-0.039408,,0.002210,0.001553,0.001853,,,,,
2.782566071,1.549999714,,7.7427,2.4025,4.3130,,0.027400,0.017619,,0.000751,0.000310,0.000483,,,,,
1.66780138,-1.8752985,,2.7816,3.5167,-3.1276,,0.016423,-0.021317,,0.000270,0.000454,-0.000350,,,,,
0.18757695,-1.734121919,,0.0352,3.0072,-0.3253,,0.001847,-0.019712,,0.000003,0.000389,-0.000036,,,,,
-0.443330973,1.037377596,,0.1965,1.0762,-0.4599,,-0.004365,0.011792,,0.000019,0.000139,-0.000051,,,,,
0.418454677,-0.298724294,,0.1751,0.0892,-0.1250,,0.004120,-0.003396,,0.000017,0.000012,-0.000014,,,,,
0.649333954,0.641435683,,0.4216,0.4114,0.4165,,0.006394,0.007291,,0.000041,0.000053,0.000047,,,,,
-2.623297691,-1.431303024,,6.8817,2.0486,3.7547,,-0.025831,-0.016270,,0.000667,0.000265,0.000420,,,,,
3.946112633,-0.154296994,,15.5718,0.0238,-0.6089,,0.038857,-0.001754,,0.001510,0.000003,-0.000068,,,,,
-0.387731612,-1.495336294,,0.1503,2.2360,0.5798,,-0.003818,-0.016998,,0.000015,0.000289,0.000065,,,,,
-2.703279495,-0.830630183,,7.3077,0.6899,2.2454,,-0.026619,-0.009442,,0.000709,0.000089,0.000251,,,,,
0.130881622,-0.132022262,,0.0171,0.0174,-0.0173,,0.001289,-0.001501,,0.000002,0.000002,-0.000002,,,,,
0.51423198,-1.802286148,,0.2644,3.2482,-0.9268,,0.005064,-0.020487,,0.000026,0.000420,-0.000104,,,,,
0.577396214,-0.693832397,,0.3334,0.4814,-0.4006,,0.005686,-0.007887,,0.000032,0.000062,-0.000045,,,,,
1.597554207,0.537317276,,2.5522,0.2887,0.8584,,0.015731,0.006108,,0.000247,0.000037,0.000096,,,,,
0.275596797,-0.225064874,,0.0760,0.0507,-0.0620,,0.002714,-0.002558,,0.000007,0.000007,-0.000007,,,,,
0.518508196,2.490587711,,0.2689,6.2030,1.2914,,0.005106,0.028311,,0.000026,0.000802,0.000145,,,,,
-1.850536346,-0.496103168,,3.4245,0.2461,0.9181,,-0.018222,-0.005639,,0.000332,0.000032,0.000103,,,,,
2.042203665,0.985305548,,4.1706,0.9708,2.0122,,0.020109,0.011200,,0.000404,0.000125,0.000225,,,,,
-0.099613011,-0.807438314,,0.0099,0.6520,0.0804,,-0.000981,-0.009178,,0.000001,0.000084,0.000009,,,,,
1.556248307,0.520430267,,2.4219,0.2708,0.8099,,0.015324,0.005916,,0.000235,0.000035,0.000091,,,,,
0.244206697,-1.510906458,,0.0596,2.2828,-0.3690,,0.002405,-0.017175,,0.000006,0.000295,-0.000041,,,,,
-0.15193063,0.099353984,,0.0231,0.0099,-0.0151,,-0.001496,0.001129,,0.000002,0.000001,-0.000002,,,,,
1.826178551,1.513080835,,3.3349,2.2894,2.7632,,0.017982,0.017199,,0.000323,0.000296,0.000309,,,,,
2.253771544,1.653334379,,5.0795,2.7335,3.7262,,0.022193,0.018794,,0.000493,0.000353,0.000417,,,,,
-0.16390495,0.46320194,,0.0269,0.2146,-0.0759,,-0.001614,0.005265,,0.000003,0.000028,-0.000008,,,,,
-0.361147732,-0.637224853,,0.1304,0.4061,0.2301,,-0.003556,-0.007243,,0.000013,0.000052,0.000026,,,,,
-2.935014248,0.71500051,,8.6143,0.5112,-2.0985,,-0.028901,0.008128,,0.000835,0.000066,-0.000235,,,,,
-1.761234403,-1.137032509,,3.1019,1.2928,2.0026,,-0.017343,-0.012925,,0.000301,0.000167,0.000224,,,,,
-0.708233714,-1.627872944,,0.5016,2.6500,1.1529,,-0.006974,-0.018504,,0.000049,0.000342,0.000129,,,,,
4.232313156,-0.498544276,,17.9125,0.2485,-2.1100,,0.041675,-0.005667,,0.001737,0.000032,-0.000236,,,,,
0.596497595,-0.692117214,,0.3558,0.4790,-0.4128,,0.005874,-0.007867,,0.000034,0.000062,-0.000046,,,,,
1.258050799,-0.08041206,,1.5827,0.0065,-0.1012,,0.012388,-0.000914,,0.000153,0.000001,-0.000011,,,,,
0.843816459,1.431431293,,0.7120,2.0490,1.2079,,0.008309,0.016271,,0.000069,0.000265,0.000135,,,,,
1.457043648,0.090322837,,2.1230,0.0082,0.1316,,0.014347,0.001027,,0.000206,0.000001,0.000015,,,,,
0.221952036,3.197374821,,0.0493,10.2232,0.7097,,0.002186,0.036345,,0.000005,0.001321,0.000079,,,,,
0.596918285,-0.602280378,,0.3563,0.3627,-0.3595,,0.005878,-0.006846,,0.000035,0.000047,-0.000040,,,,,
-0.507628977,1.181220531,,0.2577,1.3953,-0.5996,,-0.004999,0.013427,,0.000025,0.000180,-0.000067,,,,,
0.037741996,0.093855828,,0.0014,0.0088,0.0035,,0.000372,0.001067,,0.000000,0.000001,0.000000,,,,,
1.501601934,-0.29954648,,2.2548,0.0897,-0.4498,,0.014786,-0.003405,,0.000219,0.000012,-0.000050,,,,,
0.0765751,1.678697586,,0.0059,2.8180,0.1285,,0.000754,0.019082,,0.000001,0.000364,0.000014,,,,,
-0.375924677,0.099143125,,0.1413,0.0098,-0.0373,,-0.003702,0.001127,,0.000014,0.000001,-0.000004,,,,,
-1.115826726,-0.219337225,,1.2451,0.0481,0.2447,,-0.010987,-0.002493,,0.000121,0.000006,0.000027,,,,,
-1.462122321,0.541561961,,2.1378,0.2933,-0.7918,,-0.014397,0.006156,,0.000207,0.000038,-0.000089,,,,,
1.327656388,0.37242648,,1.7627,0.1387,0.4945,,0.013073,0.004233,,0.000171,0.000018,0.000055,,,,,
-0.516565084,1.177060962,,0.2668,1.3855,-0.6080,,-0.005087,0.013380,,0.000026,0.000179,-0.000068,,,,,
0.129231378,-2.105362654,,0.0167,4.4326,-0.2721,,0.001273,-0.023932,,0.000002,0.000573,-0.000030,,,,,
2.289938927,1.132803679,,5.2438,1.2832,2.5941,,0.022549,0.012877,,0.000508,0.000166,0.000290,,,,,
2.130386353,0.46291399,,4.5385,0.2143,0.9862,,0.020978,0.005262,,0.000440,0.000028,0.000110,,,,,
-0.366012633,-0.005859882,,0.1340,0.0000,0.0021,,-0.003604,-0.000067,,0.000013,0.000000,0.000000,,,,,
0.057525709,-1.057437658,,0.0033,1.1182,-0.0608,,0.000566,-0.012020,,0.000000,0.000144,-0.000007,,,,,
-1.19335866,-0.050286487,,1.4241,0.0025,0.0600,,-0.011751,-0.000572,,0.000138,0.000000,0.000007,,,,,
-0.090944216,0.870100975,,0.0083,0.7571,-0.0791,,-0.000896,0.009891,,0.000001,0.000098,-0.000009,,,,,
-1.868346453,-0.038894624,,3.4907,0.0015,0.0727,,-0.018397,-0.000442,,0.000338,0.000000,0.000008,,,,,
1.606355548,1.402791858,,2.5804,1.9678,2.2534,,0.015818,0.015946,,0.000250,0.000254,0.000252,,,,,
0.796702266,-2.775630474,,0.6347,7.7041,-2.2114,,0.007845,-0.031551,,0.000062,0.000995,-0.000248,,,,,
-1.464745283,0.267944664,,2.1455,0.0718,-0.3925,,-0.014423,0.003046,,0.000208,0.000009,-0.000044,,,,,
-0.446641237,-0.618074059,,0.1995,0.3820,0.2761,,-0.004398,-0.007026,,0.000019,0.000049,0.000031,,,,,
1.312694073,-0.511818945,,1.7232,0.2620,-0.6719,,0.012926,-0.005818,,0.000167,0.000034,-0.000075,,,,,
1.409426808,-0.846540809,,1.9865,0.7166,-1.1931,,0.013878,-0.009623,,0.000193,0.000093,-0.000134,,,,,
0.819129705,1.213115692,,0.6710,1.4716,0.9937,,0.008066,0.013790,,0.000065,0.000190,0.000111,,,,,
-0.388495445,-1.951097012,,0.1509,3.8068,0.7580,,-0.003825,-0.022178,,0.000015,0.000492,0.000085,,,,,
0.157373622,0.339666516,,0.0248,0.1154,0.0535,,0.001550,0.003861,,0.000002,0.000015,0.000006,,,,,
0.252851814,1.327181935,,0.0639,1.7614,0.3356,,0.002490,0.015086,,0.000006,0.000228,0.000038,,,,,
-1.019256115,0.148995265,,1.0389,0.0222,-0.1519,,-0.010037,0.001694,,0.000101,0.000003,-0.000017,,,,,
1.966655016,-1.278085947,,3.8677,1.6335,-2.5136,,0.019365,-0.014528,,0.000375,0.000211,-0.000281,,,,,
-1.17309165,-0.213694349,,1.3761,0.0457,0.2507,,-0.011551,-0.002429,,0.000133,0.000006,0.000028,,,,,
1.85165143,2.077248573,,3.4286,4.3150,3.8463,,0.018233,0.023612,,0.000332,0.000558,0.000431,,,,,
0.800785899,1.988156319,,0.6413,3.9528,1.5921,,0.007885,0.022600,,0.000062,0.000511,0.000178,,,,,
0.72123611,0.891272902,,0.5202,0.7944,0.6428,,0.007102,0.010131,,0.000050,0.000103,0.000072,,,,,
-0.473703474,0.337239802,,0.2244,0.1137,-0.1598,,-0.004665,0.003833,,0.000022,0.000015,-0.000018,,,,,
-0.65626049,0.090674222,,0.4307,0.0082,-0.0595,,-0.006462,0.001031,,0.000042,0.000001,-0.000007,,,,,
2.427023411,-1.080230951,,5.8904,1.1669,-2.6217,,0.023899,-0.012279,,0.000571,0.000151,-0.000293,,,,,
2.646571159,-0.484168291,,7.0043,0.2344,-1.2814,,0.026061,-0.005504,,0.000679,0.000030,-0.000143,,,,,
-2.509350538,1.659651756,,6.2968,2.7544,-4.1646,,-0.024709,0.018866,,0.000611,0.000356,-0.000466,,,,,
-0.619278193,1.216103673,,0.3835,1.4789,-0.7531,,-0.006098,0.013824,,0.000037,0.000191,-0.000084,,,,,
0.2076969,0.185541183,,0.0431,0.0344,0.0385,,0.002045,0.002109,,0.000004,0.000004,0.000004,,,,,
0.099792644,1.192903399,,0.0100,1.4230,0.1190,,0.000983,0.013560,,0.000001,0.000184,0.000013,,,,,
0.216345027,0.598181546,,0.0468,0.3578,0.1294,,0.002130,0.006800,,0.000005,0.000046,0.000014,,,,,
-0.480532885,-1.753958225,,0.2309,3.0764,0.8428,,-0.004732,-0.019938,,0.000022,0.000398,0.000094,,,,,
-1.330157518,0.74629128,,1.7693,0.5570,-0.9927,,-0.013098,0.008483,,0.000172,0.000072,-0.000111,,,,,
2.158697367,1.91295898,,4.6600,3.6594,4.1295,,0.021256,0.021745,,0.000452,0.000473,0.000462,,,,,
-0.658767045,-1.038496852,,0.4340,1.0785,0.6841,,-0.006487,-0.011805,,0.000042,0.000139,0.000077,,,,,
1.964727163,0.733843923,,3.8602,0.5385,1.4418,,0.019346,0.008342,,0.000374,0.000070,0.000161,,,,,
1.257130861,1.114063501,,1.5804,1.2411,1.4005,,0.012379,0.012664,,0.000153,0.000160,0.000157,,,,,
-0.575074375,-1.618620872,,0.3307,2.6199,0.9308,,-0.005663,-0.018399,,0.000032,0.000339,0.000104,,,,,
-1.263907075,1.281339765,,1.5975,1.6418,-1.6195,,-0.012446,0.014565,,0.000155,0.000212,-0.000181,,,,,
0.839745641,-0.073263638,,0.7052,0.0054,-0.0615,,0.008269,-0.000833,,0.000068,0.000001,-0.000007,,,,,
0.819806933,0.045293607,,0.6721,0.0021,0.0371,,0.008073,0.000515,,0.000065,0.000000,0.000004,,,,,
2.560629606,0.634147823,,6.5568,0.4021,1.6238,,0.025214,0.007208,,0.000636,0.000052,0.000182,,,,,
0.441028178,-0.484989583,,0.1945,0.2352,-0.2139,,0.004343,-0.005513,,0.000019,0.000030,-0.000024,,,,,
-2.243656635,0.267955393,,5.0340,0.0718,-0.6012,,-0.022093,0.003046,,0.000488,0.000009,-0.000067,,,,,
-1.554478407,0.850901544,,2.4164,0.7240,-1.3227,,-0.015307,0.009672,,0.000234,0.000094,-0.000148,,,,,
-1.508981705,-2.097747326,,2.2770,4.4005,3.1655,,-0.014859,-0.023845,,0.000221,0.000569,0.000354,,,,,
1.405718803,2.175496578,,1.9760,4.7328,3.0581,,0.013842,0.024729,,0.000192,0.000612,0.000342,,,,,
0.596322775,1.069680691,,0.3556,1.1442,0.6379,,0.005872,0.012159,,0.000034,0.000148,0.000071,,,,,
0.626798451,0.494230092,,0.3929,0.2443,0.3098,,0.006172,0.005618,,0.000038,0.000032,0.000035,,,,,
-0.820997655,0.935661793,,0.6740,0.8755,-0.7682,,-0.008084,0.010636,,0.000065,0.000113,-0.000086,,,,,
1.775861025,2.580914974,,3.1537,6.6611,4.5833,,0.017487,0.029338,,0.000306,0.000861,0.000513,,,,,
-0.734686434,3.427670717,,0.5398,11.7489,-2.5183,,-0.007234,0.038963,,0.000052,0.001518,-0.000282,,,,,
0.84308672,2.471749544,,0.7108,6.1095,2.0839,,0.008302,0.028097,,0.000069,0.000789,0.000233,,,,,
1.259519935,1.736038923,,1.5864,3.0138,2.1866,,0.012402,0.019734,,0.000154,0.000389,0.000245,,,,,
0.679541171,0.763997912,,0.4618,0.5837,0.5192,,0.006691,0.008684,,0.000045,0.000075,0.000058,,,,,
-0.318743438,0.270739436,,0.1016,0.0733,-0.0863,,-0.003139,0.003078,,0.000010,0.000009,-0.000010,,,,,
0.982103944,0.807162642,,0.9645,0.6515,0.7927,,0.009671,0.009175,,0.000094,0.000084,0.000089,,,,,
-0.365445167,-0.433524549,,0.1336,0.1879,0.1584,,-0.003599,-0.004928,,0.000013,0.000024,0.000018,,,,,
-2.991791248,2.21741581,,8.9508,4.9169,-6.6340,,-0.029460,0.025206,,0.000868,0.000635,-0.000743,,,,,
-0.684748769,0.074542314,,0.4689,0.0056,-0.0510,,-0.006743,0.000847,,0.000045,0.000001,-0.000006,,,,,
0.415596813,-1.234596729,,0.1727,1.5242,-0.5131,,0.004092,-0.014034,,0.000017,0.000197,-0.000057,,,,,
-0.811774731,0.409429222,,0.6590,0.1676,-0.3324,,-0.007993,0.004654,,0.000064,0.000022,-0.000037,,,,,
2.332291603,0.422146142,,5.4396,0.1782,0.9846,,0.022966,0.004799,,0.000527,0.000023,0.000110,,,,,
0.199495032,1.587091923,,0.0398,2.5189,0.3166,,0.001964,0.018041,,0.000004,0.000325,0.000035,,,,,
1.419024348,-1.186439037,,2.0136,1.4076,-1.6836,,0.013973,-0.013486,,0.000195,0.000182,-0.000188,,,,,
-0.283088923,-0.051827461,,0.0801,0.0027,0.0147,,-0.002788,-0.000589,,0.000008,0.000000,0.000002,,,,,
2.595082998,-0.316441029,,6.7345,0.1001,-0.8212,,0.025554,-0.003597,,0.000653,0.000013,-0.000092,,,,,
-1.097994208,1.082266927,,1.2056,1.1713,-1.1883,,-0.010812,0.012302,,0.000117,0.000151,-0.000133,,,,,
-2.465992928,-0.576722622,,6.0811,0.3326,1.4222,,-0.024282,-0.006556,,0.000590,0.000043,0.000159,,,,,
0.147845209,-2.030660629,,0.0219,4.1236,-0.3002,,0.001456,-0.023083,,0.000002,0.000533,-0.000034,,,,,
-0.103514008,1.139405966,,0.0107,1.2982,-0.1179,,-0.001019,0.012952,,0.000001,0.000168,-0.000013,,,,,
0.642460048,1.297731638,,0.4128,1.6841,0.8337,,0.006326,0.014752,,0.000040,0.000218,0.000093,,,,,
0.182508543,0.118939504,,0.0333,0.0141,0.0217,,0.001797,0.001352,,0.000003,0.000002,0.000002,,,,,
0.605898619,0.866756201,,0.3671,0.7513,0.5252,,0.005966,0.009853,,0.000036,0.000097,0.000059,,,,,
0.367186248,0.806719422,,0.1348,0.6508,0.2962,,0.003616,0.009170,,0.000013,0.000084,0.000033,,,,,
1.172488689,0.633477092,,1.3747,0.4013,0.7427,,0.011545,0.007201,,0.000133,0.000052,0.000083,,,,,
-1.26170826,-1.400045156,,1.5919,1.9601,1.7664,,-0.012424,-0.015915,,0.000154,0.000253,0.000198,,,,,
1.551218033,-1.912092686,,2.4063,3.6561,-2.9661,,0.015275,-0.021735,,0.000233,0.000472,-0.000332,,,,,
-1.207576394,-1.855327845,,1.4582,3.4422,2.2405,,-0.011891,-0.021090,,0.000141,0.000445,0.000251,,,,,
1.11709249,0.48309201,,1.2479,0.2334,0.5397,,0.011000,0.005491,,0.000121,0.000030,0.000060,,,,,
-0.200388908,-0.296560943,,0.0402,0.0879,0.0594,,-0.001973,-0.003371,,0.000004,0.000011,0.000007,,,,,
-1.32423687,0.264598072,,1.7536,0.0700,-0.3504,,-0.013040,0.003008,,0.000170,0.000009,-0.000039,,,,,
-0.6086815,1.553065777,,0.3705,2.4120,-0.9453,,-0.005994,0.017654,,0.000036,0.000312,-0.000106,,,,,
3.263405323,-0.326117873,,10.6498,0.1064,-1.0643,,0.032134,-0.003707,,0.001033,0.000014,-0.000119,,,,,
-1.14383626,0.160873175,,1.3084,0.0259,-0.1840,,-0.011263,0.001829,,0.000127,0.000003,-0.000021,,,,,
3.234200239,-1.639292002,,10.4601,2.6873,-5.3018,,0.031847,-0.018634,,0.001014,0.000347,-0.000593,,,,,
1.441172361,0.534842134,,2.0770,0.2861,0.7708,,0.014191,0.006080,,0.000201,0.000037,0.000086,,,,,
1.566078663,-0.380186319,,2.4526,0.1445,-0.5954,,0.015421,-0.004322,,0.000238,0.000019,-0.000067,,,,,
-1.958418727,0.743909299,,3.8354,0.5534,-1.4569,,-0.019284,0.008456,,0.000372,0.000072,-0.000163,,,,,
1.165499568,0.018333256,,1.3584,0.0003,0.0214,,0.011477,0.000208,,0.000132,0.000000,0.000002,,,,,
1.419418335,0.575086951,,2.0147,0.3307,0.8163,,0.013977,0.006537,,0.000195,0.000043,0.000091,,,,,
-1.265671849,-1.125992894,,1.6019,1.2679,1.4251,,-0.012463,-0.012799,,0.000155,0.000164,0.000160,,,,,
-0.415107846,-1.110003591,,0.1723,1.2321,0.4608,,-0.004088,-0.012618,,0.000017,0.000159,0.000052,,,,,
0.323839933,1.652237654,,0.1049,2.7299,0.5351,,0.003189,0.018781,,0.000010,0.000353,0.000060,,,,,
-1.529717445,-0.026977211,,2.3400,0.0007,0.0413,,-0.015063,-0.000307,,0.000227,0.000000,0.000005,,,,,
-2.191586018,-1.623930335,,4.8030,2.6371,3.5590,,-0.021580,-0.018459,,0.000466,0.000341,0.000398,,,,,
0.805713356,-0.928719759,,0.6492,0.8625,-0.7483,,0.007934,-0.010557,,0.000063,0.000111,-0.000084,,,,,
0.903367043,1.195243001,,0.8161,1.4286,1.0797,,0.008895,0.013587,,0.000079,0.000185,0.000121,,,,,
-1.060901284,-0.881826222,,1.1255,0.7776,0.9355,,-0.010447,-0.010024,,0.000109,0.000100,0.000105,,,,,
0.859979272,2.216057777,,0.7396,4.9109,1.9058,,0.008468,0.025190,,0.000072,0.000635,0.000213,,,,,
0.465162873,1.766496778,,0.2164,3.1205,0.8217,,0.004580,0.020080,,0.000021,0.000403,0.000092,,,,,
0.054173462,-0.957404971,,0.0029,0.9166,-0.0519,,0.000533,-0.010883,,0.000000,0.000118,-0.000006,,,,,
2.458237886,0.638240993,,6.0429,0.4074,1.5689,,0.024206,0.007255,,0.000586,0.000053,0.000176,,,,,
-1.19871366,-0.191665679,,1.4369,0.0367,0.2298,,-0.011804,-0.002179,,0.000139,0.000005,0.000026,,,,,
-1.190356731,0.578014076,,1.4169,0.3341,-0.6880,,-0.011721,0.006570,,0.000137,0.000043,-0.000077,,,,,
0.352155417,0.289640218,,0.1240,0.0839,0.1020,,0.003468,0.003292,,0.000012,0.000011,0.000011,,,,,
-0.603425026,-0.818287373,,0.3641,0.6696,0.4938,,-0.005942,-0.009302,,0.000035,0.000087,0.000055,,,,,
2.222239494,1.56143558,,4.9383,2.4381,3.4699,,0.021882,0.017749,,0.000479,0.000315,0.000388,,,,,
-2.060519218,0.308852524,,4.2457,0.0954,-0.6364,,-0.020290,0.003511,,0.000412,0.000012,-0.000071,,,,,
0.870889187,0.22969532,,0.7584,0.0528,0.2000,,0.008576,0.002611,,0.000074,0.000007,0.000022,,,,,
-1.113027334,1.604569077,,1.2388,2.5746,-1.7859,,-0.010960,0.018239,,0.000120,0.000333,-0.000200,,,,,
-0.374765605,1.094881058,,0.1404,1.1988,-0.4103,,-0.003690,0.012446,,0.000014,0.000155,-0.000046,,,,,
1.267651677,0.463114679,,1.6069,0.2145,0.5871,,0.012482,0.005264,,0.000156,0.000028,0.000066,,,,,
-0.831484616,1.344917417,,0.6914,1.8088,-1.1183,,-0.008188,0.015288,,0.000067,0.000234,-0.000125,,,,,
1.732313991,3.460254431,,3.0009,11.9734,5.9942,,0.017058,0.039333,,0.000291,0.001547,0.000671,,,,,
-0.058235705,-0.939457417,,0.0034,0.8826,0.0547,,-0.000573,-0.010679,,0.000000,0.000114,0.000006,,,,,
-0.170895189,0.201471806,,0.0292,0.0406,-0.0344,,-0.001683,0.002290,,0.000003,0.000005,-0.000004,,,,,
-0.074850604,1.22843647,,0.0056,1.5091,-0.0919,,-0.000737,0.013964,,0.000001,0.000195,-0.000010,,,,,
1.215739608,0.76833725,,1.4780,0.5903,0.9341,,0.011971,0.008734,,0.000143,0.000076,0.000105,,,,,
0.677472472,0.091573387,,0.4590,0.0084,0.0620,,0.006671,0.001041,,0.000045,0.000001,0.000007,,,,,
0.56465596,1.057138562,,0.3188,1.1175,0.5969,,0.005560,0.012017,,0.000031,0.000144,0.000067,,,,,
1.201108932,-1.00011313,,1.4427,1.0002,-1.2012,,0.011827,-0.011368,,0.000140,0.000129,-0.000134,,,,,
-1.536056638,-1.228422761,,2.3595,1.5090,1.8869,,-0.015125,-0.013964,,0.000229,0.000195,0.000211,,,,,
-2.53906703,-0.913501441,,6.4469,0.8345,2.3194,,-0.025002,-0.010384,,0.000625,0.000108,0.000260,,,,,
0.881148934,0.436328769,,0.7764,0.1904,0.3845,,0.008677,0.004960,,0.000075,0.000025,0.000043,,,,,
0.115758985,0.645552814,,0.0134,0.4167,0.0747,,0.001140,0.007338,,0.000001,0.000054,0.000008,,,,,
1.236684799,1.794689536,,1.5294,3.2209,2.2195,,0.012178,0.020401,,0.000148,0.000416,0.000248,,,,,
0.163620085,1.515986443,,0.0268,2.2982,0.2480,,0.001611,0.017232,,0.000003,0.000297,0.000028,,,,,
0.69506079,-1.025166273,,0.4831,1.0510,-0.7126,,0.006844,-0.011653,,0.000047,0.000136,-0.000080,,,,,
1.516122699,1.031042695,,2.2986,1.0630,1.5632,,0.014929,0.011720,,0.000223,0.000137,0.000175,,,,,
2.078553677,0.695451856,,4.3204,0.4837,1.4455,,0.020467,0.007905,,0.000419,0.000062,0.000162,,,,,
-1.027798295,0.107366309,,1.0564,0.0115,-0.1104,,-0.010121,0.001220,,0.000102,0.000001,-0.000012,,,,,
3.426295757,0.335322112,,11.7395,0.1124,1.1489,,0.033738,0.003812,,0.001138,0.000015,0.000129,,,,,
-0.653886855,-0.905329108,,0.4276,0.8196,0.5920,,-0.006439,-0.010291,,0.000041,0.000106,0.000066,,,,,
-1.444105387,-0.532063484,,2.0854,0.2831,0.7684,,-0.014220,-0.006048,,0.000202,0.000037,0.000086,,,,,
1.405237675,-1.01363647,,1.9747,1.0275,-1.4244,,0.013837,-0.011522,,0.000191,0.000133,-0.000159,,,,,
1.764345407,-0.695500314,,3.1129,0.4837,-1.2271,,0.017373,-0.007906,,0.000302,0.000063,-0.000137,,,,,
0.675058246,-1.00420332,,0.4557,1.0084,-0.6779,,0.006647,-0.011415,,0.000044,0.000130,-0.000076,,,,,
1.0627352,0.991470337,,1.1294,0.9830,1.0537,,0.010465,0.011270,,0.000110,0.000127,0.000118,,,,,
0.695887089,-0.436095774,,0.4843,0.1902,-0.3035,,0.006852,-0.004957,,0.000047,0.000025,-0.000034,,,,,
-1.38300693,-1.568587899,,1.9127,2.4605,2.1694,,-0.013618,-0.017830,,0.000185,0.000318,0.000243,,,,,
0.014702931,0.89630115,,0.0002,0.8034,0.0132,,0.000145,0.010188,,0.000000,0.000104,0.000001,,,,,
1.213617921,-1.20141089,,1.4729,1.4434,-1.4581,,0.011950,-0.013657,,0.000143,0.000187,-0.000163,,,,,
-2.415950537,-0.515419066,,5.8368,0.2657,1.2452,,-0.023790,-0.005859,,0.000566,0.000034,0.000139,,,,,
0.426051378,-0.850437164,,0.1815,0.7232,-0.3623,,0.004195,-0.009667,,0.000018,0.000093,-0.000041,,,,,
-1.293344378,-2.154329538,,1.6727,4.6411,2.7863,,-0.012735,-0.024489,,0.000162,0.000600,0.000312,,,,,
-2.314363956,-2.243194342,,5.3563,5.0319,5.1916,,-0.022789,-0.025499,,0.000519,0.000650,0.000581,,,,,
2.33602643,-0.783684373,,5.4570,0.6142,-1.8307,,0.023003,-0.008908,,0.000529,0.000079,-0.000205,,,,,
2.101992846,0.741427422,,4.4184,0.5497,1.5585,,0.020698,0.008428,,0.000428,0.000071,0.000174,,,,,
1.834074616,-1.561147213,,3.3638,2.4372,-2.8633,,0.018060,-0.017746,,0.000326,0.000315,-0.000320,,,,,
1.4538908,-0.374318361,,2.1138,0.1401,-0.5442,,0.014316,-0.004255,,0.000205,0.000018,-0.000061,,,,,
1.793882012,0.383276433,,3.2180,0.1469,0.6876,,0.017664,0.004357,,0.000312,0.000019,0.000077,,,,,
-1.278930426,-3.702322245,,1.6357,13.7072,4.7350,,-0.012593,-0.042085,,0.000159,0.001771,0.000530,,,,,
-1.706938982,-1.335237026,,2.9136,1.7829,2.2792,,-0.016808,-0.015178,,0.000283,0.000230,0.000255,,,,,
0.141802102,-0.987858653,,0.0201,0.9759,-0.1401,,0.001396,-0.011229,,0.000002,0.000126,-0.000016,,,,,
-0.763260543,-0.401490092,,0.5826,0.1612,0.3064,,-0.007516,-0.004564,,0.000056,0.000021,0.000034,,,,,
-0.947154403,-0.541016579,,0.8971,0.2927,0.5124,,-0.009327,-0.006150,,0.000087,0.000038,0.000057,,,,,
-0.011267096,-0.709913075,,0.0001,0.5040,0.0080,,-0.000111,-0.008070,,0.000000,0.000065,0.000001,,,,,
-0.744554877,1.800769448,,0.5544,3.2428,-1.3408,,-0.007332,0.020470,,0.000054,0.000419,-0.000150,,,,,
1.628341198,1.330059767,,2.6515,1.7691,2.1658,,0.016034,0.015119,,0.000257,0.000229,0.000242,,,,,
1.365125179,0.969567537,,1.8636,0.9401,1.3236,,0.013442,0.011021,,0.000181,0.000121,0.000148,,,,,
-0.072841853,-0.364288449,,0.0053,0.1327,0.0265,,-0.000717,-0.004141,,0.000001,0.000017,0.000003,,,,,
0.865510762,-0.316678107,,0.7491,0.1003,-0.2741,,0.008523,-0.003600,,0.000073,0.000013,-0.000031,,,,,
0.585289001,-0.729190826,,0.3426,0.5317,-0.4268,,0.005763,-0.008289,,0.000033,0.000069,-0.000048,,,,,
-2.131103992,0.513504028,,4.5416,0.2637,-1.0943,,-0.020985,0.005837,,0.000440,0.000034,-0.000122,,,,,
0.317543745,-1.231842518,,0.1008,1.5174,-0.3912,,0.003127,-0.014003,,0.000010,0.000196,-0.000044,,,,,
-3.482466221,0.641375899,,12.1276,0.4114,-2.2336,,-0.034291,0.007291,,0.001176,0.000053,-0.000250,,,,,
-1.004118443,0.881432056,,1.0083,0.7769,-0.8851,,-0.009887,0.010019,,0.000098,0.000100,-0.000099,,,,,
-1.507270336,-0.808520794,,2.2719,0.6537,1.2187,,-0.014842,-0.009191,,0.000220,0.000084,0.000136,,,,,
0.26885289,-0.262645662,,0.0723,0.0690,-0.0706,,0.002647,-0.002986,,0.000007,0.000009,-0.000008,,,,,
1.728310108,0.617544055,,2.9871,0.3814,1.0673,,0.017018,0.007020,,0.000290,0.000049,0.000119,,,,,
-1.948046923,0.967716455,,3.7949,0.9365,-1.8852,,-0.019182,0.011000,,0.000368,0.000121,-0.000211,,,,,
0.476664662,-1.610797882,,0.2272,2.5947,-0.7678,,0.004694,-0.018310,,0.000022,0.000335,-0.000086,,,,,
0.153075173,-0.956706107,,0.0234,0.9153,-0.1464,,0.001507,-0.010875,,0.000002,0.000118,-0.000016,,,,,
3.718609095,0.157907367,,13.8281,0.0249,0.5872,,0.036617,0.001795,,0.001341,0.000003,0.000066,,,,,
0.604631007,2.471481085,,0.3656,6.1082,1.4943,,0.005954,0.028094,,0.000035,0.000789,0.000167,,,,,
-1.507589817,0.80352056,,2.2728,0.6456,-1.2114,,-0.014845,0.009134,,0.000220,0.000083,-0.000136,,,,,
2.200202942,-0.241987318,,4.8409,0.0586,-0.5324,,0.021665,-0.002751,,0.000469,0.000008,-0.000060,,,,,
2.549417019,1.196889043,,6.4995,1.4325,3.0514,,0.025104,0.013605,,0.000630,0.000185,0.000342,,,,,
-0.300149858,-0.357747257,,0.0901,0.1280,0.1074,,-0.002956,-0.004067,,0.000009,0.000017,0.000012,,,,,
-2.52056694,-1.651307702,,6.3533,2.7268,4.1622,,-0.024820,-0.018771,,0.000616,0.000352,0.000466,,,,,
2.164064884,0.711681068,,4.6832,0.5065,1.5401,,0.021309,0.008090,,0.000454,0.000065,0.000172,,,,,
-0.977617145,0.639684916,,0.9557,0.4092,-0.6254,,-0.009626,0.007271,,0.000093,0.000053,-0.000070,,,,,
1.369740248,0.123686902,,1.8762,0.0153,0.1694,,0.013488,0.001406,,0.000182,0.000002,0.000019,,,,,
2.313001156,0.525803149,,5.3500,0.2765,1.2162,,0.022776,0.005977,,0.000519,0.000036,0.000136,,,,,
-1.734365225,1.769108295,,3.0080,3.1297,-3.0683,,-0.017078,0.020110,,0.000292,0.000404,-0.000343,,,,,
-0.244965136,0.149212211,,0.0600,0.0223,-0.0366,,-0.002412,0.001696,,0.000006,0.000003,-0.000004,,,,,
1.195788264,-2.91283226,,1.4299,8.4846,-3.4831,,0.011775,-0.033111,,0.000139,0.001096,-0.000390,,,,,
1.778889298,0.874259591,,3.1644,0.7643,1.5552,,0.017517,0.009938,,0.000307,0.000099,0.000174,,,,,
-0.602220654,-1.170641303,,0.3627,1.3704,0.7050,,-0.005930,-0.013307,,0.000035,0.000177,0.000079,,,,,
1.593872786,-0.188250706,,2.5404,0.0354,-0.3000,,0.015695,-0.002140,,0.000246,0.000005,-0.000034,,,,,
0.694554329,1.278156042,,0.4824,1.6337,0.8877,,0.006839,0.014529,,0.000047,0.000211,0.000099,,,,,
-3.143755436,-2.272805214,,9.8832,5.1656,7.1451,,-0.030956,-0.025835,,0.000958,0.000667,0.000800,,,,,
-0.670855641,-0.093764655,,0.4500,0.0088,0.0629,,-0.006606,-0.001066,,0.000044,0.000001,0.000007,,,,,
1.489792466,1.06205821,,2.2195,1.1280,1.5822,,0.014670,0.012073,,0.000215,0.000146,0.000177,,,,,
-1.276489139,-0.560879827,,1.6294,0.3146,0.7160,,-0.012569,-0.006376,,0.000158,0.000041,0.000080,,,,,
0.313775986,-0.023993343,,0.0985,0.0006,-0.0075,,0.003090,-0.000273,,0.000010,0.000000,-0.000001,,,,,
-0.942787111,0.472726792,,0.8888,0.2235,-0.4457,,-0.009284,0.005374,,0.000086,0.000029,-0.000050,,,,,
-1.146037221,-1.39018631,,1.3134,1.9326,1.5932,,-0.011285,-0.015802,,0.000127,0.000250,0.000178,,,,,
-0.444945633,1.322128057,,0.1980,1.7480,-0.5883,,-0.004381,0.015029,,0.000019,0.000226,-0.000066,,,,,
-0.465235859,-0.583662987,,0.2164,0.3407,0.2715,,-0.004581,-0.006635,,0.000021,0.000044,0.000030,,,,,
-0.292829812,1.737518787,,0.0857,3.0190,-0.5088,,-0.002883,0.019751,,0.000008,0.000390,-0.000057,,,,,
1.337924957,1.903332591,,1.7900,3.6227,2.5465,,0.013174,0.021635,,0.000174,0.000468,0.000285,,,,,
1.487501144,0.284454763,,2.2127,0.0809,0.4231,,0.014647,0.003233,,0.000215,0.000010,0.000047,,,,,
-0.131459489,0.637444019,,0.0173,0.4063,-0.0838,,-0.001294,0.007246,,0.000002,0.000053,-0.000009,,,,,
2.775624752,1.713357925,,7.7041,2.9356,4.7556,,0.027331,0.019476,,0.000747,0.000379,0.000532,,,,,
1.159083009,1.536375284,,1.3435,2.3604,1.7808,,0.011413,0.017464,,0.000130,0.000305,0.000199,,,,,
0.988969326,-0.103400141,,0.9781,0.0107,-0.1023,,0.009738,-0.001175,,0.000095,0.000001,-0.000011,,,,,
-0.823426604,0.558988452,,0.6780,0.3125,-0.4603,,-0.008108,0.006354,,0.000066,0.000040,-0.000052,,,,,
-0.709705234,0.875317693,,0.5037,0.7662,-0.6212,,-0.006988,0.009950,,0.000049,0.000099,-0.000070,,,,,
-0.638402164,0.336515903,,0.4076,0.1132,-0.2148,,-0.006286,0.003825,,0.000040,0.000015,-0.000024,,,,,
-0.463596553,0.939564645,,0.2149,0.8828,-0.4356,,-0.004565,0.010680,,0.000021,0.000114,-0.000049,,,,,
-0.934928417,-1.597618818,,0.8741,2.5524,1.4937,,-0.009206,-0.018160,,0.000085,0.000330,0.000167,,,,,
-1.108216405,0.973612666,,1.2281,0.9479,-1.0790,,-0.010912,0.011067,,0.000119,0.000122,-0.000121,,,,,
0.835442364,1.146664619,,0.6980,1.3148,0.9580,,0.008227,0.013034,,0.000068,0.000170,0.000107,,,,,
0.725309312,2.858864307,,0.5261,8.1731,2.0736,,0.007142,0.032497,,0.000051,0.001056,0.000232,,,,,
2.335122108,2.934329748,,5.4528,8.6103,6.8520,,0.022994,0.033355,,0.000529,0.001113,0.000767,,,,,
0.30921185,-0.914675891,,0.0956,0.8366,-0.2828,,0.003045,-0.010397,,0.000009,0.000108,-0.000032,,,,,
2.10240674,1.417432785,,4.4201,2.0091,2.9800,,0.020702,0.016112,,0.000429,0.000260,0.000334,,,,,
0.218384355,0.025403954,,0.0477,0.0006,0.0055,,0.002150,0.000289,,0.000005,0.000000,0.000001,,,,,
0.191977665,0.021787301,,0.0369,0.0005,0.0042,,0.001890,0.000248,,0.000004,0.000000,0.000000,,,,,
0.436791062,-1.055303097,,0.1908,1.1137,-0.4609,,0.004301,-0.011996,,0.000018,0.000144,-0.000052,,,,,
2.081150532,1.098358393,,4.3312,1.2064,2.2858,,0.020493,0.012485,,0.000420,0.000156,0.000256,,,,,
0.983111084,1.353962064,,0.9665,1.8332,1.3311,,0.009681,0.015391,,0.000094,0.000237,0.000149,,,,,
0.134874642,-1.054870605,,0.0182,1.1128,-0.1423,,0.001328,-0.011991,,0.000002,0.000144,-0.000016,,,,,
-0.00514327,-1.252072334,,0.0000,1.5677,0.0064,,-0.000051,-0.014232,,0.000000,0.000203,0.000001,,,,,
-0.297243893,-0.48395589,,0.0884,0.2342,0.1439,,-0.002927,-0.005501,,0.000009,0.000030,0.000016,,,,,
-0.255738556,-2.984772205,,0.0654,8.9089,0.7633,,-0.002518,-0.033928,,0.000006,0.001151,0.000085,,,,,
-0.650144577,1.318828106,,0.4227,1.7393,-0.8574,,-0.006402,0.014991,,0.000041,0.000225,-0.000096,,,,,
-0.698753119,-0.291288376,,0.4883,0.0848,0.2035,,-0.006881,-0.003311,,0.000047,0.000011,0.000023,,,,,
-0.331849128,1.150607347,,0.1101,1.3239,-0.3818,,-0.003268,0.013079,,0.000011,0.000171,-0.000043,,,,,
0.095183864,0.927032113,,0.0091,0.8594,0.0882,,0.000937,0.010538,,0.000001,0.000111,0.000010,,,,,
1.531095743,-2.727002859,,2.3443,7.4365,-4.1753,,0.015077,-0.030998,,0.000227,0.000961,-0.000467,,,,,
-1.336897135,-0.298284382,,1.7873,0.0890,0.3988,,-0.013164,-0.003391,,0.000173,0.000011,0.000045,,,,,
0.790819287,0.153010726,,0.6254,0.0234,0.1210,,0.007787,0.001739,,0.000061,0.000003,0.000014,,,,,
0.753980994,0.626279473,,0.5685,0.3922,0.4722,,0.007424,0.007119,,0.000055,0.000051,0.000053,,,,,
0.725983262,-0.063182048,,0.5271,0.0040,-0.0459,,0.007149,-0.000718,,0.000051,0.000001,-0.000005,,,,,
-2.702383518,-2.906731129,,7.3029,8.4491,7.8551,,-0.026610,-0.033041,,0.000708,0.001092,0.000879,,,,,
0.576659799,0.782982469,,0.3325,0.6131,0.4515,,0.005678,0.008900,,0.000032,0.000079,0.000051,,,,,
0.9217453,-1.150216103,,0.8496,1.3230,-1.0602,,0.009076,-0.013075,,0.000082,0.000171,-0.000119,,,,,
0.282498837,-1.169701099,,0.0798,1.3682,-0.3304,,0.002782,-0.013296,,0.000008,0.000177,-0.000037,,,,,
-2.475743532,-0.668614864,,6.1293,0.4470,1.6553,,-0.024378,-0.007600,,0.000594,0.000058,0.000185,,,,,
-0.716286659,-0.004103482,,0.5131,0.0000,0.0029,,-0.007053,-0.000047,,0.000050,0.000000,0.000000,,,,,
-1.191551924,0.529353738,,1.4198,0.2802,-0.6308,,-0.011733,0.006017,,0.000138,0.000036,-0.000071,,,,,
-0.454412937,1.660454273,,0.2065,2.7571,-0.7545,,-0.004475,0.018875,,0.000020,0.000356,-0.000084,,,,,
-0.133117691,-1.184598446,,0.0177,1.4033,0.1577,,-0.001311,-0.013466,,0.000002,0.000181,0.000018,,,,,
-0.547222733,-1.025757194,,0.2995,1.0522,0.5613,,-0.005388,-0.011660,,0.000029,0.000136,0.000063,,,,,
1.737415552,-0.069572575,,3.0186,0.0048,-0.1209,,0.017108,-0.000791,,0.000293,0.000001,-0.000014,,,,,
0.675346255,-0.281084627,,0.4561,0.0790,-0.1898,,0.006650,-0.003195,,0.000044,0.000010,-0.000021,,,,,
-0.078251682,0.023195736,,0.0061,0.0005,-0.0018,,-0.000771,0.000264,,0.000001,0.000000,0.000000,,,,,
-1.203988791,1.662794232,,1.4496,2.7649,-2.0020,,-0.011856,0.018901,,0.000141,0.000357,-0.000224,,,,,
-0.584382653,1.78957653,,0.3415,3.2026,-1.0458,,-0.005754,0.020342,,0.000033,0.000414,-0.000117,,,,,
-1.149492741,1.073500872,,1.3213,1.1524,-1.2340,,-0.011319,0.012203,,0.000128,0.000149,-0.000138,,,,,
0.339298487,-0.516640007,,0.1151,0.2669,-0.1753,,0.003341,-0.005873,,0.000011,0.000034,-0.000020,,,,,
3.521674633,2.253054142,,12.4022,5.0763,7.9345,,0.034678,0.025611,,0.001203,0.000656,0.000888,,,,,
-0.758867323,0.195093155,,0.5759,0.0381,-0.1480,,-0.007472,0.002218,,0.000056,0.000005,-0.000017,,,,,
1.079437733,-0.029813804,,1.1652,0.0009,-0.0322,,0.010629,-0.000339,,0.000113,0.000000,-0.000004,,,,,
-1.431669474,0.467263281,,2.0497,0.2183,-0.6690,,-0.014098,0.005311,,0.000199,0.000028,-0.000075,,,,,
-2.100214005,0.879856467,,4.4109,0.7741,-1.8479,,-0.020681,0.010001,,0.000428,0.000100,-0.000207,,,,,
-1.24746418,-0.00138364,,1.5562,0.0000,0.0017,,-0.012284,-0.000016,,0.000151,0.000000,0.000000,,,,,
0.648695469,-0.199366778,,0.4208,0.0397,-0.1293,,0.006388,-0.002266,,0.000041,0.000005,-0.000014,,,,,
0.630512595,-0.504586637,,0.3975,0.2546,-0.3181,,0.006209,-0.005736,,0.000039,0.000033,-0.000036,,,,,
-1.031013012,-0.316366583,,1.0630,0.1001,0.3262,,-0.010152,-0.003596,,0.000103,0.000013,0.000037,,,,,
1.432300091,-0.640273452,,2.0515,0.4100,-0.9171,,0.014104,-0.007278,,0.000199,0.000053,-0.000103,,,,,
-2.715785503,0.480025351,,7.3755,0.2304,-1.3036,,-0.026742,0.005457,,0.000715,0.000030,-0.000146,,,,,
0.016124636,1.570101142,,0.0003,2.4652,0.0253,,0.000159,0.017848,,0.000000,0.000319,0.000003,,,,,
-0.416175067,1.499367714,,0.1732,2.2481,-0.6240,,-0.004098,0.017044,,0.000017,0.000290,-0.000070,,,,,
-2.421373129,-1.985363007,,5.8630,3.9417,4.8073,,-0.023843,-0.022568,,0.000568,0.000509,0.000538,,,,,
-0.506024361,1.306416512,,0.2561,1.7067,-0.6611,,-0.004983,0.014850,,0.000025,0.000221,-0.000074,,,,,
1.822874069,0.513200641,,3.3229,0.2634,0.9355,,0.017950,0.005834,,0.000322,0.000034,0.000105,,,,,
1.199245334,2.114496708,,1.4382,4.4711,2.5358,,0.011809,0.024036,,0.000139,0.000578,0.000284,,,,,
-2.280147076,-0.507872701,,5.1991,0.2579,1.1580,,-0.022452,-0.005773,,0.000504,0.000033,0.000130,,,,,
-0.45524177,0.563431978,,0.2072,0.3175,-0.2565,,-0.004483,0.006405,,0.000020,0.000041,-0.000029,,,,,
-0.456934005,-0.483847916,,0.2088,0.2341,0.2211,,-0.004499,-0.005500,,0.000020,0.000030,0.000025,,,,,
-0.005481079,-0.59864819,,0.0000,0.3584,0.0033,,-0.000054,-0.006805,,0.000000,0.000046,0.000000,,,,,
1.593895912,-1.249796629,,2.5405,1.5620,-1.9920,,0.015695,-0.014207,,0.000246,0.000202,-0.000223,,,,,
-1.440394878,-1.582222581,,2.0747,2.5034,2.2790,,-0.014183,-0.017985,,0.000201,0.000323,0.000255,,,,,
-0.371161073,1.076785088,,0.1378,1.1595,-0.3997,,-0.003655,0.012240,,0.000013,0.000150,-0.000045,,,,,
0.349600345,0.654021382,,0.1222,0.4277,0.2286,,0.003442,0.007434,,0.000012,0.000055,0.000026,,,,,
-0.211414561,-1.239498377,,0.0447,1.5364,0.2620,,-0.002082,-0.014090,,0.000004,0.000199,0.000029,,,,,
-0.473680347,-0.430305004,,0.2244,0.1852,0.2038,,-0.004664,-0.004891,,0.000022,0.000024,0.000023,,,,,
-0.700426459,-0.324605137,,0.4906,0.1054,0.2274,,-0.006897,-0.003690,,0.000048,0.000014,0.000025,,,,,
0.932289124,-0.767878115,,0.8692,0.5896,-0.7159,,0.009180,-0.008729,,0.000084,0.000076,-0.000080,,,,,
-1.097373486,-0.648491502,,1.2042,0.4205,0.7116,,-0.010806,-0.007371,,0.000117,0.000054,0.000080,,,,,
-1.173278451,0.506428719,,1.3766,0.2565,-0.5942,,-0.011553,0.005757,,0.000133,0.000033,-0.000067,,,,,
-1.049435616,0.986940205,,1.1013,0.9741,-1.0357,,-0.010334,0.011219,,0.000107,0.000126,-0.000116,,,,,
-2.778538704,1.672375441,,7.7203,2.7968,-4.6468,,-0.027360,0.019010,,0.000749,0.000361,-0.000520,,,,,
-2.156111956,-1.286930919,,4.6488,1.6562,2.7748,,-0.021231,-0.014629,,0.000451,0.000214,0.000311,,,,,
0.815747976,-0.81173569,,0.6654,0.6589,-0.6622,,0.008033,-0.009227,,0.000065,0.000085,-0.000074,,,,,
-2.126954556,-1.119568348,,4.5239,1.2534,2.3813,,-0.020944,-0.012726,,0.000439,0.000162,0.000267,,,,,
-0.656301498,1.107508421,,0.4307,1.2266,-0.7269,,-0.006463,0.012589,,0.000042,0.000158,-0.000081,,,,,
0.129723519,-1.014347315,,0.0168,1.0289,-0.1316,,0.001277,-0.011530,,0.000002,0.000133,-0.000015,,,,,
-0.257727802,0.554205835,,0.0664,0.3071,-0.1428,,-0.002538,0.006300,,0.000006,0.000040,-0.000016,,,,,
-1.907644749,-1.404837489,,3.6391,1.9736,2.6799,,-0.018784,-0.015969,,0.000353,0.000255,0.000300,,,,,
0.675852656,0.874507904,,0.4568,0.7648,0.5910,,0.006655,0.009941,,0.000044,0.000099,0.000066,,,,,
-0.900439501,-0.549806237,,0.8108,0.3023,0.4951,,-0.008867,-0.006250,,0.000079,0.000039,0.000055,,,,,
2.150909185,0.163161978,,4.6264,0.0266,0.3509,,0.021180,0.001855,,0.000449,0.000003,0.000039,,,,,
0.192711413,-0.338654965,,0.0371,0.1147,-0.0653,,0.001898,-0.003850,,0.000004,0.000015,-0.000007,,,,,
2.159971952,-0.47102806,,4.6655,0.2219,-1.0174,,0.021269,-0.005354,,0.000452,0.000029,-0.000114,,,,,
-2.61502552,-1.326750636,,6.8384,1.7603,3.4695,,-0.025750,-0.015081,,0.000663,0.000227,0.000388,,,,,
0.620318949,-0.025347963,,0.3848,0.0006,-0.0157,,0.006108,-0.000288,,0.000037,0.000000,-0.000002,,,,,
0.404008657,-1.85510695,,0.1632,3.4414,-0.7495,,0.003978,-0.021087,,0.000016,0.000445,-0.000084,,,,,
-1.051041722,-3.146742821,,1.1047,9.9020,3.3074,,-0.010349,-0.035769,,0.000107,0.001279,0.000370,,,,,
-1.325389624,1.500973701,,1.7567,2.2529,-1.9894,,-0.013051,0.017062,,0.000170,0.000291,-0.000223,,,,,
1.504860401,-0.023589388,,2.2646,0.0006,-0.0355,,0.014818,-0.000268,,0.000220,0.000000,-0.000004,,,,,
0.340891093,1.417181969,,0.1162,2.0084,0.4831,,0.003357,0.016109,,0.000011,0.000260,0.000054,,,,,
2.905705452,0.003683381,,8.4431,0.0000,0.0107,,0.028612,0.000042,,0.000819,0.000000,0.000001,,,,,
-1.039899945,-0.034276284,,1.0814,0.0012,0.0356,,-0.010240,-0.000390,,0.000105,0.000000,0.000004,,,,,
0.250338346,1.402891278,,0.0627,1.9681,0.3512,,0.002465,0.015947,,0.000006,0.000254,0.000039,,,,,
-0.910942852,-1.237846136,,0.8298,1.5323,1.1276,,-0.008970,-0.014071,,0.000080,0.000198,0.000126,,,,,
-1.284597397,-0.117624305,,1.6502,0.0138,0.1511,,-0.012649,-0.001337,,0.000160,0.000002,0.000017,,,,,
-0.591297269,1.512746334,,0.3496,2.2884,-0.8945,,-0.005822,0.017196,,0.000034,0.000296,-0.000100,,,,,
-0.199438229,0.017339569,,0.0398,0.0003,-0.0035,,-0.001964,0.000197,,0.000004,0.000000,0.000000,,,,,
0.585299969,-0.580818594,,0.3426,0.3374,-0.3400,,0.005763,-0.006602,,0.000033,0.000044,-0.000038,,,,,
0.677827597,0.386941224,,0.4595,0.1497,0.2623,,0.006674,0.004398,,0.000045,0.000019,0.000029,,,,,
-1.026444554,0.020925343,,1.0536,0.0004,-0.0215,,-0.010107,0.000238,,0.000102,0.000000,-0.000002,,,,,
0.049220346,1.787743449,,0.0024,3.1960,0.0880,,0.000485,0.020322,,0.000000,0.000413,0.000010,,,,,
-1.174310803,-2.104622364,,1.3790,4.4294,2.4715,,-0.011563,-0.023924,,0.000134,0.000572,0.000277,,,,,
-0.017090201,2.489344597,,0.0003,6.1968,-0.0425,,-0.000168,0.028297,,0.000000,0.000801,-0.000005,,,,,
-1.617856145,-1.887819171,,2.6175,3.5639,3.0542,,-0.015931,-0.021459,,0.000254,0.000460,0.000342,,,,,
2.476940155,1.498857975,,6.1352,2.2466,3.7126,,0.024390,0.017038,,0.000595,0.000290,0.000416,,,,,
0.791983008,0.839989424,,0.6272,0.7056,0.6653,,0.007799,0.009548,,0.000061,0.000091,0.000074,,,,,
1.517900109,-0.511550188,,2.3040,0.2617,-0.7765,,0.014947,-0.005815,,0.000223,0.000034,-0.000087,,,,,
0.549791873,-0.974014044,,0.3023,0.9487,-0.5355,,0.005414,-0.011072,,0.000029,0.000123,-0.000060,,,,,
1.390171647,1.037410975,,1.9326,1.0762,1.4422,,0.013689,0.011792,,0.000187,0.000139,0.000161,,,,,
0.041277781,-0.360687673,,0.0017,0.1301,-0.0149,,0.000406,-0.004100,,0.000000,0.000017,-0.000002,,,,,
0.401098818,-0.588199735,,0.1609,0.3460,-0.2359,,0.003950,-0.006686,,0.000016,0.000045,-0.000026,,,,,
0.690954566,0.611866295,,0.4774,0.3744,0.4228,,0.006804,0.006955,,0.000046,0.000048,0.000047,,,,,
-0.500585079,0.822806358,,0.2506,0.6770,-0.4119,,-0.004929,0.009353,,0.000024,0.000087,-0.000046,,,,,
-0.434777915,0.33742404,,0.1890,0.1139,-0.1467,,-0.004281,0.003836,,0.000018,0.000015,-0.000016,,,,,
-0.59969759,1.754644394,,0.3596,3.0788,-1.0523,,-0.005905,0.019945,,0.000035,0.000398,-0.000118,,,,,
-1.194825888,-2.138942719,,1.4276,4.5751,2.5557,,-0.011765,-0.024314,,0.000138,0.000591,0.000286,,,,,
1.336964726,-1.279883385,,1.7875,1.6381,-1.7112,,0.013165,-0.014549,,0.000173,0.000212,-0.000192,,,,,
1.533735156,1.643441796,,2.3523,2.7009,2.5206,,0.015103,0.018681,,0.000228,0.000349,0.000282,,,,,
-1.796759605,0.16722019,,3.2283,0.0280,-0.3005,,-0.017693,0.001901,,0.000313,0.000004,-0.000034,,,,,
0.605538726,1.273585439,,0.3667,1.6220,0.7712,,0.005963,0.014477,,0.000036,0.000210,0.000086,,,,,
1.325272083,-0.243452325,,1.7563,0.0593,-0.3226,,0.013050,-0.002767,,0.000170,0.000008,-0.000036,,,,,
0.174948841,1.213640809,,0.0306,1.4729,0.2123,,0.001723,0.013796,,0.000003,0.000190,0.000024,,,,,
0.797555685,-0.459570974,,0.6361,0.2112,-0.3665,,0.007853,-0.005224,,0.000062,0.000027,-0.000041,,,,,
-2.058285236,-2.579398394,,4.2365,6.6533,5.3091,,-0.020268,-0.029320,,0.000411,0.000860,0.000594,,,,,
-1.245481491,1.438010216,,1.5512,2.0679,-1.7910,,-0.012264,0.016346,,0.000150,0.000267,-0.000200,,,,,
-1.148354292,-2.355818033,,1.3187,5.5499,2.7053,,-0.011308,-0.026779,,0.000128,0.000717,0.000303,,,,,
-2.481735706,0.981842816,,6.1590,0.9640,-2.4367,,-0.024437,0.011161,,0.000597,0.000125,-0.000273,,,,,
-0.789468527,0.583439112,,0.6233,0.3404,-0.4606,,-0.007774,0.006632,,0.000060,0.000044,-0.000052,,,,,
-0.052863441,1.219041228,,0.0028,1.4861,-0.0644,,-0.000521,0.013857,,0.000000,0.000192,-0.000007,,,,,
-3.954963923,-0.519081414,,15.6417,0.2694,2.0529,,-0.038944,-0.005900,,0.001517,0.000035,0.000230,,,,,
-0.71988523,0.747818053,,0.5182,0.5592,-0.5383,,-0.007089,0.008501,,0.000050,0.000072,-0.000060,,,,,
0.974700093,-2.349283934,,0.9500,5.5191,-2.2898,,0.009598,-0.026705,,0.000092,0.000713,-0.000256,,,,,
-0.208030507,0.170251161,,0.0433,0.0290,-0.0354,,-0.002048,0.001935,,0.000004,0.000004,-0.000004,,,,,
2.242656469,1.561278582,,5.0295,2.4376,3.5014,,0.022083,0.017747,,0.000488,0.000315,0.000392,,,,,
-1.528456211,-0.417348385,,2.3362,0.1742,0.6379,,-0.015051,-0.004744,,0.000227,0.000023,0.000071,,,,,
1.261687517,-1.428122401,,1.5919,2.0395,-1.8018,,0.012424,-0.016234,,0.000154,0.000264,-0.000202,,,,,
-0.788192391,-0.107281812,,0.6212,0.0115,0.0846,,-0.007761,-0.001219,,0.000060,0.000001,0.000009,,,,,
1.229308844,-0.774540901,,1.5112,0.5999,-0.9521,,0.012105,-0.008804,,0.000147,0.000078,-0.000107,,,,,
1.169871807,-1.08229351,,1.3686,1.1714,-1.2661,,0.011520,-0.012303,,0.000133,0.000151,-0.000142,,,,,
0.314698875,0.543711603,,0.0990,0.2956,0.1711,,0.003099,0.006180,,0.000010,0.000038,0.000019,,,,,
1.029318571,3.413490772,,1.0595,11.6519,3.5136,,0.010136,0.038802,,0.000103,0.001506,0.000393,,,,,
-1.73731935,-0.221040711,,3.0183,0.0489,0.3840,,-0.017107,-0.002513,,0.000293,0.000006,0.000043,,,,,
-0.514463484,1.449355841,,0.2647,2.1006,-0.7456,,-0.005066,0.016475,,0.000026,0.000271,-0.000083,,,,,
-1.718669891,-0.672244668,,2.9538,0.4519,1.1554,,-0.016924,-0.007642,,0.000286,0.000058,0.000129,,,,,
-0.615650773,-1.384978056,,0.3790,1.9182,0.8527,,-0.006062,-0.015743,,0.000037,0.000248,0.000095,,,,,
2.662375927,0.793908656,,7.0882,0.6303,2.1137,,0.026216,0.009024,,0.000687,0.000081,0.000237,,,,,
2.62227869,1.149477005,,6.8763,1.3213,3.0142,,0.025821,0.013066,,0.000667,0.000171,0.000337,,,,,
-0.403095812,1.412990212,,0.1625,1.9965,-0.5696,,-0.003969,0.016062,,0.000016,0.000258,-0.000064,,,,,
-0.841313899,-0.995073736,,0.7078,0.9902,0.8372,,-0.008284,-0.011311,,0.000069,0.000128,0.000094,,,,,
-0.197454914,1.890622139,,0.0390,3.5745,-0.3733,,-0.001944,0.021491,,0.000004,0.000462,-0.000042,,,,,
-0.398185819,-0.36400336,,0.1586,0.1325,0.1449,,-0.003921,-0.004138,,0.000015,0.000017,0.000016,,,,,
1.331187963,-0.731740713,,1.7721,0.5354,-0.9741,,0.013108,-0.008318,,0.000172,0.000069,-0.000109,,,,,
0.097435802,-0.528500259,,0.0095,0.2793,-0.0515,,0.000959,-0.006008,,0.000001,0.000036,-0.000006,,,,,
-1.433066249,-2.138626337,,2.0537,4.5737,3.0648,,-0.014111,-0.024310,,0.000199,0.000591,0.000343,,,,,
-0.206566513,0.829678416,,0.0427,0.6884,-0.1714,,-0.002034,0.009431,,0.000004,0.000089,-0.000019,,,,,
-0.744324744,0.071294725,,0.5540,0.0051,-0.0531,,-0.007329,0.000810,,0.000054,0.000001,-0.000006,,,,,
2.325439453,0.860198259,,5.4077,0.7399,2.0003,,0.022898,0.009778,,0.000524,0.000096,0.000224,,,,,
-0.072149068,1.215038538,,0.0052,1.4763,-0.0877,,-0.000710,0.013812,,0.000001,0.000191,-0.000010,,,,,
3.392673492,1.21192193,,11.5102,1.4688,4.1117,,0.033407,0.013776,,0.001116,0.000190,0.000460,,,,,
-1.115311623,1.303138852,,1.2439,1.6982,-1.4534,,-0.010982,0.014813,,0.000121,0.000219,-0.000163,,,,,
-0.397668451,0.829268098,,0.1581,0.6877,-0.3298,,-0.003916,0.009426,,0.000015,0.000089,-0.000037,,,,,
-0.731489956,0.80195713,,0.5351,0.6431,-0.5866,,-0.007203,0.009116,,0.000052,0.000083,-0.000066,,,,,
0.68701911,0.541057646,,0.4720,0.2927,0.3717,,0.006765,0.006150,,0.000046,0.000038,0.000042,,,,,
-1.768050671,-1.038053751,,3.1260,1.0776,1.8353,,-0.017410,-0.011800,,0.000303,0.000139,0.000205,,,,,
-2.785433292,0.225604311,,7.7586,0.0509,-0.6284,,-0.027428,0.002564,,0.000752,0.000007,-0.000070,,,,,
-1.082035899,0.098926634,,1.1708,0.0098,-0.1070,,-0.010655,0.001125,,0.000114,0.000001,-0.000012,,,,,
-1.410475492,-0.300402105,,1.9894,0.0902,0.4237,,-0.013889,-0.003415,,0.000193,0.000012,0.000047,,,,,
2.43565464,-2.472903967,,5.9324,6.1153,-6.0231,,0.023984,-0.028110,,0.000575,0.000790,-0.000674,,,,,
0.027019799,-0.80022788,,0.0007,0.6404,-0.0216,,0.000266,-0.009096,,0.000000,0.000083,-0.000002,,,,,
-3.814278603,-4.107128143,,14.5487,16.8685,15.6657,,-0.037559,-0.046686,,0.001411,0.002180,0.001753,,,,,
-0.307525277,-0.792574167,,0.0946,0.6282,0.2437,,-0.003028,-0.009009,,0.000009,0.000081,0.000027,,,,,
-0.272157848,-0.47318995,,0.0741,0.2239,0.1288,,-0.002680,-0.005379,,0.000007,0.000029,0.000014,,,,,
1.864749312,1.393737316,,3.4773,1.9425,2.5990,,0.018362,0.015843,,0.000337,0.000251,0.000291,,,,,
-0.77176702,0.208563775,,0.5956,0.0435,-0.1610,,-0.007600,0.002371,,0.000058,0.000006,-0.000018,,,,,
1.142846465,0.944382071,,1.3061,0.8919,1.0793,,0.011253,0.010735,,0.000127,0.000115,0.000121,,,,,
0.567973554,0.489541948,,0.3226,0.2397,0.2780,,0.005593,0.005565,,0.000031,0.000031,0.000031,,,,,
-2.180694103,-1.278638124,,4.7554,1.6349,2.7883,,-0.021473,-0.014534,,0.000461,0.000211,0.000312,,,,,
0.02868057,-0.168558002,,0.0008,0.0284,-0.0048,,0.000282,-0.001916,,0.000000,0.000004,-0.000001,,,,,
0.771463215,0.427638233,,0.5952,0.1829,0.3299,,0.007597,0.004861,,0.000058,0.000024,0.000037,,,,,
1.204163074,-0.229321197,,1.4500,0.0526,-0.2761,,0.011857,-0.002607,,0.000141,0.000007,-0.000031,,,,,
-0.358367264,-0.098942846,,0.1284,0.0098,0.0355,,-0.003529,-0.001125,,0.000012,0.000001,0.000004,,,,,
1.217887402,1.205683827,,1.4832,1.4537,1.4684,,0.011992,0.013705,,0.000144,0.000188,0.000164,,,,,
0.015798207,1.511347532,,0.0002,2.2842,0.0239,,0.000156,0.017180,,0.000000,0.000295,0.000003,,,,,
-2.199165106,-0.147608876,,4.8363,0.0218,0.3246,,-0.021655,-0.001678,,0.000469,0.000003,0.000036,,,,,
-0.420040846,0.116372921,,0.1764,0.0135,-0.0489,,-0.004136,0.001323,,0.000017,0.000002,-0.000005,,,,,
1.177012682,2.666855574,,1.3854,7.1121,3.1389,,0.011590,0.030315,,0.000134,0.000919,0.000351,,,,,
-2.545621395,-0.229705706,,6.4802,0.0528,0.5847,,-0.025066,-0.002611,,0.000628,0.000007,0.000065,,,,,
-0.488627046,0.613701105,,0.2388,0.3766,-0.2999,,-0.004811,0.006976,,0.000023,0.000049,-0.000034,,,,,
2.220662832,1.315918207,,4.9313,1.7316,2.9222,,0.021867,0.014958,,0.000478,0.000224,0.000327,,,,,
-0.293080211,-0.115357131,,0.0859,0.0133,0.0338,,-0.002886,-0.001311,,0.000008,0.000002,0.000004,,,,,
1.501294136,0.52398026,,2.2539,0.2746,0.7866,,0.014783,0.005956,,0.000219,0.000035,0.000088,,,,,
0.272903442,-0.61150074,,0.0745,0.3739,-0.1669,,0.002687,-0.006951,,0.000007,0.000048,-0.000019,,,,,
1.362831473,-1.632592797,,1.8573,2.6654,-2.2249,,0.013420,-0.018558,,0.000180,0.000344,-0.000249,,,,,
-0.047282144,0.283783197,,0.0022,0.0805,-0.0134,,-0.000466,0.003226,,0.000000,0.000010,-0.000002,,,,,
0.022199407,0.292744398,,0.0005,0.0857,0.0065,,0.000219,0.003328,,0.000000,0.000011,0.000001,,,,,
0.210243106,3.348794937,,0.0442,11.2144,0.7041,,0.002070,0.038066,,0.000004,0.001449,0.000079,,,,,
-1.641949058,0.674522638,,2.6960,0.4550,-1.1075,,-0.016168,0.007667,,0.000261,0.000059,-0.000124,,,,,
-0.359071195,0.332092702,,0.1289,0.1103,-0.1192,,-0.003536,0.003775,,0.000013,0.000014,-0.000013,,,,,
0.343189776,-0.335197538,,0.1178,0.1124,-0.1150,,0.003379,-0.003810,,0.000011,0.000015,-0.000013,,,,,
-1.642578363,0.853790402,,2.6981,0.7290,-1.4024,,-0.016174,0.009705,,0.000262,0.000094,-0.000157,,,,,
0.487383634,-1.603836298,,0.2375,2.5723,-0.7817,,0.004799,-0.018231,,0.000023,0.000332,-0.000087,,,,,
1.968083858,-0.796860695,,3.8734,0.6350,-1.5683,,0.019380,-0.009058,,0.000376,0.000082,-0.000176,,,,,
1.07194078,0.592510879,,1.1491,0.3511,0.6351,,0.010555,0.006735,,0.000111,0.000045,0.000071,,,,,
-1.138255119,-0.289047778,,1.2956,0.0835,0.3290,,-0.011208,-0.003286,,0.000126,0.000011,0.000037,,,,,
0.455868363,2.653424025,,0.2078,7.0407,1.2096,,0.004489,0.030162,,0.000020,0.000910,0.000135,,,,,
-0.682931185,0.957734227,,0.4664,0.9173,-0.6541,,-0.006725,0.010887,,0.000045,0.000119,-0.000073,,,,,
-0.09368594,-0.864320338,,0.0088,0.7470,0.0810,,-0.000923,-0.009825,,0.000001,0.000097,0.000009,,,,,
1.901308179,-0.450536579,,3.6150,0.2030,-0.8566,,0.018722,-0.005121,,0.000351,0.000026,-0.000096,,,,,
1.692957282,-1.264817715,,2.8661,1.5998,-2.1413,,0.016670,-0.014377,,0.000278,0.000207,-0.000240,,,,,
-0.004821382,0.639143407,,0.0000,0.4085,-0.0031,,-0.000047,0.007265,,0.000000,0.000053,0.000000,,,,,
0.680212855,-0.949658394,,0.4627,0.9019,-0.6460,,0.006698,-0.010795,,0.000045,0.000117,-0.000072,,,,,
0.114925414,0.094201103,,0.0132,0.0089,0.0108,,0.001132,0.001071,,0.000001,0.000001,0.000001,,,,,
-1.11135602,-0.451497078,,1.2351,0.2038,0.5018,,-0.010943,-0.005132,,0.000120,0.000026,0.000056,,,,,
-0.32960242,-0.826219857,,0.1086,0.6826,0.2723,,-0.003246,-0.009392,,0.000011,0.000088,0.000030,,,,,
-1.321937919,-1.648654103,,1.7475,2.7181,2.1794,,-0.013017,-0.018740,,0.000169,0.000351,0.000244,,,,,
-0.63213098,-1.015060425,,0.3996,1.0303,0.6417,,-0.006225,-0.011538,,0.000039,0.000133,0.000072,,,,,
7.722282887,3.107975006,,59.6337,9.6595,24.0007,,0.076041,0.035329,,0.005782,0.001248,0.002686,,,,,
1.393187404,0.540560603,,1.9410,0.2922,0.7531,,0.013719,0.006145,,0.000188,0.000038,0.000084,,,,,
-1.041065931,-0.612252831,,1.0838,0.3749,0.6374,,-0.010251,-0.006960,,0.000105,0.000048,0.000071,,,,,
-1.725189328,-0.231969833,,2.9763,0.0538,0.4002,,-0.016988,-0.002637,,0.000289,0.000007,0.000045,,,,,
1.601566792,-0.406666279,,2.5650,0.1654,-0.6513,,0.015770,-0.004623,,0.000249,0.000021,-0.000073,,,,,
-1.334723115,-0.664633811,,1.7815,0.4417,0.8871,,-0.013143,-0.007555,,0.000173,0.000057,0.000099,,,,,
1.793690205,2.147534847,,3.2173,4.6119,3.8520,,0.017662,0.024411,,0.000312,0.000596,0.000431,,,,,
-2.464265823,-0.037152216,,6.0726,0.0014,0.0916,,-0.024265,-0.000422,,0.000589,0.000000,0.000010,,,,,
-1.946778297,1.085280418,,3.7899,1.1778,-2.1128,,-0.019170,0.012337,,0.000367,0.000152,-0.000236,,,,,
1.368041277,-0.030782208,,1.8715,0.0009,-0.0421,,0.013471,-0.000350,,0.000181,0.000000,-0.000005,,,,,
-0.499622941,0.478766739,,0.2496,0.2292,-0.2392,,-0.004920,0.005442,,0.000024,0.000030,-0.000027,,,,,
-0.284998626,0.548393428,,0.0812,0.3007,-0.1563,,-0.002806,0.006234,,0.000008,0.000039,-0.000017,,,,,
3.426162004,0.940627098,,11.7386,0.8848,3.2227,,0.033737,0.010692,,0.001138,0.000114,0.000361,,,,,
0.693620741,1.070312262,,0.4811,1.1456,0.7424,,0.006830,0.012166,,0.000047,0.000148,0.000083,,,,,
0.290839761,-0.278567702,,0.0846,0.0776,-0.0810,,0.002864,-0.003167,,0.000008,0.000010,-0.000009,,,,,
-0.579396367,-1.342427373,,0.3357,1.8021,0.7778,,-0.005705,-0.015260,,0.000033,0.000233,0.000087,,,,,
-1.414960623,-1.279666185,,2.0021,1.6375,1.8107,,-0.013933,-0.014546,,0.000194,0.000212,0.000203,,,,,
-1.360355616,-3.818953037,,1.8506,14.5844,5.1951,,-0.013395,-0.043411,,0.000179,0.001884,0.000581,,,,,
1.061878443,-0.116254076,,1.1276,0.0135,-0.1234,,0.010456,-0.001321,,0.000109,0.000002,-0.000014,,,,,
1.399377823,0.46741724,,1.9583,0.2185,0.6541,,0.013780,0.005313,,0.000190,0.000028,0.000073,,,,,
2.751979828,1.854929805,,7.5734,3.4408,5.1047,,0.027098,0.021085,,0.000734,0.000445,0.000571,,,,,
-0.589374065,-0.404191762,,0.3474,0.1634,0.2382,,-0.005804,-0.004595,,0.000034,0.000021,0.000027,,,,,
0.133717388,-1.070051908,,0.0179,1.1450,-0.1431,,0.001317,-0.012163,,0.000002,0.000148,-0.000016,,,,,
0.864612877,-0.177503765,,0.7476,0.0315,-0.1535,,0.008514,-0.002018,,0.000072,0.000004,-0.000017,,,,,
1.460294247,1.175203681,,2.1325,1.3811,1.7161,,0.014379,0.013359,,0.000207,0.000178,0.000192,,,,,
-0.340730935,0.950600445,,0.1161,0.9036,-0.3239,,-0.003355,0.010806,,0.000011,0.000117,-0.000036,,,,,
0.639796376,-0.961984158,,0.4093,0.9254,-0.6155,,0.006300,-0.010935,,0.000040,0.000120,-0.000069,,,,,
-1.343524694,0.574633062,,1.8051,0.3302,-0.7720,,-0.013230,0.006532,,0.000175,0.000043,-0.000086,,,,,
-2.484210014,-0.542737365,,6.1713,0.2946,1.3483,,-0.024462,-0.006169,,0.000598,0.000038,0.000151,,,,,
2.059053183,0.648357153,,4.2397,0.4204,1.3350,,0.020275,0.007370,,0.000411,0.000054,0.000149,,,,,
-1.055154324,-2.93868351,,1.1134,8.6359,3.1008,,-0.010390,-0.033404,,0.000108,0.001116,0.000347,,,,,
0.524452448,-1.014880657,,0.2751,1.0300,-0.5323,,0.005164,-0.011536,,0.000027,0.000133,-0.000060,,,,,
-0.224081665,1.207098961,,0.0502,1.4571,-0.2705,,-0.002207,0.013721,,0.000005,0.000188,-0.000030,,,,,
-0.760780156,-1.404103994,,0.5788,1.9715,1.0682,,-0.007491,-0.015961,,0.000056,0.000255,0.000120,,,,,
-1.945168018,-0.423977196,,3.7837,0.1798,0.8247,,-0.019154,-0.004819,,0.000367,0.000023,0.000092,,,,,
0.752129376,1.846187592,,0.5657,3.4084,1.3886,,0.007406,0.020986,,0.000055,0.000440,0.000155,,,,,
0.081227928,0.14779602,,0.0066,0.0218,0.0120,,0.000800,0.001680,,0.000001,0.000003,0.000001,,,,,
2.220690012,-0.380639702,,4.9315,0.1449,-0.8453,,0.021867,-0.004327,,0.000478,0.000019,-0.000095,,,,,
-0.544760346,0.743929088,,0.2968,0.5534,-0.4053,,-0.005364,0.008456,,0.000029,0.000072,-0.000045,,,,,
-0.910290718,-0.497027874,,0.8286,0.2470,0.4524,,-0.008964,-0.005650,,0.000080,0.000032,0.000051,,,,,
1.450982332,1.386824846,,2.1053,1.9233,2.0123,,0.014288,0.015764,,0.000204,0.000249,0.000225,,,,,
-0.455947816,0.500244379,,0.2079,0.2502,-0.2281,,-0.004490,0.005686,,0.000020,0.000032,-0.000026,,,,,
-0.11337366,-0.472561777,,0.0129,0.2233,0.0536,,-0.001116,-0.005372,,0.000001,0.000029,0.000006,,,,,
1.646376133,2.206504107,,2.7106,4.8687,3.6327,,0.016212,0.025082,,0.000263,0.000629,0.000407,,,,,
1.286132574,0.359787524,,1.6541,0.1294,0.4627,,0.012664,0.004090,,0.000160,0.000017,0.000052,,,,,
-0.588434696,1.171352267,,0.3463,1.3721,-0.6893,,-0.005794,0.013315,,0.000034,0.000177,-0.000077,,,,,
-0.139642775,-1.20026648,,0.0195,1.4406,0.1676,,-0.001375,-0.013644,,0.000002,0.000186,0.000019,,,,,
-1.109137058,-0.053807959,,1.2302,0.0029,0.0597,,-0.010922,-0.000612,,0.000119,0.000000,0.000007,,,,,
3.127731323,0.582024932,,9.7827,0.3388,1.8204,,0.030798,0.006616,,0.000949,0.000044,0.000204,,,,,
-1.559996367,-1.341946363,,2.4336,1.8008,2.0934,,-0.015361,-0.015254,,0.000236,0.000233,0.000234,,,,,
5.112746239,0.828715801,,26.1402,0.6868,4.2370,,0.050345,0.009420,,0.002535,0.000089,0.000474,,,,,
3.381346703,-0.328040361,,11.4335,0.1076,-1.1092,,0.033296,-0.003729,,0.001109,0.000014,-0.000124,,,,,
0.036783304,-2.742408276,,0.0014,7.5208,-0.1009,,0.000362,-0.031173,,0.000000,0.000972,-0.000011,,,,,
-0.530245423,0.530523419,,0.2812,0.2815,-0.2813,,-0.005221,0.006031,,0.000027,0.000036,-0.000031,,,,,
0.605455279,-0.80228591,,0.3666,0.6437,-0.4857,,0.005962,-0.009120,,0.000036,0.000083,-0.000054,,,,,
-0.139234349,0.249860749,,0.0194,0.0624,-0.0348,,-0.001371,0.002840,,0.000002,0.000008,-0.000004,,,,,
1.321062326,-2.114533424,,1.7452,4.4713,-2.7934,,0.013008,-0.024036,,0.000169,0.000578,-0.000313,,,,,
-2.827622414,0.323277652,,7.9954,0.1045,-0.9141,,-0.027843,0.003675,,0.000775,0.000014,-0.000102,,,,,
-0.113798447,0.525547326,,0.0130,0.2762,-0.0598,,-0.001121,0.005974,,0.000001,0.000036,-0.000007,,,,,
0.761570632,0.004726917,,0.5800,0.0000,0.0036,,0.007499,0.000054,,0.000056,0.000000,0.000000,,,,,
1.792126894,1.037275076,,3.2117,1.0759,1.8589,,0.017647,0.011791,,0.000311,0.000139,0.000208,,,,,
1.023147583,-1.275278091,,1.0468,1.6263,-1.3048,,0.010075,-0.014496,,0.000102,0.000210,-0.000146,,,,,
-0.86744833,-0.560046375,,0.7525,0.3137,0.4858,,-0.008542,-0.006366,,0.000073,0.000041,0.000054,,,,,
0.162726566,-0.31660524,,0.0265,0.1002,-0.0515,,0.001602,-0.003599,,0.000003,0.000013,-0.000006,,,,,
-1.276716828,-2.941879749,,1.6300,8.6547,3.7559,,-0.012572,-0.033441,,0.000158,0.001118,0.000420,,,,,
-1.543820381,-0.630384028,,2.3834,0.3974,0.9732,,-0.015202,-0.007166,,0.000231,0.000051,0.000109,,,,,
0.67810905,0.066500284,,0.4598,0.0044,0.0451,,0.006677,0.000756,,0.000045,0.000001,0.000005,,,,,
-0.801305473,-0.677471757,,0.6421,0.4590,0.5429,,-0.007890,-0.007701,,0.000062,0.000059,0.000061,,,,,
0.448527932,-0.800226092,,0.2012,0.6404,-0.3589,,0.004417,-0.009096,,0.000020,0.000083,-0.000040,,,,,
0.163150787,-0.223451495,,0.0266,0.0499,-0.0365,,0.001607,-0.002540,,0.000003,0.000006,-0.000004,,,,,
0.183461279,-1.918807268,,0.0337,3.6818,-0.3520,,0.001807,-0.021811,,0.000003,0.000476,-0.000039,,,,,
0.060757849,0.192503601,,0.0037,0.0371,0.0117,,0.000598,0.002188,,0.000000,0.000005,0.000001,,,,,
0.387649029,0.762563705,,0.1503,0.5815,0.2956,,0.003817,0.008668,,0.000015,0.000075,0.000033,,,,,
-1.155304074,-0.619305849,,1.3347,0.3835,0.7155,,-0.011376,-0.007040,,0.000129,0.000050,0.000080,,,,,
1.750257611,0.555785358,,3.0634,0.3089,0.9728,,0.017235,0.006318,,0.000297,0.000040,0.000109,,,,,
-2.143615723,1.024959087,,4.5951,1.0505,-2.1971,,-0.021108,0.011651,,0.000446,0.000136,-0.000246,,,,,
-0.820228338,-1.292365789,,0.6728,1.6702,1.0600,,-0.008077,-0.014691,,0.000065,0.000216,0.000119,,,,,
0.629628778,0.377829939,,0.3964,0.1428,0.2379,,0.006200,0.004295,,0.000038,0.000018,0.000027,,,,,
0.101524696,-1.001367211,,0.0103,1.0027,-0.1017,,0.001000,-0.011383,,0.000001,0.000130,-0.000011,,,,,
1.855907202,1.978927255,,3.4444,3.9162,3.6727,,0.018275,0.022495,,0.000334,0.000506,0.000411,,,,,
-0.360351563,1.132228613,,0.1299,1.2819,-0.4080,,-0.003548,0.012870,,0.000013,0.000166,-0.000046,,,,,
-0.579012752,-1.199592829,,0.3353,1.4390,0.6946,,-0.005701,-0.013636,,0.000033,0.000186,0.000078,,,,,
-1.368490338,2.214727402,,1.8728,4.9050,-3.0308,,-0.013475,0.025175,,0.000182,0.000634,-0.000339,,,,,
1.253282666,1.776306868,,1.5707,3.1553,2.2262,,0.012341,0.020192,,0.000152,0.000408,0.000249,,,,,
-0.896212459,0.025091141,,0.8032,0.0006,-0.0225,,-0.008825,0.000285,,0.000078,0.000000,-0.000003,,,,,
-0.528031766,0.552301645,,0.2788,0.3050,-0.2916,,-0.005199,0.006278,,0.000027,0.000039,-0.000033,,,,,
-0.398404062,-1.861183405,,0.1587,3.4640,0.7415,,-0.003923,-0.021156,,0.000015,0.000448,0.000083,,,,,
0.528175235,-2.11482954,,0.2790,4.4725,-1.1170,,0.005201,-0.024040,,0.000027,0.000578,-0.000125,,,,,
-1.224999309,-0.265596479,,1.5006,0.0705,0.3254,,-0.012062,-0.003019,,0.000146,0.000009,0.000036,,,,,
0.959148288,0.099031299,,0.9200,0.0098,0.0950,,0.009445,0.001126,,0.000089,0.000001,0.000011,,,,,
0.056201801,-0.198150173,,0.0032,0.0393,-0.0111,,0.000553,-0.002252,,0.000000,0.000005,-0.000001,,,,,
-0.25905931,1.961581707,,0.0671,3.8478,-0.5082,,-0.002551,0.022298,,0.000007,0.000497,-0.000057,,,,,
3.102498055,0.407124639,,9.6255,0.1658,1.2631,,0.030550,0.004628,,0.000933,0.000021,0.000141,,,,,
2.322199345,2.135684729,,5.3926,4.5611,4.9595,,0.022866,0.024277,,0.000523,0.000589,0.000555,,,,,
-0.834544122,-0.28981024,,0.6965,0.0840,0.2419,,-0.008218,-0.003294,,0.000068,0.000011,0.000027,,,,,
-1.325722933,-1.3566432,,1.7575,1.8405,1.7985,,-0.013054,-0.015421,,0.000170,0.000238,0.000201,,,,,
1.606262922,-0.352095664,,2.5801,0.1240,-0.5656,,0.015817,-0.004002,,0.000250,0.000016,-0.000063,,,,,
-1.30612278,0.246735528,,1.7060,0.0609,-0.3223,,-0.012861,0.002805,,0.000165,0.000008,-0.000036,,,,,
0.195103914,0.714248598,,0.0381,0.5102,0.1394,,0.001921,0.008119,,0.000004,0.000066,0.000016,,,,,
3.908348083,0.690937042,,15.2752,0.4774,2.7004,,0.038485,0.007854,,0.001481,0.000062,0.000302,,,,,
1.726731062,1.632101417,,2.9816,2.6638,2.8182,,0.017003,0.018552,,0.000289,0.000344,0.000315,,,,,
1.04171133,-0.516005099,,1.0852,0.2663,-0.5375,,0.010258,-0.005866,,0.000105,0.000034,-0.000060,,,,,
0.830630243,-0.005790681,,0.6899,0.0000,-0.0048,,0.008179,-0.000066,,0.000067,0.000000,-0.000001,,,,,
-1.977317452,-0.427354574,,3.9098,0.1826,0.8450,,-0.019470,-0.004858,,0.000379,0.000024,0.000095,,,,,
-0.017464049,0.661818385,,0.0003,0.4380,-0.0116,,-0.000172,0.007523,,0.000000,0.000057,-0.000001,,,,,
1.10485363,-0.784911454,,1.2207,0.6161,-0.8672,,0.010879,-0.008922,,0.000118,0.000080,-0.000097,,,,,
-1.479437113,0.12729153,,2.1887,0.0162,-0.1883,,-0.014568,0.001447,,0.000212,0.000002,-0.000021,,,,,
-0.625224054,-0.728225231,,0.3909,0.5303,0.4553,,-0.006157,-0.008278,,0.000038,0.000069,0.000051,,,,,
3.062381029,2.752665758,,9.3782,7.5772,8.4297,,0.030155,0.031290,,0.000909,0.000979,0.000944,,,,,
-3.256902933,-1.227994204,,10.6074,1.5080,3.9995,,-0.032070,-0.013959,,0.001029,0.000195,0.000448,,,,,
0.965845048,-1.718687892,,0.9329,2.9539,-1.6600,,0.009511,-0.019537,,0.000090,0.000382,-0.000186,,,,,
-2.33052063,-1.462924004,,5.4313,2.1401,3.4094,,-0.022948,-0.016629,,0.000527,0.000277,0.000382,,,,,
1.862743139,0.408133566,,3.4698,0.1666,0.7602,,0.018342,0.004639,,0.000336,0.000022,0.000085,,,,,
1.561905384,0.18243891,,2.4395,0.0333,0.2850,,0.015380,0.002074,,0.000237,0.000004,0.000032,,,,,
1.55365181,0.148987889,,2.4138,0.0222,0.2315,,0.015299,0.001694,,0.000234,0.000003,0.000026,,,,,
-0.314383894,1.186300159,,0.0988,1.4073,-0.3730,,-0.003096,0.013485,,0.000010,0.000182,-0.000042,,,,,
3.120722771,1.023750544,,9.7389,1.0481,3.1948,,0.030729,0.011637,,0.000944,0.000135,0.000358,,,,,
1.08416605,1.234322548,,1.1754,1.5236,1.3382,,0.010676,0.014031,,0.000114,0.000197,0.000150,,,,,
-1.762260437,-2.856340647,,3.1056,8.1587,5.0336,,-0.017353,-0.032468,,0.000301,0.001054,0.000563,,,,,
-0.290046394,0.403138757,,0.0841,0.1625,-0.1169,,-0.002856,0.004583,,0.000008,0.000021,-0.000013,,,,,
0.4458808,2.218220234,,0.1988,4.9205,0.9891,,0.004391,0.025215,,0.000019,0.000636,0.000111,,,,,
1.906320572,-1.168959618,,3.6341,1.3665,-2.2284,,0.018771,-0.013288,,0.000352,0.000177,-0.000249,,,,,
0.514002204,-0.317457765,,0.2642,0.1008,-0.1632,,0.005061,-0.003609,,0.000026,0.000013,-0.000018,,,,,
-0.66508162,0.228249162,,0.4423,0.0521,-0.1518,,-0.006549,0.002595,,0.000043,0.000007,-0.000017,,,,,
0.728157699,-0.539867342,,0.5302,0.2915,-0.3931,,0.007170,-0.006137,,0.000051,0.000038,-0.000044,,,,,
-0.344536245,-1.084262013,,0.1187,1.1756,0.3736,,-0.003393,-0.012325,,0.000012,0.000152,0.000042,,,,,
-0.626268804,-1.563515306,,0.3922,2.4446,0.9792,,-0.006167,-0.017773,,0.000038,0.000316,0.000110,,,,,
0.747461021,-2.988762856,,0.5587,8.9327,-2.2340,,0.007360,-0.033974,,0.000054,0.001154,-0.000250,,,,,
0.788982451,2.446648121,,0.6225,5.9861,1.9304,,0.007769,0.027811,,0.000060,0.000773,0.000216,,,,,
0.963313282,-0.173894003,,0.9280,0.0302,-0.1675,,0.009486,-0.001977,,0.000090,0.000004,-0.000019,,,,,
2.158616066,-1.794286847,,4.6596,3.2195,-3.8732,,0.021256,-0.020396,,0.000452,0.000416,-0.000434,,,,,
2.095703602,2.498733044,,4.3920,6.2437,5.2366,,0.020636,0.028403,,0.000426,0.000807,0.000586,,,,,
0.890595794,0.675777972,,0.7932,0.4567,0.6018,,0.008770,0.007682,,0.000077,0.000059,0.000067,,,,,
-2.144297123,-0.864337146,,4.5980,0.7471,1.8534,,-0.021115,-0.009825,,0.000446,0.000097,0.000207,,,,,
-0.145080388,0.212292641,,0.0210,0.0451,-0.0308,,-0.001429,0.002413,,0.000002,0.000006,-0.000003,,,,,
0.244767562,0.990247011,,0.0599,0.9806,0.2424,,0.002410,0.011256,,0.000006,0.000127,0.000027,,,,,
-0.352873921,0.690264285,,0.1245,0.4765,-0.2436,,-0.003475,0.007846,,0.000012,0.000062,-0.000027,,,,,
-1.843590975,0.055070553,,3.3988,0.0030,-0.1015,,-0.018154,0.000626,,0.000330,0.000000,-0.000011,,,,,
1.974925399,2.272487164,,3.9003,5.1642,4.4880,,0.019447,0.025832,,0.000378,0.000667,0.000502,,,,,
-0.33690089,1.799117804,,0.1135,3.2368,-0.6061,,-0.003317,0.020451,,0.000011,0.000418,-0.000068,,,,,
0.222516343,-0.596145332,,0.0495,0.3554,-0.1327,,0.002191,-0.006776,,0.000005,0.000046,-0.000015,,,,,
0.558775306,2.071009159,,0.3122,4.2891,1.1572,,0.005502,0.023541,,0.000030,0.000554,0.000130,,,,,
-0.53705287,-1.691797256,,0.2884,2.8622,0.9086,,-0.005288,-0.019231,,0.000028,0.000370,0.000102,,,,,
-0.346453786,0.142049819,,0.1200,0.0202,-0.0492,,-0.003411,0.001615,,0.000012,0.000003,-0.000006,,,,,
-3.648840666,-2.344920635,,13.3140,5.4987,8.5562,,-0.035930,-0.026655,,0.001291,0.000710,0.000958,,,,,
0.870568216,0.784816146,,0.7579,0.6159,0.6832,,0.008572,0.008921,,0.000073,0.000080,0.000076,,,,,
-3.286265135,-3.375885963,,10.7995,11.3966,11.0941,,-0.032360,-0.038374,,0.001047,0.001473,0.001242,,,,,
-3.274978161,-2.596123934,,10.7255,6.7399,8.5022,,-0.032248,-0.029511,,0.001040,0.000871,0.000952,,,,,
0.261691272,1.119943023,,0.0685,1.2543,0.2931,,0.002577,0.012731,,0.000007,0.000162,0.000033,,,,,
0.174327135,0.624270618,,0.0304,0.3897,0.1088,,0.001717,0.007096,,0.000003,0.000050,0.000012,,,,,
-0.199072957,0.947173357,,0.0396,0.8971,-0.1886,,-0.001960,0.010767,,0.000004,0.000116,-0.000021,,,,,
-0.524280369,-0.553359985,,0.2749,0.3062,0.2901,,-0.005163,-0.006290,,0.000027,0.000040,0.000032,,,,,
-1.63563621,-0.93015939,,2.6753,0.8652,1.5214,,-0.016106,-0.010573,,0.000259,0.000112,0.000170,,,,,
1.224292874,-0.274959564,,1.4989,0.0756,-0.3366,,0.012055,-0.003126,,0.000145,0.000010,-0.000038,,,,,
3.081017494,-0.688144505,,9.4927,0.4735,-2.1202,,0.030338,-0.007822,,0.000920,0.000061,-0.000237,,,,,
-1.660513878,0.109736495,,2.7573,0.0120,-0.1822,,-0.016351,0.001247,,0.000267,0.000002,-0.000020,,,,,
-0.592096746,0.345809698,,0.3506,0.1196,-0.2048,,-0.005830,0.003931,,0.000034,0.000015,-0.000023,,,,,
1.466652632,1.495870352,,2.1511,2.2376,2.1939,,0.014442,0.017004,,0.000209,0.000289,0.000246,,,,,
-1.563143849,0.138710871,,2.4434,0.0192,-0.2168,,-0.015392,0.001577,,0.000237,0.000002,-0.000024,,,,,
-3.27990675,-1.785040617,,10.7578,3.1864,5.8548,,-0.032297,-0.020291,,0.001043,0.000412,0.000655,,,,,
-0.713921487,-0.811982036,,0.5097,0.6593,0.5797,,-0.007030,-0.009230,,0.000049,0.000085,0.000065,,,,,
-0.142446846,1.102520943,,0.0203,1.2156,-0.1571,,-0.001403,0.012533,,0.000002,0.000157,-0.000018,,,,,
0.531883061,-0.032652617,,0.2829,0.0011,-0.0174,,0.005237,-0.000371,,0.000027,0.000000,-0.000002,,,,,
-1.424894571,-0.18416211,,2.0303,0.0339,0.2624,,-0.014031,-0.002093,,0.000197,0.000004,0.000029,,,,,
-3.446760416,-2.192851543,,11.8802,4.8086,7.5582,,-0.033940,-0.024926,,0.001152,0.000621,0.000846,,,,,
0.592711329,0.654076517,,0.3513,0.4278,0.3877,,0.005836,0.007435,,0.000034,0.000055,0.000043,,,,,
0.244607374,-1.515558243,,0.0598,2.2969,-0.3707,,0.002409,-0.017228,,0.000006,0.000297,-0.000041,,,,,
-0.92909658,-3.431729078,,0.8632,11.7768,3.1884,,-0.009149,-0.039009,,0.000084,0.001522,0.000357,,,,,
-0.733856797,0.508490682,,0.5385,0.2586,-0.3732,,-0.007226,0.005780,,0.000052,0.000033,-0.000042,,,,,
2.322646141,1.019475341,,5.3947,1.0393,2.3679,,0.022871,0.011589,,0.000523,0.000134,0.000265,,,,,
1.589600801,1.056711793,,2.5268,1.1166,1.6797,,0.015653,0.012012,,0.000245,0.000144,0.000188,,,,,
0.643160224,0.434321046,,0.4137,0.1886,0.2793,,0.006333,0.004937,,0.000040,0.000024,0.000031,,,,,
-1.642771959,-0.989356279,,2.6987,0.9788,1.6253,,-0.016176,-0.011246,,0.000262,0.000126,0.000182,,,,,
-0.32306695,-0.976335764,,0.1044,0.9532,0.3154,,-0.003181,-0.011098,,0.000010,0.000123,0.000035,,,,,
1.804366112,1.011582613,,3.2557,1.0233,1.8253,,0.017767,0.011499,,0.000316,0.000132,0.000204,,,,,
2.037338257,0.196951047,,4.1507,0.0388,0.4013,,0.020061,0.002239,,0.000402,0.000005,0.000045,,,,,
0.696715832,-0.460295379,,0.4854,0.2119,-0.3207,,0.006860,-0.005232,,0.000047,0.000027,-0.000036,,,,,
-2.783617496,-0.089392111,,7.7485,0.0080,0.2488,,-0.027410,-0.001016,,0.000751,0.000001,0.000028,,,,,
-1.115521431,-0.846925437,,1.2444,0.7173,0.9448,,-0.010984,-0.009627,,0.000121,0.000093,0.000106,,,,,
-1.618023634,2.122019053,,2.6180,4.5030,-3.4335,,-0.015933,0.024121,,0.000254,0.000582,-0.000384,,,,,
-0.55196327,0.734649181,,0.3047,0.5397,-0.4055,,-0.005435,0.008351,,0.000030,0.000070,-0.000045,,,,,
0.659231782,-1.074362755,,0.4346,1.1543,-0.7083,,0.006491,-0.012212,,0.000042,0.000149,-0.000079,,,,,
-0.45151639,0.339800656,,0.2039,0.1155,-0.1534,,-0.004446,0.003863,,0.000020,0.000015,-0.000017,,,,,
2.231338024,0.005365551,,4.9789,0.0000,0.0120,,0.021972,0.000061,,0.000483,0.000000,0.000001,,,,,
-1.230119586,-1.302740216,,1.5132,1.6971,1.6025,,-0.012113,-0.014808,,0.000147,0.000219,0.000179,,,,,
1.084039927,1.601440907,,1.1751,2.5646,1.7360,,0.010674,0.018204,,0.000114,0.000331,0.000194,,,,,
0.890973747,2.522429943,,0.7938,6.3627,2.2474,,0.008773,0.028673,,0.000077,0.000822,0.000252,,,,,
-0.359629363,-0.804176688,,0.1293,0.6467,0.2892,,-0.003541,-0.009141,,0.000013,0.000084,0.000032,,,,,
-1.116391301,-0.41087234,,1.2463,0.1688,0.4587,,-0.010993,-0.004670,,0.000121,0.000022,0.000051,,,,,
-1.019442797,1.374346018,,1.0393,1.8888,-1.4011,,-0.010038,0.015622,,0.000101,0.000244,-0.000157,,,,,
-0.846795261,-1.067191124,,0.7171,1.1389,0.9037,,-0.008338,-0.012131,,0.000070,0.000147,0.000101,,,,,
-1.213546515,-0.475564301,,1.4727,0.2262,0.5771,,-0.011950,-0.005406,,0.000143,0.000029,0.000065,,,,,
0.768274784,0.703464031,,0.5902,0.4949,0.5405,,0.007565,0.007996,,0.000057,0.000064,0.000060,,,,,
-2.151899338,-1.322257519,,4.6307,1.7484,2.8454,,-0.021190,-0.015030,,0.000449,0.000226,0.000318,,,,,
-1.22413373,-1.650864124,,1.4985,2.7254,2.0209,,-0.012054,-0.018766,,0.000145,0.000352,0.000226,,,,,
2.332176208,2.098853588,,5.4390,4.4052,4.8949,,0.022965,0.023858,,0.000527,0.000569,0.000548,,,,,
2.951205254,1.199439287,,8.7096,1.4387,3.5398,,0.029060,0.013634,,0.000844,0.000186,0.000396,,,,,
-2.027059317,-2.298637867,,4.1090,5.2837,4.6595,,-0.019960,-0.026129,,0.000398,0.000683,0.000522,,,,,
-2.413840055,0.959741712,,5.8266,0.9211,-2.3167,,-0.023769,0.010910,,0.000565,0.000119,-0.000259,,,,,
-0.791077852,-1.194094419,,0.6258,1.4259,0.9446,,-0.007790,-0.013573,,0.000061,0.000184,0.000106,,,,,
0.81866169,0.986819327,,0.6702,0.9738,0.8079,,0.008061,0.011217,,0.000065,0.000126,0.000090,,,,,
2.461705208,0.046494275,,6.0600,0.0022,0.1145,,0.024240,0.000529,,0.000588,0.000000,0.000013,,,,,
0.195066065,-2.460004091,,0.0381,6.0516,-0.4799,,0.001921,-0.027963,,0.000004,0.000782,-0.000054,,,,,
-2.39700222,0.029790666,,5.7456,0.0009,-0.0714,,-0.023603,0.000339,,0.000557,0.000000,-0.000008,,,,,
-0.081116095,0.069447152,,0.0066,0.0048,-0.0056,,-0.000799,0.000789,,0.000001,0.000001,-0.000001,,,,,
0.088389166,-1.184654951,,0.0078,1.4034,-0.1047,,0.000870,-0.013466,,0.000001,0.000181,-0.000012,,,,,
2.026535511,-0.278927624,,4.1068,0.0778,-0.5653,,0.019955,-0.003171,,0.000398,0.000010,-0.000063,,,,,
0.09749873,-1.065587282,,0.0095,1.1355,-0.1039,,0.000960,-0.012113,,0.000001,0.000147,-0.000012,,,,,
1.238930106,-0.431755126,,1.5349,0.1864,-0.5349,,0.012200,-0.004908,,0.000149,0.000024,-0.000060,,,,,
0.21052587,1.341801405,,0.0443,1.8004,0.2825,,0.002073,0.015252,,0.000004,0.000233,0.000032,,,,,
0.314677775,-1.21289289,,0.0990,1.4711,-0.3817,,0.003099,-0.013787,,0.000010,0.000190,-0.000043,,,,,
-1.06749773,-1.87947762,,1.1396,3.5324,2.0063,,-0.010512,-0.021364,,0.000110,0.000456,0.000225,,,,,
0.511346042,0.361126989,,0.2615,0.1304,0.1847,,0.005035,0.004105,,0.000025,0.000017,0.000021,,,,,
0.493370354,0.308952481,,0.2434,0.0955,0.1524,,0.004858,0.003512,,0.000024,0.000012,0.000017,,,,,
0.463275343,0.98760891,,0.2146,0.9754,0.4575,,0.004562,0.011226,,0.000021,0.000126,0.000051,,,,,
2.187748432,-0.215187624,,4.7862,0.0463,-0.4708,,0.021543,-0.002446,,0.000464,0.000006,-0.000053,,,,,
-0.592967391,0.49960652,,0.3516,0.2496,-0.2963,,-0.005839,0.005679,,0.000034,0.000032,-0.000033,,,,,
0.172330603,0.043953329,,0.0297,0.0019,0.0076,,0.001697,0.000500,,0.000003,0.000000,0.000001,,,,,
-1.532915115,-0.761428058,,2.3498,0.5798,1.1672,,-0.015094,-0.008655,,0.000228,0.000075,0.000131,,,,,
-1.750778437,-0.843025446,,3.0652,0.7107,1.4760,,-0.017240,-0.009583,,0.000297,0.000092,0.000165,,,,,
-0.85649848,-2.366254807,,0.7336,5.5992,2.0267,,-0.008434,-0.026898,,0.000071,0.000723,0.000227,,,,,
-2.29720211,-1.138201833,,5.2771,1.2955,2.6147,,-0.022620,-0.012938,,0.000512,0.000167,0.000293,,,,,
1.581515074,-1.448781013,,2.5012,2.0990,-2.2913,,0.015573,-0.016469,,0.000243,0.000271,-0.000256,,,,,
0.124345303,-2.72030735,,0.0155,7.4001,-0.3383,,0.001224,-0.030922,,0.000001,0.000956,-0.000038,,,,,
0.274259388,1.554443479,,0.0752,2.4163,0.4263,,0.002701,0.017670,,0.000007,0.000312,0.000048,,,,,
-1.76001513,-0.126704574,,3.0977,0.0161,0.2230,,-0.017331,-0.001440,,0.000300,0.000002,0.000025,,,,,
-0.387017071,1.769493103,,0.1498,3.1311,-0.6848,,-0.003811,0.020114,,0.000015,0.000405,-0.000077,,,,,
-1.671363711,1.901932478,,2.7935,3.6173,-3.1788,,-0.016458,0.021620,,0.000271,0.000467,-0.000356,,,,,
1.086332321,1.494295239,,1.1801,2.2329,1.6233,,0.010697,0.016986,,0.000114,0.000289,0.000182,,,,,
-1.260073543,-0.246860042,,1.5878,0.0609,0.3111,,-0.012408,-0.002806,,0.000154,0.000008,0.000035,,,,,
-1.242268562,1.354061127,,1.5432,1.8335,-1.6821,,-0.012232,0.015392,,0.000150,0.000237,-0.000188,,,,,
1.999100566,1.288246036,,3.9964,1.6596,2.5753,,0.019685,0.014644,,0.000387,0.000214,0.000288,,,,,
-1.476276875,-0.296077847,,2.1794,0.0877,0.4371,,-0.014537,-0.003366,,0.000211,0.000011,0.000049,,,,,
1.033555269,-0.730570316,,1.0682,0.5337,-0.7551,,0.010177,-0.008305,,0.000104,0.000069,-0.000085,,,,,
0.334198773,0.024791047,,0.1117,0.0006,0.0083,,0.003291,0.000282,,0.000011,0.000000,0.000001,,,,,
-1.045990109,-0.489534408,,1.0941,0.2396,0.5120,,-0.010300,-0.005565,,0.000106,0.000031,0.000057,,,,,
-0.121445797,-0.84777391,,0.0147,0.7187,0.1030,,-0.001196,-0.009637,,0.000001,0.000093,0.000012,,,,,
-3.143646955,0.73074317,,9.8825,0.5340,-2.2972,,-0.030955,0.008306,,0.000958,0.000069,-0.000257,,,,,
-1.139202356,0.945322871,,1.2978,0.8936,-1.0769,,-0.011218,0.010746,,0.000126,0.000115,-0.000121,,,,,
-0.864914238,0.121782571,,0.7481,0.0148,-0.1053,,-0.008517,0.001384,,0.000073,0.000002,-0.000012,,,,,
-0.988843083,0.69537425,,0.9778,0.4835,-0.6876,,-0.009737,0.007904,,0.000095,0.000062,-0.000077,,,,,
0.170681775,0.348479867,,0.0291,0.1214,0.0595,,0.001681,0.003961,,0.000003,0.000016,0.000007,,,,,
-2.179571629,-1.199582338,,4.7505,1.4390,2.6146,,-0.021462,-0.013636,,0.000461,0.000186,0.000293,,,,,
-0.651978135,2.190052509,,0.4251,4.7963,-1.4279,,-0.006420,0.024895,,0.000041,0.000620,-0.000160,,,,,
0.673477292,-0.114730887,,0.4536,0.0132,-0.0773,,0.006632,-0.001304,,0.000044,0.000002,-0.000009,,,,,
-1.758349299,-1.10908556,,3.0918,1.2301,1.9502,,-0.017314,-0.012607,,0.000300,0.000159,0.000218,,,,,
0.674606323,-2.581027269,,0.4551,6.6617,-1.7412,,0.006643,-0.029339,,0.000044,0.000861,-0.000195,,,,,
-0.842687547,-1.491956115,,0.7101,2.2259,1.2573,,-0.008298,-0.016959,,0.000069,0.000288,0.000141,,,,,
-0.461800992,-0.910766959,,0.2133,0.8295,0.4206,,-0.004547,-0.010353,,0.000021,0.000107,0.000047,,,,,
-1.600291967,0.258622527,,2.5609,0.0669,-0.4139,,-0.015758,0.002940,,0.000248,0.000009,-0.000046,,,,,
0.561067462,2.448274136,,0.3148,5.9940,1.3736,,0.005525,0.027830,,0.000031,0.000775,0.000154,,,,,
-1.432749271,-1.185582161,,2.0528,1.4056,1.6986,,-0.014108,-0.013477,,0.000199,0.000182,0.000190,,,,,
0.984167814,-1.120849967,,0.9686,1.2563,-1.1031,,0.009691,-0.012741,,0.000094,0.000162,-0.000123,,,,,
2.583982944,0.662312448,,6.6770,0.4387,1.7114,,0.025444,0.007529,,0.000647,0.000057,0.000192,,,,,
-0.440014124,1.18602705,,0.1936,1.4067,-0.5219,,-0.004333,0.013482,,0.000019,0.000182,-0.000058,,,,,
-1.473192692,-0.637904286,,2.1703,0.4069,0.9398,,-0.014506,-0.007251,,0.000210,0.000053,0.000105,,,,,
-1.257942915,-1.342223644,,1.5824,1.8016,1.6884,,-0.012387,-0.015257,,0.000153,0.000233,0.000189,,,,,
-0.751289368,-0.355799198,,0.5644,0.1266,0.2673,,-0.007398,-0.004044,,0.000055,0.000016,0.000030,,,,,
0.15643312,-0.491513282,,0.0245,0.2416,-0.0769,,0.001540,-0.005587,,0.000002,0.000031,-0.000009,,,,,
-2.092398643,0.17962788,,4.3781,0.0323,-0.3759,,-0.020604,0.002042,,0.000425,0.000004,-0.000042,,,,,
-0.912492037,-1.040123343,,0.8326,1.0819,0.9491,,-0.008985,-0.011823,,0.000081,0.000140,0.000106,,,,,
1.108108759,0.355827063,,1.2279,0.1266,0.3943,,0.010911,0.004045,,0.000119,0.000016,0.000044,,,,,
1.43755281,0.821820319,,2.0666,0.6754,1.1814,,0.014155,0.009342,,0.000200,0.000087,0.000132,,,,,
1.945279598,-0.61037308,,3.7841,0.3726,-1.1873,,0.019155,-0.006938,,0.000367,0.000048,-0.000133,,,,,
-0.185043916,0.964449167,,0.0342,0.9302,-0.1785,,-0.001822,0.010963,,0.000003,0.000120,-0.000020,,,,,
1.60201478,1.153865337,,2.5665,1.3314,1.8485,,0.015775,0.013116,,0.000249,0.000172,0.000207,,,,,
3.252848625,1.312739134,,10.5810,1.7233,4.2701,,0.032030,0.014922,,0.001026,0.000223,0.000478,,,,,
-0.005820118,1.387693644,,0.0000,1.9257,-0.0081,,-0.000057,0.015774,,0.000000,0.000249,-0.000001,,,,,
-1.388340354,-0.770809054,,1.9275,0.5941,1.0701,,-0.013671,-0.008762,,0.000187,0.000077,0.000120,,,,,
-3.694544077,-0.89574039,,13.6497,0.8024,3.3094,,-0.036380,-0.010182,,0.001323,0.000104,0.000370,,,,,
1.911567092,1.246680498,,3.6541,1.5542,2.3831,,0.018823,0.014171,,0.000354,0.000201,0.000267,,,,,
-0.428307503,-2.395244598,,0.1834,5.7372,1.0259,,-0.004217,-0.027227,,0.000018,0.000741,0.000115,,,,,
2.700129747,0.2708776,,7.2907,0.0734,0.7314,,0.026588,0.003079,,0.000707,0.000009,0.000082,,,,,
-1.17634058,-0.71676755,,1.3838,0.5138,0.8432,,-0.011583,-0.008148,,0.000134,0.000066,0.000094,,,,,
-0.75551492,-0.91450274,,0.5708,0.8363,0.6909,,-0.007439,-0.010395,,0.000055,0.000108,0.000077,,,,,
1.441064119,1.548091769,,2.0767,2.3966,2.2309,,0.014190,0.017597,,0.000201,0.000310,0.000250,,,,,
1.143624663,-0.377817392,,1.3079,0.1427,-0.4321,,0.011261,-0.004295,,0.000127,0.000018,-0.000048,,,,,
-1.991936207,-1.618871689,,3.9678,2.6207,3.2247,,-0.019614,-0.018402,,0.000385,0.000339,0.000361,,,,,
-0.68401134,-0.407638341,,0.4679,0.1662,0.2788,,-0.006735,-0.004634,,0.000045,0.000021,0.000031,,,,,
0.478733957,-0.843363762,,0.2292,0.7113,-0.4037,,0.004714,-0.009587,,0.000022,0.000092,-0.000045,,,,,
1.942491889,0.477684945,,3.7733,0.2282,0.9279,,0.019128,0.005430,,0.000366,0.000029,0.000104,,,,,
-0.551967442,0.389862269,,0.3047,0.1520,-0.2152,,-0.005435,0.004432,,0.000030,0.000020,-0.000024,,,,,
-3.241122484,0.407014072,,10.5049,0.1657,-1.3192,,-0.031915,0.004627,,0.001019,0.000021,-0.000148,,,,,
0.011096228,-0.108346775,,0.0001,0.0117,-0.0012,,0.000109,-0.001232,,0.000000,0.000002,0.000000,,,,,
1.503889799,0.482454151,,2.2617,0.2328,0.7256,,0.014809,0.005484,,0.000219,0.000030,0.000081,,,,,
-0.906374514,-1.625301719,,0.8215,2.6416,1.4731,,-0.008925,-0.018475,,0.000080,0.000341,0.000165,,,,,
1.727656364,-0.23428601,,2.9848,0.0549,-0.4048,,0.017012,-0.002663,,0.000289,0.000007,-0.000045,,,,,
1.174697042,-0.499296159,,1.3799,0.2493,-0.5865,,0.011567,-0.005676,,0.000134,0.000032,-0.000066,,,,,
-2.212329865,-0.739471555,,4.8944,0.5468,1.6360,,-0.021785,-0.008406,,0.000475,0.000071,0.000183,,,,,
-0.953918815,-0.568539083,,0.9100,0.3232,0.5423,,-0.009393,-0.006463,,0.000088,0.000042,0.000061,,,,,
0.058249019,0.941215575,,0.0034,0.8859,0.0548,,0.000574,0.010699,,0.000000,0.000114,0.000006,,,,,
-0.689089596,-0.305718303,,0.4748,0.0935,0.2107,,-0.006785,-0.003475,,0.000046,0.000012,0.000024,,,,,
-1.878329158,-1.255753756,,3.5281,1.5769,2.3587,,-0.018496,-0.014274,,0.000342,0.000204,0.000264,,,,,
-1.561632633,1.371730685,,2.4387,1.8816,-2.1421,,-0.015377,0.015593,,0.000236,0.000243,-0.000240,,,,,
0.319554061,1.456927538,,0.1021,2.1226,0.4656,,0.003147,0.016561,,0.000010,0.000274,0.000052,,,,,
1.640523911,1.749371171,,2.6913,3.0603,2.8699,,0.016154,0.019885,,0.000261,0.000395,0.000321,,,,,
1.421951056,-1.496459961,,2.0219,2.2394,-2.1279,,0.014002,-0.017010,,0.000196,0.000289,-0.000238,,,,,
0.292795688,-1.635614634,,0.0857,2.6752,-0.4789,,0.002883,-0.018592,,0.000008,0.000346,-0.000054,,,,,
0.197464049,-2.730964422,,0.0390,7.4582,-0.5393,,0.001944,-0.031043,,0.000004,0.000964,-0.000060,,,,,
-1.477624178,0.211858511,,2.1834,0.0449,-0.3130,,-0.014550,0.002408,,0.000212,0.000006,-0.000035,,,,,
-0.53513968,2.529870033,,0.2864,6.4002,-1.3538,,-0.005269,0.028757,,0.000028,0.000827,-0.000152,,,,,
1.208825231,-0.700935245,,1.4613,0.4913,-0.8473,,0.011903,-0.007968,,0.000142,0.000063,-0.000095,,,,,
0.276814073,1.899488688,,0.0766,3.6081,0.5258,,0.002726,0.021592,,0.000007,0.000466,0.000059,,,,,
-2.723646879,-1.231867433,,7.4183,1.5175,3.3552,,-0.026819,-0.014003,,0.000719,0.000196,0.000376,,,,,
-0.518383801,0.413230419,,0.2687,0.1708,-0.2142,,-0.005104,0.004697,,0.000026,0.000022,-0.000024,,,,,
0.33848533,-0.802018166,,0.1146,0.6432,-0.2715,,0.003333,-0.009117,,0.000011,0.000083,-0.000030,,,,,
3.346945524,-0.591617882,,11.2020,0.3500,-1.9801,,0.032957,-0.006725,,0.001086,0.000045,-0.000222,,,,,
2.609172821,0.067881107,,6.8078,0.0046,0.1771,,0.025692,0.000772,,0.000660,0.000001,0.000020,,,,,
-0.744324684,-1.183547139,,0.5540,1.4008,0.8809,,-0.007329,-0.013454,,0.000054,0.000181,0.000099,,,,,
-0.736473083,-1.01098156,,0.5424,1.0221,0.7446,,-0.007252,-0.011492,,0.000053,0.000132,0.000083,,,,,
0.464178741,1.825072527,,0.2155,3.3309,0.8472,,0.004571,0.020746,,0.000021,0.000430,0.000095,,,,,
1.428653955,-1.937159777,,2.0411,3.7526,-2.7675,,0.014068,-0.022020,,0.000198,0.000485,-0.000310,,,,,
-0.822705448,1.620733023,,0.6768,2.6268,-1.3334,,-0.008101,0.018423,,0.000066,0.000339,-0.000149,,,,,
-0.119963877,-0.02225861,,0.0144,0.0005,0.0027,,-0.001181,-0.000253,,0.000001,0.000000,0.000000,,,,,
0.865191579,-0.285017729,,0.7486,0.0812,-0.2466,,0.008519,-0.003240,,0.000073,0.000010,-0.000028,,,,,
1.422238588,0.037241653,,2.0228,0.0014,0.0530,,0.014005,0.000423,,0.000196,0.000000,0.000006,,,,,
0.158595443,-0.664580107,,0.0252,0.4417,-0.1054,,0.001562,-0.007554,,0.000002,0.000057,-0.000012,,,,,
-0.46157524,-0.731078029,,0.2131,0.5345,0.3374,,-0.004545,-0.008310,,0.000021,0.000069,0.000038,,,,,
0.718796372,-0.64798063,,0.5167,0.4199,-0.4658,,0.007078,-0.007366,,0.000050,0.000054,-0.000052,,,,,
-0.507712066,1.608823061,,0.2578,2.5883,-0.8168,,-0.004999,0.018288,,0.000025,0.000334,-0.000091,,,,,
-1.103688955,-1.138953209,,1.2181,1.2972,1.2571,,-0.010868,-0.012947,,0.000118,0.000168,0.000141,,,,,
0.293799579,0.766624272,,0.0863,0.5877,0.2252,,0.002893,0.008714,,0.000008,0.000076,0.000025,,,,,
-1.433301449,-1.790342808,,2.0544,3.2053,2.5661,,-0.014114,-0.020351,,0.000199,0.000414,0.000287,,,,,
0.213700622,-0.151901454,,0.0457,0.0231,-0.0325,,0.002104,-0.001727,,0.000004,0.000003,-0.000004,,,,,
1.070475817,0.672138691,,1.1459,0.4518,0.7195,,0.010541,0.007640,,0.000111,0.000058,0.000081,,,,,
-0.078363538,-0.622160494,,0.0061,0.3871,0.0488,,-0.000772,-0.007072,,0.000001,0.000050,0.000005,,,,,
3.759206057,1.961749554,,14.1316,3.8485,7.3746,,0.037017,0.022300,,0.001370,0.000497,0.000825,,,,,
1.31331706,-2.166044712,,1.7248,4.6917,-2.8447,,0.012932,-0.024622,,0.000167,0.000606,-0.000318,,,,,
-2.869243145,3.500306129,,8.2326,12.2521,-10.0432,,-0.028253,0.039789,,0.000798,0.001583,-0.001124,,,,,
1.126604199,0.253552228,,1.2692,0.0643,0.2857,,0.011094,0.002882,,0.000123,0.000008,0.000032,,,,,
-1.036583662,-1.750514388,,1.0745,3.0643,1.8146,,-0.010207,-0.019898,,0.000104,0.000396,0.000203,,,,,
0.423534513,-0.618222117,,0.1794,0.3822,-0.2618,,0.004171,-0.007027,,0.000017,0.000049,-0.000029,,,,,
-1.224705935,0.573540449,,1.4999,0.3289,-0.7024,,-0.012060,0.006520,,0.000145,0.000043,-0.000079,,,,,
-0.006003529,-1.100653172,,0.0000,1.2114,0.0066,,-0.000059,-0.012511,,0.000000,0.000157,0.000001,,,,,
-0.023525864,-0.912176609,,0.0006,0.8321,0.0215,,-0.000232,-0.010369,,0.000000,0.000108,0.000002,,,,,
1.603273153,-0.189219013,,2.5705,0.0358,-0.3034,,0.015787,-0.002151,,0.000249,0.000005,-0.000034,,,,,
-1.077228785,0.118094936,,1.1604,0.0139,-0.1272,,-0.010607,0.001342,,0.000113,0.000002,-0.000014,,,,,
2.441936255,-0.284441471,,5.9631,0.0809,-0.6946,,0.024045,-0.003233,,0.000578,0.000010,-0.000078,,,,,
-2.392165184,-0.200631499,,5.7225,0.0403,0.4799,,-0.023555,-0.002281,,0.000555,0.000005,0.000054,,,,,
-0.478108317,0.318371147,,0.2286,0.1014,-0.1522,,-0.004708,0.003619,,0.000022,0.000013,-0.000017,,,,,
-0.588510573,1.807816982,,0.3463,3.2682,-1.0639,,-0.005795,0.020550,,0.000034,0.000422,-0.000119,,,,,
4.833721161,0.208918214,,23.3649,0.0436,1.0099,,0.047597,0.002375,,0.002265,0.000006,0.000113,,,,,
-0.689497352,0.095095068,,0.4754,0.0090,-0.0656,,-0.006789,0.001081,,0.000046,0.000001,-0.000007,,,,,
-0.423059344,1.199576974,,0.1790,1.4390,-0.5075,,-0.004166,0.013636,,0.000017,0.000186,-0.000057,,,,,
2.772904873,2.08965826,,7.6890,4.3667,5.7944,,0.027305,0.023753,,0.000746,0.000564,0.000649,,,,,
0.811750889,-1.117083192,,0.6589,1.2479,-0.9068,,0.007993,-0.012698,,0.000064,0.000161,-0.000101,,,,,
1.162328482,-0.681265652,,1.3510,0.4641,-0.7919,,0.011445,-0.007744,,0.000131,0.000060,-0.000089,,,,,
2.88762641,-0.185967043,,8.3384,0.0346,-0.5370,,0.028434,-0.002114,,0.000809,0.000004,-0.000060,,,,,
1.070921183,1.06042254,,1.1469,1.1245,1.1356,,0.010545,0.012054,,0.000111,0.000145,0.000127,,,,,
0.245491356,0.129214987,,0.0603,0.0167,0.0317,,0.002417,0.001469,,0.000006,0.000002,0.000004,,,,,
0.099902466,-0.801252246,,0.0100,0.6420,-0.0800,,0.000984,-0.009108,,0.000001,0.000083,-0.000009,,,,,
-1.136581421,0.549546123,,1.2918,0.3020,-0.6246,,-0.011192,0.006247,,0.000125,0.000039,-0.000070,,,,,
0.870511651,0.70970273,,0.7578,0.5037,0.6178,,0.008572,0.008067,,0.000073,0.000065,0.000069,,,,,
-3.133672476,-0.616357744,,9.8199,0.3799,1.9315,,-0.030857,-0.007006,,0.000952,0.000049,0.000216,,,,,
1.12819314,-0.954298973,,1.2728,0.9107,-1.0766,,0.011109,-0.010848,,0.000123,0.000118,-0.000121,,,,,
3.386348248,1.164140224,,11.4674,1.3552,3.9422,,0.033345,0.013233,,0.001112,0.000175,0.000441,,,,,
-0.960637033,-1.03681469,,0.9228,1.0750,0.9960,,-0.009459,-0.011786,,0.000089,0.000139,0.000111,,,,,
0.979698777,-0.411723822,,0.9598,0.1695,-0.4034,,0.009647,-0.004680,,0.000093,0.000022,-0.000045,,,,,
0.785854459,-0.323105127,,0.6176,0.1044,-0.2539,,0.007738,-0.003673,,0.000060,0.000013,-0.000028,,,,,
-0.252517223,-0.248908192,,0.0638,0.0620,0.0629,,-0.002487,-0.002829,,0.000006,0.000008,0.000007,,,,,
-0.912160754,-0.460276008,,0.8320,0.2119,0.4198,,-0.008982,-0.005232,,0.000081,0.000027,0.000047,,,,,
-1.356198072,-1.548943758,,1.8393,2.3992,2.1007,,-0.013354,-0.017607,,0.000178,0.000310,0.000235,,,,,
-1.455722332,-0.031732753,,2.1191,0.0010,0.0462,,-0.014334,-0.000361,,0.000205,0.000000,0.000005,,,,,
-0.445081294,1.850223541,,0.1981,3.4233,-0.8235,,-0.004383,0.021032,,0.000019,0.000442,-0.000092,,,,,
1.325758457,0.446509629,,1.7576,0.1994,0.5920,,0.013055,0.005076,,0.000170,0.000026,0.000066,,,,,
1.211898565,2.807472706,,1.4687,7.8819,3.4024,,0.011933,0.031913,,0.000142,0.001018,0.000381,,,,,
-1.227522373,-0.136544228,,1.5068,0.0186,0.1676,,-0.012087,-0.001552,,0.000146,0.000002,0.000019,,,,,
1.852907658,1.589902639,,3.4333,2.5278,2.9459,,0.018245,0.018073,,0.000333,0.000327,0.000330,,,,,
-1.102375031,0.167341232,,1.2152,0.0280,-0.1845,,-0.010855,0.001902,,0.000118,0.000004,-0.000021,,,,,
1.191696644,-0.653495491,,1.4201,0.4271,-0.7788,,0.011735,-0.007428,,0.000138,0.000055,-0.000087,,,,,
-2.782500744,-0.741841197,,7.7423,0.5503,2.0642,,-0.027399,-0.008433,,0.000751,0.000071,0.000231,,,,,
1.696224451,0.71164155,,2.8772,0.5064,1.2071,,0.016703,0.008089,,0.000279,0.000065,0.000135,,,,,
-0.528149784,0.791522861,,0.2789,0.6265,-0.4180,,-0.005201,0.008997,,0.000027,0.000081,-0.000047,,,,,
0.292258799,0.455769718,,0.0854,0.2077,0.1332,,0.002878,0.005181,,0.000008,0.000027,0.000015,,,,,
0.658057451,-1.044427514,,0.4330,1.0908,-0.6873,,0.006480,-0.011872,,0.000042,0.000141,-0.000077,,,,,
1.281136394,1.394696593,,1.6413,1.9452,1.7868,,0.012615,0.015854,,0.000159,0.000251,0.000200,,,,,
3.2022264,1.674488187,,10.2543,2.8039,5.3621,,0.031532,0.019034,,0.000994,0.000362,0.000600,,,,,
0.838285267,0.166431561,,0.7027,0.0277,0.1395,,0.008255,0.001892,,0.000068,0.000004,0.000016,,,,,
0.410898685,0.96227026,,0.1688,0.9260,0.3954,,0.004046,0.010938,,0.000016,0.000120,0.000044,,,,,
0.734485984,-0.443529397,,0.5395,0.1967,-0.3258,,0.007232,-0.005042,,0.000052,0.000025,-0.000036,,,,,
-1.240379691,0.099701241,,1.5385,0.0099,-0.1237,,-0.012214,0.001133,,0.000149,0.000001,-0.000014,,,,,
1.237280488,1.062399983,,1.5309,1.1287,1.3145,,0.012183,0.012076,,0.000148,0.000146,0.000147,,,,,
-1.240877628,-0.037268996,,1.5398,0.0014,0.0462,,-0.012219,-0.000424,,0.000149,0.000000,0.000005,,,,,
-0.120420992,-2.100264311,,0.0145,4.4111,0.2529,,-0.001186,-0.023874,,0.000001,0.000570,0.000028,,,,,
0.955548704,0.037042707,,0.9131,0.0014,0.0354,,0.009409,0.000421,,0.000089,0.000000,0.000004,,,,,
-0.579269767,1.309577227,,0.3356,1.7150,-0.7586,,-0.005704,0.014886,,0.000033,0.000222,-0.000085,,,,,
0.045553371,-1.125551581,,0.0021,1.2669,-0.0513,,0.000449,-0.012794,,0.000000,0.000164,-0.000006,,,,,
1.215881348,1.628632665,,1.4784,2.6524,1.9802,,0.011973,0.018513,,0.000143,0.000343,0.000222,,,,,
1.828537941,0.511260033,,3.3436,0.2614,0.9349,,0.018005,0.005812,,0.000324,0.000034,0.000105,,,,,
-0.488856345,-0.595208764,,0.2390,0.3543,0.2910,,-0.004814,-0.006766,,0.000023,0.000046,0.000033,,,,,
-1.464925289,-1.177914739,,2.1460,1.3875,1.7256,,-0.014425,-0.013390,,0.000208,0.000179,0.000193,,,,,
-0.516820431,-0.459980011,,0.2671,0.2116,0.2377,,-0.005089,-0.005229,,0.000026,0.000027,0.000027,,,,,
-3.132599354,0.927761078,,9.8132,0.8607,-2.9063,,-0.030846,0.010546,,0.000951,0.000111,-0.000325,,,,,
1.254201055,-2.335598469,,1.5730,5.4550,-2.9293,,0.012350,-0.026549,,0.000153,0.000705,-0.000328,,,,,
-1.530295134,2.433109283,,2.3418,5.9200,-3.7234,,-0.015069,0.027658,,0.000227,0.000765,-0.000417,,,,,
0.544380128,0.329309344,,0.2963,0.1084,0.1793,,0.005360,0.003743,,0.000029,0.000014,0.000020,,,,,
3.092233419,-0.05038777,,9.5619,0.0025,-0.1558,,0.030449,-0.000573,,0.000927,0.000000,-0.000017,,,,,
-0.867207766,2.111551523,,0.7520,4.4586,-1.8312,,-0.008539,0.024002,,0.000073,0.000576,-0.000205,,,,,
-1.598535895,-2.739103079,,2.5553,7.5027,4.3786,,-0.015741,-0.031136,,0.000248,0.000969,0.000490,,,,,
-1.038481116,1.414519548,,1.0784,2.0009,-1.4690,,-0.010226,0.016079,,0.000105,0.000259,-0.000164,,,,,
-0.050794058,1.277550936,,0.0026,1.6321,-0.0649,,-0.000500,0.014522,,0.000000,0.000211,-0.000007,,,,,
-0.126518562,1.805270791,,0.0160,3.2590,-0.2284,,-0.001246,0.020521,,0.000002,0.000421,-0.000026,,,,,
-1.110647559,0.861184239,,1.2335,0.7416,-0.9565,,-0.010936,0.009789,,0.000120,0.000096,-0.000107,,,,,
-2.097597599,0.414814234,,4.3999,0.1721,-0.8701,,-0.020655,0.004715,,0.000427,0.000022,-0.000097,,,,,
3.608653307,0.161545053,,13.0224,0.0261,0.5830,,0.035534,0.001836,,0.001263,0.000003,0.000065,,,,,
0.056055218,-1.393182993,,0.0031,1.9410,-0.0781,,0.000552,-0.015837,,0.000000,0.000251,-0.000009,,,,,
-0.531129658,-0.894631147,,0.2821,0.8004,0.4752,,-0.005230,-0.010169,,0.000027,0.000103,0.000053,,,,,
0.507772505,1.610127568,,0.2578,2.5925,0.8176,,0.005000,0.018303,,0.000025,0.000335,0.000092,,,,,
1.082682848,0.63507092,,1.1722,0.4033,0.6876,,0.010661,0.007219,,0.000114,0.000052,0.000077,,,,,
-1.375109911,-0.072799258,,1.8909,0.0053,0.1001,,-0.013541,-0.000828,,0.000183,0.000001,0.000011,,,,,
0.714572787,0.700265467,,0.5106,0.4904,0.5004,,0.007036,0.007960,,0.000050,0.000063,0.000056,,,,,
-0.369151056,0.259146869,,0.1363,0.0672,-0.0957,,-0.003635,0.002946,,0.000013,0.000009,-0.000011,,,,,
1.473275065,0.096591756,,2.1705,0.0093,0.1423,,0.014507,0.001098,,0.000210,0.000001,0.000016,,,,,
-0.887452543,-0.717797995,,0.7876,0.5152,0.6370,,-0.008739,-0.008159,,0.000076,0.000067,0.000071,,,,,
0.961797297,0.061613351,,0.9251,0.0038,0.0593,,0.009471,0.000700,,0.000090,0.000000,0.000007,,,,,
1.228212714,-0.452515244,,1.5085,0.2048,-0.5558,,0.012094,-0.005144,,0.000146,0.000026,-0.000062,,,,,
0.882253587,0.335115492,,0.7784,0.1123,0.2957,,0.008687,0.003809,,0.000075,0.000015,0.000033,,,,,
0.230550662,1.498361349,,0.0532,2.2451,0.3454,,0.002270,0.017032,,0.000005,0.000290,0.000039,,,,,
-0.660502493,-0.005301371,,0.4363,0.0000,0.0035,,-0.006504,-0.000060,,0.000042,0.000000,0.000000,,,,,
2.965686798,1.313290954,,8.7953,1.7247,3.8948,,0.029203,0.014928,,0.000853,0.000223,0.000436,,,,,
1.699264765,1.444063067,,2.8875,2.0853,2.4538,,0.016732,0.016415,,0.000280,0.000269,0.000275,,,,,
0.133114427,-0.507707179,,0.0177,0.2578,-0.0676,,0.001311,-0.005771,,0.000002,0.000033,-0.000008,,,,,
-2.040635824,-1.025520086,,4.1642,1.0517,2.0927,,-0.020094,-0.011657,,0.000404,0.000136,0.000234,,,,,
1.830679774,1.981544971,,3.3514,3.9265,3.6276,,0.018027,0.022525,,0.000325,0.000507,0.000406,,,,,
1.466359377,0.052610025,,2.1502,0.0028,0.0771,,0.014439,0.000598,,0.000208,0.000000,0.000009,,,,,
2.331031322,0.230289683,,5.4337,0.0530,0.5368,,0.022953,0.002618,,0.000527,0.000007,0.000060,,,,,
-0.009823978,-2.893196106,,0.0001,8.3706,0.0284,,-0.000097,-0.032887,,0.000000,0.001082,0.000003,,,,,
0.899087071,1.050728321,,0.8084,1.1040,0.9447,,0.008853,0.011944,,0.000078,0.000143,0.000106,,,,,
-0.907119751,0.716802657,,0.8229,0.5138,-0.6502,,-0.008932,0.008148,,0.000080,0.000066,-0.000073,,,,,
-1.921958804,0.551835418,,3.6939,0.3045,-1.0606,,-0.018925,0.006273,,0.000358,0.000039,-0.000119,,,,,
1.541464329,-0.553400636,,2.3761,0.3063,-0.8530,,0.015179,-0.006291,,0.000230,0.000040,-0.000095,,,,,
0.976465523,-0.419294268,,0.9535,0.1758,-0.4094,,0.009615,-0.004766,,0.000092,0.000023,-0.000046,,,,,
1.003131151,-0.321796864,,1.0063,0.1036,-0.3228,,0.009878,-0.003658,,0.000098,0.000013,-0.000036,,,,,
-2.024940968,-0.914390922,,4.1004,0.8361,1.8516,,-0.019939,-0.010394,,0.000398,0.000108,0.000207,,,,,
-1.148694634,-0.522449017,,1.3195,0.2730,0.6001,,-0.011311,-0.005939,,0.000128,0.000035,0.000067,,,,,
-0.828659296,-1.360485196,,0.6867,1.8509,1.1274,,-0.008160,-0.015465,,0.000067,0.000239,0.000126,,,,,
0.583172977,0.109330341,,0.3401,0.0120,0.0638,,0.005742,0.001243,,0.000033,0.000002,0.000007,,,,,
1.100148916,-0.519331813,,1.2103,0.2697,-0.5713,,0.010833,-0.005903,,0.000117,0.000035,-0.000064,,,,,
2.043026924,-1.129025459,,4.1740,1.2747,-2.3066,,0.020117,-0.012834,,0.000405,0.000165,-0.000258,,,,,
1.400543094,-1.075705051,,1.9615,1.1571,-1.5066,,0.013791,-0.012228,,0.000190,0.000150,-0.000169,,,,,
1.568513393,0.042852573,,2.4602,0.0018,0.0672,,0.015445,0.000487,,0.000239,0.000000,0.000008,,,,,
2.483155727,0.759429097,,6.1661,0.5767,1.8858,,0.024451,0.008633,,0.000598,0.000075,0.000211,,,,,
2.118316889,1.75144434,,4.4873,3.0676,3.7101,,0.020859,0.019909,,0.000435,0.000396,0.000415,,,,,
1.938301563,0.95171231,,3.7570,0.9058,1.8447,,0.019086,0.010818,,0.000364,0.000117,0.000206,,,,,
-0.635013223,-1.413948059,,0.4032,1.9992,0.8979,,-0.006253,-0.016073,,0.000039,0.000258,0.000101,,,,,
2.090724468,-1.563242316,,4.3711,2.4437,-3.2683,,0.020587,-0.017770,,0.000424,0.000316,-0.000366,,,,,
1.563802481,0.187803268,,2.4455,0.0353,0.2937,,0.015399,0.002135,,0.000237,0.000005,0.000033,,,,,
-1.960426807,1.755131245,,3.8433,3.0805,-3.4408,,-0.019304,0.019951,,0.000373,0.000398,-0.000385,,,,,
2.276771069,4.120500088,,5.1837,16.9785,9.3814,,0.022419,0.046838,,0.000503,0.002194,0.001050,,,,,
1.191159844,2.106024742,,1.4189,4.4353,2.5086,,0.011729,0.023939,,0.000138,0.000573,0.000281,,,,,
0.688554108,1.906141758,,0.4741,3.6334,1.3125,,0.006780,0.021667,,0.000046,0.000469,0.000147,,,,,
0.851024032,0.581792474,,0.7242,0.3385,0.4951,,0.008380,0.006613,,0.000070,0.000044,0.000055,,,,,
0.491070509,-0.52862978,,0.2412,0.2794,-0.2596,,0.004836,-0.006009,,0.000023,0.000036,-0.000029,,,,,
-1.390849352,-1.032945991,,1.9345,1.0670,1.4367,,-0.013696,-0.011742,,0.000188,0.000138,0.000161,,,,,
0.66535008,-0.242434174,,0.4427,0.0588,-0.1613,,0.006552,-0.002756,,0.000043,0.000008,-0.000018,,,,,
0.176449865,1.009698272,,0.0311,1.0195,0.1782,,0.001737,0.011477,,0.000003,0.000132,0.000020,,,,,
0.159700826,-1.203663468,,0.0255,1.4488,-0.1922,,0.001573,-0.013682,,0.000002,0.000187,-0.000022,,,,,
-0.237344503,-0.370612115,,0.0563,0.1374,0.0880,,-0.002337,-0.004213,,0.000005,0.000018,0.000010,,,,,
-0.842800379,-1.008046389,,0.7103,1.0162,0.8496,,-0.008299,-0.011459,,0.000069,0.000131,0.000095,,,,,
-2.469195366,-0.59826982,,6.0969,0.3579,1.4772,,-0.024314,-0.006801,,0.000591,0.000046,0.000165,,,,,
-0.951348364,-0.581276536,,0.9051,0.3379,0.5530,,-0.009368,-0.006607,,0.000088,0.000044,0.000062,,,,,
0.232127637,-0.687889338,,0.0539,0.4732,-0.1597,,0.002286,-0.007819,,0.000005,0.000061,-0.000018,,,,,
-0.910915852,0.525508344,,0.8298,0.2762,-0.4787,,-0.008970,0.005974,,0.000080,0.000036,-0.000054,,,,,
1.098144174,1.123320699,,1.2059,1.2618,1.2336,,0.010813,0.012769,,0.000117,0.000163,0.000138,,,,,
-3.274358273,-0.130647123,,10.7214,0.0171,0.4278,,-0.032242,-0.001485,,0.001040,0.000002,0.000048,,,,,
2.808549881,-1.18893683,,7.8880,1.4136,-3.3392,,0.027656,-0.013515,,0.000765,0.000183,-0.000374,,,,,
-1.042634249,-0.597081244,,1.0871,0.3565,0.6225,,-0.010267,-0.006787,,0.000105,0.000046,0.000070,,,,,
-0.004421584,-1.94618535,,0.0000,3.7876,0.0086,,-0.000044,-0.022123,,0.000000,0.000489,0.000001,,,,,
0.488676667,-0.086179048,,0.2388,0.0074,-0.0421,,0.004812,-0.000980,,0.000023,0.000001,-0.000005,,,,,
-0.586382389,-2.079570293,,0.3438,4.3246,1.2194,,-0.005774,-0.023639,,0.000033,0.000559,0.000136,,,,,
0.652408481,1.759774923,,0.4256,3.0968,1.1481,,0.006424,0.020004,,0.000041,0.000400,0.000129,,,,,
-0.574783444,0.016273975,,0.3304,0.0003,-0.0094,,-0.005660,0.000185,,0.000032,0.000000,-0.000001,,,,,
-0.212821662,1.618911028,,0.0453,2.6209,-0.3445,,-0.002096,0.018402,,0.000004,0.000339,-0.000039,,,,,
-1.056555629,-0.214662075,,1.1163,0.0461,0.2268,,-0.010404,-0.002440,,0.000108,0.000006,0.000025,,,,,
1.489394546,0.147248864,,2.2183,0.0217,0.2193,,0.014666,0.001674,,0.000215,0.000003,0.000025,,,,,
1.488610864,-2.295774937,,2.2160,5.2706,-3.4175,,0.014658,-0.026096,,0.000215,0.000681,-0.000383,,,,,
-0.432854176,0.634801865,,0.1874,0.4030,-0.2748,,-0.004262,0.007216,,0.000018,0.000052,-0.000031,,,,,
-3.168438673,-1.852484345,,10.0390,3.4317,5.8695,,-0.031199,-0.021057,,0.000973,0.000443,0.000657,,,,,
0.021548159,0.012680173,,0.0005,0.0002,0.0003,,0.000212,0.000144,,0.000000,0.000000,0.000000,,,,,
0.836526752,-1.30163765,,0.6998,1.6943,-1.0889,,0.008237,-0.014796,,0.000068,0.000219,-0.000122,,,,,
0.863049388,1.779952526,,0.7449,3.1682,1.5362,,0.008498,0.020233,,0.000072,0.000409,0.000172,,,,,
-0.11824014,1.674834728,,0.0140,2.8051,-0.1980,,-0.001164,0.019038,,0.000001,0.000362,-0.000022,,,,,
1.68972683,-0.752564073,,2.8552,0.5664,-1.2716,,0.016639,-0.008555,,0.000277,0.000073,-0.000142,,,,,
1.253384471,2.07015419,,1.5710,4.2855,2.5947,,0.012342,0.023532,,0.000152,0.000554,0.000290,,,,,
0.281289637,1.046328545,,0.0791,1.0948,0.2943,,0.002770,0.011894,,0.000008,0.000141,0.000033,,,,,
0.924254298,0.886597037,,0.8542,0.7861,0.8194,,0.009101,0.010078,,0.000083,0.000102,0.000092,,,,,
-1.20201683,-0.962862611,,1.4448,0.9271,1.1574,,-0.011836,-0.010945,,0.000140,0.000120,0.000130,,,,,
0.965977311,-0.433631122,,0.9331,0.1880,-0.4189,,0.009512,-0.004929,,0.000090,0.000024,-0.000047,,,,,
1.432111979,1.025955677,,2.0509,1.0526,1.4693,,0.014102,0.011662,,0.000199,0.000136,0.000164,,,,,
-1.828433156,-1.22551167,,3.3432,1.5019,2.2408,,-0.018004,-0.013931,,0.000324,0.000194,0.000251,,,,,
1.248335958,-1.881394744,,1.5583,3.5396,-2.3486,,0.012292,-0.021386,,0.000151,0.000457,-0.000263,,,,,
1.030013323,-0.501947939,,1.0609,0.2520,-0.5170,,0.010142,-0.005706,,0.000103,0.000033,-0.000058,,,,,
1.706748605,1.115921021,,2.9130,1.2453,1.9046,,0.016806,0.012685,,0.000282,0.000161,0.000213,,,,,
1.867145061,1.637921095,,3.4862,2.6828,3.0582,,0.018386,0.018618,,0.000338,0.000347,0.000342,,,,,
0.789590597,0.221102655,,0.6235,0.0489,0.1746,,0.007775,0.002513,,0.000060,0.000006,0.000020,,,,,
0.261216074,0.492470175,,0.0682,0.2425,0.1286,,0.002572,0.005598,,0.000007,0.000031,0.000014,,,,,
-0.581717074,0.866216779,,0.3384,0.7503,-0.5039,,-0.005728,0.009846,,0.000033,0.000097,-0.000056,,,,,
0.597041965,1.19862473,,0.3565,1.4367,0.7156,,0.005879,0.013625,,0.000035,0.000186,0.000080,,,,,
1.101498246,0.389827907,,1.2133,0.1520,0.4294,,0.010846,0.004431,,0.000118,0.000020,0.000048,,,,,
-1.017415524,0.759934306,,1.0351,0.5775,-0.7732,,-0.010018,0.008638,,0.000100,0.000075,-0.000087,,,,,
0.914295435,0.974351287,,0.8359,0.9494,0.8908,,0.009003,0.011076,,0.000081,0.000123,0.000100,,,,,
-1.210768104,1.296499968,,1.4660,1.6809,-1.5698,,-0.011922,0.014738,,0.000142,0.000217,-0.000176,,,,,
-1.029260397,-0.25252533,,1.0594,0.0638,0.2599,,-0.010135,-0.002870,,0.000103,0.000008,0.000029,,,,,
0.890689254,-0.649625659,,0.7933,0.4220,-0.5786,,0.008771,-0.007384,,0.000077,0.000055,-0.000065,,,,,
1.298894763,1.522173643,,1.6871,2.3170,1.9771,,0.012790,0.017303,,0.000164,0.000299,0.000221,,,,,
-1.362657547,1.461586714,,1.8568,2.1362,-1.9916,,-0.013418,0.016614,,0.000180,0.000276,-0.000223,,,,,
0.584663153,2.585846663,,0.3418,6.6866,1.5118,,0.005757,0.029394,,0.000033,0.000864,0.000169,,,,,
0.220415249,-0.718583345,,0.0486,0.5164,-0.1584,,0.002170,-0.008168,,0.000005,0.000067,-0.000018,,,,,
1.170983434,-0.07039158,,1.3712,0.0050,-0.0824,,0.011531,-0.000800,,0.000133,0.000001,-0.000009,,,,,
-1.921476007,-1.314648032,,3.6921,1.7283,2.5261,,-0.018921,-0.014944,,0.000358,0.000223,0.000283,,,,,
-1.732229114,0.194897234,,3.0006,0.0380,-0.3376,,-0.017057,0.002215,,0.000291,0.000005,-0.000038,,,,,
1.778141499,2.106956244,,3.1618,4.4393,3.7465,,0.017509,0.023950,,0.000307,0.000574,0.000419,,,,,
1.168827772,0.359420121,,1.3662,0.1292,0.4201,,0.011509,0.004086,,0.000132,0.000017,0.000047,,,,,
-1.355312467,-0.800779402,,1.8369,0.6412,1.0853,,-0.013346,-0.009103,,0.000178,0.000083,0.000121,,,,,
3.256509304,-0.007901847,,10.6049,0.0001,-0.0257,,0.032067,-0.000090,,0.001028,0.000000,-0.000003,,,,,
-1.891165495,-2.005178928,,3.5765,4.0207,3.7921,,-0.018622,-0.022793,,0.000347,0.000520,0.000424,,,,,
0.382784188,0.432258546,,0.1465,0.1868,0.1655,,0.003769,0.004914,,0.000014,0.000024,0.000019,,,,,
-3.273716211,-0.431874216,,10.7172,0.1865,1.4138,,-0.032236,-0.004909,,0.001039,0.000024,0.000158,,,,,
-1.114673495,-1.409642816,,1.2425,1.9871,1.5713,,-0.010976,-0.016024,,0.000120,0.000257,0.000176,,,,,
-1.99659276,-0.292868346,,3.9864,0.0858,0.5847,,-0.019660,-0.003329,,0.000387,0.000011,0.000065,,,,,
-0.116850093,-0.792703748,,0.0137,0.6284,0.0926,,-0.001151,-0.009011,,0.000001,0.000081,0.000010,,,,,
-1.31068778,-1.725942016,,1.7179,2.9789,2.2622,,-0.012906,-0.019619,,0.000167,0.000385,0.000253,,,,,
1.265779614,-1.479135871,,1.6022,2.1878,-1.8723,,0.012464,-0.016814,,0.000155,0.000283,-0.000210,,,,,
-1.029640198,1.108977914,,1.0602,1.2298,-1.1418,,-0.010139,0.012606,,0.000103,0.000159,-0.000128,,,,,
1.786621571,-0.337857068,,3.1920,0.1141,-0.6036,,0.017593,-0.003840,,0.000310,0.000015,-0.000068,,,,,
2.724898815,1.600441456,,7.4251,2.5614,4.3610,,0.026832,0.018192,,0.000720,0.000331,0.000488,,,,,
1.874229431,1.077003956,,3.5127,1.1599,2.0186,,0.018455,0.012242,,0.000341,0.000150,0.000226,,,,,
-3.315974712,1.246579289,,10.9957,1.5540,-4.1336,,-0.032652,0.014170,,0.001066,0.000201,-0.000463,,,,,
-1.420747757,-0.98641026,,2.0185,0.9730,1.4014,,-0.013990,-0.011213,,0.000196,0.000126,0.000157,,,,,
0.542149544,0.428485006,,0.2939,0.1836,0.2323,,0.005338,0.004871,,0.000028,0.000024,0.000026,,,,,
-0.303405523,0.522566617,,0.0921,0.2731,-0.1585,,-0.002988,0.005940,,0.000009,0.000035,-0.000018,,,,,
1.097568154,1.319090366,,1.2047,1.7400,1.4478,,0.010808,0.014994,,0.000117,0.000225,0.000162,,,,,
0.214374855,0.496575683,,0.0460,0.2466,0.1065,,0.002111,0.005645,,0.000004,0.000032,0.000012,,,,,
-0.947698712,0.529565811,,0.8981,0.2804,-0.5019,,-0.009332,0.006020,,0.000087,0.000036,-0.000056,,,,,
0.326376647,0.921132207,,0.1065,0.8485,0.3006,,0.003214,0.010471,,0.000010,0.000110,0.000034,,,,,
0.781956553,1.026295662,,0.6115,1.0533,0.8025,,0.007700,0.011666,,0.000059,0.000136,0.000090,,,,,
0.852732062,0.922077358,,0.7272,0.8502,0.7863,,0.008397,0.010481,,0.000071,0.000110,0.000088,,,,,
-0.008976251,-1.487082362,,0.0001,2.2114,0.0133,,-0.000088,-0.016904,,0.000000,0.000286,0.000001,,,,,
0.106887415,-0.952321827,,0.0114,0.9069,-0.1018,,0.001053,-0.010825,,0.000001,0.000117,-0.000011,,,,,
-0.163264602,-1.242831707,,0.0267,1.5446,0.2029,,-0.001608,-0.014127,,0.000003,0.000200,0.000023,,,,,
-0.296965599,0.350805312,,0.0882,0.1231,-0.1042,,-0.002924,0.003988,,0.000009,0.000016,-0.000012,,,,,
-0.760099649,0.29397282,,0.5778,0.0864,-0.2234,,-0.007485,0.003342,,0.000056,0.000011,-0.000025,,,,,
0.955159545,2.710078239,,0.9123,7.3445,2.5886,,0.009405,0.030806,,0.000088,0.000949,0.000290,,,,,
0.491513312,-0.620690584,,0.2416,0.3853,-0.3051,,0.004840,-0.007055,,0.000023,0.000050,-0.000034,,,,,
4.665532112,4.49151659,,21.7672,20.1737,20.9553,,0.045941,0.051056,,0.002111,0.002607,0.002346,,,,,
1.281488657,-1.242164493,,1.6422,1.5430,-1.5918,,0.012619,-0.014120,,0.000159,0.000199,-0.000178,,,,,
1.267505884,1.130223632,,1.6066,1.2774,1.4326,,0.012481,0.012847,,0.000156,0.000165,0.000160,,,,,
-2.188402176,-2.415539265,,4.7891,5.8348,5.2862,,-0.021549,-0.027458,,0.000464,0.000754,0.000592,,,,,
-0.852209985,1.049104214,,0.7263,1.1006,-0.8941,,-0.008392,0.011925,,0.000070,0.000142,-0.000100,,,,,
0.448470712,0.355651438,,0.2011,0.1265,0.1595,,0.004416,0.004043,,0.000020,0.000016,0.000018,,,,,
1.047664523,1.378196001,,1.0976,1.8994,1.4439,,0.010316,0.015666,,0.000106,0.000245,0.000162,,,,,
1.781113148,1.332033277,,3.1724,1.7743,2.3725,,0.017538,0.015141,,0.000308,0.000229,0.000266,,,,,
-0.448602885,1.089681625,,0.2012,1.1874,-0.4888,,-0.004417,0.012387,,0.000020,0.000153,-0.000055,,,,,
-1.061383724,0.782082915,,1.1265,0.6117,-0.8301,,-0.010451,0.008890,,0.000109,0.000079,-0.000093,,,,,
-1.170804262,-2.409227848,,1.3708,5.8044,2.8207,,-0.011529,-0.027386,,0.000133,0.000750,0.000316,,,,,
-3.27172184,0.227753192,,10.7042,0.0519,-0.7451,,-0.032216,0.002589,,0.001038,0.000007,-0.000083,,,,,
1.950077057,1.298640609,,3.8028,1.6865,2.5324,,0.019202,0.014762,,0.000369,0.000218,0.000283,,,,,
0.252078354,-0.387459397,,0.0635,0.1501,-0.0977,,0.002482,-0.004404,,0.000006,0.000019,-0.000011,,,,,
0.911447048,-0.121797107,,0.8307,0.0148,-0.1110,,0.008975,-0.001384,,0.000081,0.000002,-0.000012,,,,,
-2.192425251,-1.388309836,,4.8067,1.9274,3.0438,,-0.021589,-0.015781,,0.000466,0.000249,0.000341,,,,,
3.31552124,1.905060887,,10.9927,3.6293,6.3163,,0.032648,0.021655,,0.001066,0.000469,0.000707,,,,,
-2.977018356,-1.51943326,,8.8626,2.3087,4.5234,,-0.029314,-0.017272,,0.000859,0.000298,0.000506,,,,,
0.190029234,-1.183854461,,0.0361,1.4015,-0.2250,,0.001871,-0.013457,,0.000004,0.000181,-0.000025,,,,,
2.203450203,0.445719242,,4.8552,0.1987,0.9821,,0.021697,0.005067,,0.000471,0.000026,0.000110,,,,,
-0.832422376,-2.328583479,,0.6929,5.4223,1.9384,,-0.008197,-0.026469,,0.000067,0.000701,0.000217,,,,,
-0.229141429,1.133163929,,0.0525,1.2841,-0.2597,,-0.002256,0.012881,,0.000005,0.000166,-0.000029,,,,,
0.30958733,-0.459140301,,0.0958,0.2108,-0.1421,,0.003048,-0.005219,,0.000009,0.000027,-0.000016,,,,,
-0.205179602,0.418146044,,0.0421,0.1748,-0.0858,,-0.002020,0.004753,,0.000004,0.000023,-0.000010,,,,,
-0.164852634,1.816565514,,0.0272,3.2999,-0.2995,,-0.001623,0.020649,,0.000003,0.000426,-0.000034,,,,,
2.313844681,-0.75971055,,5.3539,0.5772,-1.7579,,0.022784,-0.008636,,0.000519,0.000075,-0.000197,,,,,
-1.440722466,0.995028138,,2.0757,0.9901,-1.4336,,-0.014187,0.011311,,0.000201,0.000128,-0.000160,,,,,
-1.880353093,-0.160863712,,3.5357,0.0259,0.3025,,-0.018516,-0.001829,,0.000343,0.000003,0.000034,,,,,
-0.337552816,1.374394894,,0.1139,1.8890,-0.4639,,-0.003324,0.015623,,0.000011,0.000244,-0.000052,,,,,
-1.3107934,-0.419601977,,1.7182,0.1761,0.5500,,-0.012907,-0.004770,,0.000167,0.000023,0.000062,,,,,
0.194989294,0.205594301,,0.0380,0.0423,0.0401,,0.001920,0.002337,,0.000004,0.000005,0.000004,,,,,
-1.798281789,-1.045401216,,3.2338,1.0929,1.8799,,-0.017707,-0.011883,,0.000314,0.000141,0.000210,,,,,
0.31583184,1.208582163,,0.0997,1.4607,0.3817,,0.003110,0.013738,,0.000010,0.000189,0.000043,,,,,
-2.274376392,-0.16784513,,5.1728,0.0282,0.3817,,-0.022396,-0.001908,,0.000502,0.000004,0.000043,,,,,
1.638245344,0.470074236,,2.6838,0.2210,0.7701,,0.016132,0.005343,,0.000260,0.000029,0.000086,,,,,
-1.787976623,-1.869200468,,3.1969,3.4939,3.3421,,-0.017606,-0.021247,,0.000310,0.000451,0.000374,,,,,
1.770822763,-0.628310621,,3.1358,0.3948,-1.1126,,0.017437,-0.007142,,0.000304,0.000051,-0.000125,,,,,
-0.258842349,0.552163601,,0.0670,0.3049,-0.1429,,-0.002549,0.006277,,0.000006,0.000039,-0.000016,,,,,
-0.781044245,0.894535482,,0.6100,0.8002,-0.6987,,-0.007691,0.010168,,0.000059,0.000103,-0.000078,,,,,
-1.087379217,-0.403815359,,1.1824,0.1631,0.4391,,-0.010707,-0.004590,,0.000115,0.000021,0.000049,,,,,
-1.465869784,-1.143788457,,2.1488,1.3083,1.6766,,-0.014434,-0.013002,,0.000208,0.000169,0.000188,,,,,
-1.026265383,0.002574354,,1.0532,0.0000,-0.0026,,-0.010106,0.000029,,0.000102,0.000000,0.000000,,,,,
-1.112848282,1.522025228,,1.2384,2.3166,-1.6938,,-0.010958,0.017301,,0.000120,0.000299,-0.000190,,,,,
0.649033129,-1.257456779,,0.4212,1.5812,-0.8161,,0.006391,-0.014294,,0.000041,0.000204,-0.000091,,,,,
-1.42333281,-1.852345943,,2.0259,3.4312,2.6365,,-0.014015,-0.021056,,0.000196,0.000443,0.000295,,,,,
2.318420649,-0.744876087,,5.3751,0.5548,-1.7269,,0.022829,-0.008467,,0.000521,0.000072,-0.000193,,,,,
0.196989775,0.773318768,,0.0388,0.5980,0.1523,,0.001940,0.008790,,0.000004,0.000077,0.000017,,,,,
-1.073589921,0.033798382,,1.1526,0.0011,-0.0363,,-0.010572,0.000384,,0.000112,0.000000,-0.000004,,,,,
0.515667498,0.711584091,,0.2659,0.5064,0.3669,,0.005078,0.008089,,0.000026,0.000065,0.000041,,,,,
0.157843947,0.829607844,,0.0249,0.6882,0.1309,,0.001554,0.009430,,0.000002,0.000089,0.000015,,,,,
0.983303607,-0.305898994,,0.9669,0.0936,-0.3008,,0.009682,-0.003477,,0.000094,0.000012,-0.000034,,,,,
1.607492328,0.869317293,,2.5840,0.7557,1.3974,,0.015829,0.009882,,0.000251,0.000098,0.000156,,,,,
-0.123904087,1.349599004,,0.0154,1.8214,-0.1672,,-0.001220,0.015341,,0.000001,0.000235,-0.000019,,,,,
-1.329139233,0.425056368,,1.7666,0.1807,-0.5650,,-0.013088,0.004832,,0.000171,0.000023,-0.000063,,,,,
2.232751846,0.559339345,,4.9852,0.3129,1.2489,,0.021986,0.006358,,0.000483,0.000040,0.000140,,,,,
-2.751749516,0.637933373,,7.5721,0.4070,-1.7554,,-0.027096,0.007251,,0.000734,0.000053,-0.000196,,,,,
1.176207542,1.19589138,,1.3835,1.4302,1.4066,,0.011582,0.013594,,0.000134,0.000185,0.000157,,,,,
0.385063291,2.545619249,,0.1483,6.4802,0.9802,,0.003792,0.028936,,0.000014,0.000837,0.000110,,,,,
-0.61486131,3.719981194,,0.3781,13.8383,-2.2873,,-0.006054,0.042286,,0.000037,0.001788,-0.000256,,,,,
-2.354955196,-0.559800744,,5.5458,0.3134,1.3183,,-0.023189,-0.006363,,0.000538,0.000040,0.000148,,,,,
0.062027968,0.240052491,,0.0038,0.0576,0.0149,,0.000611,0.002729,,0.000000,0.000007,0.000002,,,,,
0.240488261,-1.913285732,,0.0578,3.6607,-0.4601,,0.002368,-0.021749,,0.000006,0.000473,-0.000052,,,,,
1.614023685,1.833049893,,2.6051,3.3601,2.9586,,0.015893,0.020837,,0.000253,0.000434,0.000331,,,,,
-0.475561798,2.277658939,,0.2262,5.1877,-1.0832,,-0.004683,0.025890,,0.000022,0.000670,-0.000121,,,,,
0.406512111,0.969854593,,0.1653,0.9406,0.3943,,0.004003,0.011024,,0.000016,0.000122,0.000044,,,,,
-0.803622663,0.026690304,,0.6458,0.0007,-0.0214,,-0.007913,0.000303,,0.000063,0.000000,-0.000002,,,,,
0.099094942,0.1150738,,0.0098,0.0132,0.0114,,0.000976,0.001308,,0.000001,0.000002,0.000001,,,,,
0.450560212,1.994962811,,0.2030,3.9799,0.8989,,0.004437,0.022677,,0.000020,0.000514,0.000101,,,,,
0.844649732,0.160164177,,0.7134,0.0257,0.1353,,0.008317,0.001821,,0.000069,0.000003,0.000015,,,,,
-2.621085405,1.53728056,,6.8701,2.3632,-4.0293,,-0.025810,0.017474,,0.000666,0.000305,-0.000451,,,,,
-0.52589947,-0.788543642,,0.2766,0.6218,0.4147,,-0.005178,-0.008963,,0.000027,0.000080,0.000046,,,,,
-1.605027795,-1.383650184,,2.5761,1.9145,2.2208,,-0.015805,-0.015728,,0.000250,0.000247,0.000249,,,,,
1.779008389,0.464536697,,3.1649,0.2158,0.8264,,0.017518,0.005280,,0.000307,0.000028,0.000093,,,,,
-0.936313987,-0.438428462,,0.8767,0.1922,0.4105,,-0.009220,-0.004984,,0.000085,0.000025,0.000046,,,,,
0.012405131,-2.519514084,,0.0002,6.3480,-0.0313,,0.000122,-0.028640,,0.000000,0.000820,-0.000003,,,,,
1.449233174,0.678266287,,2.1003,0.4600,0.9830,,0.014270,0.007710,,0.000204,0.000059,0.000110,,,,,
-0.996961951,1.837824941,,0.9939,3.3776,-1.8322,,-0.009817,0.020891,,0.000096,0.000436,-0.000205,,,,,
0.232961714,-0.862638116,,0.0543,0.7441,-0.2010,,0.002294,-0.009806,,0.000005,0.000096,-0.000022,,,,,
-0.151367828,1.112354279,,0.0229,1.2373,-0.1684,,-0.001491,0.012644,,0.000002,0.000160,-0.000019,,,,,
-0.748244047,-0.227991417,,0.5599,0.0520,0.1706,,-0.007368,-0.002592,,0.000054,0.000007,0.000019,,,,,
0.971954048,0.227283373,,0.9447,0.0517,0.2209,,0.009571,0.002584,,0.000092,0.000007,0.000025,,,,,
0.132166207,0.322610766,,0.0175,0.1041,0.0426,,0.001301,0.003667,,0.000002,0.000013,0.000005,,,,,
1.613239408,0.833534777,,2.6025,0.6948,1.3447,,0.015885,0.009475,,0.000252,0.000090,0.000151,,,,,
0.194928706,-0.304694593,,0.0380,0.0928,-0.0594,,0.001919,-0.003464,,0.000004,0.000012,-0.000007,,,,,
1.555924892,0.080556959,,2.4209,0.0065,0.1253,,0.015321,0.000916,,0.000235,0.000001,0.000014,,,,,
-0.944918633,-0.589819193,,0.8929,0.3479,0.5573,,-0.009305,-0.006705,,0.000087,0.000045,0.000062,,,,,
-2.411378145,0.336602479,,5.8147,0.1133,-0.8117,,-0.023745,0.003826,,0.000564,0.000015,-0.000091,,,,,
1.113316178,0.17810832,,1.2395,0.0317,0.1983,,0.010963,0.002025,,0.000120,0.000004,0.000022,,,,,
0.500882924,-0.939691722,,0.2509,0.8830,-0.4707,,0.004932,-0.010682,,0.000024,0.000114,-0.000053,,,,,
1.183648944,0.991827726,,1.4010,0.9837,1.1740,,0.011655,0.011274,,0.000136,0.000127,0.000131,,,,,
-2.20326972,0.465586036,,4.8544,0.2168,-1.0258,,-0.021695,0.005292,,0.000471,0.000028,-0.000115,,,,,
-1.004781485,0.07936269,,1.0096,0.0063,-0.0797,,-0.009894,0.000902,,0.000098,0.000001,-0.000009,,,,,
-1.271127939,-0.224148199,,1.6158,0.0502,0.2849,,-0.012517,-0.002548,,0.000157,0.000006,0.000032,,,,,
1.917425513,0.798272192,,3.6765,0.6372,1.5306,,0.018881,0.009074,,0.000356,0.000082,0.000171,,,,,
0.350543916,-0.14253445,,0.1229,0.0203,-0.0500,,0.003452,-0.001620,,0.000012,0.000003,-0.000006,,,,,
-0.880100369,0.39894563,,0.7746,0.1592,-0.3511,,-0.008666,0.004535,,0.000075,0.000021,-0.000039,,,,,
1.707795858,1.589998484,,2.9166,2.5281,2.7154,,0.016816,0.018074,,0.000283,0.000327,0.000304,,,,,
-0.401370645,0.895202637,,0.1611,0.8014,-0.3593,,-0.003952,0.010176,,0.000016,0.000104,-0.000040,,,,,
-1.572478175,-0.619172156,,2.4727,0.3834,0.9736,,-0.015484,-0.007038,,0.000240,0.000050,0.000109,,,,,
-0.935491204,1.188113213,,0.8751,1.4116,-1.1115,,-0.009212,0.013505,,0.000085,0.000182,-0.000124,,,,,
1.844633341,-0.840520084,,3.4027,0.7065,-1.5505,,0.018164,-0.009554,,0.000330,0.000091,-0.000174,,,,,
0.060460031,-0.767207265,,0.0037,0.5886,-0.0464,,0.000595,-0.008721,,0.000000,0.000076,-0.000005,,,,,
2.149744511,-0.023756251,,4.6214,0.0006,-0.0511,,0.021168,-0.000270,,0.000448,0.000000,-0.000006,,,,,
0.104234621,0.825675607,,0.0109,0.6817,0.0861,,0.001026,0.009386,,0.000001,0.000088,0.000010,,,,,
1.197334051,1.388533831,,1.4336,1.9280,1.6625,,0.011790,0.015784,,0.000139,0.000249,0.000186,,,,,
0.138799921,1.019898534,,0.0193,1.0402,0.1416,,0.001367,0.011593,,0.000002,0.000134,0.000016,,,,,
-1.368479967,-2.369508028,,1.8727,5.6146,3.2426,,-0.013475,-0.026935,,0.000182,0.000725,0.000363,,,,,
-1.452935457,0.380660713,,2.1110,0.1449,-0.5531,,-0.014307,0.004327,,0.000205,0.000019,-0.000062,,,,,
2.885565996,-1.735999107,,8.3265,3.0137,-5.0093,,0.028414,-0.019733,,0.000807,0.000389,-0.000561,,,,,
0.254402697,-0.499409586,,0.0647,0.2494,-0.1271,,0.002505,-0.005677,,0.000006,0.000032,-0.000014,,,,,
2.549042702,2.040096998,,6.4976,4.1620,5.2003,,0.025100,0.023190,,0.000630,0.000538,0.000582,,,,,
-2.403192997,0.263185024,,5.7753,0.0693,-0.6325,,-0.023664,0.002992,,0.000560,0.000009,-0.000071,,,,,
-1.416332722,-1.116677761,,2.0060,1.2470,1.5816,,-0.013946,-0.012693,,0.000195,0.000161,0.000177,,,,,
0.347119153,-1.191083312,,0.1205,1.4187,-0.4134,,0.003418,-0.013539,,0.000012,0.000183,-0.000046,,,,,
0.243856356,0.914094329,,0.0595,0.8356,0.2229,,0.002401,0.010391,,0.000006,0.000108,0.000025,,,,,
2.770659447,-0.038218334,,7.6766,0.0015,-0.1059,,0.027282,-0.000434,,0.000744,0.000000,-0.000012,,,,,
0.301687092,-0.406291008,,0.0910,0.1651,-0.1226,,0.002971,-0.004618,,0.000009,0.000021,-0.000014,,,,,
0.787231326,-0.118810818,,0.6197,0.0141,-0.0935,,0.007752,-0.001351,,0.000060,0.000002,-0.000010,,,,,
0.248268306,-0.123773381,,0.0616,0.0153,-0.0307,,0.002445,-0.001407,,0.000006,0.000002,-0.000003,,,,,
0.276105165,-0.790292263,,0.0762,0.6246,-0.2182,,0.002719,-0.008983,,0.000007,0.000081,-0.000024,,,,,
-0.751518726,0.491186023,,0.5648,0.2413,-0.3691,,-0.007400,0.005583,,0.000055,0.000031,-0.000041,,,,,
-0.633862853,1.13033545,,0.4018,1.2777,-0.7165,,-0.006242,0.012849,,0.000039,0.000165,-0.000080,,,,,
0.936872303,0.277993083,,0.8777,0.0773,0.2604,,0.009225,0.003160,,0.000085,0.000010,0.000029,,,,,
2.053988934,0.882493973,,4.2189,0.7788,1.8126,,0.020225,0.010031,,0.000409,0.000101,0.000203,,,,,
1.530413151,-0.347198099,,2.3422,0.1205,-0.5314,,0.015070,-0.003947,,0.000227,0.000016,-0.000059,,,,,
-2.612503767,-2.793610573,,6.8252,7.8043,7.2983,,-0.025725,-0.031755,,0.000662,0.001008,0.000817,,,,,
-1.543116689,-0.865976572,,2.3812,0.7499,1.3363,,-0.015195,-0.009844,,0.000231,0.000097,0.000150,,,,,
-0.279061556,0.6553545,,0.0779,0.4295,-0.1829,,-0.002748,0.007450,,0.000008,0.000055,-0.000020,,,,,
1.652841926,0.658273757,,2.7319,0.4333,1.0880,,0.016275,0.007483,,0.000265,0.000056,0.000122,,,,,
-2.49108839,0.915220082,,6.2055,0.8376,-2.2799,,-0.024529,0.010403,,0.000602,0.000108,-0.000255,,,,,
-2.440702915,-0.048067778,,5.9570,0.0023,0.1173,,-0.024033,-0.000546,,0.000578,0.000000,0.000013,,,,,
0.988696396,-0.521025062,,0.9775,0.2715,-0.5151,,0.009736,-0.005923,,0.000095,0.000035,-0.000058,,,,,
1.892225146,-0.441619217,,3.5805,0.1950,-0.8356,,0.018633,-0.005020,,0.000347,0.000025,-0.000094,,,,,
1.790385723,-0.407300085,,3.2055,0.1659,-0.7292,,0.017630,-0.004630,,0.000311,0.000021,-0.000082,,,,,
1.385920286,0.5918262,,1.9208,0.3503,0.8202,,0.013647,0.006727,,0.000186,0.000045,0.000092,,,,,
-0.112860665,1.111893296,,0.0127,1.2363,-0.1255,,-0.001111,0.012639,,0.000001,0.000160,-0.000014,,,,,
-1.379941106,-1.493881226,,1.9042,2.2317,2.0615,,-0.013588,-0.016981,,0.000185,0.000288,0.000231,,,,,
-0.708939672,-1.75229764,,0.5026,3.0705,1.2423,,-0.006981,-0.019919,,0.000049,0.000397,0.000139,,,,,
0.738175333,-0.637192667,,0.5449,0.4060,-0.4704,,0.007269,-0.007243,,0.000053,0.000052,-0.000053,,,,,
0.041199975,-0.425757259,,0.0017,0.1813,-0.0175,,0.000406,-0.004840,,0.000000,0.000023,-0.000002,,,,,
-1.747209549,0.777660728,,3.0527,0.6048,-1.3587,,-0.017205,0.008840,,0.000296,0.000078,-0.000152,,,,,
0.567412972,1.937696457,,0.3220,3.7547,1.0995,,0.005587,0.022026,,0.000031,0.000485,0.000123,,,,,
-0.693467677,-2.121080637,,0.4809,4.4990,1.4709,,-0.006829,-0.024111,,0.000047,0.000581,0.000165,,,,,
2.183487892,-0.317082465,,4.7676,0.1005,-0.6923,,0.021501,-0.003604,,0.000462,0.000013,-0.000077,,,,,
-3.186708689,-2.160895824,,10.1551,4.6695,6.8861,,-0.031379,-0.024563,,0.000985,0.000603,0.000771,,,,,
1.211957932,-0.702036023,,1.4688,0.4929,-0.8508,,0.011934,-0.007980,,0.000142,0.000064,-0.000095,,,,,
-0.625998855,-0.282866776,,0.3919,0.0800,0.1771,,-0.006164,-0.003215,,0.000038,0.000010,0.000020,,,,,
1.393397808,0.193761572,,1.9416,0.0375,0.2700,,0.013721,0.002203,,0.000188,0.000005,0.000030,,,,,
0.148373768,-1.404218316,,0.0220,1.9718,-0.2083,,0.001461,-0.015962,,0.000002,0.000255,-0.000023,,,,,
1.007779956,-1.195709944,,1.0156,1.4297,-1.2050,,0.009924,-0.013592,,0.000098,0.000185,-0.000135,,,,,
0.990700066,0.036503077,,0.9815,0.0013,0.0362,,0.009755,0.000415,,0.000095,0.000000,0.000004,,,,,
0.380435824,-1.009726763,,0.1447,1.0195,-0.3841,,0.003746,-0.011478,,0.000014,0.000132,-0.000043,,,,,
1.038840294,1.177087426,,1.0792,1.3855,1.2228,,0.010229,0.013380,,0.000105,0.000179,0.000137,,,,,
-1.42585206,0.483661503,,2.0331,0.2339,-0.6896,,-0.014040,0.005498,,0.000197,0.000030,-0.000077,,,,,
0.761056066,-1.30468154,,0.5792,1.7022,-0.9929,,0.007494,-0.014831,,0.000056,0.000220,-0.000111,,,,,
-2.294761181,-1.614750385,,5.2659,2.6074,3.7055,,-0.022596,-0.018355,,0.000511,0.000337,0.000415,,,,,
1.029609919,1.614202499,,1.0601,2.6056,1.6620,,0.010138,0.018349,,0.000103,0.000337,0.000186,,,,,
-0.336271971,1.83507669,,0.1131,3.3675,-0.6171,,-0.003311,0.020860,,0.000011,0.000435,-0.000069,,,,,
3.530869961,-1.337494493,,12.4670,1.7889,-4.7225,,0.034768,-0.015203,,0.001209,0.000231,-0.000529,,,,,
-1.557982922,0.196229309,,2.4273,0.0385,-0.3057,,-0.015341,0.002231,,0.000235,0.000005,-0.000034,,,,,
2.893697739,-1.866451859,,8.3735,3.4836,-5.4009,,0.028494,-0.021216,,0.000812,0.000450,-0.000605,,,,,
1.053442121,0.075045884,,1.1097,0.0056,0.0791,,0.010373,0.000853,,0.000108,0.000001,0.000009,,,,,
-0.045945942,-0.683264613,,0.0021,0.4669,0.0314,,-0.000452,-0.007767,,0.000000,0.000060,0.000004,,,,,
-0.875266433,-2.097439766,,0.7661,4.3993,1.8358,,-0.008619,-0.023842,,0.000074,0.000568,0.000205,,,,,
0.249035507,-0.161150292,,0.0620,0.0260,-0.0401,,0.002452,-0.001832,,0.000006,0.000003,-0.000004,,,,,
-1.458781004,-1.129484415,,2.1280,1.2757,1.6477,,-0.014364,-0.012839,,0.000206,0.000165,0.000184,,,,,
2.16895628,-1.064501643,,4.7044,1.1332,-2.3089,,0.021357,-0.012100,,0.000456,0.000146,-0.000258,,,,,
0.64076972,-0.422610551,,0.4106,0.1786,-0.2708,,0.006310,-0.004804,,0.000040,0.000023,-0.000030,,,,,
-0.425150901,-0.903334796,,0.1808,0.8160,0.3841,,-0.004186,-0.010268,,0.000018,0.000105,0.000043,,,,,
-2.601144314,-0.659070075,,6.7660,0.4344,1.7143,,-0.025613,-0.007492,,0.000656,0.000056,0.000192,,,,,
-3.551296234,-1.608397722,,12.6117,2.5869,5.7119,,-0.034969,-0.018283,,0.001223,0.000334,0.000639,,,,,
0.652731478,1.355905294,,0.4261,1.8385,0.8850,,0.006427,0.015413,,0.000041,0.000238,0.000099,,,,,
1.101735473,1.33335042,,1.2138,1.7778,1.4690,,0.010849,0.015156,,0.000118,0.000230,0.000164,,,,,
-1.633431673,-1.441149592,,2.6681,2.0769,2.3540,,-0.016084,-0.016382,,0.000259,0.000268,0.000263,,,,,
0.27192536,1.949387789,,0.0739,3.8001,0.5301,,0.002678,0.022159,,0.000007,0.000491,0.000059,,,,,
-2.010521889,-1.619354367,,4.0422,2.6223,3.2557,,-0.019797,-0.018407,,0.000392,0.000339,0.000364,,,,,
1.079459906,0.219737455,,1.1652,0.0483,0.2372,,0.010629,0.002498,,0.000113,0.000006,0.000027,,,,,
1.587277889,1.083997011,,2.5195,1.1750,1.7206,,0.015630,0.012322,,0.000244,0.000152,0.000193,,,,,
1.010842919,1.473440886,,1.0218,2.1710,1.4894,,0.009954,0.016749,,0.000099,0.000281,0.000167,,,,,
0.367500603,0.195102841,,0.1351,0.0381,0.0717,,0.003619,0.002218,,0.000013,0.000005,0.000008,,,,,
0.329938293,0.210838556,,0.1089,0.0445,0.0696,,0.003249,0.002397,,0.000011,0.000006,0.000008,,,,,
-0.239782155,-0.20529218,,0.0575,0.0421,0.0492,,-0.002361,-0.002334,,0.000006,0.000005,0.000006,,,,,
0.461399674,0.546807766,,0.2129,0.2990,0.2523,,0.004543,0.006216,,0.000021,0.000039,0.000028,,,,,
2.662334204,1.046630383,,7.0880,1.0954,2.7865,,0.026216,0.011897,,0.000687,0.000142,0.000312,,,,,
-0.20053038,-0.613892913,,0.0402,0.3769,0.1231,,-0.001975,-0.006978,,0.000004,0.000049,0.000014,,,,,
-0.573999405,1.314823985,,0.3295,1.7288,-0.7547,,-0.005652,0.014946,,0.000032,0.000223,-0.000084,,,,,
-3.076649666,-1.85452652,,9.4658,3.4393,5.7057,,-0.030295,-0.021081,,0.000918,0.000444,0.000639,,,,,
0.203906462,1.905064702,,0.0416,3.6293,0.3885,,0.002008,0.021655,,0.000004,0.000469,0.000043,,,,,
-0.961502671,-0.296341777,,0.9245,0.0878,0.2849,,-0.009468,-0.003369,,0.000090,0.000011,0.000032,,,,,
0.328297257,0.728179455,,0.1078,0.5302,0.2391,,0.003233,0.008277,,0.000010,0.000069,0.000027,,,,,
-1.575342298,-1.070693254,,2.4817,1.1464,1.6867,,-0.015512,-0.012171,,0.000241,0.000148,0.000189,,,,,
-1.906150818,-1.608141422,,3.6334,2.5861,3.0654,,-0.018770,-0.018280,,0.000352,0.000334,0.000343,,,,,
3.096872807,-0.411502063,,9.5906,0.1693,-1.2744,,0.030495,-0.004678,,0.000930,0.000022,-0.000143,,,,,
-0.029454537,1.759128571,,0.0009,3.0945,-0.0518,,-0.000290,0.019996,,0.000000,0.000400,-0.000006,,,,,
3.038963795,0.724195182,,9.2353,0.5245,2.2008,,0.029924,0.008232,,0.000895,0.000068,0.000246,,,,,
-0.048367918,0.368081421,,0.0023,0.1355,-0.0178,,-0.000476,0.004184,,0.000000,0.000018,-0.000002,,,,,
-0.048377678,-2.197711468,,0.0023,4.8299,0.1063,,-0.000476,-0.024982,,0.000000,0.000624,0.000012,,,,,
1.3424896,0.46056056,,1.8023,0.2121,0.6183,,0.013219,0.005235,,0.000175,0.000027,0.000069,,,,,
-3.267152309,-1.239094496,,10.6743,1.5354,4.0483,,-0.032171,-0.014085,,0.001035,0.000198,0.000453,,,,,
1.687253952,0.476432145,,2.8468,0.2270,0.8039,,0.016614,0.005416,,0.000276,0.000029,0.000090,,,,,
-0.602245092,0.291578799,,0.3627,0.0850,-0.1756,,-0.005930,0.003314,,0.000035,0.000011,-0.000020,,,,,
-0.315542132,-0.190348282,,0.0996,0.0362,0.0601,,-0.003107,-0.002164,,0.000010,0.000005,0.000007,,,,,
1.657696724,-0.148777843,,2.7480,0.0221,-0.2466,,0.016323,-0.001691,,0.000266,0.000003,-0.000028,,,,,
0.221310109,2.679244041,,0.0490,7.1783,0.5929,,0.002179,0.030455,,0.000005,0.000928,0.000066,,,,,
1.37778616,-1.646516323,,1.8983,2.7110,-2.2685,,0.013567,-0.018716,,0.000184,0.000350,-0.000254,,,,,
1.323669553,0.503871024,,1.7521,0.2539,0.6670,,0.013034,0.005728,,0.000170,0.000033,0.000075,,,,,
2.074200869,2.531531572,,4.3023,6.4087,5.2509,,0.020424,0.028776,,0.000417,0.000828,0.000588,,,,,
0.384733737,-0.365607262,,0.1480,0.1337,-0.1407,,0.003788,-0.004156,,0.000014,0.000017,-0.000016,,,,,
-0.68925035,0.002035663,,0.4751,0.0000,-0.0014,,-0.006787,0.000023,,0.000046,0.000000,0.000000,,,,,
0.289858162,-0.039345041,,0.0840,0.0015,-0.0114,,0.002854,-0.000447,,0.000008,0.000000,-0.000001,,,,,
0.419616431,0.053428471,,0.1761,0.0029,0.0224,,0.004132,0.000607,,0.000017,0.000000,0.000003,,,,,
-0.004471211,0.528511822,,0.0000,0.2793,-0.0024,,-0.000044,0.006008,,0.000000,0.000036,0.000000,,,,,
-0.46705246,0.169120297,,0.2181,0.0286,-0.0790,,-0.004599,0.001922,,0.000021,0.000004,-0.000009,,,,,
1.232968688,0.150753662,,1.5202,0.0227,0.1859,,0.012141,0.001714,,0.000147,0.000003,0.000021,,,,,
-2.182679892,-1.533515811,,4.7641,2.3517,3.3472,,-0.021493,-0.017432,,0.000462,0.000304,0.000375,,,,,
-1.360795259,1.148237944,,1.8518,1.3185,-1.5625,,-0.013400,0.013052,,0.000180,0.000170,-0.000175,,,,,
-4.067153931,-2.611223698,,16.5417,6.8185,10.6202,,-0.040049,-0.029682,,0.001604,0.000881,0.001189,,,,,
-1.434641004,-0.332630366,,2.0582,0.1106,0.4772,,-0.014127,-0.003781,,0.000200,0.000014,0.000053,,,,,
-2.189531803,0.408101737,,4.7940,0.1665,-0.8936,,-0.021560,0.004639,,0.000465,0.000022,-0.000100,,,,,
0.894814253,1.881907463,,0.8007,3.5416,1.6840,,0.008811,0.021392,,0.000078,0.000458,0.000188,,,,,
-0.829601645,0.723601937,,0.6882,0.5236,-0.6003,,-0.008169,0.008225,,0.000067,0.000068,-0.000067,,,,,
0.808272362,1.200867891,,0.6533,1.4421,0.9706,,0.007959,0.013650,,0.000063,0.000186,0.000109,,,,,
-0.835948348,2.298178196,,0.6988,5.2816,-1.9212,,-0.008231,0.026124,,0.000068,0.000682,-0.000215,,,,,
-0.515264452,-1.997002959,,0.2655,3.9880,1.0290,,-0.005074,-0.022700,,0.000026,0.000515,0.000115,,,,,
-0.153110266,0.081626661,,0.0234,0.0067,-0.0125,,-0.001508,0.000928,,0.000002,0.000001,-0.000001,,,,,
1.149705172,-2.101765633,,1.3218,4.4174,-2.4164,,0.011321,-0.023891,,0.000128,0.000571,-0.000270,,,,,
-0.515665889,0.471571267,,0.2659,0.2224,-0.2432,,-0.005078,0.005360,,0.000026,0.000029,-0.000027,,,,,
-1.336863041,-1.372059584,,1.7872,1.8825,1.8343,,-0.013164,-0.015596,,0.000173,0.000243,0.000205,,,,,
3.183067799,-1.999608994,,10.1319,3.9984,-6.3649,,0.031343,-0.022730,,0.000982,0.000517,-0.000712,,,,,
0.813787341,0.299063236,,0.6622,0.0894,0.2434,,0.008013,0.003399,,0.000064,0.000012,0.000027,,,,,
0.086624831,-1.426429987,,0.0075,2.0347,-0.1236,,0.000853,-0.016214,,0.000001,0.000263,-0.000014,,,,,
-2.346812248,-1.587799907,,5.5075,2.5211,3.7263,,-0.023109,-0.018049,,0.000534,0.000326,0.000417,,,,,
-3.288791895,2.925122261,,10.8162,8.5563,-9.6201,,-0.032384,0.033250,,0.001049,0.001106,-0.001077,,,,,
0.582635283,1.288875341,,0.3395,1.6612,0.7509,,0.005737,0.014651,,0.000033,0.000215,0.000084,,,,,
-0.705603719,-1.032635689,,0.4979,1.0663,0.7286,,-0.006948,-0.011738,,0.000048,0.000138,0.000082,,,,,
-0.506007314,0.406907022,,0.2560,0.1656,-0.2059,,-0.004983,0.004625,,0.000025,0.000021,-0.000023,,,,,
-0.460329086,0.773819327,,0.2119,0.5988,-0.3562,,-0.004533,0.008796,,0.000021,0.000077,-0.000040,,,,,
0.559233546,-0.323853791,,0.3127,0.1049,-0.1811,,0.005507,-0.003681,,0.000030,0.000014,-0.000020,,,,,
-1.500593305,0.579142451,,2.2518,0.3354,-0.8691,,-0.014776,0.006583,,0.000218,0.000043,-0.000097,,,,,
0.09880954,0.179711327,,0.0098,0.0323,0.0178,,0.000973,0.002043,,0.000001,0.000004,0.000002,,,,,
-1.583922148,-2.452140808,,2.5088,6.0130,3.8840,,-0.015597,-0.027874,,0.000243,0.000777,0.000435,,,,,
1.711724877,-1.584785938,,2.9300,2.5115,-2.7127,,0.016855,-0.018014,,0.000284,0.000325,-0.000304,,,,,
-0.077968597,-0.60222578,,0.0061,0.3627,0.0470,,-0.000768,-0.006846,,0.000001,0.000047,0.000005,,,,,
-2.617610455,-0.932769299,,6.8519,0.8701,2.4416,,-0.025775,-0.010603,,0.000664,0.000112,0.000273,,,,,
1.306002498,0.143713653,,1.7056,0.0207,0.1877,,0.012860,0.001634,,0.000165,0.000003,0.000021,,,,,
0.987566531,-1.164780378,,0.9753,1.3567,-1.1503,,0.009724,-0.013240,,0.000095,0.000175,-0.000129,,,,,
-2.063488007,-0.573417187,,4.2580,0.3288,1.1832,,-0.020319,-0.006518,,0.000413,0.000042,0.000132,,,,,
0.872995138,0.089888245,,0.7621,0.0081,0.0785,,0.008596,0.001022,,0.000074,0.000001,0.000009,,,,,
1.523856878,1.371514797,,2.3221,1.8811,2.0900,,0.015005,0.015590,,0.000225,0.000243,0.000234,,,,,
0.73065567,1.789018393,,0.5339,3.2006,1.3072,,0.007195,0.020336,,0.000052,0.000414,0.000146,,,,,
2.486082077,-1.766142011,,6.1806,3.1193,-4.3908,,0.024480,-0.020076,,0.000599,0.000403,-0.000491,,,,,
-2.27735281,-2.529469967,,5.1863,6.3982,5.7605,,-0.022425,-0.028753,,0.000503,0.000827,0.000645,,,,,
-1.996323586,-2.121885777,,3.9853,4.5024,4.2360,,-0.019658,-0.024120,,0.000386,0.000582,0.000474,,,,,
0.186065912,1.289597034,,0.0346,1.6631,0.2400,,0.001832,0.014659,,0.000003,0.000215,0.000027,,,,,
-1.107508183,-0.820087671,,1.2266,0.6725,0.9083,,-0.010906,-0.009322,,0.000119,0.000087,0.000102,,,,,
-0.832193017,0.511392415,,0.6925,0.2615,-0.4256,,-0.008195,0.005813,,0.000067,0.000034,-0.000048,,,,,
1.627931118,1.40638876,,2.6502,1.9779,2.2895,,0.016030,0.015987,,0.000257,0.000256,0.000256,,,,,
3.880352736,1.039266825,,15.0571,1.0801,4.0327,,0.038209,0.011814,,0.001460,0.000140,0.000451,,,,,
1.927027941,0.171959683,,3.7134,0.0296,0.3314,,0.018975,0.001955,,0.000360,0.000004,0.000037,,,,,
-1.13852489,-1.90675509,,1.2962,3.6357,2.1709,,-0.011211,-0.021674,,0.000126,0.000470,0.000243,,,,,
-0.44154489,-1.662964225,,0.1950,2.7655,0.7343,,-0.004348,-0.018903,,0.000019,0.000357,0.000082,,,,,
-0.24427107,-0.097924143,,0.0597,0.0096,0.0239,,-0.002405,-0.001113,,0.000006,0.000001,0.000003,,,,,
0.590405524,2.078606129,,0.3486,4.3206,1.2272,,0.005814,0.023628,,0.000034,0.000558,0.000137,,,,,
0.099198014,-0.763699412,,0.0098,0.5832,-0.0758,,0.000977,-0.008681,,0.000001,0.000075,-0.000008,,,,,
-3.748239994,-0.076570146,,14.0493,0.0059,0.2870,,-0.036909,-0.000870,,0.001362,0.000001,0.000032,,,,,
0.087717973,0.918919444,,0.0077,0.8444,0.0806,,0.000864,0.010445,,0.000001,0.000109,0.000009,,,,,
-1.788751841,0.49480474,,3.1996,0.2448,-0.8851,,-0.017614,0.005625,,0.000310,0.000032,-0.000099,,,,,
-0.569013715,-1.720696211,,0.3238,2.9608,0.9791,,-0.005603,-0.019559,,0.000031,0.000383,0.000110,,,,,
-1.047136188,-0.02557075,,1.0965,0.0007,0.0268,,-0.010311,-0.000291,,0.000106,0.000000,0.000003,,,,,
-0.539679646,-0.96880424,,0.2913,0.9386,0.5228,,-0.005314,-0.011013,,0.000028,0.000121,0.000059,,,,,
1.383836746,0.336169749,,1.9150,0.1130,0.4652,,0.013626,0.003821,,0.000186,0.000015,0.000052,,,,,
0.11231488,-0.639182031,,0.0126,0.4086,-0.0718,,0.001106,-0.007266,,0.000001,0.000053,-0.000008,,,,,
1.390356421,0.81953007,,1.9331,0.6716,1.1394,,0.013691,0.009316,,0.000187,0.000087,0.000128,,,,,
-0.561074853,-1.601282716,,0.3148,2.5641,0.8984,,-0.005525,-0.018202,,0.000031,0.000331,0.000101,,,,,
1.609435081,1.606902003,,2.5903,2.5821,2.5862,,0.015848,0.018266,,0.000251,0.000334,0.000289,,,,,
-1.294027448,0.768468559,,1.6745,0.5905,-0.9944,,-0.012742,0.008735,,0.000162,0.000076,-0.000111,,,,,
-1.700610876,-0.687755764,,2.8921,0.4730,1.1696,,-0.016746,-0.007818,,0.000280,0.000061,0.000131,,,,,
0.529673159,0.323415041,,0.2806,0.1046,0.1713,,0.005216,0.003676,,0.000027,0.000014,0.000019,,,,,
-0.523405433,0.105515823,,0.2740,0.0111,-0.0552,,-0.005154,0.001199,,0.000027,0.000001,-0.000006,,,,,
0.331608444,0.413813412,,0.1100,0.1712,0.1372,,0.003265,0.004704,,0.000011,0.000022,0.000015,,,,,
-0.626169086,-2.549411297,,0.3921,6.4995,1.5964,,-0.006166,-0.028980,,0.000038,0.000840,0.000179,,,,,
1.255782843,-0.178636014,,1.5770,0.0319,-0.2243,,0.012366,-0.002031,,0.000153,0.000004,-0.000025,,,,,
0.434601128,-0.936413288,,0.1889,0.8769,-0.4070,,0.004279,-0.010644,,0.000018,0.000113,-0.000046,,,,,
-0.829371393,-0.115461037,,0.6879,0.0133,0.0958,,-0.008167,-0.001312,,0.000067,0.000002,0.000011,,,,,
-0.785219848,-0.722308993,,0.6166,0.5217,0.5672,,-0.007732,-0.008211,,0.000060,0.000067,0.000063,,,,,
1.66810441,0.870424151,,2.7826,0.7576,1.4520,,0.016426,0.009894,,0.000270,0.000098,0.000163,,,,,
0.502852619,-0.015815988,,0.2529,0.0003,-0.0080,,0.004952,-0.000180,,0.000025,0.000000,-0.000001,,,,,
-0.262451589,-0.443076521,,0.0689,0.1963,0.1163,,-0.002584,-0.005037,,0.000007,0.000025,0.000013,,,,,
-1.350413799,-0.786463082,,1.8236,0.6185,1.0621,,-0.013297,-0.008940,,0.000177,0.000080,0.000119,,,,,
-1.219495296,-1.065716624,,1.4872,1.1358,1.2996,,-0.012008,-0.012114,,0.000144,0.000147,0.000145,,,,,
1.169431329,-0.023429245,,1.3676,0.0005,-0.0274,,0.011515,-0.000266,,0.000133,0.000000,-0.000003,,,,,
0.645080984,0.195851535,,0.4161,0.0384,0.1263,,0.006352,0.002226,,0.000040,0.000005,0.000014,,,,,
-0.316180825,-0.588878334,,0.1000,0.3468,0.1862,,-0.003113,-0.006694,,0.000010,0.000045,0.000021,,,,,
0.921570301,2.736954689,,0.8493,7.4909,2.5223,,0.009075,0.031111,,0.000082,0.000968,0.000282,,,,,
4.172151566,0.407562852,,17.4068,0.1661,1.7004,,0.041083,0.004633,,0.001688,0.000021,0.000190,,,,,
-0.021194898,-0.836645126,,0.0004,0.7000,0.0177,,-0.000209,-0.009510,,0.000000,0.000090,0.000002,,,,,
-1.133100867,-0.769904256,,1.2839,0.5928,0.8724,,-0.011158,-0.008752,,0.000124,0.000077,0.000098,,,,,
-1.493553877,0.200769171,,2.2307,0.0403,-0.2999,,-0.014707,0.002282,,0.000216,0.000005,-0.000034,,,,,
-0.916682482,-1.204500556,,0.8403,1.4508,1.1041,,-0.009026,-0.013692,,0.000081,0.000187,0.000124,,,,,
-3.364361763,-1.627985239,,11.3189,2.6503,5.4771,,-0.033129,-0.018506,,0.001097,0.000342,0.000613,,,,,
0.90302372,-0.211015955,,0.8155,0.0445,-0.1906,,0.008892,-0.002399,,0.000079,0.000006,-0.000021,,,,,
-2.602770329,-0.783673763,,6.7744,0.6141,2.0397,,-0.025629,-0.008908,,0.000657,0.000079,0.000228,,,,,
0.781657219,-0.635543942,,0.6110,0.4039,-0.4968,,0.007697,-0.007224,,0.000059,0.000052,-0.000056,,,,,
-0.088685125,-0.008867145,,0.0079,0.0001,0.0008,,-0.000873,-0.000101,,0.000001,0.000000,0.000000,,,,,
0.805946589,-1.406521559,,0.6495,1.9783,-1.1336,,0.007936,-0.015988,,0.000063,0.000256,-0.000127,,,,,
0.055473592,1.367425203,,0.0031,1.8699,0.0759,,0.000546,0.015544,,0.000000,0.000242,0.000008,,,,,
-2.683287144,0.164353013,,7.2000,0.0270,-0.4410,,-0.026422,0.001868,,0.000698,0.000003,-0.000049,,,,,
-2.050046921,-2.837892056,,4.2027,8.0536,5.8178,,-0.020187,-0.032259,,0.000407,0.001041,0.000651,,,,,
0.369864821,-1.642970681,,0.1368,2.6994,-0.6077,,0.003642,-0.018676,,0.000013,0.000349,-0.000068,,,,,
-1.073221207,0.367740691,,1.1518,0.1352,-0.3947,,-0.010568,0.004180,,0.000112,0.000017,-0.000044,,,,,
2.298227787,0.23547858,,5.2819,0.0555,0.5412,,0.022630,0.002677,,0.000512,0.000007,0.000061,,,,,
1.942379832,0.736674428,,3.7728,0.5427,1.4309,,0.019126,0.008374,,0.000366,0.000070,0.000160,,,,,
-0.204670742,-0.178044558,,0.0419,0.0317,0.0364,,-0.002015,-0.002024,,0.000004,0.000004,0.000004,,,,,
0.568851769,-1.03474474,,0.3236,1.0707,-0.5886,,0.005601,-0.011762,,0.000031,0.000138,-0.000066,,,,,
0.332780212,0.348196685,,0.1107,0.1212,0.1159,,0.003277,0.003958,,0.000011,0.000016,0.000013,,,,,
0.21325314,0.602820277,,0.0455,0.3634,0.1286,,0.002100,0.006852,,0.000004,0.000047,0.000014,,,,,
0.989403367,1.092512727,,0.9789,1.1936,1.0809,,0.009743,0.012419,,0.000095,0.000154,0.000121,,,,,
-2.002356052,-0.995871663,,4.0094,0.9918,1.9941,,-0.019717,-0.011320,,0.000389,0.000128,0.000223,,,,,
0.034671508,1.462629795,,0.0012,2.1393,0.0507,,0.000341,0.016626,,0.000000,0.000276,0.000006,,,,,
1.592891455,-0.681896448,,2.5373,0.4650,-1.0862,,0.015685,-0.007751,,0.000246,0.000060,-0.000122,,,,,
0.493331373,-0.413368195,,0.2434,0.1709,-0.2039,,0.004858,-0.004699,,0.000024,0.000022,-0.000023,,,,,
-0.931233883,-0.494963706,,0.8672,0.2450,0.4609,,-0.009170,-0.005626,,0.000084,0.000032,0.000052,,,,,
-0.438858747,0.110193379,,0.1926,0.0121,-0.0484,,-0.004321,0.001253,,0.000019,0.000002,-0.000005,,,,,
-0.793057382,0.317412972,,0.6289,0.1008,-0.2517,,-0.007809,0.003608,,0.000061,0.000013,-0.000028,,,,,
0.236749887,0.455079108,,0.0561,0.2071,0.1077,,0.002331,0.005173,,0.000005,0.000027,0.000012,,,,,
2.759290457,1.881874084,,7.6137,3.5415,5.1926,,0.027170,0.021392,,0.000738,0.000458,0.000581,,,,,
0.213147968,1.332187653,,0.0454,1.7747,0.2840,,0.002099,0.015143,,0.000004,0.000229,0.000032,,,,,
-0.98499912,-1.904116988,,0.9702,3.6257,1.8756,,-0.009699,-0.021644,,0.000094,0.000468,0.000210,,,,,
-0.560619354,0.304969698,,0.3143,0.0930,-0.1710,,-0.005520,0.003467,,0.000030,0.000012,-0.000019,,,,,
1.206038475,0.152954996,,1.4545,0.0234,0.1845,,0.011876,0.001739,,0.000141,0.000003,0.000021,,,,,
-0.410963297,-0.241793171,,0.1689,0.0585,0.0994,,-0.004047,-0.002748,,0.000016,0.000008,0.000011,,,,,
0.378425688,0.687791526,,0.1432,0.4731,0.2603,,0.003726,0.007818,,0.000014,0.000061,0.000029,,,,,
1.645444512,1.391153455,,2.7075,1.9353,2.2891,,0.016203,0.015813,,0.000263,0.000250,0.000256,,,,,
-2.556806564,-0.780969501,,6.5373,0.6099,1.9968,,-0.025177,-0.008877,,0.000634,0.000079,0.000224,,,,,
-0.31585148,0.284839094,,0.0998,0.0811,-0.0900,,-0.003110,0.003238,,0.000010,0.000010,-0.000010,,,,,
-0.858946443,-1.56151545,,0.7378,2.4383,1.3413,,-0.008458,-0.017750,,0.000072,0.000315,0.000150,,,,,
-2.001899719,-1.032661796,,4.0076,1.0664,2.0673,,-0.019712,-0.011738,,0.000389,0.000138,0.000231,,,,,
-2.015695333,1.174038529,,4.0630,1.3784,-2.3665,,-0.019848,0.013345,,0.000394,0.000178,-0.000265,,,,,
-0.266629964,1.764165998,,0.0711,3.1123,-0.4704,,-0.002625,0.020054,,0.000007,0.000402,-0.000053,,,,,
1.857100129,-2.352086782,,3.4488,5.5323,-4.3681,,0.018287,-0.026737,,0.000334,0.000715,-0.000489,,,,,
0.672584891,0.285676867,,0.4524,0.0816,0.1921,,0.006623,0.003247,,0.000044,0.000011,0.000022,,,,,
0.213222682,-2.212059021,,0.0455,4.8932,-0.4717,,0.002100,-0.025145,,0.000004,0.000632,-0.000053,,,,,
-0.892914295,0.910487652,,0.7973,0.8290,-0.8130,,-0.008792,0.010350,,0.000077,0.000107,-0.000091,,,,,
1.40111661,-0.503696442,,1.9631,0.2537,-0.7057,,0.013797,-0.005726,,0.000190,0.000033,-0.000079,,,,,
-2.470066786,-0.57968384,,6.1012,0.3360,1.4319,,-0.024322,-0.006589,,0.000592,0.000043,0.000160,,,,,
0.012014523,-0.939496696,,0.0001,0.8827,-0.0113,,0.000118,-0.010679,,0.000000,0.000114,-0.000001,,,,,
-1.489063978,-0.486346871,,2.2173,0.2365,0.7242,,-0.014663,-0.005528,,0.000215,0.000031,0.000081,,,,,
0.422031999,-0.251643002,,0.1781,0.0633,-0.1062,,0.004156,-0.002860,,0.000017,0.000008,-0.000012,,,,,
0.055152565,0.42110467,,0.0030,0.1773,0.0232,,0.000543,0.004787,,0.000000,0.000023,0.000003,,,,,
0.002795205,1.619577289,,0.0000,2.6230,0.0045,,0.000028,0.018410,,0.000000,0.000339,0.000001,,,,,
-1.784426928,-0.451222152,,3.1842,0.2036,0.8052,,-0.017571,-0.005129,,0.000309,0.000026,0.000090,,,,,
0.778925419,-0.240433306,,0.6067,0.0578,-0.1873,,0.007670,-0.002733,,0.000059,0.000007,-0.000021,,,,,
-0.178731278,0.118434705,,0.0319,0.0140,-0.0212,,-0.001760,0.001346,,0.000003,0.000002,-0.000002,,,,,
0.477381825,0.549730361,,0.2279,0.3022,0.2624,,0.004701,0.006249,,0.000022,0.000039,0.000029,,,,,
0.216296524,3.61070013,,0.0468,13.0372,0.7810,,0.002130,0.041043,,0.000005,0.001685,0.000087,,,,,
1.699932456,-1.013103127,,2.8898,1.0264,-1.7222,,0.016739,-0.011516,,0.000280,0.000133,-0.000193,,,,,
0.731764674,-0.236248344,,0.5355,0.0558,-0.1729,,0.007206,-0.002685,,0.000052,0.000007,-0.000019,,,,,
-1.547367573,-1.360245109,,2.3943,1.8503,2.1048,,-0.015237,-0.015462,,0.000232,0.000239,0.000236,,,,,
-1.546124697,-2.504762411,,2.3905,6.2738,3.8727,,-0.015225,-0.028472,,0.000232,0.000811,0.000433,,,,,
-0.267386734,-0.527305901,,0.0715,0.2781,0.1410,,-0.002633,-0.005994,,0.000007,0.000036,0.000016,,,,,
0.127950817,-1.909725904,,0.0164,3.6471,-0.2444,,0.001260,-0.021708,,0.000002,0.000471,-0.000027,,,,,
-1.150529981,0.290960908,,1.3237,0.0847,-0.3348,,-0.011329,0.003307,,0.000128,0.000011,-0.000037,,,,,
2.851071835,-1.131869793,,8.1286,1.2811,-3.2270,,0.028074,-0.012866,,0.000788,0.000166,-0.000361,,,,,
-2.254174709,-0.819263995,,5.0813,0.6712,1.8468,,-0.022197,-0.009313,,0.000493,0.000087,0.000207,,,,,
-0.182978064,1.006510258,,0.0335,1.0131,-0.1842,,-0.001802,0.011441,,0.000003,0.000131,-0.000021,,,,,
-2.267731667,-2.806091309,,5.1426,7.8741,6.3635,,-0.022330,-0.031897,,0.000499,0.001017,0.000712,,,,,
1.239784598,0.455856442,,1.5371,0.2078,0.5652,,0.012208,0.005182,,0.000149,0.000027,0.000063,,,,,
0.895416856,0.64174813,,0.8018,0.4118,0.5746,,0.008817,0.007295,,0.000078,0.000053,0.000064,,,,,
1.580144286,1.902119875,,2.4969,3.6181,3.0056,,0.015560,0.021622,,0.000242,0.000467,0.000336,,,,,
2.075319767,2.62716794,,4.3070,6.9020,5.4522,,0.020435,0.029863,,0.000418,0.000892,0.000610,,,,,
-0.471084893,0.334760517,,0.2219,0.1121,-0.1577,,-0.004639,0.003805,,0.000022,0.000014,-0.000018,,,,,
-2.16324234,-0.465587676,,4.6796,0.2168,1.0072,,-0.021301,-0.005292,,0.000454,0.000028,0.000113,,,,,
-0.034544155,-1.126470685,,0.0012,1.2689,0.0389,,-0.000340,-0.012805,,0.000000,0.000164,0.000004,,,,,
-1.87182188,-0.117960334,,3.5037,0.0139,0.2208,,-0.018432,-0.001341,,0.000340,0.000002,0.000025,,,,,
-2.373415947,-0.848271251,,5.6331,0.7196,2.0133,,-0.023371,-0.009642,,0.000546,0.000093,0.000225,,,,,
-1.074790597,-0.287039071,,1.1552,0.0824,0.3085,,-0.010583,-0.003263,,0.000112,0.000011,0.000035,,,,,
-0.965803623,0.272347569,,0.9328,0.0742,-0.2630,,-0.009510,0.003096,,0.000090,0.000010,-0.000029,,,,,
2.067076683,-0.368292749,,4.2728,0.1356,-0.7613,,0.020354,-0.004186,,0.000414,0.000018,-0.000085,,,,,
0.349734724,0.599720955,,0.1223,0.3597,0.2097,,0.003444,0.006817,,0.000012,0.000046,0.000023,,,,,
-0.827339947,-0.337966293,,0.6845,0.1142,0.2796,,-0.008147,-0.003842,,0.000066,0.000015,0.000031,,,,,
-0.691427588,-0.433624893,,0.4781,0.1880,0.2998,,-0.006808,-0.004929,,0.000046,0.000024,0.000034,,,,,
-0.669866502,0.27567327,,0.4487,0.0760,-0.1847,,-0.006596,0.003134,,0.000044,0.000010,-0.000021,,,,,
-0.396589607,-0.178602204,,0.1573,0.0319,0.0708,,-0.003905,-0.002030,,0.000015,0.000004,0.000008,,,,,
-1.63161695,-0.617546678,,2.6622,0.3814,1.0076,,-0.016066,-0.007020,,0.000258,0.000049,0.000113,,,,,
0.187649623,-3.40860939,,0.0352,11.6186,-0.6396,,0.001848,-0.038746,,0.000003,0.001501,-0.000072,,,,,
-1.18426013,0.608894706,,1.4025,0.3708,-0.7211,,-0.011661,0.006921,,0.000136,0.000048,-0.000081,,,,,
-1.116205692,1.53401947,,1.2459,2.3532,-1.7123,,-0.010991,0.017437,,0.000121,0.000304,-0.000192,,,,,
0.364229083,-0.894830763,,0.1327,0.8007,-0.3259,,0.003587,-0.010172,,0.000013,0.000103,-0.000036,,,,,
-1.269689798,-3.84327364,,1.6121,14.7708,4.8798,,-0.012503,-0.043687,,0.000156,0.001909,0.000546,,,,,
-1.193701506,-0.101903588,,1.4249,0.0104,0.1216,,-0.011754,-0.001158,,0.000138,0.000001,0.000014,,,,,
1.348649263,-0.475211263,,1.8189,0.2258,-0.6409,,0.013280,-0.005402,,0.000176,0.000029,-0.000072,,,,,
-2.304145813,-2.642019749,,5.3091,6.9803,6.0876,,-0.022689,-0.030032,,0.000515,0.000902,0.000681,,,,,
-0.130297363,0.616359949,,0.0170,0.3799,-0.0803,,-0.001283,0.007006,,0.000002,0.000049,-0.000009,,,,,
-0.463213593,0.306063741,,0.2146,0.0937,-0.1418,,-0.004561,0.003479,,0.000021,0.000012,-0.000016,,,,,
-0.418714255,0.690858662,,0.1753,0.4773,-0.2893,,-0.004123,0.007853,,0.000017,0.000062,-0.000032,,,,,
-1.170148134,0.564950943,,1.3692,0.3192,-0.6611,,-0.011522,0.006422,,0.000133,0.000041,-0.000074,,,,,
-0.908148348,0.227942929,,0.8247,0.0520,-0.2070,,-0.008942,0.002591,,0.000080,0.000007,-0.000023,,,,,
1.366459012,-1.500951171,,1.8672,2.2529,-2.0510,,0.013455,-0.017062,,0.000181,0.000291,-0.000230,,,,,
0.049450565,0.359920651,,0.0024,0.1295,0.0178,,0.000487,0.004091,,0.000000,0.000017,0.000002,,,,,
0.464786768,0.20686771,,0.2160,0.0428,0.0961,,0.004577,0.002351,,0.000021,0.000006,0.000011,,,,,
-0.575757682,-0.515832663,,0.3315,0.2661,0.2970,,-0.005669,-0.005864,,0.000032,0.000034,0.000033,,,,,
-0.660465479,-1.072567463,,0.4362,1.1504,0.7084,,-0.006504,-0.012192,,0.000042,0.000149,0.000079,,,,,
-1.120171905,-0.130572081,,1.2548,0.0170,0.1463,,-0.011030,-0.001484,,0.000122,0.000002,0.000016,,,,,
1.021847486,0.391034096,,1.0442,0.1529,0.3996,,0.010062,0.004445,,0.000101,0.000020,0.000045,,,,,
-1.812890053,-1.783441782,,3.2866,3.1807,3.2332,,-0.017851,-0.020273,,0.000319,0.000411,0.000362,,,,,
0.842271805,-1.691318512,,0.7094,2.8606,-1.4245,,0.008294,-0.019225,,0.000069,0.000370,-0.000159,,,,,
-0.538761139,1.771799088,,0.2903,3.1393,-0.9546,,-0.005305,0.020140,,0.000028,0.000406,-0.000107,,,,,
-0.52628696,-1.387387991,,0.2770,1.9248,0.7302,,-0.005182,-0.015771,,0.000027,0.000249,0.000082,,,,,
-1.658963442,-0.645957112,,2.7522,0.4173,1.0716,,-0.016336,-0.007343,,0.000267,0.000054,0.000120,,,,,
-0.00706321,-4.201305866,,0.0000,17.6510,0.0297,,-0.000070,-0.047757,,0.000000,0.002281,0.000003,,,,,
1.843121529,1.988827467,,3.3971,3.9554,3.6657,,0.018149,0.022607,,0.000329,0.000511,0.000410,,,,,
1.119420767,0.21066758,,1.2531,0.0444,0.2358,,0.011023,0.002395,,0.000122,0.000006,0.000026,,,,,
-1.113752604,-0.667756557,,1.2404,0.4459,0.7437,,-0.010967,-0.007590,,0.000120,0.000058,0.000083,,,,,
-2.274897814,0.647865534,,5.1752,0.4197,-1.4738,,-0.022401,0.007364,,0.000502,0.000054,-0.000165,,,,,
-2.574336767,-1.431303263,,6.6272,2.0486,3.6847,,-0.025349,-0.016270,,0.000643,0.000265,0.000412,,,,,
0.422184348,-1.292151928,,0.1782,1.6697,-0.5455,,0.004157,-0.014688,,0.000017,0.000216,-0.000061,,,,,
-0.168425068,-0.010887891,,0.0284,0.0001,0.0018,,-0.001658,-0.000124,,0.000003,0.000000,0.000000,,,,,
0.497484088,-0.596220613,,0.2475,0.3555,-0.2966,,0.004899,-0.006777,,0.000024,0.000046,-0.000033,,,,,
0.568005919,0.537533522,,0.3226,0.2889,0.3053,,0.005593,0.006110,,0.000031,0.000037,0.000034,,,,,
-0.237751722,-1.328724623,,0.0565,1.7655,0.3159,,-0.002341,-0.015104,,0.000005,0.000228,0.000035,,,,,
1.666314483,-0.730272532,,2.7766,0.5333,-1.2169,,0.016408,-0.008301,,0.000269,0.000069,-0.000136,,,,,
-0.313452393,1.568285704,,0.0983,2.4595,-0.4916,,-0.003087,0.017827,,0.000010,0.000318,-0.000055,,,,,
2.304937601,1.172005653,,5.3127,1.3736,2.7014,,0.022696,0.013322,,0.000515,0.000177,0.000302,,,,,
0.755878568,0.560916722,,0.5714,0.3146,0.4240,,0.007443,0.006376,,0.000055,0.000041,0.000047,,,,,
0.320622295,0.794198751,,0.1028,0.6308,0.2546,,0.003157,0.009028,,0.000010,0.000082,0.000029,,,,,
0.022837624,0.837154984,,0.0005,0.7008,0.0191,,0.000225,0.009516,,0.000000,0.000091,0.000002,,,,,
1.779486179,1.808272839,,3.1666,3.2699,3.2178,,0.017522,0.020555,,0.000307,0.000423,0.000360,,,,,
-1.150276065,0.678113699,,1.3231,0.4598,-0.7800,,-0.011327,0.007708,,0.000128,0.000059,-0.000087,,,,,
2.67104578,0.532033682,,7.1345,0.2831,1.4211,,0.026302,0.006048,,0.000692,0.000037,0.000159,,,,,
2.791321278,0.085623771,,7.7915,0.0073,0.2390,,0.027486,0.000973,,0.000755,0.000001,0.000027,,,,,
-1.843186498,0.022783116,,3.3973,0.0005,-0.0420,,-0.018150,0.000259,,0.000329,0.000000,-0.000005,,,,,
-1.351363897,-0.247445747,,1.8262,0.0612,0.3344,,-0.013307,-0.002813,,0.000177,0.000008,0.000037,,,,,
-1.839167595,-0.456156135,,3.3825,0.2081,0.8389,,-0.018110,-0.005185,,0.000328,0.000027,0.000094,,,,,
-0.583124101,-1.391562223,,0.3400,1.9364,0.8115,,-0.005742,-0.015818,,0.000033,0.000250,0.000091,,,,,
-2.125433922,-3.306513071,,4.5175,10.9330,7.0278,,-0.020929,-0.037586,,0.000438,0.001413,0.000787,,,,,
-1.186941147,0.236819446,,1.4088,0.0561,-0.2811,,-0.011688,0.002692,,0.000137,0.000007,-0.000031,,,,,
-0.707123101,-0.601757407,,0.5000,0.3621,0.4255,,-0.006963,-0.006840,,0.000048,0.000047,0.000048,,,,,
1.982475758,2.440568209,,3.9302,5.9564,4.8384,,0.019521,0.027742,,0.000381,0.000770,0.000542,,,,,
1.584133267,-0.356971323,,2.5095,0.1274,-0.5655,,0.015599,-0.004058,,0.000243,0.000016,-0.000063,,,,,
2.547786713,0.156603903,,6.4912,0.0245,0.3990,,0.025088,0.001780,,0.000629,0.000003,0.000045,,,,,
1.285927176,1.062875152,,1.6536,1.1297,1.3668,,0.012662,0.012082,,0.000160,0.000146,0.000153,,,,,
1.855338931,0.085185766,,3.4423,0.0073,0.1580,,0.018269,0.000968,,0.000334,0.000001,0.000018,,,,,
1.016299009,0.917912245,,1.0329,0.8426,0.9329,,0.010007,0.010434,,0.000100,0.000109,0.000104,,,,,
-2.90223074,-2.385780334,,8.4229,5.6919,6.9241,,-0.028578,-0.027120,,0.000817,0.000735,0.000775,,,,,
1.181740403,-0.658053577,,1.3965,0.4330,-0.7776,,0.011636,-0.007480,,0.000135,0.000056,-0.000087,,,,,
2.189450741,-1.390021563,,4.7937,1.9322,-3.0434,,0.021559,-0.015801,,0.000465,0.000250,-0.000341,,,,,
-1.965948582,-0.410472214,,3.8650,0.1685,0.8070,,-0.019358,-0.004666,,0.000375,0.000022,0.000090,,,,,
3.187484741,1.265322208,,10.1601,1.6010,4.0332,,0.031387,0.014383,,0.000985,0.000207,0.000451,,,,,
-1.613492846,-0.93119812,,2.6034,0.8671,1.5025,,-0.015888,-0.010585,,0.000252,0.000112,0.000168,,,,,
-0.216927201,0.873856962,,0.0471,0.7636,-0.1896,,-0.002136,0.009933,,0.000005,0.000099,-0.000021,,,,,
-1.073299885,0.348818421,,1.1520,0.1217,-0.3744,,-0.010569,0.003965,,0.000112,0.000016,-0.000042,,,,,
0.319692701,-0.683077157,,0.1022,0.4666,-0.2184,,0.003148,-0.007765,,0.000010,0.000060,-0.000024,,,,,
0.095559724,0.782794833,,0.0091,0.6128,0.0748,,0.000941,0.008898,,0.000001,0.000079,0.000008,,,,,
-1.08299911,1.184236288,,1.1729,1.4024,-1.2825,,-0.010664,0.013461,,0.000114,0.000181,-0.000144,,,,,
0.878050745,1.343739748,,0.7710,1.8056,1.1799,,0.008646,0.015274,,0.000075,0.000233,0.000132,,,,,
0.008848384,-1.666479111,,0.0001,2.7772,-0.0147,,0.000087,-0.018943,,0.000000,0.000359,-0.000002,,,,,
1.495187283,0.333595514,,2.2356,0.1113,0.4988,,0.014723,0.003792,,0.000217,0.000014,0.000056,,,,,
0.300324857,-0.89289695,,0.0902,0.7973,-0.2682,,0.002957,-0.010150,,0.000009,0.000103,-0.000030,,,,,
0.219103336,-2.154563904,,0.0480,4.6421,-0.4721,,0.002157,-0.024491,,0.000005,0.000600,-0.000053,,,,,
-0.505287468,-0.891978741,,0.2553,0.7956,0.4507,,-0.004976,-0.010139,,0.000025,0.000103,0.000050,,,,,
-1.16725111,0.568917036,,1.3625,0.3237,-0.6641,,-0.011494,0.006467,,0.000132,0.000042,-0.000074,,,,,
-2.405884266,-1.61196208,,5.7883,2.5984,3.8782,,-0.023690,-0.018323,,0.000561,0.000336,0.000434,,,,,
2.284139872,-0.445809186,,5.2173,0.1987,-1.0183,,0.022492,-0.005068,,0.000506,0.000026,-0.000114,,,,,
-1.683579922,-3.093400478,,2.8344,9.5691,5.2080,,-0.016578,-0.035163,,0.000275,0.001236,0.000583,,,,,
2.09146595,2.154572487,,4.3742,4.6422,4.5062,,0.020594,0.024491,,0.000424,0.000600,0.000504,,,,,
4.008899689,2.619798183,,16.0713,6.8633,10.5025,,0.039475,0.029780,,0.001558,0.000887,0.001176,,,,,
-1.612383723,-1.063611507,,2.5998,1.1313,1.7149,,-0.015877,-0.012090,,0.000252,0.000146,0.000192,,,,,
0.680099428,-0.978789389,,0.4625,0.9580,-0.6657,,0.006697,-0.011126,,0.000045,0.000124,-0.000075,,,,,
0.801958799,-1.026890039,,0.6431,1.0545,-0.8235,,0.007897,-0.011673,,0.000062,0.000136,-0.000092,,,,,
1.711959839,-0.304927588,,2.9308,0.0930,-0.5220,,0.016857,-0.003466,,0.000284,0.000012,-0.000058,,,,,
0.624832749,0.682552814,,0.3904,0.4659,0.4265,,0.006153,0.007759,,0.000038,0.000060,0.000048,,,,,
-2.288622856,-1.535270572,,5.2378,2.3571,3.5137,,-0.022536,-0.017452,,0.000508,0.000305,0.000393,,,,,
-4.615339756,-1.9183743,,21.3014,3.6802,8.8539,,-0.045447,-0.021806,,0.002065,0.000476,0.000991,,,,,
-0.174222186,0.540799022,,0.0304,0.2925,-0.0942,,-0.001716,0.006147,,0.000003,0.000038,-0.000011,,,,,
0.540355265,-0.970194578,,0.2920,0.9413,-0.5242,,0.005321,-0.011028,,0.000028,0.000122,-0.000059,,,,,
0.095888138,1.046456099,,0.0092,1.0951,0.1003,,0.000944,0.011895,,0.000001,0.000141,0.000011,,,,,
1.508733511,1.139169455,,2.2763,1.2977,1.7187,,0.014856,0.012949,,0.000221,0.000168,0.000192,,,,,
-0.770946503,-0.269965947,,0.5944,0.0729,0.2081,,-0.007591,-0.003069,,0.000058,0.000009,0.000023,,,,,
-2.058432341,-0.262607396,,4.2371,0.0690,0.5406,,-0.020269,-0.002985,,0.000411,0.000009,0.000061,,,,,
2.308309317,0.946302533,,5.3283,0.8955,2.1844,,0.022730,0.010757,,0.000517,0.000116,0.000244,,,,,
-2.475795984,-0.242669463,,6.1296,0.0589,0.6008,,-0.024379,-0.002758,,0.000594,0.000008,0.000067,,,,,
1.557288289,-1.199732065,,2.4251,1.4394,-1.8683,,0.015334,-0.013638,,0.000235,0.000186,-0.000209,,,,,
0.607413173,1.824897647,,0.3690,3.3303,1.1085,,0.005981,0.020744,,0.000036,0.000430,0.000124,,,,,
-0.250560522,1.253059387,,0.0628,1.5702,-0.3140,,-0.002467,0.014244,,0.000006,0.000203,-0.000035,,,,,
-0.33267948,-0.405922264,,0.1107,0.1648,0.1350,,-0.003276,-0.004614,,0.000011,0.000021,0.000015,,,,,
1.187786937,1.302014112,,1.4108,1.6952,1.5465,,0.011696,0.014800,,0.000137,0.000219,0.000173,,,,,
0.435268342,-0.385512412,,0.1895,0.1486,-0.1678,,0.004286,-0.004382,,0.000018,0.000019,-0.000019,,,,,
-0.90715152,2.012367249,,0.8229,4.0496,-1.8255,,-0.008933,0.022875,,0.000080,0.000523,-0.000204,,,,,
-1.740474939,1.258646727,,3.0293,1.5842,-2.1906,,-0.017138,0.014307,,0.000294,0.000205,-0.000245,,,,,
-4.179556847,-1.030568123,,17.4687,1.0621,4.3073,,-0.041156,-0.011715,,0.001694,0.000137,0.000482,,,,,
2.243564367,1.682869315,,5.0336,2.8320,3.7756,,0.022092,0.019129,,0.000488,0.000366,0.000423,,,,,
1.816747427,0.49304837,,3.3006,0.2431,0.8957,,0.017889,0.005605,,0.000320,0.000031,0.000100,,,,,
-0.100257441,-0.800567567,,0.0101,0.6409,0.0803,,-0.000987,-0.009100,,0.000001,0.000083,0.000009,,,,,
1.227590561,-0.370175183,,1.5070,0.1370,-0.4544,,0.012088,-0.004208,,0.000146,0.000018,-0.000051,,,,,
-0.575713158,-0.867928505,,0.3314,0.7533,0.4997,,-0.005669,-0.009866,,0.000032,0.000097,0.000056,,,,,
-0.762142897,-0.280749977,,0.5809,0.0788,0.2140,,-0.007505,-0.003191,,0.000056,0.000010,0.000024,,,,,
-1.76082778,-0.019505732,,3.1005,0.0004,0.0343,,-0.017339,-0.000222,,0.000301,0.000000,0.000004,,,,,
-1.88982892,0.669185579,,3.5715,0.4478,-1.2646,,-0.018609,0.007607,,0.000346,0.000058,-0.000142,,,,,
0.018625654,0.020646311,,0.0003,0.0004,0.0004,,0.000183,0.000235,,0.000000,0.000000,0.000000,,,,,
-1.223626375,-0.309973896,,1.4973,0.0961,0.3793,,-0.012049,-0.003524,,0.000145,0.000012,0.000042,,,,,
1.255819798,1.952562451,,1.5771,3.8125,2.4521,,0.012366,0.022195,,0.000153,0.000493,0.000274,,,,,
-2.494140148,-0.515780389,,6.2207,0.2660,1.2864,,-0.024560,-0.005863,,0.000603,0.000034,0.000144,,,,,
0.160443187,0.077413291,,0.0257,0.0060,0.0124,,0.001580,0.000880,,0.000002,0.000001,0.000001,,,,,
-1.000445247,-0.251532465,,1.0009,0.0633,0.2516,,-0.009851,-0.002859,,0.000097,0.000008,0.000028,,,,,
0.118392318,0.992129683,,0.0140,0.9843,0.1175,,0.001166,0.011278,,0.000001,0.000127,0.000013,,,,,
-0.839802504,1.203496337,,0.7053,1.4484,-1.0107,,-0.008269,0.013680,,0.000068,0.000187,-0.000113,,,,,
1.181060314,-0.60798645,,1.3949,0.3696,-0.7181,,0.011630,-0.006911,,0.000135,0.000048,-0.000080,,,,,
-1.957253575,1.606850028,,3.8308,2.5820,-3.1450,,-0.019273,0.018265,,0.000371,0.000334,-0.000352,,,,,
-2.229170084,-0.572226048,,4.9692,0.3274,1.2756,,-0.021950,-0.006505,,0.000482,0.000042,0.000143,,,,,
-1.530868769,-1.155421495,,2.3436,1.3350,1.7688,,-0.015074,-0.013134,,0.000227,0.000172,0.000198,,,,,
0.835010469,-0.023577098,,0.6972,0.0006,-0.0197,,0.008222,-0.000268,,0.000068,0.000000,-0.000002,,,,,
0.388045549,0.082437538,,0.1506,0.0068,0.0320,,0.003821,0.000937,,0.000015,0.000001,0.000004,,,,,
0.752349138,-1.427204728,,0.5660,2.0369,-1.0738,,0.007408,-0.016223,,0.000055,0.000263,-0.000120,,,,,
-2.761365175,-0.340984523,,7.6251,0.1163,0.9416,,-0.027191,-0.003876,,0.000739,0.000015,0.000105,,,,,
0.419869244,-0.861777067,,0.1763,0.7427,-0.3618,,0.004134,-0.009796,,0.000017,0.000096,-0.000041,,,,,
-0.589050531,-3.067313671,,0.3470,9.4084,1.8068,,-0.005800,-0.034867,,0.000034,0.001216,0.000202,,,,,
-0.250588298,0.174184814,,0.0628,0.0303,-0.0436,,-0.002468,0.001980,,0.000006,0.000004,-0.000005,,,,,
-2.366144419,0.989704728,,5.5986,0.9795,-2.3418,,-0.023299,0.011250,,0.000543,0.000127,-0.000262,,,,,
0.400402755,-0.094027594,,0.1603,0.0088,-0.0376,,0.003943,-0.001069,,0.000016,0.000001,-0.000004,,,,,
-3.129943609,-0.27203083,,9.7965,0.0740,0.8514,,-0.030820,-0.003092,,0.000950,0.000010,0.000095,,,,,
1.036360383,0.627543449,,1.0740,0.3938,0.6504,,0.010205,0.007133,,0.000104,0.000051,0.000073,,,,,
1.300200582,3.120211124,,1.6905,9.7357,4.0569,,0.012803,0.035468,,0.000164,0.001258,0.000454,,,,,
-1.190169096,-1.199854612,,1.4165,1.4397,1.4280,,-0.011719,-0.013639,,0.000137,0.000186,0.000160,,,,,
0.488474786,-0.314488292,,0.2386,0.0989,-0.1536,,0.004810,-0.003575,,0.000023,0.000013,-0.000017,,,,,
-1.816383839,-0.536519051,,3.2993,0.2879,0.9745,,-0.017886,-0.006099,,0.000320,0.000037,0.000109,,,,,
3.201470375,-0.329943359,,10.2494,0.1089,-1.0563,,0.031525,-0.003751,,0.000994,0.000014,-0.000118,,,,,
-0.234744668,1.353385687,,0.0551,1.8317,-0.3177,,-0.002312,0.015384,,0.000005,0.000237,-0.000036,,,,,
1.366013765,-0.142906234,,1.8660,0.0204,-0.1952,,0.013451,-0.001624,,0.000181,0.000003,-0.000022,,,,,
-0.059843421,-0.302759647,,0.0036,0.0917,0.0181,,-0.000589,-0.003442,,0.000000,0.000012,0.000002,,,,,
0.996210158,2.841716766,,0.9924,8.0754,2.8309,,0.009810,0.032302,,0.000096,0.001043,0.000317,,,,,
-0.495340347,-1.058766842,,0.2454,1.1210,0.5244,,-0.004878,-0.012035,,0.000024,0.000145,0.000059,,,,,
-0.656463563,0.547382891,,0.4309,0.2996,-0.3593,,-0.006464,0.006222,,0.000042,0.000039,-0.000040,,,,,
0.549994886,-0.542184055,,0.3025,0.2940,-0.2982,,0.005416,-0.006163,,0.000029,0.000038,-0.000033,,,,,
-0.449325442,-0.065563068,,0.2019,0.0043,0.0295,,-0.004424,-0.000745,,0.000020,0.000001,0.000003,,,,,
0.434687197,1.341127634,,0.1890,1.7986,0.5830,,0.004280,0.015245,,0.000018,0.000232,0.000065,,,,,
0.51887244,1.048872471,,0.2692,1.1001,0.5442,,0.005109,0.011923,,0.000026,0.000142,0.000061,,,,,
-1.495059967,1.032336354,,2.2352,1.0657,-1.5434,,-0.014722,0.011735,,0.000217,0.000138,-0.000173,,,,,
1.773782253,2.646624804,,3.1463,7.0046,4.6945,,0.017466,0.030085,,0.000305,0.000905,0.000525,,,,,
1.04398489,-0.068395808,,1.0899,0.0047,-0.0714,,0.010280,-0.000777,,0.000106,0.000001,-0.000008,,,,,
-1.981464028,-2.525956631,,3.9262,6.3805,5.0051,,-0.019511,-0.028713,,0.000381,0.000824,0.000560,,,,,
0.057345055,0.271267742,,0.0033,0.0736,0.0156,,0.000565,0.003084,,0.000000,0.000010,0.000002,,,,,
-1.897119284,0.764935613,,3.5991,0.5851,-1.4512,,-0.018681,0.008695,,0.000349,0.000076,-0.000162,,,,,
-0.046063095,1.072968721,,0.0021,1.1513,-0.0494,,-0.000454,0.012197,,0.000000,0.000149,-0.000006,,,,,
-1.240435123,-1.85683322,,1.5387,3.4478,2.3033,,-0.012214,-0.021107,,0.000149,0.000446,0.000258,,,,,
1.790570259,-0.292551816,,3.2061,0.0856,-0.5238,,0.017632,-0.003325,,0.000311,0.000011,-0.000059,,,,,
-0.966333032,-0.690474629,,0.9338,0.4768,0.6672,,-0.009515,-0.007849,,0.000091,0.000062,0.000075,,,,,
-0.951723456,0.567800283,,0.9058,0.3224,-0.5404,,-0.009372,0.006454,,0.000088,0.000042,-0.000060,,,,,
0.30380857,0.521385491,,0.0923,0.2718,0.1584,,0.002992,0.005927,,0.000009,0.000035,0.000018,,,,,
1.696513176,1.262180924,,2.8782,1.5931,2.1413,,0.016705,0.014347,,0.000279,0.000206,0.000240,,,,,
-3.171386003,-0.182073772,,10.0577,0.0332,0.5774,,-0.031228,-0.002070,,0.000975,0.000004,0.000065,,,,,
-1.640890121,0.482129872,,2.6925,0.2324,-0.7911,,-0.016158,0.005480,,0.000261,0.000030,-0.000089,,,,,
1.832131624,3.235510111,,3.3567,10.4685,5.9279,,0.018041,0.036779,,0.000325,0.001353,0.000664,,,,,
-2.836302519,-0.311721534,,8.0446,0.0972,0.8841,,-0.027929,-0.003543,,0.000780,0.000013,0.000099,,,,,
-0.298077613,-1.525282621,,0.0889,2.3265,0.4547,,-0.002935,-0.017338,,0.000009,0.000301,0.000051,,,,,
-1.185301423,-1.112533331,,1.4049,1.2377,1.3187,,-0.011672,-0.012646,,0.000136,0.000160,0.000148,,,,,
1.54689467,-0.783414483,,2.3929,0.6137,-1.2119,,0.015232,-0.008905,,0.000232,0.000079,-0.000136,,,,,
0.868373871,0.745608211,,0.7541,0.5559,0.6475,,0.008551,0.008475,,0.000073,0.000072,0.000072,,,,,
-0.653794885,-0.665625215,,0.4274,0.4431,0.4352,,-0.006438,-0.007566,,0.000041,0.000057,0.000049,,,,,
-1.446201801,-0.018507987,,2.0915,0.0003,0.0268,,-0.014241,-0.000210,,0.000203,0.000000,0.000003,,,,,
1.093397617,3.677694082,,1.1955,13.5254,4.0212,,0.010767,0.041805,,0.000116,0.001748,0.000450,,,,,
0.405924201,1.019778013,,0.1648,1.0399,0.4140,,0.003997,0.011592,,0.000016,0.000134,0.000046,,,,,
-1.036147475,-1.597498417,,1.0736,2.5520,1.6552,,-0.010203,-0.018159,,0.000104,0.000330,0.000185,,,,,
-1.567830086,0.167324409,,2.4581,0.0280,-0.2623,,-0.015438,0.001902,,0.000238,0.000004,-0.000029,,,,,
-0.374436975,0.103067592,,0.1402,0.0106,-0.0386,,-0.003687,0.001172,,0.000014,0.000001,-0.000004,,,,,
0.606149018,0.40320757,,0.3674,0.1626,0.2444,,0.005969,0.004583,,0.000036,0.000021,0.000027,,,,,
-1.186322331,-0.571506381,,1.4074,0.3266,0.6780,,-0.011682,-0.006496,,0.000136,0.000042,0.000076,,,,,
-0.507169366,1.974956274,,0.2572,3.9005,-1.0016,,-0.004994,0.022450,,0.000025,0.000504,-0.000112,,,,,
3.774797201,0.234805465,,14.2491,0.0551,0.8863,,0.037170,0.002669,,0.001382,0.000007,0.000099,,,,,
2.47198844,0.308463514,,6.1107,0.0951,0.7625,,0.024341,0.003506,,0.000593,0.000012,0.000085,,,,,
1.003254771,-2.03485465,,1.0065,4.1406,-2.0415,,0.009879,-0.023130,,0.000098,0.000535,-0.000229,,,,,
-0.6492365,-2.106986284,,0.4215,4.4394,1.3679,,-0.006393,-0.023950,,0.000041,0.000574,0.000153,,,,,
-0.601924241,-0.573293984,,0.3623,0.3287,0.3451,,-0.005927,-0.006517,,0.000035,0.000042,0.000039,,,,,
-0.852187693,-1.615897298,,0.7262,2.6111,1.3770,,-0.008391,-0.018368,,0.000070,0.000337,0.000154,,,,,
1.370015502,1.670035005,,1.8769,2.7890,2.2880,,0.013490,0.018984,,0.000182,0.000360,0.000256,,,,,
-0.232148483,0.528557956,,0.0539,0.2794,-0.1227,,-0.002286,0.006008,,0.000005,0.000036,-0.000014,,,,,
1.140704393,-0.08227846,,1.3012,0.0068,-0.0939,,0.011232,-0.000935,,0.000126,0.000001,-0.000011,,,,,
0.060011119,0.516567647,,0.0036,0.2668,0.0310,,0.000591,0.005872,,0.000000,0.000034,0.000003,,,,,
0.571646214,0.07725741,,0.3268,0.0060,0.0442,,0.005629,0.000878,,0.000032,0.000001,0.000005,,,,,
0.341776252,-1.666280508,,0.1168,2.7765,-0.5695,,0.003365,-0.018941,,0.000011,0.000359,-0.000064,,,,,
1.207290649,-0.937849641,,1.4576,0.8796,-1.1323,,0.011888,-0.010661,,0.000141,0.000114,-0.000127,,,,,
0.90046978,-0.092421256,,0.8108,0.0085,-0.0832,,0.008867,-0.001051,,0.000079,0.000001,-0.000009,,,,,
-0.546126306,-0.278467208,,0.2983,0.0775,0.1521,,-0.005378,-0.003165,,0.000029,0.000010,0.000017,,,,,
0.059058361,0.730018318,,0.0035,0.5329,0.0431,,0.000582,0.008298,,0.000000,0.000069,0.000005,,,,,
-1.284172297,-0.622077405,,1.6491,0.3870,0.7989,,-0.012645,-0.007071,,0.000160,0.000050,0.000089,,,,,
-1.502539992,-1.095895052,,2.2576,1.2010,1.6466,,-0.014795,-0.012457,,0.000219,0.000155,0.000184,,,,,
-2.103652477,-0.561545908,,4.4254,0.3153,1.1813,,-0.020714,-0.006383,,0.000429,0.000041,0.000132,,,,,
-3.55348587,-2.365355015,,12.6273,5.5949,8.4053,,-0.034991,-0.026887,,0.001224,0.000723,0.000941,,,,,
1.365651131,1.277189016,,1.8650,1.6312,1.7442,,0.013447,0.014518,,0.000181,0.000211,0.000195,,,,,
-4.280213833,0.037164956,,18.3202,0.0014,-0.1591,,-0.042147,0.000422,,0.001776,0.000000,-0.000018,,,,,
1.766299248,0.048581056,,3.1198,0.0024,0.0858,,0.017393,0.000552,,0.000303,0.000000,0.000010,,,,,
1.231756449,-1.29281795,,1.5172,1.6714,-1.5924,,0.012129,-0.014696,,0.000147,0.000216,-0.000178,,,,,
0.465521693,1.743469834,,0.2167,3.0397,0.8116,,0.004584,0.019818,,0.000021,0.000393,0.000091,,,,,
-1.946540356,0.437519968,,3.7890,0.1914,-0.8517,,-0.019167,0.004973,,0.000367,0.000025,-0.000095,,,,,
0.479500383,-0.985859871,,0.2299,0.9719,-0.4727,,0.004722,-0.011206,,0.000022,0.000126,-0.000053,,,,,
-1.322991848,-1.672665834,,1.7503,2.7978,2.2129,,-0.013027,-0.019013,,0.000170,0.000362,0.000248,,,,,
-0.747537017,-0.292263746,,0.5588,0.0854,0.2185,,-0.007361,-0.003322,,0.000054,0.000011,0.000024,,,,,
-0.243334368,-1.211185694,,0.0592,1.4670,0.2947,,-0.002396,-0.013768,,0.000006,0.000190,0.000033,,,,,
0.410735667,-0.807887435,,0.1687,0.6527,-0.3318,,0.004044,-0.009183,,0.000016,0.000084,-0.000037,,,,,
-0.123187326,1.471796274,,0.0152,2.1662,-0.1813,,-0.001213,0.016730,,0.000001,0.000280,-0.000020,,,,,
1.218928814,0.714815021,,1.4858,0.5110,0.8713,,0.012003,0.008125,,0.000144,0.000066,0.000098,,,,,
1.387226462,1.046872616,,1.9244,1.0959,1.4522,,0.013660,0.011900,,0.000187,0.000142,0.000163,,,,,
1.099406958,0.82571435,,1.2087,0.6818,0.9078,,0.010826,0.009386,,0.000117,0.000088,0.000102,,,,,
0.35670945,0.453263193,,0.1272,0.2054,0.1617,,0.003512,0.005152,,0.000012,0.000027,0.000018,,,,,
-0.452400059,-0.83145088,,0.2047,0.6913,0.3761,,-0.004455,-0.009451,,0.000020,0.000089,0.000042,,,,,
1.438688755,0.244028479,,2.0698,0.0595,0.3511,,0.014167,0.002774,,0.000201,0.000008,0.000039,,,,,
-2.339336872,-1.24799931,,5.4725,1.5575,2.9195,,-0.023035,-0.014186,,0.000531,0.000201,0.000327,,,,,
-0.630364895,-1.129557967,,0.3974,1.2759,0.7120,,-0.006207,-0.012840,,0.000039,0.000165,0.000080,,,,,
-1.791318417,-1.82617712,,3.2088,3.3349,3.2713,,-0.017639,-0.020758,,0.000311,0.000431,0.000366,,,,,
-0.160209864,-0.927698255,,0.0257,0.8606,0.1486,,-0.001578,-0.010545,,0.000002,0.000111,0.000017,,,,,
1.736987114,1.028802633,,3.0171,1.0584,1.7870,,0.017104,0.011695,,0.000293,0.000137,0.000200,,,,,
-2.813456774,-2.86079812,,7.9155,8.1842,8.0487,,-0.027704,-0.032519,,0.000768,0.001057,0.000901,,,,,
0.183571443,-1.339747667,,0.0337,1.7949,-0.2459,,0.001808,-0.015229,,0.000003,0.000232,-0.000028,,,,,
-1.388278008,-0.196102858,,1.9273,0.0385,0.2722,,-0.013670,-0.002229,,0.000187,0.000005,0.000030,,,,,
2.647559643,0.723840237,,7.0096,0.5239,1.9164,,0.026070,0.008228,,0.000680,0.000068,0.000215,,,,,
-0.099532343,-1.721237898,,0.0099,2.9627,0.1713,,-0.000980,-0.019566,,0.000001,0.000383,0.000019,,,,,
-0.790642738,-1.934563041,,0.6251,3.7425,1.5295,,-0.007785,-0.021990,,0.000061,0.000484,0.000171,,,,,
-1.289709806,-0.594342709,,1.6634,0.3532,0.7665,,-0.012700,-0.006756,,0.000161,0.000046,0.000086,,,,,
0.496947765,-0.949989676,,0.2470,0.9025,-0.4721,,0.004893,-0.010799,,0.000024,0.000117,-0.000053,,,,,
2.072556973,0.297116369,,4.2955,0.0883,0.6158,,0.020408,0.003377,,0.000416,0.000011,0.000069,,,,,
2.44464159,3.115047455,,5.9763,9.7035,7.6152,,0.024072,0.035409,,0.000579,0.001254,0.000852,,,,,
0.574595332,0.412907779,,0.3302,0.1705,0.2373,,0.005658,0.004694,,0.000032,0.000022,0.000027,,,,,
1.692787647,-0.705113351,,2.8655,0.4972,-1.1936,,0.016669,-0.008015,,0.000278,0.000064,-0.000134,,,,,
0.290818572,1.352898002,,0.0846,1.8303,0.3934,,0.002864,0.015379,,0.000008,0.000237,0.000044,,,,,
-1.565727472,1.179065704,,2.4515,1.3902,-1.8461,,-0.015418,0.013403,,0.000238,0.000180,-0.000207,,,,,
0.049318358,-0.04863596,,0.0024,0.0024,-0.0024,,0.000486,-0.000553,,0.000000,0.000000,0.000000,,,,,
2.044703484,2.618136168,,4.1808,6.8546,5.3533,,0.020134,0.029761,,0.000405,0.000886,0.000599,,,,,
0.648906767,-0.64657414,,0.4211,0.4181,-0.4196,,0.006390,-0.007350,,0.000041,0.000054,-0.000047,,,,,
-0.625968456,-1.616755843,,0.3918,2.6139,1.0120,,-0.006164,-0.018378,,0.000038,0.000338,0.000113,,,,,
0.14807421,-0.122510523,,0.0219,0.0150,-0.0181,,0.001458,-0.001393,,0.000002,0.000002,-0.000002,,,,,
0.62791419,-1.018112183,,0.3943,1.0366,-0.6393,,0.006183,-0.011573,,0.000038,0.000134,-0.000072,,,,,
-0.154151917,-1.396586299,,0.0238,1.9505,0.2153,,-0.001518,-0.015875,,0.000002,0.000252,0.000024,,,,,
1.12249589,1.981028676,,1.2600,3.9245,2.2237,,0.011053,0.022519,,0.000122,0.000507,0.000249,,,,,
2.148693323,0.433361948,,4.6169,0.1878,0.9312,,0.021158,0.004926,,0.000448,0.000024,0.000104,,,,,
-1.343946934,-1.388664603,,1.8062,1.9284,1.8663,,-0.013234,-0.015785,,0.000175,0.000249,0.000209,,,,,
-0.256059557,0.241517365,,0.0656,0.0583,-0.0618,,-0.002521,0.002745,,0.000006,0.000008,-0.000007,,,,,
-1.375787854,0.683141887,,1.8928,0.4667,-0.9399,,-0.013547,0.007765,,0.000184,0.000060,-0.000105,,,,,
-2.995222807,0.547362864,,8.9714,0.2996,-1.6395,,-0.029494,0.006222,,0.000870,0.000039,-0.000184,,,,,
0.61753583,-0.672834814,,0.3814,0.4527,-0.4155,,0.006081,-0.007648,,0.000037,0.000058,-0.000047,,,,,
1.756875515,1.019908547,,3.0866,1.0402,1.7919,,0.017300,0.011593,,0.000299,0.000134,0.000201,,,,,
-0.376713008,0.685838819,,0.1419,0.4704,-0.2584,,-0.003709,0.007796,,0.000014,0.000061,-0.000029,,,,,
1.46884799,0.885117114,,2.1575,0.7834,1.3001,,0.014464,0.010061,,0.000209,0.000101,0.000146,,,,,
0.033561334,1.335793495,,0.0011,1.7843,0.0448,,0.000330,0.015184,,0.000000,0.000231,0.000005,,,,,
-0.213221982,0.565035164,,0.0455,0.3193,-0.1205,,-0.002100,0.006423,,0.000004,0.000041,-0.000013,,,,,
-1.079512119,0.415026337,,1.1653,0.1722,-0.4480,,-0.010630,0.004718,,0.000113,0.000022,-0.000050,,,,,
-1.534854174,0.794913888,,2.3558,0.6319,-1.2201,,-0.015114,0.009036,,0.000228,0.000082,-0.000137,,,,,
-1.392149925,-0.037953772,,1.9381,0.0014,0.0528,,-0.013708,-0.000431,,0.000188,0.000000,0.000006,,,,,
-2.149324417,1.887281418,,4.6196,3.5618,-4.0564,,-0.021164,0.021453,,0.000448,0.000460,-0.000454,,,,,
-1.762544036,-2.806965113,,3.1066,7.8791,4.9474,,-0.017356,-0.031907,,0.000301,0.001018,0.000554,,,,,
2.80411458,1.148484945,,7.8631,1.3190,3.2205,,0.027612,0.013055,,0.000762,0.000170,0.000360,,,,,
-1.891172051,-1.059778333,,3.5765,1.1231,2.0042,,-0.018622,-0.012047,,0.000347,0.000145,0.000224,,,,,
0.698607087,1.286992431,,0.4881,1.6563,0.8991,,0.006879,0.014629,,0.000047,0.000214,0.000101,,,,,
0.664871931,-0.834955752,,0.4421,0.6972,-0.5551,,0.006547,-0.009491,,0.000043,0.000090,-0.000062,,,,,
-0.666862965,-0.154511109,,0.4447,0.0239,0.1030,,-0.006567,-0.001756,,0.000043,0.000003,0.000012,,,,,
-1.595599532,1.492481947,,2.5459,2.2275,-2.3814,,-0.015712,0.016965,,0.000247,0.000288,-0.000267,,,,,
0.506939173,1.449692965,,0.2570,2.1016,0.7349,,0.004992,0.016479,,0.000025,0.000272,0.000082,,,,,
-2.813719749,-0.020231232,,7.9170,0.0004,0.0569,,-0.027706,-0.000230,,0.000768,0.000000,0.000006,,,,,
-0.776527047,0.620242119,,0.6030,0.3847,-0.4816,,-0.007646,0.007050,,0.000058,0.000050,-0.000054,,,,,
-0.93951869,-1.322986364,,0.8827,1.7503,1.2430,,-0.009251,-0.015039,,0.000086,0.000226,0.000139,,,,,
0.707259297,-0.32452929,,0.5002,0.1053,-0.2295,,0.006964,-0.003689,,0.000049,0.000014,-0.000026,,,,,
-2.113500595,-0.572578549,,4.4669,0.3278,1.2101,,-0.020811,-0.006509,,0.000433,0.000042,0.000135,,,,,
2.392765999,2.432779312,,5.7253,5.9184,5.8211,,0.023561,0.027654,,0.000555,0.000765,0.000652,,,,,
0.213142961,-2.699202538,,0.0454,7.2857,-0.5753,,0.002099,-0.030682,,0.000004,0.000941,-0.000064,,,,,
1.950297117,0.602178395,,3.8037,0.3626,1.1744,,0.019204,0.006845,,0.000369,0.000047,0.000131,,,,,
-0.391083896,-0.826036632,,0.1529,0.6823,0.3230,,-0.003851,-0.009390,,0.000015,0.000088,0.000036,,,,,
-1.910416007,0.23941955,,3.6497,0.0573,-0.4574,,-0.018812,0.002722,,0.000354,0.000007,-0.000051,,,,,
1.255526423,-1.279310226,,1.5763,1.6366,-1.6062,,0.012363,-0.014542,,0.000153,0.000211,-0.000180,,,,,
-0.36839363,-1.285406947,,0.1357,1.6523,0.4735,,-0.003628,-0.014611,,0.000013,0.000213,0.000053,,,,,
2.264842272,1.174527884,,5.1295,1.3795,2.6601,,0.022302,0.013351,,0.000497,0.000178,0.000298,,,,,
0.56850481,2.025755644,,0.3232,4.1037,1.1517,,0.005598,0.023027,,0.000031,0.000530,0.000129,,,,,
0.138944641,1.031486869,,0.0193,1.0640,0.1433,,0.001368,0.011725,,0.000002,0.000137,0.000016,,,,,
2.160314083,0.663942218,,4.6670,0.4408,1.4343,,0.021272,0.007547,,0.000453,0.000057,0.000161,,,,,
-1.697397232,-1.583818436,,2.8812,2.5085,2.6884,,-0.016714,-0.018004,,0.000279,0.000324,0.000301,,,,,
-0.884349763,0.402375042,,0.7821,0.1619,-0.3558,,-0.008708,0.004574,,0.000076,0.000021,-0.000040,,,,,
1.24268353,1.15849638,,1.5443,1.3421,1.4396,,0.012237,0.013169,,0.000150,0.000173,0.000161,,,,,
-0.218348891,-0.565092921,,0.0477,0.3193,0.1234,,-0.002150,-0.006423,,0.000005,0.000041,0.000014,,,,,
-0.168975264,-1.15236783,,0.0286,1.3280,0.1947,,-0.001664,-0.013099,,0.000003,0.000172,0.000022,,,,,
-0.250835091,-2.351563454,,0.0629,5.5299,0.5899,,-0.002470,-0.026731,,0.000006,0.000715,0.000066,,,,,
-3.477921963,-1.207497597,,12.0959,1.4581,4.1996,,-0.034247,-0.013726,,0.001173,0.000188,0.000470,,,,,
-1.885317326,-0.282435358,,3.5544,0.0798,0.5325,,-0.018565,-0.003210,,0.000345,0.000010,0.000060,,,,,
3.268286228,0.451582402,,10.6817,0.2039,1.4759,,0.032182,0.005133,,0.001036,0.000026,0.000165,,,,,
0.408756316,2.006081104,,0.1671,4.0244,0.8200,,0.004025,0.022803,,0.000016,0.000520,0.000092,,,,,
-0.811055422,0.624076664,,0.6578,0.3895,-0.5062,,-0.007986,0.007094,,0.000064,0.000050,-0.000057,,,,,
0.597169399,0.901332259,,0.3566,0.8124,0.5382,,0.005880,0.010246,,0.000035,0.000105,0.000060,,,,,
-3.052015781,2.056359529,,9.3148,4.2286,-6.2760,,-0.030053,0.023375,,0.000903,0.000546,-0.000702,,,,,
-1.462458014,-1.830596447,,2.1388,3.3511,2.6772,,-0.014401,-0.020809,,0.000207,0.000433,0.000300,,,,,
0.031512693,-0.0561608,,0.0010,0.0032,-0.0018,,0.000310,-0.000638,,0.000000,0.000000,0.000000,,,,,
2.056822777,0.31177476,,4.2305,0.0972,0.6413,,0.020253,0.003544,,0.000410,0.000013,0.000072,,,,,
-0.930995464,-2.254507542,,0.8668,5.0828,2.0989,,-0.009167,-0.025627,,0.000084,0.000657,0.000235,,,,,
-1.399673104,0.127105162,,1.9591,0.0162,-0.1779,,-0.013782,0.001445,,0.000190,0.000002,-0.000020,,,,,
0.538874984,-0.775686145,,0.2904,0.6017,-0.4180,,0.005306,-0.008817,,0.000028,0.000078,-0.000047,,,,,
-0.851692796,0.569253385,,0.7254,0.3240,-0.4848,,-0.008387,0.006471,,0.000070,0.000042,-0.000054,,,,,
-1.007973194,0.210997313,,1.0160,0.0445,-0.2127,,-0.009925,0.002398,,0.000099,0.000006,-0.000024,,,,,
-0.330418438,-2.127553701,,0.1092,4.5265,0.7030,,-0.003254,-0.024184,,0.000011,0.000585,0.000079,,,,,
-0.473248065,0.026395351,,0.2240,0.0007,-0.0125,,-0.004660,0.000300,,0.000022,0.000000,-0.000001,,,,,
-1.810448408,0.902248621,,3.2777,0.8141,-1.6335,,-0.017827,0.010256,,0.000318,0.000105,-0.000183,,,,,
3.594150543,0.369355351,,12.9179,0.1364,1.3275,,0.035391,0.004199,,0.001253,0.000018,0.000149,,,,,
0.916357875,1.446225643,,0.8397,2.0916,1.3253,,0.009023,0.016439,,0.000081,0.000270,0.000148,,,,,
-0.932044744,-0.169916451,,0.8687,0.0289,0.1584,,-0.009178,-0.001931,,0.000084,0.000004,0.000018,,,,,
3.078799248,1.199174881,,9.4790,1.4380,3.6920,,0.030317,0.013631,,0.000919,0.000186,0.000413,,,,,
-1.961206079,-1.338561058,,3.8463,1.7917,2.6252,,-0.019312,-0.015216,,0.000373,0.000232,0.000294,,,,,
-1.375969172,-0.398438036,,1.8933,0.1588,0.5482,,-0.013549,-0.004529,,0.000184,0.000021,0.000061,,,,,
0.786966562,0.345556736,,0.6193,0.1194,0.2719,,0.007749,0.003928,,0.000060,0.000015,0.000030,,,,,
-1.059012651,1.662525058,,1.1215,2.7640,-1.7606,,-0.010428,0.018898,,0.000109,0.000357,-0.000197,,,,,
-0.16684863,-0.261482835,,0.0278,0.0684,0.0436,,-0.001643,-0.002972,,0.000003,0.000009,0.000005,,,,,
1.146579385,-0.655826867,,1.3146,0.4301,-0.7520,,0.011290,-0.007455,,0.000127,0.000056,-0.000084,,,,,
0.484295905,-0.127964243,,0.2345,0.0164,-0.0620,,0.004769,-0.001455,,0.000023,0.000002,-0.000007,,,,,
2.344345093,-0.146689311,,5.4960,0.0215,-0.3439,,0.023085,-0.001667,,0.000533,0.000003,-0.000038,,,,,
0.902318537,0.680374801,,0.8142,0.4629,0.6139,,0.008885,0.007734,,0.000079,0.000060,0.000069,,,,,
1.674656868,-0.011300493,,2.8045,0.0001,-0.0189,,0.016490,-0.000128,,0.000272,0.000000,-0.000002,,,,,
-0.821812749,1.045869112,,0.6754,1.0938,-0.8595,,-0.008092,0.011889,,0.000065,0.000141,-0.000096,,,,,
0.505687118,-0.201012909,,0.2557,0.0404,-0.1016,,0.004979,-0.002285,,0.000025,0.000005,-0.000011,,,,,
-2.977967501,-1.376357317,,8.8683,1.8944,4.0987,,-0.029324,-0.015645,,0.000860,0.000245,0.000459,,,,,
1.861416936,1.143630147,,3.4649,1.3079,2.1288,,0.018329,0.013000,,0.000336,0.000169,0.000238,,,,,
1.618513465,-3.529200792,,2.6196,12.4553,-5.7121,,0.015937,-0.040117,,0.000254,0.001609,-0.000639,,,,,
0.546101809,-0.745370924,,0.2982,0.5556,-0.4070,,0.005377,-0.008473,,0.000029,0.000072,-0.000046,,,,,
-2.545607805,-2.630058527,,6.4801,6.9172,6.6951,,-0.025066,-0.029896,,0.000628,0.000894,0.000749,,,,,
2.668944359,0.367932916,,7.1233,0.1354,0.9820,,0.026281,0.004182,,0.000691,0.000017,0.000110,,,,,
-0.848516524,-0.577954173,,0.7200,0.3340,0.4904,,-0.008355,-0.006570,,0.000070,0.000043,0.000055,,,,,
0.981710732,0.441250026,,0.9638,0.1947,0.4332,,0.009667,0.005016,,0.000093,0.000025,0.000048,,,,,
0.186212778,0.497533232,,0.0347,0.2475,0.0926,,0.001834,0.005656,,0.000003,0.000032,0.000010,,,,,
-0.20470342,-0.850457847,,0.0419,0.7233,0.1741,,-0.002016,-0.009667,,0.000004,0.000093,0.000019,,,,,
-1.504247904,-0.495957553,,2.2628,0.2460,0.7460,,-0.014812,-0.005638,,0.000219,0.000032,0.000084,,,,,
0.167726785,-2.440032482,,0.0281,5.9538,-0.4093,,0.001652,-0.027736,,0.000003,0.000769,-0.000046,,,,,
-2.700667858,-0.960198998,,7.2936,0.9220,2.5932,,-0.026593,-0.010915,,0.000707,0.000119,0.000290,,,,,
-0.449827313,-1.686666489,,0.2023,2.8448,0.7587,,-0.004429,-0.019173,,0.000020,0.000368,0.000085,,,,,
0.321092904,-0.439870954,,0.1031,0.1935,-0.1412,,0.003162,-0.005000,,0.000010,0.000025,-0.000016,,,,,
0.629699528,1.777570248,,0.3965,3.1598,1.1193,,0.006201,0.020206,,0.000038,0.000408,0.000125,,,,,
2.635544777,0.216662005,,6.9461,0.0469,0.5710,,0.025952,0.002463,,0.000674,0.000006,0.000064,,,,,
2.698806286,1.790006876,,7.2836,3.2041,4.8309,,0.026575,0.020347,,0.000706,0.000414,0.000541,,,,,
1.868075371,-1.107136488,,3.4897,1.2258,-2.0682,,0.018395,-0.012585,,0.000338,0.000158,-0.000231,,,,,
-1.782720089,1.130517244,,3.1781,1.2781,-2.0154,,-0.017554,0.012851,,0.000308,0.000165,-0.000226,,,,,
-1.946703315,0.435406029,,3.7897,0.1896,-0.8476,,-0.019169,0.004949,,0.000367,0.000024,-0.000095,,,,,
-1.40709734,0.827588916,,1.9799,0.6849,-1.1645,,-0.013856,0.009407,,0.000192,0.000088,-0.000130,,,,,
0.905393839,0.599970341,,0.8197,0.3600,0.5432,,0.008915,0.006820,,0.000079,0.000047,0.000061,,,,,
0.4689987,-1.529019594,,0.2200,2.3379,-0.7171,,0.004618,-0.017381,,0.000021,0.000302,-0.000080,,,,,
0.255577505,-0.639434457,,0.0653,0.4089,-0.1634,,0.002517,-0.007269,,0.000006,0.000053,-0.000018,,,,,
0.103277378,0.018355846,,0.0107,0.0003,0.0019,,0.001017,0.000209,,0.000001,0.000000,0.000000,,,,,
-2.175571918,-1.419429064,,4.7331,2.0148,3.0881,,-0.021423,-0.016135,,0.000459,0.000260,0.000346,,,,,
-0.071379498,0.436147809,,0.0051,0.1902,-0.0311,,-0.000703,0.004958,,0.000000,0.000025,-0.000003,,,,,
1.75212729,0.71745038,,3.0700,0.5147,1.2571,,0.017253,0.008155,,0.000298,0.000067,0.000141,,,,,
0.364049256,1.915910721,,0.1325,3.6707,0.6975,,0.003585,0.021778,,0.000013,0.000474,0.000078,,,,,
-0.848420739,-1.239085674,,0.7198,1.5353,1.0513,,-0.008354,-0.014085,,0.000070,0.000198,0.000118,,,,,
0.864788771,-1.444361687,,0.7479,2.0862,-1.2491,,0.008515,-0.016418,,0.000073,0.000270,-0.000140,,,,,
1.402065158,-0.215398684,,1.9658,0.0464,-0.3020,,0.013806,-0.002448,,0.000191,0.000006,-0.000034,,,,,
-0.649574041,1.848457813,,0.4219,3.4168,-1.2007,,-0.006396,0.021012,,0.000041,0.000441,-0.000134,,,,,
1.923396349,2.510025501,,3.6995,6.3002,4.8278,,0.018939,0.028532,,0.000359,0.000814,0.000540,,,,,
0.00777106,-2.025296926,,0.0001,4.1018,-0.0157,,0.000077,-0.023022,,0.000000,0.000530,-0.000002,,,,,
0.148077548,0.927335382,,0.0219,0.8600,0.1373,,0.001458,0.010541,,0.000002,0.000111,0.000015,,,,,
0.83368814,1.358828068,,0.6950,1.8464,1.1328,,0.008209,0.015446,,0.000067,0.000239,0.000127,,,,,
-0.280136555,-0.673875451,,0.0785,0.4541,0.1888,,-0.002758,-0.007660,,0.000008,0.000059,0.000021,,,,,
0.829122007,-0.109321527,,0.6874,0.0120,-0.0906,,0.008164,-0.001243,,0.000067,0.000002,-0.000010,,,,,
-0.422308028,0.661113977,,0.1783,0.4371,-0.2792,,-0.004158,0.007515,,0.000017,0.000056,-0.000031,,,,,
0.580681682,-0.213314652,,0.3372,0.0455,-0.1239,,0.005718,-0.002425,,0.000033,0.000006,-0.000014,,,,,
-0.494807065,-1.592392445,,0.2448,2.5357,0.7879,,-0.004872,-0.018101,,0.000024,0.000328,0.000088,,,,,
-1.11203444,0.04795485,,1.2366,0.0023,-0.0533,,-0.010950,0.000545,,0.000120,0.000000,-0.000006,,,,,
-0.493992448,-0.736509681,,0.2440,0.5424,0.3638,,-0.004864,-0.008372,,0.000024,0.000070,0.000041,,,,,
-0.433366627,1.90536809,,0.1878,3.6304,-0.8257,,-0.004267,0.021659,,0.000018,0.000469,-0.000092,,,,,
-1.743527412,0.792204857,,3.0399,0.6276,-1.3812,,-0.017168,0.009005,,0.000295,0.000081,-0.000155,,,,,
0.953772664,-1.072182178,,0.9097,1.1496,-1.0226,,0.009392,-0.012188,,0.000088,0.000149,-0.000114,,,,,
-1.570152402,0.16897428,,2.4654,0.0286,-0.2653,,-0.015461,0.001921,,0.000239,0.000004,-0.000030,,,,,
0.674712181,0.431156695,,0.4552,0.1859,0.2909,,0.006644,0.004901,,0.000044,0.000024,0.000033,,,,,
-1.272149086,-1.723330975,,1.6184,2.9699,2.1923,,-0.012527,-0.019589,,0.000157,0.000384,0.000245,,,,,
2.288721561,1.205663681,,5.2382,1.4536,2.7594,,0.022537,0.013705,,0.000508,0.000188,0.000309,,,,,
0.622509122,0.947966695,,0.3875,0.8986,0.5901,,0.006130,0.010776,,0.000038,0.000116,0.000066,,,,,
-0.077910528,-0.743787408,,0.0061,0.5532,0.0579,,-0.000767,-0.008455,,0.000001,0.000071,0.000006,,,,,
-1.015749812,0.921390533,,1.0317,0.8490,-0.9359,,-0.010002,0.010474,,0.000100,0.000110,-0.000105,,,,,
1.520881891,-0.540202737,,2.3131,0.2918,-0.8216,,0.014976,-0.006141,,0.000224,0.000038,-0.000092,,,,,
1.417402744,2.899146318,,2.0090,8.4050,4.1093,,0.013957,0.032955,,0.000195,0.001086,0.000460,,,,,
-1.0833112,-2.032741547,,1.1736,4.1320,2.2021,,-0.010667,-0.023106,,0.000114,0.000534,0.000246,,,,,
1.711602926,-0.167150348,,2.9296,0.0279,-0.2861,,0.016854,-0.001900,,0.000284,0.000004,-0.000032,,,,,
-2.467568398,-1.821937323,,6.0889,3.3195,4.4958,,-0.024298,-0.020710,,0.000590,0.000429,0.000503,,,,,
-1.237939119,-0.125736818,,1.5325,0.0158,0.1557,,-0.012190,-0.001429,,0.000149,0.000002,0.000017,,,,,
2.486067057,0.935815573,,6.1805,0.8758,2.3265,,0.024480,0.010638,,0.000599,0.000113,0.000260,,,,,
0.876740098,1.145107269,,0.7687,1.3113,1.0040,,0.008633,0.013017,,0.000075,0.000169,0.000112,,,,,
-0.855885208,0.574923277,,0.7325,0.3305,-0.4921,,-0.008428,0.006535,,0.000071,0.000043,-0.000055,,,,,
0.435329258,1.604335785,,0.1895,2.5739,0.6984,,0.004287,0.018237,,0.000018,0.000333,0.000078,,,,,
1.68766284,-1.937086225,,2.8482,3.7523,-3.2691,,0.016618,-0.022019,,0.000276,0.000485,-0.000366,,,,,
-0.895341694,-1.152429581,,0.8016,1.3281,1.0318,,-0.008816,-0.013100,,0.000078,0.000172,0.000115,,,,,
-0.227760762,1.254407883,,0.0519,1.5735,-0.2857,,-0.002243,0.014259,,0.000005,0.000203,-0.000032,,,,,
0.101714969,-1.07052052,,0.0103,1.1460,-0.1089,,0.001002,-0.012169,,0.000001,0.000148,-0.000012,,,,,
1.618617535,-0.37603873,,2.6199,0.1414,-0.6087,,0.015938,-0.004274,,0.000254,0.000018,-0.000068,,,,,
-0.188002124,-2.986632347,,0.0353,8.9200,0.5615,,-0.001851,-0.033949,,0.000003,0.001153,0.000063,,,,,
0.143422067,-1.985886931,,0.0206,3.9437,-0.2848,,0.001412,-0.022574,,0.000002,0.000510,-0.000032,,,,,
-0.300620258,-0.986665785,,0.0904,0.9735,0.2966,,-0.002960,-0.011216,,0.000009,0.000126,0.000033,,,,,
-0.444138676,-0.675933421,,0.1973,0.4569,0.3002,,-0.004373,-0.007683,,0.000019,0.000059,0.000034,,,,,
-2.567647457,-0.991452157,,6.5928,0.9830,2.5457,,-0.025283,-0.011270,,0.000639,0.000127,0.000285,,,,,
0.643459678,0.858933926,,0.4140,0.7378,0.5527,,0.006336,0.009764,,0.000040,0.000095,0.000062,,,,,
3.713047028,-0.225571111,,13.7867,0.0509,-0.8376,,0.036562,-0.002564,,0.001337,0.000007,-0.000094,,,,,
-1.23028326,-0.353268236,,1.5136,0.1248,0.4346,,-0.012114,-0.004016,,0.000147,0.000016,0.000049,,,,,
-1.704208016,1.03869009,,2.9043,1.0789,-1.7701,,-0.016781,0.011807,,0.000282,0.000139,-0.000198,,,,,
0.96293968,0.695862651,,0.9273,0.4842,0.6701,,0.009482,0.007910,,0.000090,0.000063,0.000075,,,,,
-3.854696989,0.175973147,,14.8587,0.0310,-0.6783,,-0.037957,0.002000,,0.001441,0.000004,-0.000076,,,,,
-1.887050509,-0.460467368,,3.5610,0.2120,0.8689,,-0.018582,-0.005234,,0.000345,0.000027,0.000097,,,,,
-1.327091098,-0.477665067,,1.7612,0.2282,0.6339,,-0.013068,-0.005430,,0.000171,0.000029,0.000071,,,,,
1.329730034,-0.706668735,,1.7682,0.4994,-0.9397,,0.013094,-0.008033,,0.000171,0.000065,-0.000105,,,,,
-1.595175385,-0.095761031,,2.5446,0.0092,0.1528,,-0.015708,-0.001089,,0.000247,0.000001,0.000017,,,,,
1.124646783,0.718553007,,1.2648,0.5163,0.8081,,0.011074,0.008168,,0.000123,0.000067,0.000090,,,,,
1.569118381,1.082290411,,2.4621,1.1714,1.6982,,0.015451,0.012303,,0.000239,0.000151,0.000190,,,,,
1.95355463,-1.675728321,,3.8164,2.8081,-3.2736,,0.019236,-0.019048,,0.000370,0.000363,-0.000366,,,,,
-3.193758249,0.508663297,,10.2001,0.2587,-1.6245,,-0.031449,0.005782,,0.000989,0.000033,-0.000182,,,,,
-1.877650023,0.542735517,,3.5256,0.2946,-1.0191,,-0.018489,0.006169,,0.000342,0.000038,-0.000114,,,,,
-2.878953934,0.312194526,,8.2884,0.0975,-0.8988,,-0.028349,0.003549,,0.000804,0.000013,-0.000101,,,,,
-3.154231548,-2.962165594,,9.9492,8.7744,9.3434,,-0.031059,-0.033671,,0.000965,0.001134,0.001046,,,,,
-0.196637005,2.817198277,,0.0387,7.9366,-0.5540,,-0.001936,0.032024,,0.000004,0.001026,-0.000062,,,,,
-0.231746882,0.612501264,,0.0537,0.3752,-0.1419,,-0.002282,0.006962,,0.000005,0.000048,-0.000016,,,,,
-1.460436463,0.190521628,,2.1329,0.0363,-0.2782,,-0.014381,0.002166,,0.000207,0.000005,-0.000031,,,,,
-1.259778023,-1.429085255,,1.5870,2.0423,1.8003,,-0.012405,-0.016245,,0.000154,0.000264,0.000202,,,,,
-0.534670055,-2.024588585,,0.2859,4.0990,1.0825,,-0.005265,-0.023014,,0.000028,0.000530,0.000121,,,,,
0.881695807,-0.018204546,,0.7774,0.0003,-0.0161,,0.008682,-0.000207,,0.000075,0.000000,-0.000002,,,,,
0.329557329,-0.810393989,,0.1086,0.6567,-0.2671,,0.003245,-0.009212,,0.000011,0.000085,-0.000030,,,,,
-0.671631992,1.559006095,,0.4511,2.4305,-1.0471,,-0.006613,0.017721,,0.000044,0.000314,-0.000117,,,,,
-0.940109491,-1.182415009,,0.8838,1.3981,1.1116,,-0.009257,-0.013441,,0.000086,0.000181,0.000124,,,,,
-0.467932045,2.329488039,,0.2190,5.4265,-1.0900,,-0.004608,0.026480,,0.000021,0.000701,-0.000122,,,,,
0.137073576,-1.118833184,,0.0188,1.2518,-0.1534,,0.001350,-0.012718,,0.000002,0.000162,-0.000017,,,,,
-1.655400038,0.278436661,,2.7403,0.0775,-0.4609,,-0.016301,0.003165,,0.000266,0.000010,-0.000052,,,,,
-0.485963583,0.047242269,,0.2362,0.0022,-0.0230,,-0.004785,0.000537,,0.000023,0.000000,-0.000003,,,,,
-0.766661584,-0.662478983,,0.5878,0.4389,0.5079,,-0.007549,-0.007530,,0.000057,0.000057,0.000057,,,,,
0.792099237,3.411001205,,0.6274,11.6349,2.7019,,0.007800,0.038773,,0.000061,0.001503,0.000302,,,,,
-1.749256849,-1.413489223,,3.0599,1.9980,2.4726,,-0.017225,-0.016067,,0.000297,0.000258,0.000277,,,,,
1.423258543,-0.602263331,,2.0257,0.3627,-0.8572,,0.014015,-0.006846,,0.000196,0.000047,-0.000096,,,,,
0.630289316,0.874308705,,0.3973,0.7644,0.5511,,0.006206,0.009938,,0.000039,0.000099,0.000062,,,,,
0.404649436,0.904396772,,0.1637,0.8179,0.3660,,0.003985,0.010280,,0.000016,0.000106,0.000041,,,,,
-0.025671825,-0.068931967,,0.0007,0.0048,0.0018,,-0.000253,-0.000784,,0.000000,0.000001,0.000000,,,,,
-1.75114584,1.186281323,,3.0665,1.4073,-2.0774,,-0.017243,0.013485,,0.000297,0.000182,-0.000233,,,,,
-0.524693608,-0.001738623,,0.2753,0.0000,0.0009,,-0.005167,-0.000020,,0.000027,0.000000,0.000000,,,,,
0.619130254,0.00026238,,0.3833,0.0000,0.0002,,0.006097,0.000003,,0.000037,0.000000,0.000000,,,,,
1.258705974,0.759512424,,1.5843,0.5769,0.9560,,0.012394,0.008633,,0.000154,0.000075,0.000107,,,,,
-2.729722977,-0.510949492,,7.4514,0.2611,1.3948,,-0.026879,-0.005808,,0.000722,0.000034,0.000156,,,,,
0.93786037,1.470320225,,0.8796,2.1618,1.3790,,0.009235,0.016713,,0.000085,0.000279,0.000154,,,,,
0.965143561,1.479210854,,0.9315,2.1881,1.4277,,0.009504,0.016814,,0.000090,0.000283,0.000160,,,,,
-0.245519802,0.269146413,,0.0603,0.0724,-0.0661,,-0.002418,0.003059,,0.000006,0.000009,-0.000007,,,,,
-1.348567605,-2.320590734,,1.8186,5.3851,3.1295,,-0.013279,-0.026379,,0.000176,0.000696,0.000350,,,,,
0.496758223,0.950756788,,0.2468,0.9039,0.4723,,0.004892,0.010807,,0.000024,0.000117,0.000053,,,,,
-1.060254097,-1.039982796,,1.1241,1.0816,1.1026,,-0.010440,-0.011822,,0.000109,0.000140,0.000123,,,,,
2.205674648,3.781620979,,4.8650,14.3007,8.3410,,0.021719,0.042986,,0.000472,0.001848,0.000934,,,,,
0.975875676,1.81027329,,0.9523,3.2771,1.7666,,0.009609,0.020578,,0.000092,0.000423,0.000198,,,,,
-1.320537329,-0.493073523,,1.7438,0.2431,0.6511,,-0.013003,-0.005605,,0.000169,0.000031,0.000073,,,,,
-1.327277899,-2.169220448,,1.7617,4.7055,2.8792,,-0.013070,-0.024658,,0.000171,0.000608,0.000322,,,,,
0.511287451,-1.789501309,,0.2614,3.2023,-0.9149,,0.005035,-0.020342,,0.000025,0.000414,-0.000102,,,,,
-0.837202191,-1.025459409,,0.7009,1.0516,0.8585,,-0.008244,-0.011657,,0.000068,0.000136,0.000096,,,,,
0.263141513,0.380194426,,0.0692,0.1445,0.1000,,0.002591,0.004322,,0.000007,0.000019,0.000011,,,,,
2.051699638,0.513432145,,4.2095,0.2636,1.0534,,0.020203,0.005836,,0.000408,0.000034,0.000118,,,,,
-2.671196461,-2.022575617,,7.1353,4.0908,5.4027,,-0.026303,-0.022991,,0.000692,0.000529,0.000605,,,,,
2.404798985,0.599251151,,5.7831,0.3591,1.4411,,0.023680,0.006812,,0.000561,0.000046,0.000161,,,,,
0.136487678,0.51228708,,0.0186,0.2624,0.0699,,0.001344,0.005823,,0.000002,0.000034,0.000008,,,,,
-2.347609997,0.313294679,,5.5113,0.0982,-0.7355,,-0.023117,0.003561,,0.000534,0.000013,-0.000082,,,,,
-1.434246182,-0.479472816,,2.0571,0.2299,0.6877,,-0.014123,-0.005450,,0.000199,0.000030,0.000077,,,,,
0.528846443,-1.129505873,,0.2797,1.2758,-0.5973,,0.005207,-0.012839,,0.000027,0.000165,-0.000067,,,,,
0.438660383,1.14207077,,0.1924,1.3043,0.5010,,0.004319,0.012982,,0.000019,0.000169,0.000056,,,,,
0.824482501,-0.286352217,,0.6798,0.0820,-0.2361,,0.008119,-0.003255,,0.000066,0.000011,-0.000026,,,,,
-0.073653728,-0.959786475,,0.0054,0.9212,0.0707,,-0.000725,-0.010910,,0.000001,0.000119,0.000008,,,,,
0.299739242,-0.442222178,,0.0898,0.1956,-0.1326,,0.002952,-0.005027,,0.000009,0.000025,-0.000015,,,,,
-2.494585037,-0.714385629,,6.2230,0.5103,1.7821,,-0.024564,-0.008121,,0.000603,0.000066,0.000199,,,,,
1.043840885,0.872870922,,1.0896,0.7619,0.9111,,0.010279,0.009922,,0.000106,0.000098,0.000102,,,,,
0.871180415,-0.127900094,,0.7590,0.0164,-0.1114,,0.008578,-0.001454,,0.000074,0.000002,-0.000012,,,,,
-1.073250055,-1.798704147,,1.1519,3.2353,1.9305,,-0.010568,-0.020446,,0.000112,0.000418,0.000216,,,,,
0.484069526,1.045869827,,0.2343,1.0938,0.5063,,0.004767,0.011889,,0.000023,0.000141,0.000057,,,,,
-0.392783016,1.314562559,,0.1543,1.7281,-0.5163,,-0.003868,0.014943,,0.000015,0.000223,-0.000058,,,,,
0.298732311,1.88590312,,0.0892,3.5566,0.5634,,0.002942,0.021437,,0.000009,0.000460,0.000063,,,,,
0.539656162,0.148089021,,0.2912,0.0219,0.0799,,0.005314,0.001683,,0.000028,0.000003,0.000009,,,,,
0.223694891,-0.552440286,,0.0500,0.3052,-0.1236,,0.002203,-0.006280,,0.000005,0.000039,-0.000014,,,,,
3.965162277,2.741771936,,15.7225,7.5173,10.8716,,0.039045,0.031166,,0.001524,0.000971,0.001217,,,,,
-0.063788697,-1.153935671,,0.0041,1.3316,0.0736,,-0.000628,-0.013117,,0.000000,0.000172,0.000008,,,,,
-1.09706521,-2.246719122,,1.2036,5.0477,2.4648,,-0.010803,-0.025539,,0.000117,0.000652,0.000276,,,,,
-1.655489683,-1.680571556,,2.7406,2.8243,2.7822,,-0.016301,-0.019103,,0.000266,0.000365,0.000311,,,,,
0.182711899,-1.414463043,,0.0334,2.0007,-0.2584,,0.001799,-0.016078,,0.000003,0.000259,-0.000029,,,,,
-0.193458617,-0.145830974,,0.0374,0.0213,0.0282,,-0.001905,-0.001658,,0.000004,0.000003,0.000003,,,,,
-1.133417487,-0.516188562,,1.2846,0.2665,0.5851,,-0.011161,-0.005868,,0.000125,0.000034,0.000065,,,,,
0.124798536,-0.791766286,,0.0156,0.6269,-0.0988,,0.001229,-0.009000,,0.000002,0.000081,-0.000011,,,,,
4.289522171,0.590588808,,18.4000,0.3488,2.5333,,0.042238,0.006713,,0.001784,0.000045,0.000284,,,,,
2.386318207,1.18084383,,5.6945,1.3944,2.8179,,0.023498,0.013423,,0.000552,0.000180,0.000315,,,,,
0.329362065,-0.069176614,,0.1085,0.0048,-0.0228,,0.003243,-0.000786,,0.000011,0.000001,-0.000003,,,,,
0.794048727,-0.945606589,,0.6305,0.8942,-0.7509,,0.007819,-0.010749,,0.000061,0.000116,-0.000084,,,,,
1.835013866,1.119883776,,3.3673,1.2541,2.0550,,0.018069,0.012730,,0.000326,0.000162,0.000230,,,,,
-1.831256509,-1.550067782,,3.3535,2.4027,2.8386,,-0.018032,-0.017620,,0.000325,0.000310,0.000318,,,,,
1.418225646,1.73236835,,2.0114,3.0011,2.4569,,0.013965,0.019692,,0.000195,0.000388,0.000275,,,,,
1.050304055,0.12047182,,1.1031,0.0145,0.1265,,0.010342,0.001369,,0.000107,0.000002,0.000014,,,,,
0.598590016,-0.673570335,,0.3583,0.4537,-0.4032,,0.005894,-0.007657,,0.000035,0.000059,-0.000045,,,,,
-0.440055132,-1.893126488,,0.1936,3.5839,0.8331,,-0.004333,-0.021519,,0.000019,0.000463,0.000093,,,,,
1.12142241,1.867809057,,1.2576,3.4887,2.0946,,0.011043,0.021232,,0.000122,0.000451,0.000234,,,,,
0.810976982,0.780701876,,0.6577,0.6095,0.6331,,0.007986,0.008874,,0.000064,0.000079,0.000071,,,,,
0.510754764,0.616702199,,0.2609,0.3803,0.3150,,0.005029,0.007010,,0.000025,0.000049,0.000035,,,,,
-0.536008239,0.170318931,,0.2873,0.0290,-0.0913,,-0.005278,0.001936,,0.000028,0.000004,-0.000010,,,,,
1.773622394,0.585573733,,3.1457,0.3429,1.0386,,0.017465,0.006656,,0.000305,0.000044,0.000116,,,,,
1.112198114,0.423011303,,1.2370,0.1789,0.4705,,0.010952,0.004808,,0.000120,0.000023,0.000053,,,,,
-0.323523998,0.412748694,,0.1047,0.1704,-0.1335,,-0.003186,0.004692,,0.000010,0.000022,-0.000015,,,,,
-0.363764644,-0.022534996,,0.1323,0.0005,0.0082,,-0.003582,-0.000256,,0.000013,0.000000,0.000001,,,,,
-3.060640812,-1.598833442,,9.3675,2.5563,4.8935,,-0.030138,-0.018174,,0.000908,0.000330,0.000548,,,,,
-2.389838696,4.278042793,,5.7113,18.3017,-10.2238,,-0.023532,0.048629,,0.000554,0.002365,-0.001144,,,,,
-0.256121039,-0.791652441,,0.0656,0.6267,0.2028,,-0.002522,-0.008999,,0.000006,0.000081,0.000023,,,,,
0.369883984,-1.359681845,,0.1368,1.8487,-0.5029,,0.003642,-0.015456,,0.000013,0.000239,-0.000056,,,,,
-1.244995356,1.584406853,,1.5500,2.5103,-1.9726,,-0.012259,0.018010,,0.000150,0.000324,-0.000221,,,,,
1.384701967,0.108533457,,1.9174,0.0118,0.1503,,0.013635,0.001234,,0.000186,0.000002,0.000017,,,,,
1.927594304,-0.256223291,,3.7156,0.0657,-0.4939,,0.018981,-0.002913,,0.000360,0.000008,-0.000055,,,,,
1.096231937,1.25052762,,1.2017,1.5638,1.3709,,0.010794,0.014215,,0.000117,0.000202,0.000153,,,,,
0.958230972,0.559740365,,0.9182,0.3133,0.5364,,0.009436,0.006363,,0.000089,0.000040,0.000060,,,,,
-0.664229453,-1.806122184,,0.4412,3.2621,1.1997,,-0.006541,-0.020530,,0.000043,0.000421,0.000134,,,,,
0.647205412,-0.494069338,,0.4189,0.2441,-0.3198,,0.006373,-0.005616,,0.000041,0.000032,-0.000036,,,,,
-1.951626539,-2.689935684,,3.8088,7.2358,5.2497,,-0.019217,-0.030577,,0.000369,0.000935,0.000588,,,,,
1.928943634,-0.519496918,,3.7208,0.2699,-1.0021,,0.018994,-0.005905,,0.000361,0.000035,-0.000112,,,,,
0.28157568,-0.583311856,,0.0793,0.3403,-0.1642,,0.002773,-0.006631,,0.000008,0.000044,-0.000018,,,,,
-1.709619522,-0.586882949,,2.9228,0.3444,1.0033,,-0.016834,-0.006671,,0.000283,0.000045,0.000112,,,,,
0.475022733,-1.145264506,,0.2256,1.3116,-0.5440,,0.004677,-0.013018,,0.000022,0.000169,-0.000061,,,,,
-0.490312427,0.598816395,,0.2404,0.3586,-0.2936,,-0.004828,0.006807,,0.000023,0.000046,-0.000033,,,,,
0.679384112,-1.214848399,,0.4616,1.4759,-0.8253,,0.006690,-0.013809,,0.000045,0.000191,-0.000092,,,,,
1.787503004,-0.396846473,,3.1952,0.1575,-0.7094,,0.017601,-0.004511,,0.000310,0.000020,-0.000079,,,,,
-0.538912773,-1.540820122,,0.2904,2.3741,0.8304,,-0.005307,-0.017515,,0.000028,0.000307,0.000093,,,,,
1.382309079,0.48661086,,1.9108,0.2368,0.6726,,0.013611,0.005531,,0.000185,0.000031,0.000075,,,,,
-2.929049015,-0.77467227,,8.5793,0.6001,2.2691,,-0.028842,-0.008806,,0.000832,0.000078,0.000254,,,,,
2.297322989,-0.023760468,,5.2777,0.0006,-0.0546,,0.022622,-0.000270,,0.000512,0.000000,-0.000006,,,,,
1.442120075,2.895365238,,2.0797,8.3831,4.1755,,0.014200,0.032912,,0.000202,0.001083,0.000467,,,,,
-0.765569448,0.586437345,,0.5861,0.3439,-0.4490,,-0.007538,0.006666,,0.000057,0.000044,-0.000050,,,,,
1.157114506,0.764998555,,1.3389,0.5852,0.8852,,0.011394,0.008696,,0.000130,0.000076,0.000099,,,,,
1.579116344,-0.097904198,,2.4936,0.0096,-0.1546,,0.015549,-0.001113,,0.000242,0.000001,-0.000017,,,,,
-0.957435846,0.089234531,,0.9167,0.0080,-0.0854,,-0.009428,0.001014,,0.000089,0.000001,-0.000010,,,,,
-1.307631612,-1.866057158,,1.7099,3.4822,2.4401,,-0.012876,-0.021212,,0.000166,0.000450,0.000273,,,,,
-1.802494407,-1.140522242,,3.2490,1.3008,2.0558,,-0.017749,-0.012964,,0.000315,0.000168,0.000230,,,,,
1.170173049,-0.134231821,,1.3693,0.0180,-0.1571,,0.011523,-0.001526,,0.000133,0.000002,-0.000018,,,,,
-0.826354742,-1.022999048,,0.6829,1.0465,0.8454,,-0.008137,-0.011629,,0.000066,0.000135,0.000095,,,,,
0.994730413,1.523952842,,0.9895,2.3224,1.5159,,0.009795,0.017323,,0.000096,0.000300,0.000170,,,,,
2.075959206,3.215175867,,4.3096,10.3374,6.6746,,0.020442,0.036547,,0.000418,0.001336,0.000747,,,,,
-1.685495019,0.019443572,,2.8409,0.0004,-0.0328,,-0.016597,0.000221,,0.000275,0.000000,-0.000004,,,,,
-2.596643209,-2.521975994,,6.7426,6.3604,6.5487,,-0.025569,-0.028668,,0.000654,0.000822,0.000733,,,,,
-1.644425273,-0.740859628,,2.7041,0.5489,1.2183,,-0.016192,-0.008421,,0.000262,0.000071,0.000136,,,,,
0.244013399,-1.37026,,0.0595,1.8776,-0.3344,,0.002403,-0.015576,,0.000006,0.000243,-0.000037,,,,,
-0.651925802,0.92396915,,0.4250,0.8537,-0.6024,,-0.006419,0.010503,,0.000041,0.000110,-0.000067,,,,,
-0.800295234,0.841772676,,0.6405,0.7086,-0.6737,,-0.007880,0.009569,,0.000062,0.000092,-0.000075,,,,,
-0.109054327,-2.025250912,,0.0119,4.1016,0.2209,,-0.001074,-0.023021,,0.000001,0.000530,0.000025,,,,,
-2.51717186,-1.127826929,,6.3362,1.2720,2.8389,,-0.024786,-0.012820,,0.000614,0.000164,0.000318,,,,,
1.059263468,0.084130652,,1.1220,0.0071,0.0891,,0.010430,0.000956,,0.000109,0.000001,0.000010,,,,,
-0.065576091,-0.754359543,,0.0043,0.5691,0.0495,,-0.000646,-0.008575,,0.000000,0.000074,0.000006,,,,,
0.205234125,2.16576767,,0.0421,4.6905,0.4445,,0.002021,0.024619,,0.000004,0.000606,0.000050,,,,,
0.334067434,1.928614259,,0.1116,3.7196,0.6443,,0.003290,0.021923,,0.000011,0.000481,0.000072,,,,,
-0.641765833,2.748939514,,0.4119,7.5567,-1.7642,,-0.006319,0.031248,,0.000040,0.000976,-0.000197,,,,,
-0.272492558,0.683191121,,0.0743,0.4668,-0.1862,,-0.002683,0.007766,,0.000007,0.000060,-0.000021,,,,,
-2.548765182,-1.347920418,,6.4962,1.8169,3.4355,,-0.025097,-0.015322,,0.000630,0.000235,0.000385,,,,,
1.491108894,-0.591038942,,2.2234,0.3493,-0.8813,,0.014683,-0.006718,,0.000216,0.000045,-0.000099,,,,,
-0.253050506,0.587722778,,0.0640,0.3454,-0.1487,,-0.002492,0.006681,,0.000006,0.000045,-0.000017,,,,,
0.294488192,0.198089764,,0.0867,0.0392,0.0583,,0.002900,0.002252,,0.000008,0.000005,0.000007,,,,,
0.654476523,0.517921448,,0.4283,0.2682,0.3390,,0.006445,0.005887,,0.000042,0.000035,0.000038,,,,,
-0.11362873,-1.409308314,,0.0129,1.9861,0.1601,,-0.001119,-0.016020,,0.000001,0.000257,0.000018,,,,,
1.317867756,-0.261103362,,1.7368,0.0682,-0.3441,,0.012977,-0.002968,,0.000168,0.000009,-0.000039,,,,,
2.665303707,-0.732172728,,7.1038,0.5361,-1.9515,,0.026245,-0.008323,,0.000689,0.000069,-0.000218,,,,,
1.448740959,0.790403962,,2.0989,0.6247,1.1451,,0.014266,0.008985,,0.000204,0.000081,0.000128,,,,,
-0.173928425,0.582364082,,0.0303,0.3391,-0.1013,,-0.001713,0.006620,,0.000003,0.000044,-0.000011,,,,,
0.658892751,0.4263587,,0.4341,0.1818,0.2809,,0.006488,0.004846,,0.000042,0.000023,0.000031,,,,,
0.621809006,0.948441684,,0.3866,0.8995,0.5897,,0.006123,0.010781,,0.000037,0.000116,0.000066,,,,,
-2.029392958,0.358996183,,4.1184,0.1289,-0.7285,,-0.019983,0.004081,,0.000399,0.000017,-0.000082,,,,,
-1.416355371,1.530908346,,2.0061,2.3437,-2.1683,,-0.013947,0.017402,,0.000195,0.000303,-0.000243,,,,,
-1.685396791,-1.818595409,,2.8406,3.3073,3.0651,,-0.016596,-0.020672,,0.000275,0.000427,0.000343,,,,,
2.406752825,0.056341618,,5.7925,0.0032,0.1356,,0.023699,0.000640,,0.000562,0.000000,0.000015,,,,,
-2.02471137,0.362258196,,4.0995,0.1312,-0.7335,,-0.019937,0.004118,,0.000397,0.000017,-0.000082,,,,,
-1.593355894,-0.732871294,,2.5388,0.5371,1.1677,,-0.015690,-0.008331,,0.000246,0.000069,0.000131,,,,,
-0.544916868,0.031311758,,0.2969,0.0010,-0.0171,,-0.005366,0.000356,,0.000029,0.000000,-0.000002,,,,,
0.171612367,-0.793933988,,0.0295,0.6303,-0.1362,,0.001690,-0.009025,,0.000003,0.000081,-0.000015,,,,,
-0.935937047,-1.793156266,,0.8760,3.2154,1.6783,,-0.009216,-0.020383,,0.000085,0.000415,0.000188,,,,,
-0.003338613,-1.232400894,,0.0000,1.5188,0.0041,,-0.000033,-0.014009,,0.000000,0.000196,0.000000,,,,,
-0.869195282,-1.004000187,,0.7555,1.0080,0.8727,,-0.008559,-0.011413,,0.000073,0.000130,0.000098,,,,,
1.590120077,-0.78215611,,2.5285,0.6118,-1.2437,,0.015658,-0.008891,,0.000245,0.000079,-0.000139,,,,,
0.435054988,2.704769611,,0.1893,7.3158,1.1767,,0.004284,0.030746,,0.000018,0.000945,0.000132,,,,,
-1.870918274,-0.948661983,,3.5003,0.9000,1.7749,,-0.018423,-0.010784,,0.000339,0.000116,0.000199,,,,,
-1.535383463,-3.055803061,,2.3574,9.3379,4.6918,,-0.015119,-0.034736,,0.000229,0.001207,0.000525,,,,,
-3.078584194,-1.154740334,,9.4777,1.3334,3.5550,,-0.030315,-0.013126,,0.000919,0.000172,0.000398,,,,,
-1.490745068,1.452063203,,2.2223,2.1085,-2.1647,,-0.014679,0.016506,,0.000215,0.000272,-0.000242,,,,,
0.432535589,-0.060283259,,0.1871,0.0036,-0.0261,,0.004259,-0.000685,,0.000018,0.000000,-0.000003,,,,,
-0.463999152,-0.643090844,,0.2153,0.4136,0.2984,,-0.004569,-0.007310,,0.000021,0.000053,0.000033,,,,,
1.164030552,1.243917704,,1.3550,1.5473,1.4480,,0.011462,0.014140,,0.000131,0.000200,0.000162,,,,,
-0.617498457,0.636817932,,0.3813,0.4055,-0.3932,,-0.006080,0.007239,,0.000037,0.000052,-0.000044,,,,,
0.590593457,1.658309221,,0.3488,2.7500,0.9794,,0.005816,0.018850,,0.000034,0.000355,0.000110,,,,,
-3.667984724,-0.716907442,,13.4541,0.5140,2.6296,,-0.036118,-0.008149,,0.001305,0.000066,0.000294,,,,,
0.429701447,-1.677993536,,0.1846,2.8157,-0.7210,,0.004231,-0.019074,,0.000018,0.000364,-0.000081,,,,,
-1.943919778,-1.693096042,,3.7788,2.8666,3.2912,,-0.019142,-0.019246,,0.000366,0.000370,0.000368,,,,,
1.765842438,-0.087571755,,3.1182,0.0077,-0.1546,,0.017388,-0.000995,,0.000302,0.000001,-0.000017,,,,,
-0.370483279,0.305081069,,0.1373,0.0931,-0.1130,,-0.003648,0.003468,,0.000013,0.000012,-0.000013,,,,,
2.845423222,2.97867465,,8.0964,8.8725,8.4756,,0.028019,0.033859,,0.000785,0.001146,0.000949,,,,,
0.405385554,-0.875080884,,0.1643,0.7658,-0.3547,,0.003992,-0.009947,,0.000016,0.000099,-0.000040,,,,,
-1.62340951,-2.203758717,,2.6355,4.8566,3.5776,,-0.015986,-0.025050,,0.000256,0.000628,0.000400,,,,,
-0.516515136,-0.068902075,,0.2668,0.0047,0.0356,,-0.005086,-0.000783,,0.000026,0.000001,0.000004,,,,,
-3.054971695,-1.178382397,,9.3329,1.3886,3.5999,,-0.030082,-0.013395,,0.000905,0.000179,0.000403,,,,,
-0.183996275,2.859628201,,0.0339,8.1775,-0.5262,,-0.001812,0.032506,,0.000003,0.001057,-0.000059,,,,,
1.058264256,1.895571589,,1.1199,3.5932,2.0060,,0.010421,0.021547,,0.000109,0.000464,0.000225,,,,,
0.923456967,1.59758234,,0.8528,2.5523,1.4753,,0.009093,0.018160,,0.000083,0.000330,0.000165,,,,,
-0.714790702,-0.406069875,,0.5109,0.1649,0.2903,,-0.007038,-0.004616,,0.000050,0.000021,0.000032,,,,,
0.480517685,-0.871211171,,0.2309,0.7590,-0.4186,,0.004732,-0.009903,,0.000022,0.000098,-0.000047,,,,,
-1.420659423,0.683601677,,2.0183,0.4673,-0.9712,,-0.013989,0.007771,,0.000196,0.000060,-0.000109,,,,,
-0.198326379,0.103554167,,0.0393,0.0107,-0.0205,,-0.001953,0.001177,,0.000004,0.000001,-0.000002,,,,,
-1.116544962,-0.701482713,,1.2467,0.4921,0.7832,,-0.010995,-0.007974,,0.000121,0.000064,0.000088,,,,,
0.23551625,-1.834969878,,0.0555,3.3671,-0.4322,,0.002319,-0.020858,,0.000005,0.000435,-0.000048,,,,,
0.400388539,-0.541696846,,0.1603,0.2934,-0.2169,,0.003943,-0.006158,,0.000016,0.000038,-0.000024,,,,,
-0.834939718,-0.694143534,,0.6971,0.4818,0.5796,,-0.008222,-0.007890,,0.000068,0.000062,0.000065,,,,,
0.945482612,-0.670048296,,0.8939,0.4490,-0.6335,,0.009310,-0.007617,,0.000087,0.000058,-0.000071,,,,,
-0.175951123,-1.156394482,,0.0310,1.3372,0.2035,,-0.001733,-0.013145,,0.000003,0.000173,0.000023,,,,,
-1.332812428,0.178464636,,1.7764,0.0318,-0.2379,,-0.013124,0.002029,,0.000172,0.000004,-0.000027,,,,,
-1.793568134,-2.579916954,,3.2169,6.6560,4.6273,,-0.017661,-0.029326,,0.000312,0.000860,0.000518,,,,,
2.348745823,0.991561651,,5.5166,0.9832,2.3289,,0.023128,0.011271,,0.000535,0.000127,0.000261,,,,,
-0.913543344,-1.544875383,,0.8346,2.3866,1.4113,,-0.008996,-0.017561,,0.000081,0.000308,0.000158,,,,,
-0.487417042,-1.119438052,,0.2376,1.2531,0.5456,,-0.004800,-0.012725,,0.000023,0.000162,0.000061,,,,,
-0.611667991,-2.117851257,,0.3741,4.4853,1.2954,,-0.006023,-0.024074,,0.000036,0.000580,0.000145,,,,,
0.459029436,0.765239954,,0.2107,0.5856,0.3513,,0.004520,0.008699,,0.000020,0.000076,0.000039,,,,,
-1.636064649,-0.587460697,,2.6767,0.3451,0.9611,,-0.016110,-0.006678,,0.000260,0.000045,0.000108,,,,,
0.530895054,-0.92003274,,0.2818,0.8465,-0.4884,,0.005228,-0.010458,,0.000027,0.000109,-0.000055,,,,,
-0.148132339,-0.952034354,,0.0219,0.9064,0.1410,,-0.001459,-0.010822,,0.000002,0.000117,0.000016,,,,,
0.058126226,-3.237839699,,0.0034,10.4836,-0.1882,,0.000572,-0.036805,,0.000000,0.001355,-0.000021,,,,,
-0.343575746,-0.072135016,,0.1180,0.0052,0.0248,,-0.003383,-0.000820,,0.000011,0.000001,0.000003,,,,,
-3.477324963,-1.07642436,,12.0918,1.1587,3.7431,,-0.034241,-0.012236,,0.001172,0.000150,0.000419,,,,,
4.501235008,1.775181532,,20.2611,3.1513,7.9905,,0.044323,0.020179,,0.001965,0.000407,0.000894,,,,,
-0.402211547,-0.624915063,,0.1618,0.3905,0.2513,,-0.003961,-0.007104,,0.000016,0.000050,0.000028,,,,,
0.510623932,1.223043323,,0.2607,1.4958,0.6245,,0.005028,0.013903,,0.000025,0.000193,0.000070,,,,,
-1.21756351,1.841425896,,1.4825,3.3908,-2.2421,,-0.011989,0.020932,,0.000144,0.000438,-0.000251,,,,,
0.863658845,0.293632507,,0.7459,0.0862,0.2536,,0.008504,0.003338,,0.000072,0.000011,0.000028,,,,,
0.03788564,-0.86070168,,0.0014,0.7408,-0.0326,,0.000373,-0.009784,,0.000000,0.000096,-0.000004,,,,,
-2.07317543,-0.205798596,,4.2981,0.0424,0.4267,,-0.020414,-0.002339,,0.000417,0.000005,0.000048,,,,,
-2.396036863,-3.737196445,,5.7410,13.9666,8.9545,,-0.023594,-0.042481,,0.000557,0.001805,0.001002,,,,,
-0.614088476,-0.180228159,,0.3771,0.0325,0.1107,,-0.006047,-0.002049,,0.000037,0.000004,0.000012,,,,,
0.46783036,1.029740572,,0.2189,1.0604,0.4817,,0.004607,0.011705,,0.000021,0.000137,0.000054,,,,,
-1.306485176,-0.597078443,,1.7069,0.3565,0.7801,,-0.012865,-0.006787,,0.000166,0.000046,0.000087,,,,,
0.831222892,-1.916822314,,0.6909,3.6742,-1.5933,,0.008185,-0.021789,,0.000067,0.000475,-0.000178,,,,,
-1.300401926,-0.504053056,,1.6910,0.2541,0.6555,,-0.012805,-0.005730,,0.000164,0.000033,0.000073,,,,,
0.171274394,1.287992239,,0.0293,1.6589,0.2206,,0.001687,0.014641,,0.000003,0.000214,0.000025,,,,,
0.193896309,0.848597765,,0.0376,0.7201,0.1645,,0.001909,0.009646,,0.000004,0.000093,0.000018,,,,,
-1.131718278,-0.508558154,,1.2808,0.2586,0.5755,,-0.011144,-0.005781,,0.000124,0.000033,0.000064,,,,,
1.510234714,-0.465998173,,2.2808,0.2172,-0.7038,,0.014871,-0.005297,,0.000221,0.000028,-0.000079,,,,,
-0.327898085,-0.086204238,,0.1075,0.0074,0.0283,,-0.003229,-0.000980,,0.000010,0.000001,0.000003,,,,,
-2.03334713,0.969722509,,4.1345,0.9404,-1.9718,,-0.020022,0.011023,,0.000401,0.000122,-0.000221,,,,,
-2.914459705,-1.963343859,,8.4941,3.8547,5.7221,,-0.028698,-0.022318,,0.000824,0.000498,0.000640,,,,,
-1.252980232,0.948853135,,1.5700,0.9003,-1.1889,,-0.012338,0.010786,,0.000152,0.000116,-0.000133,,,,,
-0.943933129,-0.684967518,,0.8910,0.4692,0.6466,,-0.009295,-0.007786,,0.000086,0.000061,0.000072,,,,,
1.458469152,1.38788259,,2.1271,1.9262,2.0242,,0.014361,0.015776,,0.000206,0.000249,0.000227,,,,,
-3.592779636,-2.071001291,,12.9081,4.2890,7.4407,,-0.035378,-0.023541,,0.001252,0.000554,0.000833,,,,,
-0.158504099,0.318015963,,0.0251,0.1011,-0.0504,,-0.001561,0.003615,,0.000002,0.000013,-0.000006,,,,,
0.044590443,1.845520854,,0.0020,3.4059,0.0823,,0.000439,0.020978,,0.000000,0.000440,0.000009,,,,,
-0.470644712,-0.46343261,,0.2215,0.2148,0.2181,,-0.004634,-0.005268,,0.000021,0.000028,0.000024,,,,,
3.776831388,0.505981922,,14.2645,0.2560,1.9110,,0.037190,0.005752,,0.001383,0.000033,0.000214,,,,,
0.163669497,0.034269989,,0.0268,0.0012,0.0056,,0.001612,0.000390,,0.000003,0.000000,0.000001,,,,,
1.335089564,1.331058025,,1.7825,1.7717,1.7771,,0.013146,0.015130,,0.000173,0.000229,0.000199,,,,,
1.190019131,1.374923706,,1.4161,1.8904,1.6362,,0.011718,0.015629,,0.000137,0.000244,0.000183,,,,,
-2.516785145,-1.20497179,,6.3342,1.4520,3.0327,,-0.024783,-0.013697,,0.000614,0.000188,0.000339,,,,,
0.232239693,-1.495894194,,0.0539,2.2377,-0.3474,,0.002287,-0.017004,,0.000005,0.000289,-0.000039,,,,,
1.062894106,1.868899107,,1.1297,3.4928,1.9864,,0.010466,0.021244,,0.000110,0.000451,0.000222,,,,,
-0.828011334,-1.076099873,,0.6856,1.1580,0.8910,,-0.008153,-0.012232,,0.000066,0.000150,0.000100,,,,,
-1.815807939,0.063884228,,3.2972,0.0041,-0.1160,,-0.017880,0.000726,,0.000320,0.000001,-0.000013,,,,,
-1.635771036,1.697479367,,2.6757,2.8814,-2.7767,,-0.016107,0.019296,,0.000259,0.000372,-0.000311,,,,,
-1.880533099,-0.813493729,,3.5364,0.6618,1.5298,,-0.018517,-0.009247,,0.000343,0.000086,0.000171,,,,,
-0.324583799,0.115199424,,0.1054,0.0133,-0.0374,,-0.003196,0.001309,,0.000010,0.000002,-0.000004,,,,,
-0.552087307,0.825906873,,0.3048,0.6821,-0.4560,,-0.005436,0.009388,,0.000030,0.000088,-0.000051,,,,,
1.2013973,1.330498576,,1.4434,1.7702,1.5985,,0.011830,0.015124,,0.000140,0.000229,0.000179,,,,,
-0.352777779,0.816583335,,0.1245,0.6668,-0.2881,,-0.003474,0.009282,,0.000012,0.000086,-0.000032,,,,,
0.714508414,-0.93132472,,0.5105,0.8674,-0.6654,,0.007036,-0.010587,,0.000050,0.000112,-0.000074,,,,,
-0.447121203,-1.781634808,,0.1999,3.1742,0.7966,,-0.004403,-0.020252,,0.000019,0.000410,0.000089,,,,,
-1.953914404,-0.138271794,,3.8178,0.0191,0.2702,,-0.019240,-0.001572,,0.000370,0.000002,0.000030,,,,,
-2.986428499,-1.183289289,,8.9188,1.4002,3.5338,,-0.029407,-0.013451,,0.000865,0.000181,0.000396,,,,,
-0.174057841,0.347757518,,0.0303,0.1209,-0.0605,,-0.001714,0.003953,,0.000003,0.000016,-0.000007,,,,,
0.070287585,-1.147631049,,0.0049,1.3171,-0.0807,,0.000692,-0.013045,,0.000000,0.000170,-0.000009,,,,,
-1.362208009,-0.199525356,,1.8556,0.0398,0.2718,,-0.013414,-0.002268,,0.000180,0.000005,0.000030,,,,,
-2.216696262,-1.38570869,,4.9137,1.9202,3.0717,,-0.021828,-0.015752,,0.000476,0.000248,0.000344,,,,,
1.10303998,-0.413816392,,1.2167,0.1712,-0.4565,,0.010862,-0.004704,,0.000118,0.000022,-0.000051,,,,,
-0.951194763,-0.545254409,,0.9048,0.2973,0.5186,,-0.009366,-0.006198,,0.000088,0.000038,0.000058,,,,,
0.742114186,0.0153054,,0.5507,0.0002,0.0114,,0.007308,0.000174,,0.000053,0.000000,0.000001,,,,,
-0.520755649,-1.128188252,,0.2712,1.2728,0.5875,,-0.005128,-0.012824,,0.000026,0.000164,0.000066,,,,,
1.020936012,-0.940441728,,1.0423,0.8844,-0.9601,,0.010053,-0.010690,,0.000101,0.000114,-0.000107,,,,,
1.050386667,1.796604395,,1.1033,3.2278,1.8871,,0.010343,0.020422,,0.000107,0.000417,0.000211,,,,,
1.409004688,3.223797798,,1.9853,10.3929,4.5423,,0.013874,0.036645,,0.000192,0.001343,0.000508,,,,,
1.480502129,-0.110279426,,2.1919,0.0122,-0.1633,,0.014578,-0.001254,,0.000213,0.000002,-0.000018,,,,,
-1.020452738,-0.264654398,,1.0413,0.0700,0.2701,,-0.010048,-0.003008,,0.000101,0.000009,0.000030,,,,,
1.738488078,0.701567292,,3.0223,0.4922,1.2197,,0.017119,0.007975,,0.000293,0.000064,0.000137,,,,,
-2.560120583,-0.712195039,,6.5542,0.5072,1.8233,,-0.025209,-0.008096,,0.000636,0.000066,0.000204,,,,,
-0.394200176,-1.210662961,,0.1554,1.4657,0.4772,,-0.003882,-0.013762,,0.000015,0.000189,0.000053,,,,,
-1.115497589,-0.573644519,,1.2443,0.3291,0.6399,,-0.010984,-0.006521,,0.000121,0.000043,0.000072,,,,,
0.873906672,0.895079434,,0.7637,0.8012,0.7822,,0.008605,0.010175,,0.000074,0.000104,0.000088,,,,,
-1.670911312,1.313149452,,2.7919,1.7244,-2.1942,,-0.016453,0.014927,,0.000271,0.000223,-0.000246,,,,,
-0.525567234,0.930419803,,0.2762,0.8657,-0.4890,,-0.005175,0.010576,,0.000027,0.000112,-0.000055,,,,,
0.052809358,-0.377986133,,0.0028,0.1429,-0.0200,,0.000520,-0.004297,,0.000000,0.000018,-0.000002,,,,,
-0.429640532,1.010087729,,0.1846,1.0203,-0.4340,,-0.004231,0.011482,,0.000018,0.000132,-0.000049,,,,,
0.057490602,0.213983327,,0.0033,0.0458,0.0123,,0.000566,0.002432,,0.000000,0.000006,0.000001,,,,,
0.002516456,-0.979781866,,0.0000,0.9600,-0.0025,,0.000025,-0.011137,,0.000000,0.000124,0.000000,,,,,
1.983932853,-1.036576033,,3.9360,1.0745,-2.0565,,0.019536,-0.011783,,0.000382,0.000139,-0.000230,,,,,
-0.095251665,-1.08077395,,0.0091,1.1681,0.1029,,-0.000938,-0.012285,,0.000001,0.000151,0.000012,,,,,
0.915308714,0.072815806,,0.8378,0.0053,0.0666,,0.009013,0.000828,,0.000081,0.000001,0.000007,,,,,
-1.039922595,-1.393152237,,1.0814,1.9409,1.4488,,-0.010240,-0.015836,,0.000105,0.000251,0.000162,,,,,
-2.323690653,-1.634473443,,5.3995,2.6715,3.7980,,-0.022881,-0.018579,,0.000524,0.000345,0.000425,,,,,
0.394582987,2.332684994,,0.1557,5.4414,0.9204,,0.003885,0.026516,,0.000015,0.000703,0.000103,,,,,
-1.006340742,1.709452868,,1.0127,2.9222,-1.7203,,-0.009909,0.019432,,0.000098,0.000378,-0.000193,,,,,
-0.681445837,0.464962661,,0.4644,0.2162,-0.3168,,-0.006710,0.005285,,0.000045,0.000028,-0.000035,,,,,
2.75692606,0.51187408,,7.6006,0.2620,1.4112,,0.027147,0.005819,,0.000737,0.000034,0.000158,,,,,
-0.276596129,0.559617221,,0.0765,0.3132,-0.1548,,-0.002724,0.006361,,0.000007,0.000040,-0.000017,,,,,
-1.100685835,0.067537121,,1.2115,0.0046,-0.0743,,-0.010838,0.000768,,0.000117,0.000001,-0.000008,,,,,
1.489252329,1.833014727,,2.2179,3.3599,2.7298,,0.014665,0.020836,,0.000215,0.000434,0.000306,,,,,
0.87414813,-1.642318845,,0.7641,2.6972,-1.4356,,0.008608,-0.018668,,0.000074,0.000349,-0.000161,,,,,
1.881454945,-1.271341801,,3.5399,1.6163,-2.3920,,0.018526,-0.014452,,0.000343,0.000209,-0.000268,,,,,
-1.089921474,-0.230637044,,1.1879,0.0532,0.2514,,-0.010732,-0.002622,,0.000115,0.000007,0.000028,,,,,
0.944149971,2.188095331,,0.8914,4.7878,2.0659,,0.009297,0.024872,,0.000086,0.000619,0.000231,,,,,
1.287284136,0.676515222,,1.6571,0.4577,0.8709,,0.012676,0.007690,,0.000161,0.000059,0.000097,,,,,
-0.761240959,-0.41160059,,0.5795,0.1694,0.3133,,-0.007496,-0.004679,,0.000056,0.000022,0.000035,,,,,
0.77716732,0.368469179,,0.6040,0.1358,0.2864,,0.007653,0.004188,,0.000059,0.000018,0.000032,,,,,
-0.348965317,-1.843315005,,0.1218,3.3978,0.6433,,-0.003436,-0.020953,,0.000012,0.000439,0.000072,,,,,
0.318442613,-1.285045862,,0.1014,1.6513,-0.4092,,0.003136,-0.014607,,0.000010,0.000213,-0.000046,,,,,
0.160238653,1.101587653,,0.0257,1.2135,0.1765,,0.001578,0.012522,,0.000002,0.000157,0.000020,,,,,
1.762554169,-0.494622976,,3.1066,0.2447,-0.8718,,0.017356,-0.005622,,0.000301,0.000032,-0.000098,,,,,
-0.296758771,0.079153799,,0.0881,0.0063,-0.0235,,-0.002922,0.000900,,0.000009,0.000001,-0.000003,,,,,
0.230149284,1.201706052,,0.0530,1.4441,0.2766,,0.002266,0.013660,,0.000005,0.000187,0.000031,,,,,
-1.05506897,1.091804981,,1.1132,1.1920,-1.1519,,-0.010389,0.012411,,0.000108,0.000154,-0.000129,,,,,
-0.357326388,0.005564049,,0.1277,0.0000,-0.0020,,-0.003519,0.000063,,0.000012,0.000000,0.000000,,,,,
-0.047377363,-1.286677361,,0.0022,1.6555,0.0610,,-0.000467,-0.014626,,0.000000,0.000214,0.000007,,,,,
-0.133226037,-0.846850336,,0.0177,0.7172,0.1128,,-0.001312,-0.009626,,0.000002,0.000093,0.000013,,,,,
1.300976992,-0.131272748,,1.6925,0.0172,-0.1708,,0.012811,-0.001492,,0.000164,0.000002,-0.000019,,,,,
-0.886526644,0.378599554,,0.7859,0.1433,-0.3356,,-0.008730,0.004304,,0.000076,0.000019,-0.000038,,,,,
-0.948191285,-1.196278572,,0.8991,1.4311,1.1343,,-0.009337,-0.013598,,0.000087,0.000185,0.000127,,,,,
0.760784805,-1.921147823,,0.5788,3.6908,-1.4616,,0.007491,-0.021838,,0.000056,0.000477,-0.000164,,,,,
0.73170352,-1.222848535,,0.5354,1.4954,-0.8948,,0.007205,-0.013900,,0.000052,0.000193,-0.000100,,,,,
1.605699778,1.20634079,,2.5783,1.4553,1.9370,,0.015811,0.013713,,0.000250,0.000188,0.000217,,,,,
-2.356232882,-2.262546539,,5.5518,5.1191,5.3311,,-0.023202,-0.025719,,0.000538,0.000661,0.000597,,,,,
-1.279159784,-0.906893969,,1.6362,0.8225,1.1601,,-0.012596,-0.010309,,0.000159,0.000106,0.000130,,,,,
0.032382295,0.010270774,,0.0010,0.0001,0.0003,,0.000319,0.000117,,0.000000,0.000000,0.000000,,,,,
1.182490826,0.030774027,,1.3983,0.0009,0.0364,,0.011644,0.000350,,0.000136,0.000000,0.000004,,,,,
-1.370023727,-3.508324623,,1.8770,12.3083,4.8065,,-0.013490,-0.039880,,0.000182,0.001590,0.000538,,,,,
-0.988622427,0.343896449,,0.9774,0.1183,-0.3400,,-0.009735,0.003909,,0.000095,0.000015,-0.000038,,,,,
0.121241271,-0.277142167,,0.0147,0.0768,-0.0336,,0.001194,-0.003150,,0.000001,0.000010,-0.000004,,,,,
-0.732682168,0.173934683,,0.5368,0.0303,-0.1274,,-0.007215,0.001977,,0.000052,0.000004,-0.000014,,,,,
0.379185677,-0.61259973,,0.1438,0.3753,-0.2323,,0.003734,-0.006964,,0.000014,0.000048,-0.000026,,,,,
-0.168783605,-1.223439932,,0.0285,1.4968,0.2065,,-0.001662,-0.013907,,0.000003,0.000193,0.000023,,,,,
-0.805518329,1.202417374,,0.6489,1.4458,-0.9686,,-0.007932,0.013668,,0.000063,0.000187,-0.000108,,,,,
-0.663983643,-0.143348902,,0.4409,0.0205,0.0952,,-0.006538,-0.001629,,0.000043,0.000003,0.000011,,,,,
-0.415570796,-1.43846488,,0.1727,2.0692,0.5978,,-0.004092,-0.016351,,0.000017,0.000267,0.000067,,,,,
0.988841355,1.688950658,,0.9778,2.8526,1.6701,,0.009737,0.019199,,0.000095,0.000369,0.000187,,,,,
1.867263198,0.899958909,,3.4867,0.8099,1.6805,,0.018387,0.010230,,0.000338,0.000105,0.000188,,,,,
0.006873965,-0.899493992,,0.0000,0.8091,-0.0062,,0.000068,-0.010225,,0.000000,0.000105,-0.000001,,,,,
1.44406724,0.044639237,,2.0853,0.0020,0.0645,,0.014220,0.000507,,0.000202,0.000000,0.000007,,,,,
0.812360644,-0.130237699,,0.6599,0.0170,-0.1058,,0.007999,-0.001480,,0.000064,0.000002,-0.000012,,,,,
-1.20023632,-0.134015888,,1.4406,0.0180,0.1609,,-0.011819,-0.001523,,0.000140,0.000002,0.000018,,,,,
1.529317021,1.085441232,,2.3388,1.1782,1.6600,,0.015059,0.012338,,0.000227,0.000152,0.000186,,,,,
0.13371402,0.601383984,,0.0179,0.3617,0.0804,,0.001317,0.006836,,0.000002,0.000047,0.000009,,,,,
-2.587559223,-1.708523273,,6.6955,2.9191,4.4209,,-0.025479,-0.019421,,0.000649,0.000377,0.000495,,,,,
1.348104,0.391556442,,1.8174,0.1533,0.5279,,0.013275,0.004451,,0.000176,0.000020,0.000059,,,,,
1.628100038,-2.556029797,,2.6507,6.5333,-4.1615,,0.016032,-0.029055,,0.000257,0.000844,-0.000466,,,,,
1.444279909,0.247368857,,2.0859,0.0612,0.3573,,0.014222,0.002812,,0.000202,0.000008,0.000040,,,,,
-0.877734184,-0.11041829,,0.7704,0.0122,0.0969,,-0.008643,-0.001255,,0.000075,0.000002,0.000011,,,,,
1.318294287,1.456639886,,1.7379,2.1218,1.9203,,0.012981,0.016558,,0.000169,0.000274,0.000215,,,,,
0.804719865,0.522564769,,0.6476,0.2731,0.4205,,0.007924,0.005940,,0.000063,0.000035,0.000047,,,,,
0.50618875,0.147830874,,0.2562,0.0219,0.0748,,0.004984,0.001680,,0.000025,0.000003,0.000008,,,,,
0.005345114,0.223343641,,0.0000,0.0499,0.0012,,0.000053,0.002539,,0.000000,0.000006,0.000000,,,,,
-0.417679757,0.403140813,,0.1745,0.1625,-0.1684,,-0.004113,0.004583,,0.000017,0.000021,-0.000019,,,,,
0.196901053,-0.723952889,,0.0388,0.5241,-0.1425,,0.001939,-0.008229,,0.000004,0.000068,-0.000016,,,,,
1.00633955,0.72730273,,1.0127,0.5290,0.7319,,0.009909,0.008267,,0.000098,0.000068,0.000082,,,,,
2.631118298,-0.274093747,,6.9228,0.0751,-0.7212,,0.025908,-0.003116,,0.000671,0.000010,-0.000081,,,,,
-1.42981267,-0.130249679,,2.0444,0.0170,0.1862,,-0.014079,-0.001481,,0.000198,0.000002,0.000021,,,,,
-1.307209373,-2.986303329,,1.7088,8.9180,3.9037,,-0.012872,-0.033946,,0.000166,0.001152,0.000437,,,,,
-1.39604044,-1.611640334,,1.9489,2.5974,2.2499,,-0.013747,-0.018320,,0.000189,0.000336,0.000252,,,,,
1.578756452,-0.61130178,,2.4925,0.3737,-0.9651,,0.015546,-0.006949,,0.000242,0.000048,-0.000108,,,,,
-0.336694181,-1.420680046,,0.1134,2.0183,0.4783,,-0.003315,-0.016149,,0.000011,0.000261,0.000054,,,,,
-1.49331522,0.98654896,,2.2300,0.9733,-1.4732,,-0.014705,0.011214,,0.000216,0.000126,-0.000165,,,,,
-1.512959361,-0.136968642,,2.2890,0.0188,0.2072,,-0.014898,-0.001557,,0.000222,0.000002,0.000023,,,,,
0.188591942,1.541639566,,0.0356,2.3767,0.2907,,0.001857,0.017524,,0.000003,0.000307,0.000033,,,,,
-1.800808072,0.017990775,,3.2429,0.0003,-0.0324,,-0.017732,0.000205,,0.000314,0.000000,-0.000004,,,,,
-0.854237199,-0.732865095,,0.7297,0.5371,0.6260,,-0.008412,-0.008331,,0.000071,0.000069,0.000070,,,,,
-1.384855032,1.588225842,,1.9178,2.5225,-2.1995,,-0.013637,0.018054,,0.000186,0.000326,-0.000246,,,,,
-0.345294833,-0.891828418,,0.1192,0.7954,0.3079,,-0.003400,-0.010138,,0.000012,0.000103,0.000034,,,,,
0.139693663,-0.249309093,,0.0195,0.0622,-0.0348,,0.001376,-0.002834,,0.000002,0.000008,-0.000004,,,,,
-0.088647842,-0.031779379,,0.0079,0.0010,0.0028,,-0.000873,-0.000361,,0.000001,0.000000,0.000000,,,,,
0.097452618,1.301562309,,0.0095,1.6941,0.1268,,0.000960,0.014795,,0.000001,0.000219,0.000014,,,,,
-1.56013751,-1.696379066,,2.4340,2.8777,2.6466,,-0.015363,-0.019283,,0.000236,0.000372,0.000296,,,,,
2.012936115,-1.235341549,,4.0519,1.5261,-2.4867,,0.019821,-0.014042,,0.000393,0.000197,-0.000278,,,,,
0.950431585,-0.085886657,,0.9033,0.0074,-0.0816,,0.009359,-0.000976,,0.000088,0.000001,-0.000009,,,,,
0.842069626,-0.171872467,,0.7091,0.0295,-0.1447,,0.008292,-0.001954,,0.000069,0.000004,-0.000016,,,,,
-0.580793023,0.454553306,,0.3373,0.2066,-0.2640,,-0.005719,0.005167,,0.000033,0.000027,-0.000030,,,,,
-0.590349615,-0.190480009,,0.3485,0.0363,0.1124,,-0.005813,-0.002165,,0.000034,0.000005,0.000013,,,,,
-0.452902228,-0.909318686,,0.2051,0.8269,0.4118,,-0.004460,-0.010336,,0.000020,0.000107,0.000046,,,,,
1.35127151,0.582134902,,1.8259,0.3389,0.7866,,0.013306,0.006617,,0.000177,0.000044,0.000088,,,,,
-0.530636311,-2.576581478,,0.2816,6.6388,1.3672,,-0.005225,-0.029288,,0.000027,0.000858,0.000153,,,,,
0.639747918,1.690335751,,0.4093,2.8572,1.0814,,0.006300,0.019214,,0.000040,0.000369,0.000121,,,,,
1.751115322,1.181794763,,3.0664,1.3966,2.0695,,0.017243,0.013434,,0.000297,0.000180,0.000232,,,,,
1.400575995,2.241560698,,1.9616,5.0246,3.1395,,0.013791,0.025480,,0.000190,0.000649,0.000351,,,,,
0.970522761,0.97412324,,0.9419,0.9489,0.9454,,0.009557,0.011073,,0.000091,0.000123,0.000106,,,,,
-1.498572588,-1.485936284,,2.2457,2.2080,2.2268,,-0.014756,-0.016891,,0.000218,0.000285,0.000249,,,,,
0.016997382,-0.239057839,,0.0003,0.0571,-0.0041,,0.000167,-0.002717,,0.000000,0.000007,0.000000,,,,,
0.862817526,1.415179729,,0.7445,2.0027,1.2210,,0.008496,0.016087,,0.000072,0.000259,0.000137,,,,,
0.99054271,-0.375613987,,0.9812,0.1411,-0.3721,,0.009754,-0.004270,,0.000095,0.000018,-0.000042,,,,,
-0.397359043,0.897486687,,0.1579,0.8055,-0.3566,,-0.003913,0.010202,,0.000015,0.000104,-0.000040,,,,,
-1.530633211,-1.719854832,,2.3428,2.9579,2.6325,,-0.015072,-0.019550,,0.000227,0.000382,0.000295,,,,,
-1.686018348,-1.202727199,,2.8427,1.4466,2.0278,,-0.016602,-0.013672,,0.000276,0.000187,0.000227,,,,,
-1.739456892,-1.469500542,,3.0257,2.1594,2.5561,,-0.017128,-0.016704,,0.000293,0.000279,0.000286,,,,,
-3.145877361,-1.368965983,,9.8965,1.8741,4.3066,,-0.030977,-0.015561,,0.000960,0.000242,0.000482,,,,,
1.231388569,-0.405048013,,1.5163,0.1641,-0.4988,,0.012125,-0.004604,,0.000147,0.000021,-0.000056,,,,,
1.214023232,-0.101564422,,1.4739,0.0103,-0.1233,,0.011954,-0.001154,,0.000143,0.000001,-0.000014,,,,,
0.701489925,-0.156040013,,0.4921,0.0243,-0.1095,,0.006907,-0.001774,,0.000048,0.000003,-0.000012,,,,,
-3.556820154,-0.69449842,,12.6510,0.4823,2.4702,,-0.035024,-0.007894,,0.001227,0.000062,0.000276,,,,,
1.630331516,0.212501466,,2.6580,0.0452,0.3464,,0.016054,0.002416,,0.000258,0.000006,0.000039,,,,,
0.911276519,0.733380795,,0.8304,0.5378,0.6683,,0.008973,0.008336,,0.000081,0.000069,0.000075,,,,,
0.059784822,0.162222072,,0.0036,0.0263,0.0097,,0.000589,0.001844,,0.000000,0.000003,0.000001,,,,,
1.217329264,1.910046101,,1.4819,3.6483,2.3252,,0.011987,0.021712,,0.000144,0.000471,0.000260,,,,,
-0.658188164,-0.416590303,,0.4332,0.1735,0.2742,,-0.006481,-0.004735,,0.000042,0.000022,0.000031,,,,,
-2.999310017,-0.891499162,,8.9959,0.7948,2.6739,,-0.029534,-0.010134,,0.000872,0.000103,0.000299,,,,,
-0.592637181,-2.361098766,,0.3512,5.5748,1.3993,,-0.005836,-0.026839,,0.000034,0.000720,0.000157,,,,,
1.219734907,-0.067746356,,1.4878,0.0046,-0.0826,,0.012011,-0.000770,,0.000144,0.000001,-0.000009,,,,,
1.81919682,-0.263790786,,3.3095,0.0696,-0.4799,,0.017913,-0.002999,,0.000321,0.000009,-0.000054,,,,,
1.60589838,-0.305464894,,2.5789,0.0933,-0.4905,,0.015813,-0.003472,,0.000250,0.000012,-0.000055,,,,,
1.902082443,1.766317129,,3.6179,3.1199,3.3597,,0.018730,0.020078,,0.000351,0.000403,0.000376,,,,,
0.2693699,0.550925016,,0.0726,0.3035,0.1484,,0.002652,0.006262,,0.000007,0.000039,0.000017,,,,,
1.029585838,-0.212131262,,1.0600,0.0450,-0.2184,,0.010138,-0.002411,,0.000103,0.000006,-0.000024,,,,,
-1.722491264,-1.165879726,,2.9670,1.3593,2.0082,,-0.016961,-0.013253,,0.000288,0.000176,0.000225,,,,,
-1.973489881,-1.255234361,,3.8947,1.5756,2.4772,,-0.019433,-0.014268,,0.000378,0.000204,0.000277,,,,,
-0.475636452,2.374820709,,0.2262,5.6398,-1.1296,,-0.004684,0.026995,,0.000022,0.000729,-0.000126,,,,,
1.892403483,1.87379396,,3.5812,3.5111,3.5460,,0.018634,0.021300,,0.000347,0.000454,0.000397,,,,,
-2.079408884,-1.130953312,,4.3239,1.2791,2.3517,,-0.020476,-0.012856,,0.000419,0.000165,0.000263,,,,,
-1.418973446,0.756197155,,2.0135,0.5718,-1.0730,,-0.013972,0.008596,,0.000195,0.000074,-0.000120,,,,,
0.256219208,0.999849439,,0.0656,0.9997,0.2562,,0.002523,0.011365,,0.000006,0.000129,0.000029,,,,,
1.592525125,-0.921268225,,2.5361,0.8487,-1.4671,,0.015681,-0.010472,,0.000246,0.000110,-0.000164,,,,,
1.298630357,-0.089291319,,1.6864,0.0080,-0.1160,,0.012787,-0.001015,,0.000164,0.000001,-0.000013,,,,,
0.988018453,0.254340172,,0.9762,0.0647,0.2513,,0.009729,0.002891,,0.000095,0.000008,0.000028,,,,,
-0.215991125,-2.161864281,,0.0467,4.6737,0.4669,,-0.002127,-0.024574,,0.000005,0.000604,0.000052,,,,,
-0.650524437,0.693482757,,0.4232,0.4809,-0.4511,,-0.006406,0.007883,,0.000041,0.000062,-0.000050,,,,,
1.728783488,0.536838949,,2.9887,0.2882,0.9281,,0.017023,0.006102,,0.000290,0.000037,0.000104,,,,,
-0.841308594,1.058620334,,0.7078,1.1207,-0.8906,,-0.008284,0.012033,,0.000069,0.000145,-0.000100,,,,,
0.813647985,1.268172145,,0.6620,1.6083,1.0318,,0.008012,0.014416,,0.000064,0.000208,0.000115,,,,,
1.234043837,-0.039867222,,1.5229,0.0016,-0.0492,,0.012152,-0.000453,,0.000148,0.000000,-0.000006,,,,,
3.563232899,0.781915069,,12.6966,0.6114,2.7861,,0.035087,0.008888,,0.001231,0.000079,0.000312,,,,,
-0.23283112,1.193930984,,0.0542,1.4255,-0.2780,,-0.002293,0.013572,,0.000005,0.000184,-0.000031,,,,,
1.82694006,1.958359718,,3.3377,3.8352,3.5778,,0.017990,0.022261,,0.000324,0.000496,0.000400,,,,,
-0.027234979,-0.491407722,,0.0007,0.2415,0.0134,,-0.000268,-0.005586,,0.000000,0.000031,0.000001,,,,,
0.144859686,1.203414202,,0.0210,1.4482,0.1743,,0.001426,0.013679,,0.000002,0.000187,0.000020,,,,,
0.098175995,-0.774367213,,0.0096,0.5996,-0.0760,,0.000967,-0.008802,,0.000001,0.000077,-0.000009,,,,,
1.775538921,-0.538898349,,3.1525,0.2904,-0.9568,,0.017484,-0.006126,,0.000306,0.000038,-0.000107,,,,,
1.122089386,-1.359421253,,1.2591,1.8480,-1.5254,,0.011049,-0.015453,,0.000122,0.000239,-0.000171,,,,,
0.047322348,-1.33001852,,0.0022,1.7689,-0.0629,,0.000466,-0.015119,,0.000000,0.000229,-0.000007,,,,,
-1.800486207,-1.110103846,,3.2418,1.2323,1.9987,,-0.017729,-0.012619,,0.000314,0.000159,0.000224,,,,,
0.71574223,0.791720808,,0.5123,0.6268,0.5667,,0.007048,0.009000,,0.000050,0.000081,0.000063,,,,,
1.984239817,-0.5416013,,3.9372,0.2933,-1.0747,,0.019539,-0.006156,,0.000382,0.000038,-0.000120,,,,,
1.096637487,-0.436120778,,1.2026,0.1902,-0.4783,,0.010798,-0.004957,,0.000117,0.000025,-0.000054,,,,,
-2.543209076,0.098828062,,6.4679,0.0098,-0.2513,,-0.025043,0.001123,,0.000627,0.000001,-0.000028,,,,,
0.210421309,-0.574031472,,0.0443,0.3295,-0.1208,,0.002072,-0.006525,,0.000004,0.000043,-0.000014,,,,,
0.020743988,0.93616432,,0.0004,0.8764,0.0194,,0.000204,0.010642,,0.000000,0.000113,0.000002,,,,,
0.107512645,-0.355312526,,0.0116,0.1262,-0.0382,,0.001059,-0.004039,,0.000001,0.000016,-0.000004,,,,,
0.612717628,-1.038219094,,0.3754,1.0779,-0.6361,,0.006033,-0.011802,,0.000036,0.000139,-0.000071,,,,,
-1.510840535,-0.701612651,,2.2826,0.4923,1.0600,,-0.014877,-0.007975,,0.000221,0.000064,0.000119,,,,,
-1.591323614,-0.58014226,,2.5323,0.3366,0.9232,,-0.015670,-0.006595,,0.000246,0.000043,0.000103,,,,,
-0.408721328,-0.98155582,,0.1671,0.9635,0.4012,,-0.004025,-0.011157,,0.000016,0.000124,0.000045,,,,,
-0.531762123,0.054446526,,0.2828,0.0030,-0.0290,,-0.005236,0.000619,,0.000027,0.000000,-0.000003,,,,,
-2.659204245,-0.972385764,,7.0714,0.9455,2.5858,,-0.026185,-0.011053,,0.000686,0.000122,0.000289,,,,,
-1.004076719,-0.328740835,,1.0082,0.1081,0.3301,,-0.009887,-0.003737,,0.000098,0.000014,0.000037,,,,,
-0.367516279,-0.904560089,,0.1351,0.8182,0.3324,,-0.003619,-0.010282,,0.000013,0.000106,0.000037,,,,,
-1.49705267,-1.753808022,,2.2412,3.0758,2.6255,,-0.014741,-0.019936,,0.000217,0.000397,0.000294,,,,,
0.298765063,-0.801522136,,0.0893,0.6424,-0.2395,,0.002942,-0.009111,,0.000009,0.000083,-0.000027,,,,,
-0.208839625,2.198579788,,0.0436,4.8338,-0.4592,,-0.002056,0.024992,,0.000004,0.000625,-0.000051,,,,,
-0.495081514,-0.540379822,,0.2451,0.2920,0.2675,,-0.004875,-0.006143,,0.000024,0.000038,0.000030,,,,,
0.217630059,0.684732497,,0.0474,0.4689,0.1490,,0.002143,0.007783,,0.000005,0.000061,0.000017,,,,,
-1.337819815,-0.736860633,,1.7898,0.5430,0.9858,,-0.013173,-0.008376,,0.000174,0.000070,0.000110,,,,,
-1.677468777,2.246715784,,2.8139,5.0477,-3.7688,,-0.016518,0.025539,,0.000273,0.000652,-0.000422,,,,,
0.587308049,-0.734910667,,0.3449,0.5401,-0.4316,,0.005783,-0.008354,,0.000033,0.000070,-0.000048,,,,,
0.510632396,0.186310843,,0.2607,0.0347,0.0951,,0.005028,0.002118,,0.000025,0.000004,0.000011,,,,,
0.559002161,-0.827691555,,0.3125,0.6851,-0.4627,,0.005504,-0.009408,,0.000030,0.000089,-0.000052,,,,,
0.481974751,1.761360645,,0.2323,3.1024,0.8489,,0.004746,0.020022,,0.000023,0.000401,0.000095,,,,,
-1.212090731,0.634594738,,1.4692,0.4027,-0.7692,,-0.011935,0.007214,,0.000142,0.000052,-0.000086,,,,,
-1.16442585,-0.064659402,,1.3559,0.0042,0.0753,,-0.011466,-0.000735,,0.000131,0.000001,0.000008,,,,,
0.618672848,-1.074629784,,0.3828,1.1548,-0.6648,,0.006092,-0.012215,,0.000037,0.000149,-0.000074,,,,,
0.447100401,0.051517144,,0.1999,0.0027,0.0230,,0.004403,0.000586,,0.000019,0.000000,0.000003,,,,,
-0.025630124,0.787228584,,0.0007,0.6197,-0.0202,,-0.000252,0.008949,,0.000000,0.000080,-0.000002,,,,,
1.745836496,0.483378649,,3.0479,0.2337,0.8439,,0.017191,0.005495,,0.000296,0.000030,0.000094,,,,,
1.046606541,0.743710101,,1.0954,0.5531,0.7784,,0.010306,0.008454,,0.000106,0.000071,0.000087,,,,,
1.546696424,0.19962275,,2.3923,0.0398,0.3088,,0.015230,0.002269,,0.000232,0.000005,0.000035,,,,,
-1.325441003,0.059130907,,1.7568,0.0035,-0.0784,,-0.013051,0.000672,,0.000170,0.000000,-0.000009,,,,,
-2.861961842,-2.365771055,,8.1908,5.5969,6.7707,,-0.028181,-0.026892,,0.000794,0.000723,0.000758,,,,,
-0.44322288,-0.079031684,,0.1964,0.0062,0.0350,,-0.004364,-0.000898,,0.000019,0.000001,0.000004,,,,,
1.765108585,1.499572515,,3.1156,2.2487,2.6469,,0.017381,0.017046,,0.000302,0.000291,0.000296,,,,,
-0.565360785,-1.700464368,,0.3196,2.8916,0.9614,,-0.005567,-0.019329,,0.000031,0.000374,0.000108,,,,,
1.235621095,0.347170264,,1.5268,0.1205,0.4290,,0.012167,0.003946,,0.000148,0.000016,0.000048,,,,,
0.615735471,0.133478627,,0.3791,0.0178,0.0822,,0.006063,0.001517,,0.000037,0.000002,0.000009,,,,,
0.237094745,0.129940808,,0.0562,0.0169,0.0308,,0.002335,0.001477,,0.000005,0.000002,0.000003,,,,,
-1.704685688,1.096202612,,2.9060,1.2017,-1.8687,,-0.016786,0.012461,,0.000282,0.000155,-0.000209,,,,,
1.078711033,-1.019281507,,1.1636,1.0389,-1.0995,,0.010622,-0.011586,,0.000113,0.000134,-0.000123,,,,,
4.114217281,0.013709813,,16.9268,0.0002,0.0564,,0.040512,0.000156,,0.001641,0.000000,0.000006,,,,,
-0.810031533,0.639239907,,0.6562,0.4086,-0.5178,,-0.007976,0.007266,,0.000064,0.000053,-0.000058,,,,,
-0.035983577,2.438125849,,0.0013,5.9445,-0.0877,,-0.000354,0.027715,,0.000000,0.000768,-0.000010,,,,,
1.388051391,0.052384898,,1.9267,0.0027,0.0727,,0.013668,0.000595,,0.000187,0.000000,0.000008,,,,,
-1.788034201,-0.420076311,,3.1971,0.1765,0.7511,,-0.017607,-0.004775,,0.000310,0.000023,0.000084,,,,,
0.27727586,1.513908148,,0.0769,2.2919,0.4198,,0.002730,0.017209,,0.000007,0.000296,0.000047,,,,,
-0.427454531,-0.902160048,,0.1827,0.8139,0.3856,,-0.004209,-0.010255,,0.000018,0.000105,0.000043,,,,,
-0.672837734,0.945683539,,0.4527,0.8943,-0.6363,,-0.006625,0.010750,,0.000044,0.000116,-0.000071,,,,,
2.895387411,3.055137634,,8.3833,9.3339,8.8458,,0.028511,0.034728,,0.000813,0.001206,0.000990,,,,,
-2.594399214,0.518204153,,6.7309,0.2685,-1.3444,,-0.025547,0.005891,,0.000653,0.000035,-0.000150,,,,,
1.055830479,0.2533243,,1.1148,0.0642,0.2675,,0.010397,0.002880,,0.000108,0.000008,0.000030,,,,,
1.715711832,1.782168627,,2.9437,3.1761,3.0577,,0.016894,0.020258,,0.000285,0.000410,0.000342,,,,,
-1.592255235,1.368855357,,2.5353,1.8738,-2.1796,,-0.015679,0.015560,,0.000246,0.000242,-0.000244,,,,,
-0.287757546,0.143669575,,0.0828,0.0206,-0.0413,,-0.002834,0.001633,,0.000008,0.000003,-0.000005,,,,,
2.287431002,0.59189558,,5.2323,0.3503,1.3539,,0.022524,0.006728,,0.000507,0.000045,0.000152,,,,,
-0.367589414,0.213005766,,0.1351,0.0454,-0.0783,,-0.003620,0.002421,,0.000013,0.000006,-0.000009,,,,,
-1.009704232,-0.080761358,,1.0195,0.0065,0.0815,,-0.009942,-0.000918,,0.000099,0.000001,0.000009,,,,,
-2.05915904,-0.54592371,,4.2401,0.2980,1.1241,,-0.020276,-0.006206,,0.000411,0.000039,0.000126,,,,,
0.06041529,-1.161046267,,0.0037,1.3480,-0.0701,,0.000595,-0.013198,,0.000000,0.000174,-0.000008,,,,,
-0.361469805,-0.012045503,,0.1307,0.0001,0.0044,,-0.003559,-0.000137,,0.000013,0.000000,0.000000,,,,,
1.889217973,1.121872187,,3.5691,1.2586,2.1195,,0.018603,0.012752,,0.000346,0.000163,0.000237,,,,,
0.702428579,-0.504656494,,0.4934,0.2547,-0.3545,,0.006917,-0.005737,,0.000048,0.000033,-0.000040,,,,,
1.191206455,-0.092492461,,1.4190,0.0086,-0.1102,,0.011730,-0.001051,,0.000138,0.000001,-0.000012,,,,,
0.664590359,1.965091109,,0.4417,3.8616,1.3060,,0.006544,0.022337,,0.000043,0.000499,0.000146,,,,,
-0.202137053,-1.022599936,,0.0409,1.0457,0.2067,,-0.001990,-0.011624,,0.000004,0.000135,0.000023,,,,,
1.887681007,-0.364759207,,3.5633,0.1330,-0.6885,,0.018588,-0.004146,,0.000346,0.000017,-0.000077,,,,,
-1.363716722,-2.977319002,,1.8597,8.8644,4.0602,,-0.013428,-0.033844,,0.000180,0.001145,0.000454,,,,,
-4.079654694,-1.30692625,,16.6436,1.7081,5.3318,,-0.040172,-0.014856,,0.001614,0.000221,0.000597,,,,,
1.489990711,0.504414499,,2.2201,0.2544,0.7516,,0.014672,0.005734,,0.000215,0.000033,0.000084,,,,,
2.095695972,-0.818428755,,4.3919,0.6698,-1.7152,,0.020636,-0.009303,,0.000426,0.000087,-0.000192,,,,,
0.388978302,0.845830202,,0.1513,0.7154,0.3290,,0.003830,0.009615,,0.000015,0.000092,0.000037,,,,,
-0.460653812,-0.199219182,,0.2122,0.0397,0.0918,,-0.004536,-0.002265,,0.000021,0.000005,0.000010,,,,,
0.9390589,-0.009726308,,0.8818,0.0001,-0.0091,,0.009247,-0.000111,,0.000086,0.000000,-0.000001,,,,,
-0.685548723,-1.599123001,,0.4700,2.5572,1.0963,,-0.006751,-0.018177,,0.000046,0.000330,0.000123,,,,,
-0.854513884,-0.60864526,,0.7302,0.3704,0.5201,,-0.008414,-0.006919,,0.000071,0.000048,0.000058,,,,,
-0.283752978,-0.564600706,,0.0805,0.3188,0.1602,,-0.002794,-0.006418,,0.000008,0.000041,0.000018,,,,,
2.281761646,1.625410676,,5.2064,2.6420,3.7088,,0.022468,0.018476,,0.000505,0.000341,0.000415,,,,,
2.731114864,-1.142435908,,7.4590,1.3052,-3.1201,,0.026893,-0.012986,,0.000723,0.000169,-0.000349,,,,,
-1.131673813,-0.821769178,,1.2807,0.6753,0.9300,,-0.011143,-0.009341,,0.000124,0.000087,0.000104,,,,,
-0.265642077,-0.929302931,,0.0706,0.8636,0.2469,,-0.002616,-0.010564,,0.000007,0.000112,0.000028,,,,,
-0.275531173,0.258081198,,0.0759,0.0666,-0.0711,,-0.002713,0.002934,,0.000007,0.000009,-0.000008,,,,,
1.942378759,0.8853212,,3.7728,0.7838,1.7196,,0.019126,0.010064,,0.000366,0.000101,0.000192,,,,,
-1.166499853,-1.36322546,,1.3607,1.8584,1.5902,,-0.011486,-0.015496,,0.000132,0.000240,0.000178,,,,,
-0.075564772,0.246229857,,0.0057,0.0606,-0.0186,,-0.000744,0.002799,,0.000001,0.000008,-0.000002,,,,,
-0.420591056,-0.053949013,,0.1769,0.0029,0.0227,,-0.004142,-0.000613,,0.000017,0.000000,0.000003,,,,,
-0.025428042,-0.167784244,,0.0006,0.0282,0.0043,,-0.000250,-0.001907,,0.000000,0.000004,0.000000,,,,,
-1.418529868,-3.07196188,,2.0122,9.4369,4.3577,,-0.013968,-0.034919,,0.000195,0.001219,0.000488,,,,,
-2.644085407,-0.454514384,,6.9912,0.2066,1.2018,,-0.026036,-0.005167,,0.000678,0.000027,0.000135,,,,,
0.082223147,-2.623247623,,0.0068,6.8814,-0.2157,,0.000810,-0.029819,,0.000001,0.000889,-0.000024,,,,,
-0.147159874,-0.945507526,,0.0217,0.8940,0.1391,,-0.001449,-0.010748,,0.000002,0.000116,0.000016,,,,,
-0.830362201,0.307686418,,0.6895,0.0947,-0.2555,,-0.008176,0.003498,,0.000067,0.000012,-0.000029,,,,,
1.061553478,0.298408538,,1.1269,0.0890,0.3168,,0.010453,0.003392,,0.000109,0.000012,0.000035,,,,,
0.303853571,-0.685069919,,0.0923,0.4693,-0.2082,,0.002992,-0.007787,,0.000009,0.000061,-0.000023,,,,,
-0.101188302,0.030754365,,0.0102,0.0009,-0.0031,,-0.000996,0.000350,,0.000001,0.000000,0.000000,,,,,
0.046239346,-1.161036968,,0.0021,1.3480,-0.0537,,0.000455,-0.013198,,0.000000,0.000174,-0.000006,,,,,
-0.315603733,0.102351688,,0.0996,0.0105,-0.0323,,-0.003108,0.001163,,0.000010,0.000001,-0.000004,,,,,
1.111821532,1.283513784,,1.2361,1.6474,1.4270,,0.010948,0.014590,,0.000120,0.000213,0.000160,,,,,
0.301189244,-0.401224762,,0.0907,0.1610,-0.1208,,0.002966,-0.004561,,0.000009,0.000021,-0.000014,,,,,
0.560351133,-0.116602287,,0.3140,0.0136,-0.0653,,0.005518,-0.001325,,0.000030,0.000002,-0.000007,,,,,
0.933104098,1.543706298,,0.8707,2.3830,1.4404,,0.009188,0.017548,,0.000084,0.000308,0.000161,,,,,
2.655824184,1.722596407,,7.0534,2.9673,4.5749,,0.026152,0.019581,,0.000684,0.000383,0.000512,,,,,
1.540038586,-1.501533508,,2.3717,2.2546,-2.3124,,0.015165,-0.017068,,0.000230,0.000291,-0.000259,,,,,
-0.579295397,1.725237012,,0.3356,2.9764,-0.9994,,-0.005704,0.019611,,0.000033,0.000385,-0.000112,,,,,
0.318973422,-1.061846256,,0.1017,1.1275,-0.3387,,0.003141,-0.012070,,0.000010,0.000146,-0.000038,,,,,
2.287126064,0.534597695,,5.2309,0.2858,1.2227,,0.022521,0.006077,,0.000507,0.000037,0.000137,,,,,
-1.014373064,-3.902422428,,1.0290,15.2289,3.9585,,-0.009988,-0.044359,,0.000100,0.001968,0.000443,,,,,
-0.277207136,-1.183809638,,0.0768,1.4014,0.3282,,-0.002730,-0.013457,,0.000007,0.000181,0.000037,,,,,
1.414441347,0.950607657,,2.0006,0.9037,1.3446,,0.013928,0.010806,,0.000194,0.000117,0.000151,,,,,
1.609265566,-0.212289929,,2.5897,0.0451,-0.3416,,0.015846,-0.002413,,0.000251,0.000006,-0.000038,,,,,
-0.070325017,1.114591241,,0.0049,1.2423,-0.0784,,-0.000692,0.012670,,0.000000,0.000161,-0.000009,,,,,
1.409956455,-0.355106175,,1.9880,0.1261,-0.5007,,0.013884,-0.004037,,0.000193,0.000016,-0.000056,,,,,
0.718263268,0.408159018,,0.5159,0.1666,0.2932,,0.007073,0.004640,,0.000050,0.000022,0.000033,,,,,
1.614326477,0.741950512,,2.6060,0.5505,1.1978,,0.015896,0.008434,,0.000253,0.000071,0.000134,,,,,
0.231463552,5.430039406,,0.0536,29.4853,1.2569,,0.002279,0.061724,,0.000005,0.003810,0.000141,,,,,
0.860865593,-1.449465275,,0.7411,2.1009,-1.2478,,0.008477,-0.016476,,0.000072,0.000271,-0.000140,,,,,
-0.462081134,0.016571604,,0.2135,0.0003,-0.0077,,-0.004550,0.000188,,0.000021,0.000000,-0.000001,,,,,
-0.788523138,-0.908909082,,0.6218,0.8261,0.7167,,-0.007765,-0.010332,,0.000060,0.000107,0.000080,,,,,
-0.629627228,-0.07140927,,0.3964,0.0051,0.0450,,-0.006200,-0.000812,,0.000038,0.000001,0.000005,,,,,
-0.052820645,-0.2662718,,0.0028,0.0709,0.0141,,-0.000520,-0.003027,,0.000000,0.000009,0.000002,,,,,
-0.538166642,-0.377543211,,0.2896,0.1425,0.2032,,-0.005299,-0.004292,,0.000028,0.000018,0.000023,,,,,
0.938319445,-0.02870287,,0.8804,0.0008,-0.0269,,0.009240,-0.000326,,0.000085,0.000000,-0.000003,,,,,
-0.584697366,-1.289618731,,0.3419,1.6631,0.7540,,-0.005757,-0.014659,,0.000033,0.000215,0.000084,,,,,
2.010018349,0.682857752,,4.0402,0.4663,1.3726,,0.019792,0.007762,,0.000392,0.000060,0.000154,,,,,
-0.212169439,-1.14974165,,0.0450,1.3219,0.2439,,-0.002089,-0.013069,,0.000004,0.000171,0.000027,,,,,
0.892463446,-0.486367226,,0.7965,0.2366,-0.4341,,0.008788,-0.005529,,0.000077,0.000031,-0.000049,,,,,
-2.483396053,0.641962051,,6.1673,0.4121,-1.5942,,-0.024454,0.007297,,0.000598,0.000053,-0.000178,,,,,
0.435967565,0.996822655,,0.1901,0.9937,0.4346,,0.004293,0.011331,,0.000018,0.000128,0.000049,,,,,
-0.552051365,0.072941378,,0.3048,0.0053,-0.0403,,-0.005436,0.000829,,0.000030,0.000001,-0.000005,,,,,
-1.558847547,1.176708937,,2.4300,1.3846,-1.8343,,-0.015350,0.013376,,0.000236,0.000179,-0.000205,,,,,
0.505219638,-0.413223356,,0.2552,0.1708,-0.2088,,0.004975,-0.004697,,0.000025,0.000022,-0.000023,,,,,
-1.287817121,-2.842911243,,1.6585,8.0821,3.6611,,-0.012681,-0.032316,,0.000161,0.001044,0.000410,,,,,
-0.749028802,1.846361876,,0.5610,3.4091,-1.3830,,-0.007376,0.020988,,0.000054,0.000440,-0.000155,,,,,
-0.747532129,-0.264641821,,0.5588,0.0700,0.1978,,-0.007361,-0.003008,,0.000054,0.000009,0.000022,,,,,
0.170010909,-0.257194102,,0.0289,0.0661,-0.0437,,0.001674,-0.002924,,0.000003,0.000009,-0.000005,,,,,
0.221738696,1.762529492,,0.0492,3.1065,0.3908,,0.002183,0.020035,,0.000005,0.000401,0.000044,,,,,
-0.891207218,3.320770979,,0.7943,11.0275,-2.9595,,-0.008776,0.037748,,0.000077,0.001425,-0.000331,,,,,
1.060447216,0.019410893,,1.1245,0.0004,0.0206,,0.010442,0.000221,,0.000109,0.000000,0.000002,,,,,
-1.10117507,0.76384151,,1.2126,0.5835,-0.8411,,-0.010843,0.008683,,0.000118,0.000075,-0.000094,,,,,
-0.811432838,-0.056769293,,0.6584,0.0032,0.0461,,-0.007990,-0.000645,,0.000064,0.000000,0.000005,,,,,
1.115468025,-0.554118276,,1.2443,0.3070,-0.6181,,0.010984,-0.006299,,0.000121,0.000040,-0.000069,,,,,
-1.95568645,1.163916588,,3.8247,1.3547,-2.2763,,-0.019257,0.013230,,0.000371,0.000175,-0.000255,,,,,
-0.350107849,0.614275813,,0.1226,0.3773,-0.2151,,-0.003447,0.006983,,0.000012,0.000049,-0.000024,,,,,
4.121770382,-0.950414419,,16.9890,0.9033,-3.9174,,0.040587,-0.010804,,0.001647,0.000117,-0.000438,,,,,
0.656161547,0.152528509,,0.4305,0.0233,0.1001,,0.006461,0.001734,,0.000042,0.000003,0.000011,,,,,
-0.009861134,-1.823834896,,0.0001,3.3264,0.0180,,-0.000097,-0.020732,,0.000000,0.000430,0.000002,,,,,
-0.336794138,0.038349204,,0.1134,0.0015,-0.0129,,-0.003316,0.000436,,0.000011,0.000000,-0.000001,,,,,
-1.374467373,-1.440531611,,1.8892,2.0751,1.9800,,-0.013534,-0.016375,,0.000183,0.000268,0.000222,,,,,
-0.877635717,-1.276009083,,0.7702,1.6282,1.1199,,-0.008642,-0.014505,,0.000075,0.000210,0.000125,,,,,
-0.969210982,-4.01034832,,0.9394,16.0829,3.8869,,-0.009544,-0.045586,,0.000091,0.002078,0.000435,,,,,
0.625775933,-0.573914707,,0.3916,0.3294,-0.3591,,0.006162,-0.006524,,0.000038,0.000043,-0.000040,,,,,
0.174849033,-1.23552072,,0.0306,1.5265,-0.2160,,0.001722,-0.014044,,0.000003,0.000197,-0.000024,,,,,
2.782291651,-0.658233166,,7.7411,0.4333,-1.8314,,0.027397,-0.007482,,0.000751,0.000056,-0.000205,,,,,
-0.473135412,0.100355744,,0.2239,0.0101,-0.0475,,-0.004659,0.001141,,0.000022,0.000001,-0.000005,,,,,
-0.337424994,1.737822533,,0.1139,3.0200,-0.5864,,-0.003323,0.019754,,0.000011,0.000390,-0.000066,,,,,
2.020307064,-0.696189404,,4.0816,0.4847,-1.4065,,0.019894,-0.007914,,0.000396,0.000063,-0.000157,,,,,
1.622069836,-0.509941399,,2.6311,0.2600,-0.8272,,0.015972,-0.005797,,0.000255,0.000034,-0.000093,,,,,
-1.720151782,0.923620224,,2.9589,0.8531,-1.5888,,-0.016938,0.010499,,0.000287,0.000110,-0.000178,,,,,
1.989121079,0.131319016,,3.9566,0.0172,0.2612,,0.019587,0.001493,,0.000384,0.000002,0.000029,,,,,
-0.317857087,0.562399924,,0.1010,0.3163,-0.1788,,-0.003130,0.006393,,0.000010,0.000041,-0.000020,,,,,
1.210286617,0.721297503,,1.4648,0.5203,0.8730,,0.011918,0.008199,,0.000142,0.000067,0.000098,,,,,
0.634218872,-0.037388269,,0.4022,0.0014,-0.0237,,0.006245,-0.000425,,0.000039,0.000000,-0.000003,,,,,
-0.361020088,-0.671042144,,0.1303,0.4503,0.2423,,-0.003555,-0.007628,,0.000013,0.000058,0.000027,,,,,
0.355246603,0.925614893,,0.1262,0.8568,0.3288,,0.003498,0.010522,,0.000012,0.000111,0.000037,,,,,
1.14223814,0.918486893,,1.3047,0.8436,1.0491,,0.011248,0.010441,,0.000127,0.000109,0.000117,,,,,
-0.217904001,-0.080169231,,0.0475,0.0064,0.0175,,-0.002146,-0.000911,,0.000005,0.000001,0.000002,,,,,
0.119073197,-2.319906473,,0.0142,5.3820,-0.2762,,0.001173,-0.026371,,0.000001,0.000695,-0.000031,,,,,
1.596694231,2.246005535,,2.5494,5.0445,3.5862,,0.015722,0.025531,,0.000247,0.000652,0.000401,,,,,
0.345038652,-0.842067599,,0.1191,0.7091,-0.2905,,0.003398,-0.009572,,0.000012,0.000092,-0.000033,,,,,
1.455700874,-1.777318239,,2.1191,3.1589,-2.5872,,0.014334,-0.020203,,0.000205,0.000408,-0.000290,,,,,
-0.351510406,-0.874079525,,0.1236,0.7640,0.3072,,-0.003461,-0.009936,,0.000012,0.000099,0.000034,,,,,
3.039101124,-2.179713249,,9.2361,4.7511,-6.6244,,0.029926,-0.024777,,0.000896,0.000614,-0.000741,,,,,
-0.223757401,-0.044453204,,0.0501,0.0020,0.0099,,-0.002203,-0.000505,,0.000005,0.000000,0.000001,,,,,
-2.25307107,0.885165691,,5.0763,0.7835,-1.9943,,-0.022186,0.010062,,0.000492,0.000101,-0.000223,,,,,
-2.165602684,1.631048441,,4.6898,2.6603,-3.5322,,-0.021324,0.018540,,0.000455,0.000344,-0.000395,,,,,
-2.308739185,0.119099647,,5.3303,0.0142,-0.2750,,-0.022734,0.001354,,0.000517,0.000002,-0.000031,,,,,
0.78213048,-0.894886017,,0.6117,0.8008,-0.6999,,0.007702,-0.010172,,0.000059,0.000103,-0.000078,,,,,
-1.655526638,0.585315824,,2.7408,0.3426,-0.9690,,-0.016302,0.006653,,0.000266,0.000044,-0.000108,,,,,
3.347877264,0.399497479,,11.2083,0.1596,1.3375,,0.032966,0.004541,,0.001087,0.000021,0.000150,,,,,
-1.877299309,-0.771478415,,3.5243,0.5952,1.4483,,-0.018486,-0.008770,,0.000342,0.000077,0.000162,,,,,
0.775943041,1.460811138,,0.6021,2.1340,1.1335,,0.007641,0.016605,,0.000058,0.000276,0.000127,,,,,
-0.55677706,-0.777064562,,0.3100,0.6038,0.4327,,-0.005483,-0.008833,,0.000030,0.000078,0.000048,,,,,
-1.712225676,1.034162521,,2.9317,1.0695,-1.7707,,-0.016860,0.011755,,0.000284,0.000138,-0.000198,,,,,
-3.843138456,-0.074771315,,14.7697,0.0056,0.2874,,-0.037843,-0.000850,,0.001432,0.000001,0.000032,,,,,
-1.191929817,-1.16820395,,1.4207,1.3647,1.3924,,-0.011737,-0.013279,,0.000138,0.000176,0.000156,,,,,
0.799353898,1.646136522,,0.6390,2.7098,1.3158,,0.007871,0.018712,,0.000062,0.000350,0.000147,,,,,
1.583657265,0.215885997,,2.5080,0.0466,0.3419,,0.015594,0.002454,,0.000243,0.000006,0.000038,,,,,
2.225451946,1.617738485,,4.9526,2.6171,3.6002,,0.021914,0.018389,,0.000480,0.000338,0.000403,,,,,
2.863978624,0.291840106,,8.2024,0.0852,0.8358,,0.028201,0.003317,,0.000795,0.000011,0.000094,,,,,
0.839704275,-1.186718225,,0.7051,1.4083,-0.9965,,0.008268,-0.013490,,0.000068,0.000182,-0.000112,,,,,
0.559459686,1.783856392,,0.3130,3.1821,0.9980,,0.005509,0.020277,,0.000030,0.000411,0.000112,,,,,
0.022825167,-0.764976382,,0.0005,0.5852,-0.0175,,0.000225,-0.008696,,0.000000,0.000076,-0.000002,,,,,
2.244692326,0.14964512,,5.0386,0.0224,0.3359,,0.022103,0.001701,,0.000489,0.000003,0.000038,,,,,
0.212139934,0.00216496,,0.0450,0.0000,0.0005,,0.002089,0.000025,,0.000004,0.000000,0.000000,,,,,
-0.38540411,2.174184799,,0.1485,4.7271,-0.8379,,-0.003795,0.024714,,0.000014,0.000611,-0.000094,,,,,
-0.414730221,1.307914734,,0.1720,1.7106,-0.5424,,-0.004084,0.014867,,0.000017,0.000221,-0.000061,,,,,
0.319711804,1.167805433,,0.1022,1.3638,0.3734,,0.003148,0.013275,,0.000010,0.000176,0.000042,,,,,
-1.584890842,0.008554861,,2.5119,0.0001,-0.0136,,-0.015606,0.000097,,0.000244,0.000000,-0.000002,,,,,
1.819253445,1.415842414,,3.3097,2.0046,2.5758,,0.017914,0.016094,,0.000321,0.000259,0.000288,,,,,
-1.570850253,0.414604217,,2.4676,0.1719,-0.6513,,-0.015468,0.004713,,0.000239,0.000022,-0.000073,,,,,
0.909017503,-0.975590348,,0.8263,0.9518,-0.8868,,0.008951,-0.011090,,0.000080,0.000123,-0.000099,,,,,
0.860085964,1.357418776,,0.7397,1.8426,1.1675,,0.008469,0.015430,,0.000072,0.000238,0.000131,,,,,
-0.784593701,1.545047998,,0.6156,2.3872,-1.2122,,-0.007726,0.017563,,0.000060,0.000308,-0.000136,,,,,
-0.711616635,-0.485034347,,0.5064,0.2353,0.3452,,-0.007007,-0.005513,,0.000049,0.000030,0.000039,,,,,
-1.365308166,-0.650365114,,1.8641,0.4230,0.8879,,-0.013444,-0.007393,,0.000181,0.000055,0.000099,,,,,
-0.954351366,-1.348273516,,0.9108,1.8178,1.2867,,-0.009397,-0.015326,,0.000088,0.000235,0.000144,,,,,
-1.567549467,-0.893328488,,2.4572,0.7980,1.4003,,-0.015435,-0.010155,,0.000238,0.000103,0.000157,,,,,
2.488753796,-0.567563891,,6.1939,0.3221,-1.4125,,0.024507,-0.006452,,0.000601,0.000042,-0.000158,,,,,
-0.552309811,0.739309549,,0.3050,0.5466,-0.4083,,-0.005439,0.008404,,0.000030,0.000071,-0.000046,,,,,
-0.275719166,-2.157810211,,0.0760,4.6561,0.5949,,-0.002715,-0.024528,,0.000007,0.000602,0.000067,,,,,
1.751329422,1.442844152,,3.0672,2.0818,2.5269,,0.017245,0.016401,,0.000297,0.000269,0.000283,,,,,
1.004639268,0.733255267,,1.0093,0.5377,0.7367,,0.009893,0.008335,,0.000098,0.000069,0.000082,,,,,
-0.636407018,-0.986410081,,0.4050,0.9730,0.6278,,-0.006267,-0.011213,,0.000039,0.000126,0.000070,,,,,
-1.760895371,1.422105551,,3.1008,2.0224,-2.5042,,-0.017339,0.016165,,0.000301,0.000261,-0.000280,,,,,
-1.292593956,-0.041620404,,1.6708,0.0017,0.0538,,-0.012728,-0.000473,,0.000162,0.000000,0.000006,,,,,
0.50283587,0.476000667,,0.2528,0.2266,0.2394,,0.004951,0.005411,,0.000025,0.000029,0.000027,,,,,
2.636608124,2.087293625,,6.9517,4.3568,5.5034,,0.025962,0.023727,,0.000674,0.000563,0.000616,,,,,
-0.341223121,0.91470921,,0.1164,0.8367,-0.3121,,-0.003360,0.010398,,0.000011,0.000108,-0.000035,,,,,
0.672241569,0.914310038,,0.4519,0.8360,0.6146,,0.006619,0.010393,,0.000044,0.000108,0.000069,,,,,
-1.228820562,-0.938230455,,1.5100,0.8803,1.1529,,-0.012100,-0.010665,,0.000146,0.000114,0.000129,,,,,
-2.918642998,-0.256857395,,8.5185,0.0660,0.7497,,-0.028740,-0.002920,,0.000826,0.000009,0.000084,,,,,
-3.144039154,0.261540383,,9.8850,0.0684,-0.8223,,-0.030959,0.002973,,0.000958,0.000009,-0.000092,,,,,
-0.09433765,1.504204869,,0.0089,2.2626,-0.1419,,-0.000929,0.017099,,0.000001,0.000292,-0.000016,,,,,
-0.881116748,-0.017988496,,0.7764,0.0003,0.0158,,-0.008676,-0.000204,,0.000075,0.000000,0.000002,,,,,
-0.91648376,1.56671679,,0.8399,2.4546,-1.4359,,-0.009025,0.017809,,0.000081,0.000317,-0.000161,,,,,
-1.151420116,-0.368198276,,1.3258,0.1356,0.4240,,-0.011338,-0.004185,,0.000129,0.000018,0.000047,,,,,
1.800287604,-0.221921772,,3.2410,0.0492,-0.3995,,0.017727,-0.002523,,0.000314,0.000006,-0.000045,,,,,
-0.339097917,-1.121195912,,0.1150,1.2571,0.3802,,-0.003339,-0.012745,,0.000011,0.000162,0.000043,,,,,
0.41026324,0.155365422,,0.1683,0.0241,0.0637,,0.004040,0.001766,,0.000016,0.000003,0.000007,,,,,
-1.085236549,-0.293279529,,1.1777,0.0860,0.3183,,-0.010686,-0.003334,,0.000114,0.000011,0.000036,,,,,
-0.367188871,2.019083023,,0.1348,4.0767,-0.7414,,-0.003616,0.022951,,0.000013,0.000527,-0.000083,,,,,
0.263788223,0.807377219,,0.0696,0.6519,0.2130,,0.002597,0.009178,,0.000007,0.000084,0.000024,,,,,
-0.766186416,-0.697846293,,0.5870,0.4870,0.5347,,-0.007545,-0.007933,,0.000057,0.000063,0.000060,,,,,
-1.255180597,-0.382244408,,1.5755,0.1461,0.4798,,-0.012360,-0.004345,,0.000153,0.000019,0.000054,,,,,
1.470835447,-1.45648694,,2.1634,2.1214,-2.1423,,0.014483,-0.016556,,0.000210,0.000274,-0.000240,,,,,
-2.985481739,1.097917318,,8.9131,1.2054,-3.2778,,-0.029398,0.012480,,0.000864,0.000156,-0.000367,,,,,
0.141618788,0.130652279,,0.0201,0.0171,0.0185,,0.001395,0.001485,,0.000002,0.000002,0.000002,,,,,
0.907492876,-0.155450165,,0.8235,0.0242,-0.1411,,0.008936,-0.001767,,0.000080,0.000003,-0.000016,,,,,
-0.394942045,-0.82743156,,0.1560,0.6846,0.3268,,-0.003889,-0.009406,,0.000015,0.000088,0.000037,,,,,
2.189547539,0.501820743,,4.7941,0.2518,1.0988,,0.021560,0.005704,,0.000465,0.000033,0.000123,,,,,
-1.624374628,-0.965675831,,2.6386,0.9325,1.5686,,-0.015995,-0.010977,,0.000256,0.000120,0.000176,,,,,
0.098211505,-0.29022789,,0.0096,0.0842,-0.0285,,0.000967,-0.003299,,0.000001,0.000011,-0.000003,,,,,
-0.703938544,-1.269260168,,0.4955,1.6110,0.8935,,-0.006932,-0.014428,,0.000048,0.000208,0.000100,,,,,
-0.995009065,0.330776453,,0.9900,0.1094,-0.3291,,-0.009798,0.003760,,0.000096,0.000014,-0.000037,,,,,
0.082637586,-0.004376858,,0.0068,0.0000,-0.0004,,0.000814,-0.000050,,0.000001,0.000000,0.000000,,,,,
1.402054071,1.076229811,,1.9658,1.1583,1.5089,,0.013806,0.012234,,0.000191,0.000150,0.000169,,,,,
0.080447406,-1.008718491,,0.0065,1.0175,-0.0811,,0.000792,-0.011466,,0.000001,0.000131,-0.000009,,,,,
-0.549609721,-0.934523523,,0.3021,0.8733,0.5136,,-0.005412,-0.010623,,0.000029,0.000113,0.000057,,,,,
-0.39379856,-1.849052668,,0.1551,3.4190,0.7282,,-0.003878,-0.021018,,0.000015,0.000442,0.000082,,,,,
0.791183591,1.258484364,,0.6260,1.5838,0.9957,,0.007791,0.014305,,0.000061,0.000205,0.000111,,,,,
-0.959996343,-1.226526737,,0.9216,1.5044,1.1775,,-0.009453,-0.013942,,0.000089,0.000194,0.000132,,,,,
-0.122353263,2.54838562,,0.0150,6.4943,-0.3118,,-0.001205,0.028968,,0.000001,0.000839,-0.000035,,,,,
0.168296784,0.077143677,,0.0283,0.0060,0.0130,,0.001657,0.000877,,0.000003,0.000001,0.000001,,,,,
0.67548883,-0.943061292,,0.4563,0.8894,-0.6370,,0.006651,-0.010720,,0.000044,0.000115,-0.000071,,,,,
-1.722909689,-2.155806541,,2.9684,4.6475,3.7143,,-0.016965,-0.024505,,0.000288,0.000601,0.000416,,,,,
-0.12701118,-1.323777199,,0.0161,1.7524,0.1681,,-0.001251,-0.015048,,0.000002,0.000226,0.000019,,,,,
-1.435380697,1.138028145,,2.0603,1.2951,-1.6335,,-0.014134,0.012936,,0.000200,0.000167,-0.000183,,,,,
-0.413150251,1.116939783,,0.1707,1.2476,-0.4615,,-0.004068,0.012696,,0.000017,0.000161,-0.000052,,,,,
-1.87967062,-1.516876459,,3.5332,2.3009,2.8512,,-0.018509,-0.017243,,0.000343,0.000297,0.000319,,,,,
1.149220705,-1.403289676,,1.3207,1.9692,-1.6127,,0.011316,-0.015951,,0.000128,0.000254,-0.000181,,,,,
-0.08875446,-1.093077183,,0.0079,1.1948,0.0970,,-0.000874,-0.012425,,0.000001,0.000154,0.000011,,,,,
-0.730717421,0.815792739,,0.5339,0.6655,-0.5961,,-0.007195,0.009273,,0.000052,0.000086,-0.000067,,,,,
-0.175477803,-0.285012513,,0.0308,0.0812,0.0500,,-0.001728,-0.003240,,0.000003,0.000010,0.000006,,,,,
-1.856564164,-0.950562298,,3.4468,0.9036,1.7648,,-0.018281,-0.010805,,0.000334,0.000117,0.000198,,,,,
-2.089239359,-1.45425427,,4.3649,2.1149,3.0383,,-0.020573,-0.016531,,0.000423,0.000273,0.000340,,,,,
0.698257565,0.380882263,,0.4876,0.1451,0.2660,,0.006876,0.004330,,0.000047,0.000019,0.000030,,,,,
0.083447188,1.792607784,,0.0070,3.2134,0.1496,,0.000822,0.020377,,0.000001,0.000415,0.000017,,,,,
1.434508085,2.484712124,,2.0578,6.1738,3.5643,,0.014125,0.028244,,0.000200,0.000798,0.000399,,,,,
-0.445630193,-0.790196419,,0.1986,0.6244,0.3521,,-0.004388,-0.008982,,0.000019,0.000081,0.000039,,,,,
1.149622917,0.804736137,,1.3216,0.6476,0.9251,,0.011320,0.009148,,0.000128,0.000084,0.000104,,,,,
0.467259765,1.008222103,,0.2183,1.0165,0.4711,,0.004601,0.011461,,0.000021,0.000131,0.000053,,,,,
1.033040047,-0.579519749,,1.0672,0.3358,-0.5987,,0.010172,-0.006587,,0.000103,0.000043,-0.000067,,,,,
1.061343551,-1.753672004,,1.1265,3.0754,-1.8612,,0.010451,-0.019934,,0.000109,0.000397,-0.000208,,,,,
2.756414175,-0.092216909,,7.5978,0.0085,-0.2542,,0.027142,-0.001048,,0.000737,0.000001,-0.000028,,,,,
1.233290195,-0.275283962,,1.5210,0.0758,-0.3395,,0.012144,-0.003129,,0.000147,0.000010,-0.000038,,,,,
0.441177219,1.859345436,,0.1946,3.4572,0.8203,,0.004344,0.021135,,0.000019,0.000447,0.000092,,,,,
0.99137491,0.892565131,,0.9828,0.7967,0.8849,,0.009762,0.010146,,0.000095,0.000103,0.000099,,,,,
-1.51888895,0.538791955,,2.3070,0.2903,-0.8184,,-0.014956,0.006125,,0.000224,0.000038,-0.000092,,,,,
2.115474463,2.497319937,,4.4752,6.2366,5.2830,,0.020831,0.028387,,0.000434,0.000806,0.000591,,,,,
1.22750771,-1.069570661,,1.5068,1.1440,-1.3129,,0.012087,-0.012158,,0.000146,0.000148,-0.000147,,,,,
0.002996981,-0.203035235,,0.0000,0.0412,-0.0006,,0.000030,-0.002308,,0.000000,0.000005,0.000000,,,,,
-0.228487581,0.181321129,,0.0522,0.0329,-0.0414,,-0.002250,0.002061,,0.000005,0.000004,-0.000005,,,,,
-0.177225694,-1.008778214,,0.0314,1.0176,0.1788,,-0.001745,-0.011467,,0.000003,0.000131,0.000020,,,,,
0.032217592,-0.316882879,,0.0010,0.1004,-0.0102,,0.000317,-0.003602,,0.000000,0.000013,-0.000001,,,,,
0.90201509,1.137333155,,0.8136,1.2935,1.0259,,0.008882,0.012928,,0.000079,0.000167,0.000115,,,,,
0.453996599,-0.738073766,,0.2061,0.5448,-0.3351,,0.004470,-0.008390,,0.000020,0.000070,-0.000038,,,,,
-0.358730435,-0.632727742,,0.1287,0.4003,0.2270,,-0.003532,-0.007192,,0.000012,0.000052,0.000025,,,,,
2.629967213,-0.247523367,,6.9167,0.0613,-0.6510,,0.025897,-0.002814,,0.000671,0.000008,-0.000073,,,,,
0.950328946,1.594313145,,0.9031,2.5418,1.5151,,0.009358,0.018123,,0.000088,0.000328,0.000170,,,,,
1.610579014,-0.155340046,,2.5940,0.0241,-0.2502,,0.015859,-0.001766,,0.000252,0.000003,-0.000028,,,,,
0.754624009,0.748919249,,0.5695,0.5609,0.5652,,0.007431,0.008513,,0.000055,0.000072,0.000063,,,,,
-1.05552578,-1.775743961,,1.1141,3.1533,1.8743,,-0.010394,-0.020185,,0.000108,0.000407,0.000210,,,,,
-0.486567676,2.853530884,,0.2367,8.1426,-1.3884,,-0.004791,0.032437,,0.000023,0.001052,-0.000155,,,,,
-0.0098252,1.350783706,,0.0001,1.8246,-0.0133,,-0.000097,0.015355,,0.000000,0.000236,-0.000001,,,,,
-1.46743536,-0.03905727,,2.1534,0.0015,0.0573,,-0.014450,-0.000444,,0.000209,0.000000,0.000006,,,,,
-0.132703975,-1.197853327,,0.0176,1.4349,0.1590,,-0.001307,-0.013616,,0.000002,0.000185,0.000018,,,,,
0.758554339,2.52224493,,0.5754,6.3617,1.9133,,0.007469,0.028671,,0.000056,0.000822,0.000214,,,,,
0.42523247,3.103055,,0.1808,9.6290,1.3195,,0.004187,0.035273,,0.000018,0.001244,0.000148,,,,,
0.450797856,-1.114485025,,0.2032,1.2421,-0.5024,,0.004439,-0.012669,,0.000020,0.000160,-0.000056,,,,,
1.415016294,2.963995218,,2.0023,8.7853,4.1941,,0.013934,0.033692,,0.000194,0.001135,0.000469,,,,,
2.914058685,1.905618191,,8.4917,3.6314,5.5531,,0.028694,0.021661,,0.000823,0.000469,0.000622,,,,,
1.451113701,0.812414229,,2.1057,0.6600,1.1789,,0.014289,0.009235,,0.000204,0.000085,0.000132,,,,,
-1.034944892,-0.694068432,,1.0711,0.4817,0.7183,,-0.010191,-0.007890,,0.000104,0.000062,0.000080,,,,,
-2.340804577,-0.05434797,,5.4794,0.0030,0.1272,,-0.023050,-0.000618,,0.000531,0.000000,0.000014,,,,,
-1.755937934,-2.204259634,,3.0833,4.8588,3.8705,,-0.017291,-0.025056,,0.000299,0.000628,0.000433,,,,,
-0.061469853,0.817456245,,0.0038,0.6682,-0.0502,,-0.000605,0.009292,,0.000000,0.000086,-0.000006,,,,,
-0.49063459,0.953369319,,0.2407,0.9089,-0.4678,,-0.004831,0.010837,,0.000023,0.000117,-0.000052,,,,,
1.099855065,2.833598852,,1.2097,8.0293,3.1165,,0.010830,0.032210,,0.000117,0.001037,0.000349,,,,,
0.306887984,0.958005428,,0.0942,0.9178,0.2940,,0.003022,0.010890,,0.000009,0.000119,0.000033,,,,,
-0.703430176,-0.762507796,,0.4948,0.5814,0.5364,,-0.006927,-0.008668,,0.000048,0.000075,0.000060,,,,,
1.689151645,0.685765445,,2.8532,0.4703,1.1584,,0.016633,0.007795,,0.000277,0.000061,0.000130,,,,,
1.017889261,0.641897917,,1.0361,0.4120,0.6534,,0.010023,0.007297,,0.000100,0.000053,0.000073,,,,,
-2.082613468,0.377399027,,4.3373,0.1424,-0.7860,,-0.020507,0.004290,,0.000421,0.000018,-0.000088,,,,,
1.103127956,0.076920189,,1.2169,0.0059,0.0849,,0.010862,0.000874,,0.000118,0.000001,0.000009,,,,,
0.612871349,0.587827086,,0.3756,0.3455,0.3603,,0.006035,0.006682,,0.000036,0.000045,0.000040,,,,,
-0.481569827,-1.364434123,,0.2319,1.8617,0.6571,,-0.004742,-0.015510,,0.000022,0.000241,0.000074,,,,,
0.431573987,1.515230656,,0.1863,2.2959,0.6539,,0.004250,0.017224,,0.000018,0.000297,0.000073,,,,,
-0.424420297,-0.474955946,,0.1801,0.2256,0.2016,,-0.004179,-0.005399,,0.000017,0.000029,0.000023,,,,,
-0.337268472,-0.368949592,,0.1138,0.1361,0.1244,,-0.003321,-0.004194,,0.000011,0.000018,0.000014,,,,,
0.354784399,0.848373652,,0.1259,0.7197,0.3010,,0.003494,0.009644,,0.000012,0.000093,0.000034,,,,,
2.538121939,0.443108737,,6.4421,0.1963,1.1247,,0.024993,0.005037,,0.000625,0.000025,0.000126,,,,,
0.770938337,0.631916165,,0.5943,0.3993,0.4872,,0.007591,0.007183,,0.000058,0.000052,0.000055,,,,,
-1.715368509,-1.946866751,,2.9425,3.7903,3.3396,,-0.016891,-0.022130,,0.000285,0.000490,0.000374,,,,,
-0.520547211,2.287766457,,0.2710,5.2339,-1.1909,,-0.005126,0.026005,,0.000026,0.000676,-0.000133,,,,,
-0.655043662,-1.121336222,,0.4291,1.2574,0.7345,,-0.006450,-0.012746,,0.000042,0.000162,0.000082,,,,,
-0.611475468,-0.170765519,,0.3739,0.0292,0.1044,,-0.006021,-0.001941,,0.000036,0.000004,0.000012,,,,,
1.804512024,0.511152208,,3.2563,0.2613,0.9224,,0.017769,0.005810,,0.000316,0.000034,0.000103,,,,,
-1.498096943,-0.091639854,,2.2443,0.0084,0.1373,,-0.014752,-0.001042,,0.000218,0.000001,0.000015,,,,,
1.079586983,0.88660419,,1.1655,0.7861,0.9572,,0.010631,0.010078,,0.000113,0.000102,0.000107,,,,,
-2.388894081,-0.404141366,,5.7068,0.1633,0.9655,,-0.023523,-0.004594,,0.000553,0.000021,0.000108,,,,,
-0.529181004,-0.060447216,,0.2800,0.0037,0.0320,,-0.005211,-0.000687,,0.000027,0.000000,0.000004,,,,,
3.094463825,1.275941849,,9.5757,1.6280,3.9484,,0.030471,0.014504,,0.000928,0.000210,0.000442,,,,,
-0.186773568,-0.346964121,,0.0349,0.1204,0.0648,,-0.001839,-0.003944,,0.000003,0.000016,0.000007,,,,,
0.840419888,-0.025057435,,0.7063,0.0006,-0.0211,,0.008276,-0.000285,,0.000068,0.000000,-0.000002,,,,,
-1.042924643,-1.407231092,,1.0877,1.9803,1.4676,,-0.010270,-0.015996,,0.000105,0.000256,0.000164,,,,,
-1.80029726,0.029990315,,3.2411,0.0009,-0.0540,,-0.017727,0.000341,,0.000314,0.000000,-0.000006,,,,,
0.363543868,1.062231302,,0.1322,1.1283,0.3862,,0.003580,0.012075,,0.000013,0.000146,0.000043,,,,,
0.093032598,1.335831881,,0.0087,1.7844,0.1243,,0.000916,0.015185,,0.000001,0.000231,0.000014,,,,,
-1.090059757,-0.347598553,,1.1882,0.1208,0.3789,,-0.010734,-0.003951,,0.000115,0.000016,0.000042,,,,,
-0.11257568,-0.267356217,,0.0127,0.0715,0.0301,,-0.001109,-0.003039,,0.000001,0.000009,0.000003,,,,,
1.039374709,0.724729419,,1.0803,0.5252,0.7533,,0.010235,0.008238,,0.000105,0.000068,0.000084,,,,,
0.378367305,0.067250006,,0.1432,0.0045,0.0254,,0.003726,0.000764,,0.000014,0.000001,0.000003,,,,,
-1.83189106,0.748651445,,3.3558,0.5605,-1.3714,,-0.018038,0.008510,,0.000325,0.000072,-0.000154,,,,,
0.401349992,0.658502102,,0.1611,0.4336,0.2643,,0.003952,0.007485,,0.000016,0.000056,0.000030,,,,,
-1.061850905,-0.32162106,,1.1275,0.1034,0.3415,,-0.010456,-0.003656,,0.000109,0.000013,0.000038,,,,,
-0.685736418,-0.714692712,,0.4702,0.5108,0.4901,,-0.006752,-0.008124,,0.000046,0.000066,0.000055,,,,,
-1.757308006,3.05448103,,3.0881,9.3299,-5.3677,,-0.017304,0.034721,,0.000299,0.001206,-0.000601,,,,,
-0.348440707,-1.600615263,,0.1214,2.5620,0.5577,,-0.003431,-0.018194,,0.000012,0.000331,0.000062,,,,,
-1.809277654,-0.428860068,,3.2735,0.1839,0.7759,,-0.017816,-0.004875,,0.000317,0.000024,0.000087,,,,,
-0.234812424,-0.519504189,,0.0551,0.2699,0.1220,,-0.002312,-0.005905,,0.000005,0.000035,0.000014,,,,,
1.667191744,-0.062917247,,2.7795,0.0040,-0.1049,,0.016417,-0.000715,,0.000270,0.000001,-0.000012,,,,,
-2.886219978,-1.523550034,,8.3303,2.3212,4.3973,,-0.028420,-0.017318,,0.000808,0.000300,0.000492,,,,,
1.217888117,0.735710859,,1.4833,0.5413,0.8960,,0.011992,0.008363,,0.000144,0.000070,0.000100,,,,,
0.540387511,2.541843653,,0.2920,6.4610,1.3736,,0.005321,0.028894,,0.000028,0.000835,0.000154,,,,,
-0.974390924,-1.723197341,,0.9494,2.9694,1.6791,,-0.009595,-0.019588,,0.000092,0.000384,0.000188,,,,,
-1.518044949,-0.029266566,,2.3045,0.0009,0.0444,,-0.014948,-0.000333,,0.000223,0.000000,0.000005,,,,,
-0.194946855,1.511674881,,0.0380,2.2852,-0.2947,,-0.001920,0.017183,,0.000004,0.000295,-0.000033,,,,,
0.039513156,-1.461292028,,0.0016,2.1354,-0.0577,,0.000389,-0.016611,,0.000000,0.000276,-0.000006,,,,,
0.168054178,0.988610625,,0.0282,0.9774,0.1661,,0.001655,0.011238,,0.000003,0.000126,0.000019,,,,,
0.875142217,-0.848834276,,0.7659,0.7205,-0.7429,,0.008617,-0.009649,,0.000074,0.000093,-0.000083,,,,,
1.061589003,-0.271238446,,1.1270,0.0736,-0.2879,,0.010453,-0.003083,,0.000109,0.000010,-0.000032,,,,,
-0.661311626,2.347038984,,0.4373,5.5086,-1.5521,,-0.006512,0.026679,,0.000042,0.000712,-0.000174,,,,,
0.208693743,0.800044239,,0.0436,0.6401,0.1670,,0.002055,0.009094,,0.000004,0.000083,0.000019,,,,,
-0.715052247,1.704925776,,0.5113,2.9068,-1.2191,,-0.007041,0.019380,,0.000050,0.000376,-0.000136,,,,,
0.487267375,0.377265662,,0.2374,0.1423,0.1838,,0.004798,0.004288,,0.000023,0.000018,0.000021,,,,,
0.476586938,1.465891242,,0.2271,2.1488,0.6986,,0.004693,0.016663,,0.000022,0.000278,0.000078,,,,,
-4.217514038,-1.702958703,,17.7874,2.9001,7.1823,,-0.041529,-0.019358,,0.001725,0.000375,0.000804,,,,,
1.642821312,4.116823673,,2.6989,16.9482,6.7632,,0.016177,0.046797,,0.000262,0.002190,0.000757,,,,,
2.459591389,-0.606841207,,6.0496,0.3683,-1.4926,,0.024219,-0.006898,,0.000587,0.000048,-0.000167,,,,,
-2.167519093,0.613507807,,4.6981,0.3764,-1.3298,,-0.021343,0.006974,,0.000456,0.000049,-0.000149,,,,,
0.314001173,3.289781809,,0.0986,10.8227,1.0330,,0.003092,0.037395,,0.000010,0.001398,0.000116,,,,,
-2.070110321,-3.694995403,,4.2854,13.6530,7.6490,,-0.020384,-0.042002,,0.000416,0.001764,0.000856,,,,,
0.387545019,1.603701949,,0.1502,2.5719,0.6215,,0.003816,0.018230,,0.000015,0.000332,0.000070,,,,,
0.940712929,1.679024935,,0.8849,2.8191,1.5795,,0.009263,0.019086,,0.000086,0.000364,0.000177,,,,,
0.888921261,1.425680041,,0.7902,2.0326,1.2673,,0.008753,0.016206,,0.000077,0.000263,0.000142,,,,,
0.4473297,2.05305624,,0.2001,4.2150,0.9184,,0.004405,0.023337,,0.000019,0.000545,0.000103,,,,,
-0.814154744,-0.575999498,,0.6628,0.3318,0.4690,,-0.008017,-0.006547,,0.000064,0.000043,0.000052,,,,,
0.922462344,0.957636654,,0.8509,0.9171,0.8834,,0.009083,0.010886,,0.000083,0.000118,0.000099,,,,,
-0.94993341,-0.15202716,,0.9024,0.0231,0.1444,,-0.009354,-0.001728,,0.000087,0.000003,0.000016,,,,,
0.485580713,-0.786935449,,0.2358,0.6193,-0.3821,,0.004781,-0.008945,,0.000023,0.000080,-0.000043,,,,,
1.162393808,0.519322395,,1.3512,0.2697,0.6037,,0.011446,0.005903,,0.000131,0.000035,0.000068,,,,,
1.303025603,0.998863578,,1.6979,0.9977,1.3015,,0.012831,0.011354,,0.000165,0.000129,0.000146,,,,,
0.153049201,-2.208037853,,0.0234,4.8754,-0.3379,,0.001507,-0.025099,,0.000002,0.000630,-0.000038,,,,,
-0.436614245,-0.874683619,,0.1906,0.7651,0.3819,,-0.004299,-0.009943,,0.000018,0.000099,0.000043,,,,,
-1.076653957,0.663672328,,1.1592,0.4405,-0.7145,,-0.010602,0.007544,,0.000112,0.000057,-0.000080,,,,,
-0.969136834,-1.61267066,,0.9392,2.6007,1.5629,,-0.009543,-0.018331,,0.000091,0.000336,0.000175,,,,,
-0.360053837,0.228054404,,0.1296,0.0520,-0.0821,,-0.003545,0.002592,,0.000013,0.000007,-0.000009,,,,,
0.453312516,-0.792442083,,0.2055,0.6280,-0.3592,,0.004464,-0.009008,,0.000020,0.000081,-0.000040,,,,,
-1.373420238,-0.527505517,,1.8863,0.2783,0.7245,,-0.013524,-0.005996,,0.000183,0.000036,0.000081,,,,,
0.180344835,0.405455112,,0.0325,0.1644,0.0731,,0.001776,0.004609,,0.000003,0.000021,0.000008,,,,,
0.906357884,0.674020171,,0.8215,0.4543,0.6109,,0.008925,0.007662,,0.000080,0.000059,0.000068,,,,,
4.55797863,1.781433105,,20.7752,3.1735,8.1197,,0.044882,0.020250,,0.002014,0.000410,0.000909,,,,,
-0.675034583,-1.80937171,,0.4557,3.2738,1.2214,,-0.006647,-0.020567,,0.000044,0.000423,0.000137,,,,,
-1.551614881,-2.797642231,,2.4075,7.8268,4.3409,,-0.015279,-0.031801,,0.000233,0.001011,0.000486,,,,,
-0.738928914,1.252851963,,0.5460,1.5696,-0.9258,,-0.007276,0.014241,,0.000053,0.000203,-0.000104,,,,,
-0.689339638,-0.456241608,,0.4752,0.2082,0.3145,,-0.006788,-0.005186,,0.000046,0.000027,0.000035,,,,,
-2.39093399,-1.659272671,,5.7166,2.7532,3.9672,,-0.023543,-0.018861,,0.000554,0.000356,0.000444,,,,,
-0.797914624,-0.666673064,,0.6367,0.4445,0.5319,,-0.007857,-0.007578,,0.000062,0.000057,0.000060,,,,,
-0.046336643,0.627886355,,0.0021,0.3942,-0.0291,,-0.000456,0.007137,,0.000000,0.000051,-0.000003,,,,,
-3.642144918,-0.570589364,,13.2652,0.3256,2.0782,,-0.035864,-0.006486,,0.001286,0.000042,0.000233,,,,,
-2.362155437,-0.602169216,,5.5798,0.3626,1.4224,,-0.023260,-0.006845,,0.000541,0.000047,0.000159,,,,,
-2.316341639,-1.500546455,,5.3654,2.2516,3.4758,,-0.022809,-0.017057,,0.000520,0.000291,0.000389,,,,,
-0.053604245,-0.214387357,,0.0029,0.0460,0.0115,,-0.000528,-0.002437,,0.000000,0.000006,0.000001,,,,,
-0.17548424,0.156434283,,0.0308,0.0245,-0.0275,,-0.001728,0.001778,,0.000003,0.000003,-0.000003,,,,,
0.64300406,2.176407099,,0.4135,4.7367,1.3994,,0.006332,0.024740,,0.000040,0.000612,0.000157,,,,,
0.496965379,-0.906670332,,0.2470,0.8221,-0.4506,,0.004894,-0.010306,,0.000024,0.000106,-0.000050,,,,,
0.086832464,2.266293526,,0.0075,5.1361,0.1968,,0.000855,0.025761,,0.000001,0.000664,0.000022,,,,,
-2.101522684,-1.573226213,,4.4164,2.4750,3.3062,,-0.020693,-0.017883,,0.000428,0.000320,0.000370,,,,,
0.689619362,1.997467041,,0.4756,3.9899,1.3775,,0.006791,0.022706,,0.000046,0.000516,0.000154,,,,,
0.384378254,0.054857135,,0.1477,0.0030,0.0211,,0.003785,0.000624,,0.000014,0.000000,0.000002,,,,,
0.014836363,-0.1038443,,0.0002,0.0108,-0.0015,,0.000146,-0.001180,,0.000000,0.000001,0.000000,,,,,
0.816427112,1.063110113,,0.6666,1.1302,0.8680,,0.008039,0.012085,,0.000065,0.000146,0.000097,,,,,
-1.703532577,-1.416457653,,2.9020,2.0064,2.4130,,-0.016775,-0.016101,,0.000281,0.000259,0.000270,,,,,
2.541781425,0.102193043,,6.4607,0.0104,0.2598,,0.025029,0.001162,,0.000626,0.000001,0.000029,,,,,
-1.791131973,2.828994751,,3.2082,8.0032,-5.0671,,-0.017637,0.032158,,0.000311,0.001034,-0.000567,,,,,
-0.913208723,-0.050896585,,0.8340,0.0026,0.0465,,-0.008992,-0.000579,,0.000081,0.000000,0.000005,,,,,
-1.660915613,-0.695420384,,2.7586,0.4836,1.1550,,-0.016355,-0.007905,,0.000267,0.000062,0.000129,,,,,
-2.701488495,-2.154548168,,7.2980,4.6421,5.8205,,-0.026601,-0.024491,,0.000708,0.000600,0.000651,,,,,
-0.004125342,0.94266504,,0.0000,0.8886,-0.0039,,-0.000041,0.010715,,0.000000,0.000115,0.000000,,,,,
1.523415804,-0.487372458,,2.3208,0.2375,-0.7425,,0.015001,-0.005540,,0.000225,0.000031,-0.000083,,,,,
-2.380079746,-3.655243874,,5.6648,13.3608,8.6998,,-0.023436,-0.041550,,0.000549,0.001726,0.000974,,,,,
0.516935349,1.313299537,,0.2672,1.7248,0.6789,,0.005090,0.014928,,0.000026,0.000223,0.000076,,,,,
-0.075754814,-1.367288113,,0.0057,1.8695,0.1036,,-0.000746,-0.015542,,0.000001,0.000242,0.000012,,,,,
0.362825096,0.334398568,,0.1316,0.1118,0.1213,,0.003573,0.003801,,0.000013,0.000014,0.000014,,,,,
1.568707705,2.418278217,,2.4608,5.8481,3.7936,,0.015447,0.027489,,0.000239,0.000756,0.000425,,,,,
-0.575121641,0.021790542,,0.3308,0.0005,-0.0125,,-0.005663,0.000248,,0.000032,0.000000,-0.000001,,,,,
1.377551317,-0.048946485,,1.8976,0.0024,-0.0674,,0.013565,-0.000556,,0.000184,0.000000,-0.000008,,,,,
1.568739891,-0.304599047,,2.4609,0.0928,-0.4778,,0.015447,-0.003462,,0.000239,0.000012,-0.000053,,,,,
2.22344017,1.712955952,,4.9437,2.9342,3.8087,,0.021894,0.019471,,0.000479,0.000379,0.000426,,,,,
-1.634220362,-2.240557194,,2.6707,5.0201,3.6616,,-0.016092,-0.025469,,0.000259,0.000649,0.000410,,,,,
-1.71762836,0.433991641,,2.9502,0.1883,-0.7454,,-0.016913,0.004933,,0.000286,0.000024,-0.000083,,,,,
-3.113678932,-2.803974152,,9.6950,7.8623,8.7307,,-0.030660,-0.031873,,0.000940,0.001016,0.000977,,,,,
1.768125057,1.483195543,,3.1263,2.1999,2.6225,,0.017411,0.016860,,0.000303,0.000284,0.000294,,,,,
1.804720759,2.916280746,,3.2570,8.5047,5.2631,,0.017771,0.033150,,0.000316,0.001099,0.000589,,,,,
-0.804111958,0.445881784,,0.6466,0.1988,-0.3585,,-0.007918,0.005068,,0.000063,0.000026,-0.000040,,,,,
-0.944681287,-1.579626322,,0.8924,2.4952,1.4922,,-0.009302,-0.017956,,0.000087,0.000322,0.000167,,,,,
-0.929088354,-0.468577176,,0.8632,0.2196,0.4353,,-0.009149,-0.005326,,0.000084,0.000028,0.000049,,,,,
-0.516707182,-0.2557078,,0.2670,0.0654,0.1321,,-0.005088,-0.002907,,0.000026,0.000008,0.000015,,,,,
3.486733675,3.281888723,,12.1573,10.7708,11.4431,,0.034334,0.037306,,0.001179,0.001392,0.001281,,,,,
-1.919035554,-2.251384735,,3.6827,5.0687,4.3205,,-0.018897,-0.025592,,0.000357,0.000655,0.000484,,,,,
0.116303191,-0.264849931,,0.0135,0.0701,-0.0308,,0.001145,-0.003011,,0.000001,0.000009,-0.000003,,,,,
0.580118418,1.765928745,,0.3365,3.1185,1.0244,,0.005712,0.020074,,0.000033,0.000403,0.000115,,,,,
0.353076696,-0.914984345,,0.1247,0.8372,-0.3231,,0.003477,-0.010401,,0.000012,0.000108,-0.000036,,,,,
0.897260249,1.051180601,,0.8051,1.1050,0.9432,,0.008835,0.011949,,0.000078,0.000143,0.000106,,,,,
-2.170717001,0.658920169,,4.7120,0.4342,-1.4303,,-0.021375,0.007490,,0.000457,0.000056,-0.000160,,,,,
0.566741049,2.02228117,,0.3212,4.0896,1.1461,,0.005581,0.022988,,0.000031,0.000528,0.000128,,,,,
-2.004055023,-1.243557811,,4.0162,1.5464,2.4922,,-0.019734,-0.014136,,0.000389,0.000200,0.000279,,,,,
0.593214691,-1.2435956,,0.3519,1.5465,-0.7377,,0.005841,-0.014136,,0.000034,0.000200,-0.000083,,,,,
1.154438019,0.984885931,,1.3327,0.9700,1.1370,,0.011368,0.011195,,0.000129,0.000125,0.000127,,,,,
0.305285871,-1.707890749,,0.0932,2.9169,-0.5214,,0.003006,-0.019414,,0.000009,0.000377,-0.000058,,,,,
-0.472618192,-0.930238128,,0.2234,0.8653,0.4396,,-0.004654,-0.010574,,0.000022,0.000112,0.000049,,,,,
-0.58169359,0.794000149,,0.3384,0.6304,-0.4619,,-0.005728,0.009026,,0.000033,0.000081,-0.000052,,,,,
1.240616322,2.606128454,,1.5391,6.7919,3.2332,,0.012216,0.029624,,0.000149,0.000878,0.000362,,,,,
0.678247213,-2.174424887,,0.4600,4.7281,-1.4748,,0.006679,-0.024717,,0.000045,0.000611,-0.000165,,,,,
-0.031463455,1.049096584,,0.0010,1.1006,-0.0330,,-0.000310,0.011925,,0.000000,0.000142,-0.000004,,,,,
-2.131328821,-0.517800689,,4.5426,0.2681,1.1036,,-0.020987,-0.005886,,0.000440,0.000035,0.000124,,,,,
-0.671904922,-1.055582762,,0.4515,1.1143,0.7093,,-0.006616,-0.011999,,0.000044,0.000144,0.000079,,,,,
-1.527491093,-0.437727451,,2.3332,0.1916,0.6686,,-0.015041,-0.004976,,0.000226,0.000025,0.000075,,,,,
-0.218145981,-1.08191514,,0.0476,1.1705,0.2360,,-0.002148,-0.012298,,0.000005,0.000151,0.000026,,,,,
2.017981529,-0.676540852,,4.0722,0.4577,-1.3652,,0.019871,-0.007690,,0.000395,0.000059,-0.000153,,,,,
-2.076728106,0.273345381,,4.3128,0.0747,-0.5677,,-0.020449,0.003107,,0.000418,0.000010,-0.000064,,,,,
2.775322914,1.97637856,,7.7024,3.9061,5.4851,,0.027328,0.022466,,0.000747,0.000505,0.000614,,,,,
-0.766924858,-2.755062103,,0.5882,7.5904,2.1129,,-0.007552,-0.031317,,0.000057,0.000981,0.000237,,,,,
-0.781461835,-0.303963572,,0.6107,0.0924,0.2375,,-0.007695,-0.003455,,0.000059,0.000012,0.000027,,,,,
1.063797235,2.003904581,,1.1317,4.0156,2.1317,,0.010475,0.022779,,0.000110,0.000519,0.000239,,,,,
0.270075381,-0.198836803,,0.0729,0.0395,-0.0537,,0.002659,-0.002260,,0.000007,0.000005,-0.000006,,,,,
0.09833584,-0.523137391,,0.0097,0.2737,-0.0514,,0.000968,-0.005947,,0.000001,0.000035,-0.000006,,,,,
-1.930662632,-0.164206624,,3.7275,0.0270,0.3170,,-0.019011,-0.001867,,0.000361,0.000003,0.000035,,,,,
0.394632697,2.519920349,,0.1557,6.3500,0.9944,,0.003886,0.028644,,0.000015,0.000820,0.000111,,,,,
1.013408422,-1.323845863,,1.0270,1.7526,-1.3416,,0.009979,-0.015048,,0.000100,0.000226,-0.000150,,,,,
2.601238728,0.592613995,,6.7664,0.3512,1.5415,,0.025614,0.006736,,0.000656,0.000045,0.000173,,,,,
2.385219574,-0.760541201,,5.6893,0.5784,-1.8141,,0.023487,-0.008645,,0.000552,0.000075,-0.000203,,,,,
-0.606706977,-1.634666204,,0.3681,2.6721,0.9918,,-0.005974,-0.018581,,0.000036,0.000345,0.000111,,,,,
0.415981621,1.267443538,,0.1730,1.6064,0.5272,,0.004096,0.014407,,0.000017,0.000208,0.000059,,,,,
-1.800355911,-0.122788936,,3.2413,0.0151,0.2211,,-0.017728,-0.001396,,0.000314,0.000002,0.000025,,,,,
0.650901675,1.616019607,,0.4237,2.6115,1.0519,,0.006409,0.018370,,0.000041,0.000337,0.000118,,,,,
-0.414123356,-0.493784368,,0.1715,0.2438,0.2045,,-0.004078,-0.005613,,0.000017,0.000032,0.000023,,,,,
0.234702706,-0.146229371,,0.0551,0.0214,-0.0343,,0.002311,-0.001662,,0.000005,0.000003,-0.000004,,,,,
-0.428921044,0.424498379,,0.1840,0.1802,-0.1821,,-0.004224,0.004825,,0.000018,0.000023,-0.000020,,,,,
0.068281554,0.858710468,,0.0047,0.7374,0.0586,,0.000672,0.009761,,0.000000,0.000095,0.000007,,,,,
-1.599373698,0.433598638,,2.5580,0.1880,-0.6935,,-0.015749,0.004929,,0.000248,0.000024,-0.000078,,,,,
1.046247602,0.40525353,,1.0946,0.1642,0.4240,,0.010302,0.004607,,0.000106,0.000021,0.000047,,,,,
-1.615023971,1.131070495,,2.6083,1.2793,-1.8267,,-0.015903,0.012857,,0.000253,0.000165,-0.000204,,,,,
-2.43260169,-0.956191182,,5.9176,0.9143,2.3260,,-0.023954,-0.010869,,0.000574,0.000118,0.000260,,,,,
-1.508505344,0.357407182,,2.2756,0.1277,-0.5392,,-0.014854,0.004063,,0.000221,0.000017,-0.000060,,,,,
1.375986814,0.305895746,,1.8933,0.0936,0.4209,,0.013549,0.003477,,0.000184,0.000012,0.000047,,,,,
-0.668357372,0.949195266,,0.4467,0.9010,-0.6344,,-0.006581,0.010790,,0.000043,0.000116,-0.000071,,,,,
-0.086233802,-0.309593052,,0.0074,0.0958,0.0267,,-0.000849,-0.003519,,0.000001,0.000012,0.000003,,,,,
0.39632833,0.881443679,,0.1571,0.7769,0.3493,,0.003903,0.010020,,0.000015,0.000100,0.000039,,,,,
1.697620869,0.224706218,,2.8819,0.0505,0.3815,,0.016716,0.002554,,0.000279,0.000007,0.000043,,,,,
0.643939734,-0.1610163,,0.4147,0.0259,-0.1037,,0.006341,-0.001830,,0.000040,0.000003,-0.000012,,,,,
1.168088436,0.116034001,,1.3644,0.0135,0.1355,,0.011502,0.001319,,0.000132,0.000002,0.000015,,,,,
0.423435837,1.727534294,,0.1793,2.9844,0.7315,,0.004170,0.019637,,0.000017,0.000386,0.000082,,,,,
0.074884385,0.354285389,,0.0056,0.1255,0.0265,,0.000737,0.004027,,0.000001,0.000016,0.000003,,,,,
-0.127173215,-0.36490503,,0.0162,0.1332,0.0464,,-0.001252,-0.004148,,0.000002,0.000017,0.000005,,,,,
-1.129408598,0.220331639,,1.2756,0.0485,-0.2488,,-0.011121,0.002505,,0.000124,0.000006,-0.000028,,,,,
0.4290483,1.152909636,,0.1841,1.3292,0.4947,,0.004225,0.013105,,0.000018,0.000172,0.000055,,,,,
1.640908957,-0.72251147,,2.6926,0.5220,-1.1856,,0.016158,-0.008213,,0.000261,0.000067,-0.000133,,,,,
2.63380146,-1.045723557,,6.9369,1.0935,-2.7542,,0.025935,-0.011887,,0.000673,0.000141,-0.000308,,,,,
-1.613949776,-0.167310715,,2.6048,0.0280,0.2700,,-0.015892,-0.001902,,0.000253,0.000004,0.000030,,,,,
-0.369143486,0.560855985,,0.1363,0.3146,-0.2070,,-0.003635,0.006375,,0.000013,0.000041,-0.000023,,,,,
1.958671808,1.584652424,,3.8364,2.5111,3.1038,,0.019287,0.018013,,0.000372,0.000324,0.000347,,,,,
-1.390803456,-2.40602541,,1.9343,5.7890,3.3463,,-0.013695,-0.027350,,0.000188,0.000748,0.000375,,,,,
0.540768743,-0.364666343,,0.2924,0.1330,-0.1972,,0.005325,-0.004145,,0.000028,0.000017,-0.000022,,,,,
-3.688093662,0.197869241,,13.6020,0.0392,-0.7298,,-0.036316,0.002249,,0.001319,0.000005,-0.000082,,,,,
0.027441949,2.150947094,,0.0008,4.6266,0.0590,,0.000270,0.024450,,0.000000,0.000598,0.000007,,,,,
-1.097322464,-1.736531854,,1.2041,3.0155,1.9055,,-0.010805,-0.019739,,0.000117,0.000390,0.000213,,,,,
1.308372974,0.062034167,,1.7118,0.0038,0.0812,,0.012883,0.000705,,0.000166,0.000000,0.000009,,,,,
-3.246130466,0.41768375,,10.5374,0.1745,-1.3559,,-0.031964,0.004748,,0.001022,0.000023,-0.000152,,,,,
-2.237400055,-0.485692918,,5.0060,0.2359,1.0867,,-0.022031,-0.005521,,0.000485,0.000030,0.000122,,,,,
-0.152291462,0.107242346,,0.0232,0.0115,-0.0163,,-0.001500,0.001219,,0.000002,0.000001,-0.000002,,,,,
1.488094807,0.856065989,,2.2144,0.7328,1.2739,,0.014653,0.009731,,0.000215,0.000095,0.000143,,,,,
1.434569836,0.913123012,,2.0580,0.8338,1.3099,,0.014126,0.010380,,0.000200,0.000108,0.000147,,,,,
2.907505512,-0.772876382,,8.4536,0.5973,-2.2471,,0.028630,-0.008785,,0.000820,0.000077,-0.000252,,,,,
-0.239858359,0.444030166,,0.0575,0.1972,-0.1065,,-0.002362,0.005047,,0.000006,0.000025,-0.000012,,,,,
-1.215254545,-0.400676101,,1.4768,0.1605,0.4869,,-0.011966,-0.004555,,0.000143,0.000021,0.000055,,,,,
-0.520997643,1.298617125,,0.2714,1.6864,-0.6766,,-0.005130,0.014762,,0.000026,0.000218,-0.000076,,,,,
-1.083995819,-2.372267246,,1.1750,5.6277,2.5715,,-0.010674,-0.026966,,0.000114,0.000727,0.000288,,,,,
2.710926533,1.863243818,,7.3491,3.4717,5.0511,,0.026694,0.021180,,0.000713,0.000449,0.000565,,,,,
-2.560057878,0.844641805,,6.5539,0.7134,-2.1623,,-0.025209,0.009601,,0.000635,0.000092,-0.000242,,,,,
1.118507504,-0.781640232,,1.2511,0.6110,-0.8743,,0.011014,-0.008885,,0.000121,0.000079,-0.000098,,,,,
1.097392082,-0.135328189,,1.2043,0.0183,-0.1485,,0.010806,-0.001538,,0.000117,0.000002,-0.000017,,,,,
1.025725007,0.607662737,,1.0521,0.3693,0.6233,,0.010100,0.006907,,0.000102,0.000048,0.000070,,,,,
0.782140374,-0.70049113,,0.6117,0.4907,-0.5479,,0.007702,-0.007963,,0.000059,0.000063,-0.000061,,,,,
-0.540030956,1.251716852,,0.2916,1.5668,-0.6760,,-0.005318,0.014228,,0.000028,0.000202,-0.000076,,,,,
-0.495330572,-0.023480289,,0.2454,0.0006,0.0116,,-0.004877,-0.000267,,0.000024,0.000000,0.000001,,,,,
0.843063116,3.052138805,,0.7108,9.3156,2.5731,,0.008302,0.034694,,0.000069,0.001204,0.000288,,,,,
-0.39012906,3.106556416,,0.1522,9.6507,-1.2120,,-0.003842,0.035313,,0.000015,0.001247,-0.000136,,,,,
-1.223109484,1.685608864,,1.4960,2.8413,-2.0617,,-0.012044,0.019161,,0.000145,0.000367,-0.000231,,,,,
1.427718878,1.355555773,,2.0384,1.8375,1.9354,,0.014059,0.015409,,0.000198,0.000237,0.000217,,,,,
1.345746994,-1.410010576,,1.8110,1.9881,-1.8975,,0.013251,-0.016028,,0.000176,0.000257,-0.000212,,,,,
1.620480776,0.730588496,,2.6260,0.5338,1.1839,,0.015957,0.008305,,0.000255,0.000069,0.000133,,,,,
-0.76637429,-2.016123533,,0.5873,4.0648,1.5451,,-0.007546,-0.022918,,0.000057,0.000525,0.000173,,,,,
2.012023687,1.455682874,,4.0482,2.1190,2.9289,,0.019812,0.016547,,0.000393,0.000274,0.000328,,,,,
0.398341984,0.295255542,,0.1587,0.0872,0.1176,,0.003922,0.003356,,0.000015,0.000011,0.000013,,,,,
-0.031975538,0.372834504,,0.0010,0.1390,-0.0119,,-0.000315,0.004238,,0.000000,0.000018,-0.000001,,,,,
1.761579037,-1.982623696,,3.1032,3.9308,-3.4925,,0.017346,-0.022537,,0.000301,0.000508,-0.000391,,,,,
-0.09718693,0.968276501,,0.0094,0.9376,-0.0941,,-0.000957,0.011007,,0.000001,0.000121,-0.000011,,,,,
-1.809199452,-1.611310959,,3.2732,2.5963,2.9152,,-0.017815,-0.018316,,0.000317,0.000335,0.000326,,,,,
-0.09276545,-1.137860775,,0.0086,1.2947,0.1056,,-0.000913,-0.012934,,0.000001,0.000167,0.000012,,,,,
0.980152309,-2.657487392,,0.9607,7.0622,-2.6047,,0.009651,-0.030208,,0.000093,0.000913,-0.000292,,,,,
-0.650760829,-0.195857644,,0.4235,0.0384,0.1275,,-0.006408,-0.002226,,0.000041,0.000005,0.000014,,,,,
0.638106823,1.32904768,,0.4072,1.7664,0.8481,,0.006283,0.015107,,0.000039,0.000228,0.000095,,,,,
-3.046609402,-2.439505816,,9.2818,5.9512,7.4322,,-0.030000,-0.027730,,0.000900,0.000769,0.000832,,,,,
0.189814478,0.094294339,,0.0360,0.0089,0.0179,,0.001869,0.001072,,0.000003,0.000001,0.000002,,,,,
1.262959123,2.377654076,,1.5951,5.6532,3.0029,,0.012436,0.027027,,0.000155,0.000730,0.000336,,,,,
-0.12833482,-0.625412464,,0.0165,0.3911,0.0803,,-0.001264,-0.007109,,0.000002,0.000051,0.000009,,,,,
-0.893434465,-2.232904911,,0.7982,4.9859,1.9950,,-0.008798,-0.025382,,0.000077,0.000644,0.000223,,,,,
0.576269031,-1.010314465,,0.3321,1.0207,-0.5822,,0.005674,-0.011484,,0.000032,0.000132,-0.000065,,,,,
1.072620153,0.461060911,,1.1505,0.2126,0.4945,,0.010562,0.005241,,0.000112,0.000027,0.000055,,,,,
0.763556302,-0.579645157,,0.5830,0.3360,-0.4426,,0.007519,-0.006589,,0.000057,0.000043,-0.000050,,,,,
0.580266356,1.234945297,,0.3367,1.5251,0.7166,,0.005714,0.014038,,0.000033,0.000197,0.000080,,,,,
2.551596165,0.13005662,,6.5106,0.0169,0.3319,,0.025125,0.001478,,0.000631,0.000002,0.000037,,,,,
-1.276700974,-2.086519718,,1.6300,4.3536,2.6639,,-0.012572,-0.023718,,0.000158,0.000563,0.000298,,,,,
-1.46316576,-3.48902607,,2.1409,12.1733,5.1050,,-0.014408,-0.039660,,0.000208,0.001573,0.000571,,,,,
-1.083641291,-0.491959453,,1.1743,0.2420,0.5331,,-0.010671,-0.005592,,0.000114,0.000031,0.000060,,,,,
1.567619085,-0.736710191,,2.4574,0.5427,-1.1549,,0.015436,-0.008374,,0.000238,0.000070,-0.000129,,,,,
-2.152798414,0.728518546,,4.6345,0.5307,-1.5684,,-0.021198,0.008281,,0.000449,0.000069,-0.000176,,,,,
-0.049148541,-1.542878628,,0.0024,2.3805,0.0758,,-0.000484,-0.017538,,0.000000,0.000308,0.000008,,,,,
-2.028523207,0.219552457,,4.1149,0.0482,-0.4454,,-0.019975,0.002496,,0.000399,0.000006,-0.000050,,,,,
-0.249423862,2.842730999,,0.0622,8.0811,-0.7090,,-0.002456,0.032314,,0.000006,0.001044,-0.000079,,,,,
0.820366919,-0.672390401,,0.6730,0.4521,-0.5516,,0.008078,-0.007643,,0.000065,0.000058,-0.000062,,,,,
-0.263495147,-0.157962501,,0.0694,0.0250,0.0416,,-0.002595,-0.001796,,0.000007,0.000003,0.000005,,,,,
-1.546270013,-0.089707911,,2.3910,0.0080,0.1387,,-0.015226,-0.001020,,0.000232,0.000001,0.000016,,,,,
-1.26030612,-0.401924551,,1.5884,0.1615,0.5065,,-0.012410,-0.004569,,0.000154,0.000021,0.000057,,,,,
-1.127839327,-0.575584412,,1.2720,0.3313,0.6492,,-0.011106,-0.006543,,0.000123,0.000043,0.000073,,,,,
0.210733384,0.418037742,,0.0444,0.1748,0.0881,,0.002075,0.004752,,0.000004,0.000023,0.000010,,,,,
0.034098037,-0.510084212,,0.0012,0.2602,-0.0174,,0.000336,-0.005798,,0.000000,0.000034,-0.000002,,,,,
-0.858337164,-0.461486876,,0.7367,0.2130,0.3961,,-0.008452,-0.005246,,0.000071,0.000028,0.000044,,,,,
-1.367450237,-0.039089501,,1.8699,0.0015,0.0535,,-0.013465,-0.000444,,0.000181,0.000000,0.000006,,,,,
1.478551507,-0.664693415,,2.1861,0.4418,-0.9828,,0.014559,-0.007556,,0.000212,0.000057,-0.000110,,,,,
0.440752923,-0.058975901,,0.1943,0.0035,-0.0260,,0.004340,-0.000670,,0.000019,0.000000,-0.000003,,,,,
-0.537160397,-0.514085412,,0.2885,0.2643,0.2761,,-0.005289,-0.005844,,0.000028,0.000034,0.000031,,,,,
-1.317157269,-1.497715473,,1.7349,2.2432,1.9727,,-0.012970,-0.017025,,0.000168,0.000290,0.000221,,,,,
-0.384747267,-0.846558511,,0.1480,0.7167,0.3257,,-0.003789,-0.009623,,0.000014,0.000093,0.000036,,,,,
-2.535666704,-1.571336627,,6.4296,2.4691,3.9844,,-0.024968,-0.017862,,0.000623,0.000319,0.000446,,,,,
0.188201845,-1.762243986,,0.0354,3.1055,-0.3317,,0.001853,-0.020032,,0.000003,0.000401,-0.000037,,,,,
-0.32264781,-2.58551693,,0.1041,6.6849,0.8342,,-0.003177,-0.029390,,0.000010,0.000864,0.000093,,,,,
1.407823324,1.267699361,,1.9820,1.6071,1.7847,,0.013863,0.014410,,0.000192,0.000208,0.000200,,,,,
-0.753957748,-0.950556338,,0.5685,0.9036,0.7167,,-0.007424,-0.010805,,0.000055,0.000117,0.000080,,,,,
-0.124617271,-2.232233524,,0.0155,4.9829,0.2782,,-0.001227,-0.025374,,0.000002,0.000644,0.000031,,,,,
-0.266285956,1.406297445,,0.0709,1.9777,-0.3745,,-0.002622,0.015986,,0.000007,0.000256,-0.000042,,,,,
-0.399287075,0.603465557,,0.1594,0.3642,-0.2410,,-0.003932,0.006860,,0.000015,0.000047,-0.000027,,,,,
-1.813999176,0.643159628,,3.2906,0.4137,-1.1667,,-0.017862,0.007311,,0.000319,0.000053,-0.000131,,,,,
-0.954226315,-1.010991335,,0.9105,1.0221,0.9647,,-0.009396,-0.011492,,0.000088,0.000132,0.000108,,,,,
-0.589909315,0.521889567,,0.3480,0.2724,-0.3079,,-0.005809,0.005932,,0.000034,0.000035,-0.000034,,,,,
0.639330745,-0.31419611,,0.4087,0.0987,-0.2009,,0.006295,-0.003572,,0.000040,0.000013,-0.000022,,,,,
1.426071286,1.378070593,,2.0337,1.8991,1.9652,,0.014042,0.015665,,0.000197,0.000245,0.000220,,,,,
1.421719193,2.831296921,,2.0213,8.0162,4.0253,,0.014000,0.032184,,0.000196,0.001036,0.000451,,,,,
-0.310590059,-0.670063972,,0.0965,0.4490,0.2081,,-0.003058,-0.007617,,0.000009,0.000058,0.000023,,,,,
0.646136403,0.088591129,,0.4175,0.0078,0.0572,,0.006362,0.001007,,0.000040,0.000001,0.000006,,,,,
-1.355713129,-0.041790426,,1.8380,0.0017,0.0567,,-0.013350,-0.000475,,0.000178,0.000000,0.000006,,,,,
-0.72674793,-1.385004759,,0.5282,1.9182,1.0065,,-0.007156,-0.015744,,0.000051,0.000248,0.000113,,,,,
-2.086187363,-1.384666443,,4.3522,1.9173,2.8887,,-0.020542,-0.015740,,0.000422,0.000248,0.000323,,,,,
0.860074162,0.481695473,,0.7397,0.2320,0.4143,,0.008469,0.005476,,0.000072,0.000030,0.000046,,,,,
-1.388187766,1.459308028,,1.9271,2.1296,-2.0258,,-0.013669,0.016588,,0.000187,0.000275,-0.000227,,,,,
-1.989381194,-0.853223562,,3.9576,0.7280,1.6974,,-0.019589,-0.009699,,0.000384,0.000094,0.000190,,,,,
-0.238326013,-0.20387131,,0.0568,0.0416,0.0486,,-0.002347,-0.002317,,0.000006,0.000005,0.000005,,,,,
1.127363801,1.120703101,,1.2709,1.2560,1.2634,,0.011101,0.012739,,0.000123,0.000162,0.000141,,,,,
-0.249183491,-0.83315146,,0.0621,0.6941,0.2076,,-0.002454,-0.009471,,0.000006,0.000090,0.000023,,,,,
0.610787392,-0.440736651,,0.3731,0.1942,-0.2692,,0.006014,-0.005010,,0.000036,0.000025,-0.000030,,,,,
0.876945496,0.902144432,,0.7690,0.8139,0.7911,,0.008635,0.010255,,0.000075,0.000105,0.000089,,,,,
-1.789096594,1.026784539,,3.2009,1.0543,-1.8370,,-0.017617,0.011672,,0.000310,0.000136,-0.000206,,,,,
-1.404515028,0.952092052,,1.9727,0.9065,-1.3372,,-0.013830,0.010823,,0.000191,0.000117,-0.000150,,,,,
1.049762249,1.488682032,,1.1020,2.2162,1.5628,,0.010337,0.016922,,0.000107,0.000286,0.000175,,,,,
-0.498906046,-0.959440529,,0.2489,0.9205,0.4787,,-0.004913,-0.010906,,0.000024,0.000119,0.000054,,,,,
-0.918910027,-2.90252614,,0.8444,8.4247,2.6672,,-0.009048,-0.032993,,0.000082,0.001089,0.000299,,,,,
1.394953966,-0.038530231,,1.9459,0.0015,-0.0537,,0.013736,-0.000438,,0.000189,0.000000,-0.000006,,,,,
-0.492967308,-1.124380827,,0.2430,1.2642,0.5543,,-0.004854,-0.012781,,0.000024,0.000163,0.000062,,,,,
0.995697021,-1.303297043,,0.9914,1.6986,-1.2977,,0.009805,-0.014815,,0.000096,0.000219,-0.000145,,,,,
0.745370388,-1.656766057,,0.5556,2.7449,-1.2349,,0.007340,-0.018833,,0.000054,0.000355,-0.000138,,,,,
-0.106886744,-0.868603408,,0.0114,0.7545,0.0928,,-0.001053,-0.009874,,0.000001,0.000097,0.000010,,,,,
1.15811944,0.915597081,,1.3412,0.8383,1.0604,,0.011404,0.010408,,0.000130,0.000108,0.000119,,,,,
0.068614386,0.117607564,,0.0047,0.0138,0.0081,,0.000676,0.001337,,0.000000,0.000002,0.000001,,,,,
-0.173415303,-0.499522954,,0.0301,0.2495,0.0866,,-0.001708,-0.005678,,0.000003,0.000032,0.000010,,,,,
-0.460182577,-0.438907325,,0.2118,0.1926,0.2020,,-0.004531,-0.004989,,0.000021,0.000025,0.000023,,,,,
-0.221701384,-2.575738907,,0.0492,6.6344,0.5710,,-0.002183,-0.029279,,0.000005,0.000857,0.000064,,,,,
0.409999669,2.805321693,,0.1681,7.8698,1.1502,,0.004037,0.031889,,0.000016,0.001017,0.000129,,,,,
3.160527945,0.39749977,,9.9889,0.1580,1.2563,,0.031121,0.004518,,0.000969,0.000020,0.000141,,,,,
-0.94041121,1.016008496,,0.8844,1.0323,-0.9555,,-0.009260,0.011549,,0.000086,0.000133,-0.000107,,,,,
1.139819026,-0.993118882,,1.2992,0.9863,-1.1320,,0.011224,-0.011289,,0.000126,0.000127,-0.000127,,,,,
0.241236717,0.535743058,,0.0582,0.2870,0.1292,,0.002375,0.006090,,0.000006,0.000037,0.000014,,,,,
-0.137791097,2.061449289,,0.0190,4.2496,-0.2840,,-0.001357,0.023433,,0.000002,0.000549,-0.000032,,,,,
0.099732354,-0.906180441,,0.0099,0.8212,-0.0904,,0.000982,-0.010301,,0.000001,0.000106,-0.000010,,,,,
-2.183443069,-0.772964776,,4.7674,0.5975,1.6877,,-0.021500,-0.008786,,0.000462,0.000077,0.000189,,,,,
0.186997533,-1.27465415,,0.0350,1.6247,-0.2384,,0.001841,-0.014489,,0.000003,0.000210,-0.000027,,,,,
-1.579461098,0.893903375,,2.4947,0.7991,-1.4119,,-0.015553,0.010161,,0.000242,0.000103,-0.000158,,,,,
-1.978151321,-0.187093228,,3.9131,0.0350,0.3701,,-0.019479,-0.002127,,0.000379,0.000005,0.000041,,,,,
1.342538834,1.417910695,,1.8024,2.0105,1.9036,,0.013220,0.016118,,0.000175,0.000260,0.000213,,,,,
2.270452499,1.690200806,,5.1550,2.8568,3.8375,,0.022357,0.019213,,0.000500,0.000369,0.000430,,,,,
-0.85081923,1.031532526,,0.7239,1.0641,-0.8776,,-0.008378,0.011726,,0.000070,0.000137,-0.000098,,,,,
0.067612037,-0.730084777,,0.0046,0.5330,-0.0494,,0.000666,-0.008299,,0.000000,0.000069,-0.000006,,,,,
-3.475337029,-0.685780227,,12.0780,0.4703,2.3833,,-0.034221,-0.007795,,0.001171,0.000061,0.000267,,,,,
-0.980567932,-0.828479052,,0.9615,0.6864,0.8124,,-0.009656,-0.009417,,0.000093,0.000089,0.000091,,,,,
0.675625205,0.394494951,,0.4565,0.1556,0.2665,,0.006653,0.004484,,0.000044,0.000020,0.000030,,,,,
-1.209293604,-1.158300281,,1.4624,1.3417,1.4007,,-0.011908,-0.013167,,0.000142,0.000173,0.000157,,,,,
0.352362633,0.443268269,,0.1242,0.1965,0.1562,,0.003470,0.005039,,0.000012,0.000025,0.000017,,,,,
-0.145073146,0.077146426,,0.0210,0.0060,-0.0112,,-0.001429,0.000877,,0.000002,0.000001,-0.000001,,,,,
-1.640714169,-0.14573285,,2.6919,0.0212,0.2391,,-0.016156,-0.001657,,0.000261,0.000003,0.000027,,,,,
0.211788267,-0.026745372,,0.0449,0.0007,-0.0057,,0.002085,-0.000304,,0.000004,0.000000,-0.000001,,,,,
-0.423965603,2.178175688,,0.1797,4.7444,-0.9235,,-0.004175,0.024760,,0.000017,0.000613,-0.000103,,,,,
-0.841398001,-0.515323281,,0.7080,0.2656,0.4336,,-0.008285,-0.005858,,0.000069,0.000034,0.000049,,,,,
0.059830278,1.637053251,,0.0036,2.6799,0.0979,,0.000589,0.018609,,0.000000,0.000346,0.000011,,,,,
-0.37759465,-0.448708475,,0.1426,0.2013,0.1694,,-0.003718,-0.005101,,0.000014,0.000026,0.000019,,,,,
1.173900485,-0.549833357,,1.3780,0.3023,-0.6454,,0.011559,-0.006250,,0.000134,0.000039,-0.000072,,,,,
-0.166474536,1.076786757,,0.0277,1.1595,-0.1793,,-0.001639,0.012240,,0.000003,0.000150,-0.000020,,,,,
-2.502606869,-1.055045843,,6.2630,1.1131,2.6404,,-0.024643,-0.011993,,0.000607,0.000144,0.000296,,,,,
1.214501619,-1.326962709,,1.4750,1.7608,-1.6116,,0.011959,-0.015084,,0.000143,0.000228,-0.000180,,,,,
1.378237128,-1.324763656,,1.8995,1.7550,-1.8258,,0.013571,-0.015059,,0.000184,0.000227,-0.000204,,,,,
1.975378275,0.541822672,,3.9021,0.2936,1.0703,,0.019451,0.006159,,0.000378,0.000038,0.000120,,,,,
-0.502264857,2.175834656,,0.2523,4.7343,-1.0928,,-0.004946,0.024733,,0.000024,0.000612,-0.000122,,,,,
-2.09883976,-2.53579092,,4.4051,6.4302,5.3222,,-0.020667,-0.028825,,0.000427,0.000831,0.000596,,,,,
0.517606378,-0.069028288,,0.2679,0.0048,-0.0357,,0.005097,-0.000785,,0.000026,0.000001,-0.000004,,,,,
-1.256733894,-0.717837572,,1.5794,0.5153,0.9021,,-0.012375,-0.008160,,0.000153,0.000067,0.000101,,,,,
-1.721793771,-0.759385467,,2.9646,0.5767,1.3075,,-0.016954,-0.008632,,0.000287,0.000075,0.000146,,,,,
1.633816361,1.344613791,,2.6694,1.8080,2.1969,,0.016088,0.015284,,0.000259,0.000234,0.000246,,,,,
0.405158579,0.658743262,,0.1642,0.4339,0.2669,,0.003990,0.007488,,0.000016,0.000056,0.000030,,,,,
0.849854112,0.006354988,,0.7223,0.0000,0.0054,,0.008368,0.000072,,0.000070,0.000000,0.000001,,,,,
0.894860983,0.020222679,,0.8008,0.0004,0.0181,,0.008812,0.000230,,0.000078,0.000000,0.000002,,,,,
-0.282340407,-0.927850962,,0.0797,0.8609,0.2620,,-0.002780,-0.010547,,0.000008,0.000111,0.000029,,,,,
-0.853035092,-0.285608441,,0.7277,0.0816,0.2436,,-0.008400,-0.003247,,0.000071,0.000011,0.000027,,,,,
-0.661628306,-0.305020958,,0.4378,0.0930,0.2018,,-0.006515,-0.003467,,0.000042,0.000012,0.000023,,,,,
-0.686373711,-0.362198651,,0.4711,0.1312,0.2486,,-0.006759,-0.004117,,0.000046,0.000017,0.000028,,,,,
1.047908545,-0.005155593,,1.0981,0.0000,-0.0054,,0.010319,-0.000059,,0.000106,0.000000,-0.000001,,,,,
-1.544011354,-0.341301918,,2.3840,0.1165,0.5270,,-0.015204,-0.003880,,0.000231,0.000015,0.000059,,,,,
2.713716984,-0.093275413,,7.3643,0.0087,-0.2531,,0.026722,-0.001060,,0.000714,0.000001,-0.000028,,,,,
2.24740243,2.764638186,,5.0508,7.6432,6.2133,,0.022130,0.031426,,0.000490,0.000988,0.000695,,,,,
1.081228971,0.66256994,,1.1691,0.4390,0.7164,,0.010647,0.007532,,0.000113,0.000057,0.000080,,,,,
0.118352324,-0.975965858,,0.0140,0.9525,-0.1155,,0.001165,-0.011094,,0.000001,0.000123,-0.000013,,,,,
0.766563177,2.492813587,,0.5876,6.2141,1.9109,,0.007548,0.028336,,0.000057,0.000803,0.000214,,,,,
-1.357198477,0.15234077,,1.8420,0.0232,-0.2068,,-0.013364,0.001732,,0.000179,0.000003,-0.000023,,,,,
0.847958922,-0.84599185,,0.7190,0.7157,-0.7174,,0.008350,-0.009617,,0.000070,0.000092,-0.000080,,,,,
-1.519066572,-1.160071135,,2.3076,1.3458,1.7622,,-0.014958,-0.013187,,0.000224,0.000174,0.000197,,,,,
-0.389710307,-0.099377438,,0.1519,0.0099,0.0387,,-0.003837,-0.001130,,0.000015,0.000001,0.000004,,,,,
1.343420267,-0.789961696,,1.8048,0.6240,-1.0613,,0.013229,-0.008980,,0.000175,0.000081,-0.000119,,,,,
-0.09571407,0.287878156,,0.0092,0.0829,-0.0276,,-0.000942,0.003272,,0.000001,0.000011,-0.000003,,,,,
-0.514693737,-0.898277998,,0.2649,0.8069,0.4623,,-0.005068,-0.010211,,0.000026,0.000104,0.000052,,,,,
1.330547094,0.243020833,,1.7704,0.0591,0.3234,,0.013102,0.002762,,0.000172,0.000008,0.000036,,,,,
-0.811875105,-0.480931818,,0.6591,0.2313,0.3905,,-0.007994,-0.005467,,0.000064,0.000030,0.000044,,,,,
-1.529608011,-1.527233601,,2.3397,2.3324,2.3361,,-0.015062,-0.017360,,0.000227,0.000301,0.000261,,,,,
0.771846175,0.958190203,,0.5957,0.9181,0.7396,,0.007600,0.010892,,0.000058,0.000119,0.000083,,,,,
-1.689591527,-1.770672321,,2.8547,3.1353,2.9917,,-0.016637,-0.020127,,0.000277,0.000405,0.000335,,,,,
-0.613077581,-0.655841351,,0.3759,0.4301,0.4021,,-0.006037,-0.007455,,0.000036,0.000056,0.000045,,,,,
-0.901218295,0.292272389,,0.8122,0.0854,-0.2634,,-0.008874,0.003322,,0.000079,0.000011,-0.000029,,,,,
0.372997522,1.486950159,,0.1391,2.2110,0.5546,,0.003673,0.016902,,0.000013,0.000286,0.000062,,,,,
-1.513393283,-1.138763666,,2.2904,1.2968,1.7234,,-0.014902,-0.012944,,0.000222,0.000168,0.000193,,,,,
3.287100077,0.882914066,,10.8050,0.7795,2.9022,,0.032368,0.010036,,0.001048,0.000101,0.000325,,,,,
1.613043904,-0.023452848,,2.6019,0.0006,-0.0378,,0.015883,-0.000267,,0.000252,0.000000,-0.000004,,,,,
2.196845531,1.150842667,,4.8261,1.3244,2.5282,,0.021632,0.013082,,0.000468,0.000171,0.000283,,,,,
1.679032087,1.921939969,,2.8191,3.6939,3.2270,,0.016533,0.021847,,0.000273,0.000477,0.000361,,,,,
-1.187833786,1.346647024,,1.4109,1.8135,-1.5996,,-0.011696,0.015308,,0.000137,0.000234,-0.000179,,,,,
0.756452799,0.459845513,,0.5722,0.2115,0.3479,,0.007449,0.005227,,0.000055,0.000027,0.000039,,,,,
-0.946939826,-0.233689353,,0.8967,0.0546,0.2213,,-0.009324,-0.002656,,0.000087,0.000007,0.000025,,,,,
2.540045023,0.554075241,,6.4518,0.3070,1.4074,,0.025012,0.006298,,0.000626,0.000040,0.000158,,,,,
-0.691236973,-0.158644348,,0.4778,0.0252,0.1097,,-0.006807,-0.001803,,0.000046,0.000003,0.000012,,,,,
0.979884267,3.943105459,,0.9602,15.5481,3.8638,,0.009649,0.044822,,0.000093,0.002009,0.000432,,,,,
-0.304582059,1.781148434,,0.0928,3.1725,-0.5425,,-0.002999,0.020247,,0.000009,0.000410,-0.000061,,,,,
1.324391127,1.90889132,,1.7540,3.6439,2.5281,,0.013041,0.021699,,0.000170,0.000471,0.000283,,,,,
-0.423074573,-1.392355204,,0.1790,1.9387,0.5891,,-0.004166,-0.015827,,0.000017,0.000250,0.000066,,,,,
3.177239895,1.474720001,,10.0949,2.1748,4.6855,,0.031286,0.016763,,0.000979,0.000281,0.000524,,,,,
0.696028829,-0.080784187,,0.4845,0.0065,-0.0562,,0.006854,-0.000918,,0.000047,0.000001,-0.000006,,,,,
1.447614431,0.458594948,,2.0956,0.2103,0.6639,,0.014255,0.005213,,0.000203,0.000027,0.000074,,,,,
0.523085237,-0.838557005,,0.2736,0.7032,-0.4386,,0.005151,-0.009532,,0.000027,0.000091,-0.000049,,,,,
1.39949441,-0.093847543,,1.9586,0.0088,-0.1313,,0.013781,-0.001067,,0.000190,0.000001,-0.000015,,,,,
0.901558161,0.973448873,,0.8128,0.9476,0.8776,,0.008878,0.011065,,0.000079,0.000122,0.000098,,,,,
-0.245603696,-0.652818441,,0.0603,0.4262,0.1603,,-0.002418,-0.007421,,0.000006,0.000055,0.000018,,,,,
0.961168647,0.295473695,,0.9238,0.0873,0.2840,,0.009465,0.003359,,0.000090,0.000011,0.000032,,,,,
-0.022072271,0.003198259,,0.0005,0.0000,-0.0001,,-0.000217,0.000036,,0.000000,0.000000,0.000000,,,,,
0.741772056,-1.410970926,,0.5502,1.9908,-1.0466,,0.007304,-0.016039,,0.000053,0.000257,-0.000117,,,,,
-1.132602692,0.085510939,,1.2828,0.0073,-0.0968,,-0.011153,0.000972,,0.000124,0.000001,-0.000011,,,,,
-1.947468638,-0.127246931,,3.7926,0.0162,0.2478,,-0.019177,-0.001446,,0.000368,0.000002,0.000028,,,,,
2.740985155,-0.693135381,,7.5130,0.4804,-1.8999,,0.026990,-0.007879,,0.000728,0.000062,-0.000213,,,,,
-0.973763049,-1.496269464,,0.9482,2.2388,1.4570,,-0.009589,-0.017008,,0.000092,0.000289,0.000163,,,,,
0.30566287,2.590451241,,0.0934,6.7104,0.7918,,0.003010,0.029446,,0.000009,0.000867,0.000089,,,,,
0.099215016,-1.50588882,,0.0098,2.2677,-0.1494,,0.000977,-0.017118,,0.000001,0.000293,-0.000017,,,,,
-0.339305937,-1.501463413,,0.1151,2.2544,0.5095,,-0.003341,-0.017067,,0.000011,0.000291,0.000057,,,,,
0.410314202,-0.516433358,,0.1684,0.2667,-0.2119,,0.004040,-0.005870,,0.000016,0.000034,-0.000024,,,,,
-2.602776527,-1.38967061,,6.7744,1.9312,3.6170,,-0.025629,-0.015797,,0.000657,0.000250,0.000405,,,,,
1.536622763,-0.253108442,,2.3612,0.0641,-0.3889,,0.015131,-0.002877,,0.000229,0.000008,-0.000044,,,,,
1.108811736,-1.144065857,,1.2295,1.3089,-1.2686,,0.010918,-0.013005,,0.000119,0.000169,-0.000142,,,,,
2.13407588,0.499983281,,4.5543,0.2500,1.0670,,0.021014,0.005683,,0.000442,0.000032,0.000119,,,,,
-0.241962373,1.083132148,,0.0585,1.1732,-0.2621,,-0.002383,0.012312,,0.000006,0.000152,-0.000029,,,,,
-1.821772575,-0.011395678,,3.3189,0.0001,0.0208,,-0.017939,-0.000130,,0.000322,0.000000,0.000002,,,,,
5.150036812,0.226480156,,26.5229,0.0513,1.1664,,0.050712,0.002574,,0.002572,0.000007,0.000131,,,,,
-1.616138458,0.429679871,,2.6119,0.1846,-0.6944,,-0.015914,0.004884,,0.000253,0.000024,-0.000078,,,,,
1.686362267,2.347412348,,2.8438,5.5103,3.9586,,0.016605,0.026683,,0.000276,0.000712,0.000443,,,,,
0.691193879,3.086606264,,0.4777,9.5271,2.1334,,0.006806,0.035086,,0.000046,0.001231,0.000239,,,,,
0.052499168,0.463582069,,0.0028,0.2149,0.0243,,0.000517,0.005270,,0.000000,0.000028,0.000003,,,,,
1.896683931,0.52552104,,3.5974,0.2762,0.9967,,0.018676,0.005974,,0.000349,0.000036,0.000112,,,,,
0.77465409,0.832868218,,0.6001,0.6937,0.6452,,0.007628,0.009467,,0.000058,0.000090,0.000072,,,,,
-1.746811152,-0.019533291,,3.0513,0.0004,0.0341,,-0.017201,-0.000222,,0.000296,0.000000,0.000004,,,,,
0.756367445,0.283027142,,0.5721,0.0801,0.2141,,0.007448,0.003217,,0.000055,0.000010,0.000024,,,,,
-0.883786261,0.867066443,,0.7811,0.7518,-0.7663,,-0.008703,0.009856,,0.000076,0.000097,-0.000086,,,,,
-1.252435088,0.201772749,,1.5686,0.0407,-0.2527,,-0.012333,0.002294,,0.000152,0.000005,-0.000028,,,,,
-2.400987148,-1.124621391,,5.7647,1.2648,2.7002,,-0.023642,-0.012784,,0.000559,0.000163,0.000302,,,,,
0.397026688,0.347530931,,0.1576,0.1208,0.1380,,0.003909,0.003950,,0.000015,0.000016,0.000015,,,,,
-1.029527664,-2.325526714,,1.0599,5.4081,2.3942,,-0.010138,-0.026435,,0.000103,0.000699,0.000268,,,,,
-0.692701221,0.151591316,,0.4798,0.0230,-0.1050,,-0.006821,0.001723,,0.000047,0.000003,-0.000012,,,,,
0.200705796,-1.514617801,,0.0403,2.2941,-0.3040,,0.001976,-0.017217,,0.000004,0.000296,-0.000034,,,,,
-3.198310852,-1.421888113,,10.2292,2.0218,4.5476,,-0.031493,-0.016163,,0.000992,0.000261,0.000509,,,,,
0.863946795,-0.172758102,,0.7464,0.0298,-0.1493,,0.008507,-0.001964,,0.000072,0.000004,-0.000017,,,,,
0.83998692,-0.754017472,,0.7056,0.5685,-0.6334,,0.008271,-0.008571,,0.000068,0.000073,-0.000071,,,,,
-1.669316053,-2.304162979,,2.7866,5.3092,3.8464,,-0.016438,-0.026192,,0.000270,0.000686,0.000431,,,,,
-0.310085982,0.053720132,,0.0962,0.0029,-0.0167,,-0.003053,0.000611,,0.000009,0.000000,-0.000002,,,,,
0.595885515,2.011711121,,0.3551,4.0470,1.1987,,0.005868,0.022867,,0.000034,0.000523,0.000134,,,,,
2.016391516,-0.201819688,,4.0658,0.0407,-0.4069,,0.019855,-0.002294,,0.000394,0.000005,-0.000046,,,,,
2.407953978,3.043776035,,5.7982,9.2646,7.3293,,0.023711,0.034599,,0.000562,0.001197,0.000820,,,,,
2.171164274,1.882610321,,4.7140,3.5442,4.0875,,0.021379,0.021400,,0.000457,0.000458,0.000458,,,,,
-3.080770731,-2.030058622,,9.4911,4.1211,6.2541,,-0.030336,-0.023076,,0.000920,0.000533,0.000700,,,,,
0.596746624,-2.26264143,,0.3561,5.1195,-1.3502,,0.005876,-0.025720,,0.000035,0.000662,-0.000151,,,,,
1.103430152,-0.268603981,,1.2176,0.0721,-0.2964,,0.010865,-0.003053,,0.000118,0.000009,-0.000033,,,,,
1.091965318,0.082993209,,1.1924,0.0069,0.0906,,0.010752,0.000943,,0.000116,0.000001,0.000010,,,,,
-0.298234761,1.286085844,,0.0889,1.6540,-0.3836,,-0.002937,0.014619,,0.000009,0.000214,-0.000043,,,,,
1.020798445,-0.233049065,,1.0420,0.0543,-0.2379,,0.010052,-0.002649,,0.000101,0.000007,-0.000027,,,,,
0.281648368,-0.236851841,,0.0793,0.0561,-0.0667,,0.002773,-0.002692,,0.000008,0.000007,-0.000007,,,,,
0.017413914,0.619647086,,0.0003,0.3840,0.0108,,0.000171,0.007044,,0.000000,0.000050,0.000001,,,,,
0.460554808,-0.535467923,,0.2121,0.2867,-0.2466,,0.004535,-0.006087,,0.000021,0.000037,-0.000028,,,,,
0.012298316,0.036644474,,0.0002,0.0013,0.0005,,0.000121,0.000417,,0.000000,0.000000,0.000000,,,,,
2.516742229,0.643251896,,6.3340,0.4138,1.6189,,0.024782,0.007312,,0.000614,0.000053,0.000181,,,,,
-0.352206111,1.302488327,,0.1240,1.6965,-0.4587,,-0.003468,0.014806,,0.000012,0.000219,-0.000051,,,,,
-2.443353653,-0.973208249,,5.9700,0.9471,2.3779,,-0.024059,-0.011063,,0.000579,0.000122,0.000266,,,,,
-0.301045686,-0.389101893,,0.0906,0.1514,0.1171,,-0.002964,-0.004423,,0.000009,0.000020,0.000013,,,,,
-1.239408612,1.147758007,,1.5361,1.3173,-1.4225,,-0.012204,0.013047,,0.000149,0.000170,-0.000159,,,,,
-0.2851322,-0.988002479,,0.0813,0.9761,0.2817,,-0.002808,-0.011231,,0.000008,0.000126,0.000032,,,,,
-1.066755295,-1.194411039,,1.1380,1.4266,1.2741,,-0.010504,-0.013577,,0.000110,0.000184,0.000143,,,,,
-0.780340672,-0.438352644,,0.6089,0.1922,0.3421,,-0.007684,-0.004983,,0.000059,0.000025,0.000038,,,,,
-0.775248885,-1.737589478,,0.6010,3.0192,1.3471,,-0.007634,-0.019751,,0.000058,0.000390,0.000151,,,,,
-0.092601076,-0.364554375,,0.0086,0.1329,0.0338,,-0.000912,-0.004144,,0.000001,0.000017,0.000004,,,,,
-0.642044365,-0.024801195,,0.4122,0.0006,0.0159,,-0.006322,-0.000282,,0.000040,0.000000,0.000002,,,,,
2.232106686,0.311513186,,4.9823,0.0970,0.6953,,0.021979,0.003541,,0.000483,0.000013,0.000078,,,,,
0.54754889,0.941784799,,0.2998,0.8870,0.5157,,0.005392,0.010705,,0.000029,0.000115,0.000058,,,,,
-0.43567577,-0.901289403,,0.1898,0.8123,0.3927,,-0.004290,-0.010245,,0.000018,0.000105,0.000044,,,,,
0.033069275,2.513045311,,0.0011,6.3154,0.0831,,0.000326,0.028566,,0.000000,0.000816,0.000009,,,,,
1.089494705,-0.103703991,,1.1870,0.0108,-0.1130,,0.010728,-0.001179,,0.000115,0.000001,-0.000013,,,,,
0.328922719,-1.17867291,,0.1082,1.3893,-0.3877,,0.003239,-0.013398,,0.000010,0.000180,-0.000043,,,,,
0.449310422,-0.082290232,,0.2019,0.0068,-0.0370,,0.004424,-0.000935,,0.000020,0.000001,-0.000004,,,,,
1.874078512,-0.153593406,,3.5122,0.0236,-0.2878,,0.018454,-0.001746,,0.000341,0.000003,-0.000032,,,,,
0.309890211,1.221759081,,0.0960,1.4927,0.3786,,0.003051,0.013888,,0.000009,0.000193,0.000042,,,,,
-0.261960775,-1.296060681,,0.0686,1.6798,0.3395,,-0.002580,-0.014733,,0.000007,0.000217,0.000038,,,,,
-0.873115003,2.082683086,,0.7623,4.3376,-1.8184,,-0.008597,0.023674,,0.000074,0.000560,-0.000204,,,,,
-1.36146605,-0.492125452,,1.8536,0.2422,0.6700,,-0.013406,-0.005594,,0.000180,0.000031,0.000075,,,,,
-2.904052734,-0.720047891,,8.4335,0.5185,2.0911,,-0.028596,-0.008185,,0.000818,0.000067,0.000234,,,,,
-0.187095195,-1.315974593,,0.0350,1.7318,0.2462,,-0.001842,-0.014959,,0.000003,0.000224,0.000028,,,,,
-0.691820621,0.171577975,,0.4786,0.0294,-0.1187,,-0.006812,0.001950,,0.000046,0.000004,-0.000013,,,,,
4.024738312,0.947438717,,16.1985,0.8976,3.8132,,0.039631,0.010770,,0.001571,0.000116,0.000427,,,,,
0.8707968,1.583842278,,0.7583,2.5086,1.3792,,0.008575,0.018004,,0.000074,0.000324,0.000154,,,,,
-3.059200525,2.998689175,,9.3587,8.9921,-9.1736,,-0.030124,0.034087,,0.000907,0.001162,-0.001027,,,,,
0.995172381,1.502472758,,0.9904,2.2574,1.4952,,0.009799,0.017079,,0.000096,0.000292,0.000167,,,,,
0.436643422,0.914135098,,0.1907,0.8356,0.3992,,0.004300,0.010391,,0.000018,0.000108,0.000045,,,,,
0.315058827,-0.498277098,,0.0993,0.2483,-0.1570,,0.003102,-0.005664,,0.000010,0.000032,-0.000018,,,,,
-0.646850705,-0.939270079,,0.4184,0.8822,0.6076,,-0.006369,-0.010677,,0.000041,0.000114,0.000068,,,,,
0.069584593,0.040387914,,0.0048,0.0016,0.0028,,0.000685,0.000459,,0.000000,0.000000,0.000000,,,,,
0.399138391,0.300800949,,0.1593,0.0905,0.1201,,0.003930,0.003419,,0.000015,0.000012,0.000013,,,,,
1.436774254,0.72612673,,2.0643,0.5273,1.0433,,0.014148,0.008254,,0.000200,0.000068,0.000117,,,,,
-1.402054548,-1.323322296,,1.9658,1.7512,1.8554,,-0.013806,-0.015042,,0.000191,0.000226,0.000208,,,,,
-0.362766922,-1.340007782,,0.1316,1.7956,0.4861,,-0.003572,-0.015232,,0.000013,0.000232,0.000054,,,,,
0.713955462,-0.738565564,,0.5097,0.5455,-0.5273,,0.007030,-0.008395,,0.000049,0.000070,-0.000059,,,,,
0.158726439,0.241008148,,0.0252,0.0581,0.0383,,0.001563,0.002740,,0.000002,0.000008,0.000004,,,,,
1.146196604,0.187951773,,1.3138,0.0353,0.2154,,0.011286,0.002136,,0.000127,0.000005,0.000024,,,,,
1.857521534,-0.884464562,,3.4504,0.7823,-1.6429,,0.018291,-0.010054,,0.000335,0.000101,-0.000184,,,,,
1.070167303,0.333767831,,1.1453,0.1114,0.3572,,0.010538,0.003794,,0.000111,0.000014,0.000040,,,,,
0.915230155,-0.380233407,,0.8376,0.1446,-0.3480,,0.009012,-0.004322,,0.000081,0.000019,-0.000039,,,,,
-0.412111998,0.569311023,,0.1698,0.3241,-0.2346,,-0.004058,0.006471,,0.000016,0.000042,-0.000026,,,,,
0.643936634,0.654441833,,0.4147,0.4283,0.4214,,0.006341,0.007439,,0.000040,0.000055,0.000047,,,,,
1.168917656,1.573072672,,1.3664,2.4746,1.8388,,0.011510,0.017881,,0.000132,0.000320,0.000206,,,,,
1.576495528,0.149590477,,2.4853,0.0224,0.2358,,0.015524,0.001700,,0.000241,0.000003,0.000026,,,,,
1.187568784,0.14435491,,1.4103,0.0208,0.1714,,0.011694,0.001641,,0.000137,0.000003,0.000019,,,,,
-1.617856741,-1.672537327,,2.6175,2.7974,2.7059,,-0.015931,-0.019012,,0.000254,0.000361,0.000303,,,,,
-0.777262211,-0.794573545,,0.6041,0.6313,0.6176,,-0.007654,-0.009032,,0.000059,0.000082,0.000069,,,,,
0.289837599,-0.424484223,,0.0840,0.1802,-0.1230,,0.002854,-0.004825,,0.000008,0.000023,-0.000014,,,,,
0.234660223,1.033290982,,0.0551,1.0677,0.2425,,0.002311,0.011746,,0.000005,0.000138,0.000027,,,,,
-0.886305094,0.296797484,,0.7855,0.0881,-0.2631,,-0.008727,0.003374,,0.000076,0.000011,-0.000029,,,,,
-1.206110001,0.640693367,,1.4547,0.4105,-0.7727,,-0.011876,0.007283,,0.000141,0.000053,-0.000086,,,,,
-1.958943844,0.677234054,,3.8375,0.4586,-1.3267,,-0.019290,0.007698,,0.000372,0.000059,-0.000148,,,,,
0.548545182,-0.141898632,,0.3009,0.0201,-0.0778,,0.005401,-0.001613,,0.000029,0.000003,-0.000009,,,,,
2.202936649,0.137976751,,4.8529,0.0190,0.3040,,0.021692,0.001568,,0.000471,0.000002,0.000034,,,,,
-1.459408998,1.211530924,,2.1299,1.4678,-1.7681,,-0.014371,0.013772,,0.000207,0.000190,-0.000198,,,,,
-0.05029875,1.526196957,,0.0025,2.3293,-0.0768,,-0.000495,0.017349,,0.000000,0.000301,-0.000009,,,,,
1.469047904,1.0569067,,2.1581,1.1171,1.5526,,0.014466,0.012014,,0.000209,0.000144,0.000174,,,,,
0.368097544,0.739135623,,0.1355,0.5463,0.2721,,0.003625,0.008402,,0.000013,0.000071,0.000030,,,,,
1.240056992,-0.261389554,,1.5377,0.0683,-0.3241,,0.012211,-0.002971,,0.000149,0.000009,-0.000036,,,,,
-4.317306519,-0.527044117,,18.6391,0.2778,2.2754,,-0.042512,-0.005991,,0.001807,0.000036,0.000255,,,,,
0.114937648,1.352002382,,0.0132,1.8279,0.1554,,0.001132,0.015368,,0.000001,0.000236,0.000017,,,,,
-0.754975557,0.340142548,,0.5700,0.1157,-0.2568,,-0.007434,0.003866,,0.000055,0.000015,-0.000029,,,,,
0.964447379,0.048551098,,0.9302,0.0024,0.0468,,0.009497,0.000552,,0.000090,0.000000,0.000005,,,,,
2.610328674,1.588251352,,6.8138,2.5225,4.1459,,0.025704,0.018054,,0.000661,0.000326,0.000464,,,,,
-1.920540571,-0.049351759,,3.6885,0.0024,0.0948,,-0.018911,-0.000561,,0.000358,0.000000,0.000011,,,,,
0.021043047,-1.638375759,,0.0004,2.6843,-0.0345,,0.000207,-0.018624,,0.000000,0.000347,-0.000004,,,,,
1.640085459,1.308069944,,2.6899,1.7110,2.1453,,0.016150,0.014869,,0.000261,0.000221,0.000240,,,,,
-1.00197041,-1.147562623,,1.0039,1.3169,1.1498,,-0.009866,-0.013045,,0.000097,0.000170,0.000129,,,,,
-1.526645899,1.09006381,,2.3306,1.1882,-1.6641,,-0.015033,0.012391,,0.000226,0.000154,-0.000186,,,,,
-1.09196043,-0.717242479,,1.1924,0.5144,0.7832,,-0.010752,-0.008153,,0.000116,0.000066,0.000088,,,,,
-1.413128614,-1.121599436,,1.9969,1.2580,1.5850,,-0.013915,-0.012749,,0.000194,0.000163,0.000177,,,,,
-2.406005859,0.473735332,,5.7889,0.2244,-1.1398,,-0.023692,0.005385,,0.000561,0.000029,-0.000128,,,,,
1.084621906,2.625624657,,1.1764,6.8939,2.8478,,0.010680,0.029846,,0.000114,0.000891,0.000319,,,,,
-2.018033266,0.824703455,,4.0725,0.6801,-1.6643,,-0.019871,0.009375,,0.000395,0.000088,-0.000186,,,,,
0.174668223,-0.855023742,,0.0305,0.7311,-0.1493,,0.001720,-0.009719,,0.000003,0.000094,-0.000017,,,,,
-1.891221285,0.561593771,,3.5767,0.3154,-1.0621,,-0.018623,0.006384,,0.000347,0.000041,-0.000119,,,,,
0.537862003,-2.149576187,,0.2893,4.6207,-1.1562,,0.005296,-0.024435,,0.000028,0.000597,-0.000129,,,,,
1.089541912,-0.553192854,,1.1871,0.3060,-0.6027,,0.010729,-0.006288,,0.000115,0.000040,-0.000067,,,,,
-0.583306432,-2.741786242,,0.3402,7.5174,1.5993,,-0.005744,-0.031166,,0.000033,0.000971,0.000179,,,,,
1.107274771,1.312517285,,1.2261,1.7227,1.4533,,0.010903,0.014920,,0.000119,0.000223,0.000163,,,,,
0.190821573,0.945488453,,0.0364,0.8939,0.1804,,0.001879,0.010748,,0.000004,0.000116,0.000020,,,,,
-1.503865957,-0.151099488,,2.2616,0.0228,0.2272,,-0.014808,-0.001718,,0.000219,0.000003,0.000025,,,,,
2.884329081,-1.47302556,,8.3194,2.1698,-4.2487,,0.028402,-0.016744,,0.000807,0.000280,-0.000476,,,,,
0.372894466,-0.299266607,,0.1391,0.0896,-0.1116,,0.003672,-0.003402,,0.000013,0.000012,-0.000012,,,,,
-0.073051259,0.417261809,,0.0053,0.1741,-0.0305,,-0.000719,0.004743,,0.000001,0.000022,-0.000003,,,,,
0.165875897,1.572550654,,0.0275,2.4729,0.2608,,0.001633,0.017875,,0.000003,0.000320,0.000029,,,,,
-0.629466057,-2.75086832,,0.3962,7.5673,1.7316,,-0.006198,-0.031270,,0.000038,0.000978,0.000194,,,,,
2.025321007,-2.619746208,,4.1019,6.8631,-5.3058,,0.019943,-0.029779,,0.000398,0.000887,-0.000594,,,,,
0.413086653,0.899570107,,0.1706,0.8092,0.3716,,0.004068,0.010226,,0.000017,0.000105,0.000042,,,,,
0.230019599,-1.386324406,,0.0529,1.9219,-0.3189,,0.002265,-0.015759,,0.000005,0.000248,-0.000036,,,,,
0.752226472,1.052892089,,0.5658,1.1086,0.7920,,0.007407,0.011968,,0.000055,0.000143,0.000089,,,,,
-0.770399809,0.930141091,,0.5935,0.8652,-0.7166,,-0.007586,0.010573,,0.000058,0.000112,-0.000080,,,,,
2.322159529,2.022928715,,5.3924,4.0922,4.6976,,0.022866,0.022995,,0.000523,0.000529,0.000526,,,,,
-0.290561557,-2.076561451,,0.0844,4.3121,0.6034,,-0.002861,-0.023605,,0.000008,0.000557,0.000068,,,,,
-1.707268953,-2.196643829,,2.9148,4.8252,3.7503,,-0.016811,-0.024970,,0.000283,0.000623,0.000420,,,,,
-2.132408619,-1.76043129,,4.5472,3.0991,3.7540,,-0.020998,-0.020011,,0.000441,0.000400,0.000420,,,,,
1.158218861,-0.756690979,,1.3415,0.5726,-0.8764,,0.011405,-0.008601,,0.000130,0.000074,-0.000098,,,,,
0.163551509,1.155019164,,0.0267,1.3341,0.1889,,0.001610,0.013129,,0.000003,0.000172,0.000021,,,,,
-1.303135157,-0.245276392,,1.6982,0.0602,0.3196,,-0.012832,-0.002788,,0.000165,0.000008,0.000036,,,,,
-1.71536541,-1.027508259,,2.9425,1.0558,1.7626,,-0.016891,-0.011680,,0.000285,0.000136,0.000197,,,,,
-0.929740965,-2.048519135,,0.8644,4.1964,1.9046,,-0.009155,-0.023286,,0.000084,0.000542,0.000213,,,,,
0.551400423,0.189041406,,0.3040,0.0357,0.1042,,0.005430,0.002149,,0.000029,0.000005,0.000012,,,,,
-0.109789602,0.898965418,,0.0121,0.8081,-0.0987,,-0.001081,0.010219,,0.000001,0.000104,-0.000011,,,,,
-0.268322647,1.790006638,,0.0720,3.2041,-0.4803,,-0.002642,0.020347,,0.000007,0.000414,-0.000054,,,,,
1.481710076,1.037727356,,2.1955,1.0769,1.5376,,0.014590,0.011796,,0.000213,0.000139,0.000172,,,,,
-0.754054368,0.953369915,,0.5686,0.9089,-0.7189,,-0.007425,0.010837,,0.000055,0.000117,-0.000080,,,,,
-1.117818117,-0.780376315,,1.2495,0.6090,0.8723,,-0.011007,-0.008871,,0.000121,0.000079,0.000098,,,,,
0.609356284,0.080148846,,0.3713,0.0064,0.0488,,0.006000,0.000911,,0.000036,0.000001,0.000005,,,,,
2.624405384,1.460878134,,6.8875,2.1342,3.8339,,0.025842,0.016606,,0.000668,0.000276,0.000429,,,,,
-0.164074257,2.188019037,,0.0269,4.7874,-0.3590,,-0.001616,0.024872,,0.000003,0.000619,-0.000040,,,,,
-0.042480499,2.004953623,,0.0018,4.0198,-0.0852,,-0.000418,0.022791,,0.000000,0.000519,-0.000010,,,,,
1.783651948,0.115567416,,3.1814,0.0134,0.2061,,0.017563,0.001314,,0.000308,0.000002,0.000023,,,,,
2.91716671,0.571577966,,8.5099,0.3267,1.6674,,0.028725,0.006497,,0.000825,0.000042,0.000187,,,,,
-0.312646627,1.496365666,,0.0977,2.2391,-0.4678,,-0.003079,0.017009,,0.000009,0.000289,-0.000052,,,,,
-0.470475256,-0.558439851,,0.2213,0.3119,0.2627,,-0.004633,-0.006348,,0.000021,0.000040,0.000029,,,,,
-0.649122715,-0.349290431,,0.4214,0.1220,0.2267,,-0.006392,-0.003970,,0.000041,0.000016,0.000025,,,,,
0.301801771,-0.701671243,,0.0911,0.4923,-0.2118,,0.002972,-0.007976,,0.000009,0.000064,-0.000024,,,,,
0.236241087,1.059356213,,0.0558,1.1222,0.2503,,0.002326,0.012042,,0.000005,0.000145,0.000028,,,,,
-0.061838835,0.789834499,,0.0038,0.6238,-0.0488,,-0.000609,0.008978,,0.000000,0.000081,-0.000005,,,,,
2.738719463,0.326725125,,7.5006,0.1067,0.8948,,0.026968,0.003714,,0.000727,0.000014,0.000100,,,,,
-1.567765236,1.785786033,,2.4579,3.1890,-2.7997,,-0.015438,0.020299,,0.000238,0.000412,-0.000313,,,,,
1.021621227,0.725314438,,1.0437,0.5261,0.7410,,0.010060,0.008245,,0.000101,0.000068,0.000083,,,,,
-0.359987766,-0.434398204,,0.1296,0.1887,0.1564,,-0.003545,-0.004938,,0.000013,0.000024,0.000018,,,,,
-2.738454819,-0.403563678,,7.4991,0.1629,1.1051,,-0.026965,-0.004587,,0.000727,0.000021,0.000124,,,,,
2.477086306,-0.866799593,,6.1360,0.7513,-2.1471,,0.024392,-0.009853,,0.000595,0.000097,-0.000240,,,,,
2.010410786,-0.955709219,,4.0418,0.9134,-1.9214,,0.019796,-0.010864,,0.000392,0.000118,-0.000215,,,,,
-0.895421982,-1.627033234,,0.8018,2.6472,1.4569,,-0.008817,-0.018495,,0.000078,0.000342,0.000163,,,,,
-1.339294076,-0.048595861,,1.7937,0.0024,0.0651,,-0.013188,-0.000552,,0.000174,0.000000,0.000007,,,,,
-1.713231325,-0.559869468,,2.9352,0.3135,0.9592,,-0.016870,-0.006364,,0.000285,0.000041,0.000107,,,,,
-1.322085142,1.672856808,,1.7479,2.7984,-2.2117,,-0.013018,0.019016,,0.000169,0.000362,-0.000248,,,,,
0.466747224,-1.153781414,,0.2179,1.3312,-0.5385,,0.004596,-0.013115,,0.000021,0.000172,-0.000060,,,,,
0.530172944,-0.513823032,,0.2811,0.2640,-0.2724,,0.005221,-0.005841,,0.000027,0.000034,-0.000030,,,,,
-1.18245101,-1.994297981,,1.3982,3.9772,2.3582,,-0.011643,-0.022669,,0.000136,0.000514,0.000264,,,,,
1.192362666,1.357441545,,1.4217,1.8426,1.6186,,0.011741,0.015430,,0.000138,0.000238,0.000181,,,,,
0.434392691,-2.195274591,,0.1887,4.8192,-0.9536,,0.004277,-0.024954,,0.000018,0.000623,-0.000107,,,,,
0.23528491,0.463517219,,0.0554,0.2148,0.1091,,0.002317,0.005269,,0.000005,0.000028,0.000012,,,,,
-1.141468287,0.989791989,,1.3029,0.9797,-1.1298,,-0.011240,0.011251,,0.000126,0.000127,-0.000126,,,,,
1.158752918,-1.046545148,,1.3427,1.0953,-1.2127,,0.011410,-0.011896,,0.000130,0.000142,-0.000136,,,,,
1.711591721,2.527584553,,2.9295,6.3887,4.3262,,0.016854,0.028731,,0.000284,0.000825,0.000484,,,,,
0.712805986,0.098880343,,0.5081,0.0098,0.0705,,0.007019,0.001124,,0.000049,0.000001,0.000008,,,,,
0.431940436,1.541055202,,0.1866,2.3749,0.6656,,0.004253,0.017517,,0.000018,0.000307,0.000075,,,,,
-2.608539581,-0.477149457,,6.8045,0.2277,1.2447,,-0.025686,-0.005424,,0.000660,0.000029,0.000139,,,,,
0.617851138,-1.224342227,,0.3817,1.4990,-0.7565,,0.006084,-0.013917,,0.000037,0.000194,-0.000085,,,,,
3.793082952,-0.198604703,,14.3875,0.0394,-0.7533,,0.037350,-0.002258,,0.001395,0.000005,-0.000084,,,,,
2.459809303,1.290674448,,6.0507,1.6658,3.1748,,0.024221,0.014671,,0.000587,0.000215,0.000355,,,,,
0.518678188,-0.096338212,,0.2690,0.0093,-0.0500,,0.005107,-0.001095,,0.000026,0.000001,-0.000006,,,,,
0.389567733,0.28192389,,0.1518,0.0795,0.1098,,0.003836,0.003205,,0.000015,0.000010,0.000012,,,,,
-1.585392356,-2.061698914,,2.5135,4.2506,3.2686,,-0.015611,-0.023436,,0.000244,0.000549,0.000366,,,,,
-0.303755999,1.27753067,,0.0923,1.6321,-0.3881,,-0.002991,0.014522,,0.000009,0.000211,-0.000043,,,,,
-0.247711971,-1.985644341,,0.0614,3.9428,0.4919,,-0.002439,-0.022571,,0.000006,0.000509,0.000055,,,,,
1.74386549,0.285292268,,3.0411,0.0814,0.4975,,0.017172,0.003243,,0.000295,0.000011,0.000056,,,,,
-1.836733937,-0.500873506,,3.3736,0.2509,0.9200,,-0.018086,-0.005694,,0.000327,0.000032,0.000103,,,,,
-0.806648076,0.312298954,,0.6507,0.0975,-0.2519,,-0.007943,0.003550,,0.000063,0.000013,-0.000028,,,,,
-2.473803043,-0.151866034,,6.1197,0.0231,0.3757,,-0.024359,-0.001726,,0.000593,0.000003,0.000042,,,,,
-0.10366682,0.58579725,,0.0107,0.3432,-0.0607,,-0.001021,0.006659,,0.000001,0.000044,-0.000007,,,,,
0.046274293,-0.996958017,,0.0021,0.9939,-0.0461,,0.000456,-0.011333,,0.000000,0.000128,-0.000005,,,,,
0.645896852,0.740059078,,0.4172,0.5477,0.4780,,0.006360,0.008412,,0.000040,0.000071,0.000054,,,,,
-0.1652385,0.712801516,,0.0273,0.5081,-0.1178,,-0.001627,0.008103,,0.000003,0.000066,-0.000013,,,,,
0.003205262,-0.954844296,,0.0000,0.9117,-0.0031,,0.000032,-0.010854,,0.000000,0.000118,0.000000,,,,,
0.801911235,0.336352289,,0.6431,0.1131,0.2697,,0.007896,0.003823,,0.000062,0.000015,0.000030,,,,,
0.937327981,0.625664353,,0.8786,0.3915,0.5865,,0.009230,0.007112,,0.000085,0.000051,0.000066,,,,,
-1.196796298,-0.556962729,,1.4323,0.3102,0.6666,,-0.011785,-0.006331,,0.000139,0.000040,0.000075,,,,,
-0.40170294,-0.546540082,,0.1614,0.2987,0.2195,,-0.003956,-0.006213,,0.000016,0.000039,0.000025,,,,,
-1.484369159,1.590106845,,2.2034,2.5284,-2.3603,,-0.014616,0.018075,,0.000214,0.000327,-0.000264,,,,,
-1.125343561,-1.502789974,,1.2664,2.2584,1.6912,,-0.011081,-0.017082,,0.000123,0.000292,0.000189,,,,,
-0.865943551,-1.182837009,,0.7499,1.3991,1.0243,,-0.008527,-0.013445,,0.000073,0.000181,0.000115,,,,,
-0.042901486,-1.026910901,,0.0018,1.0545,0.0441,,-0.000422,-0.011673,,0.000000,0.000136,0.000005,,,,,
0.361881137,-0.894536376,,0.1310,0.8002,-0.3237,,0.003563,-0.010168,,0.000013,0.000103,-0.000036,,,,,
0.626616359,-1.143874764,,0.3926,1.3084,-0.7168,,0.006170,-0.013003,,0.000038,0.000169,-0.000080,,,,,
1.040629387,0.659064293,,1.0829,0.4344,0.6858,,0.010247,0.007492,,0.000105,0.000056,0.000077,,,,,
-0.124327861,-1.310036182,,0.0155,1.7162,0.1629,,-0.001224,-0.014891,,0.000001,0.000222,0.000018,,,,,
2.546667099,-0.130684167,,6.4855,0.0171,-0.3328,,0.025077,-0.001486,,0.000629,0.000002,-0.000037,,,,,
-0.014373466,-1.345911145,,0.0002,1.8115,0.0193,,-0.000142,-0.015299,,0.000000,0.000234,0.000002,,,,,
-0.003599077,-0.870479822,,0.0000,0.7577,0.0031,,-0.000035,-0.009895,,0.000000,0.000098,0.000000,,,,,
0.859080195,-1.545933604,,0.7380,2.3899,-1.3281,,0.008459,-0.017573,,0.000072,0.000309,-0.000149,,,,,
0.756420791,-1.685360074,,0.5722,2.8404,-1.2748,,0.007448,-0.019158,,0.000055,0.000367,-0.000143,,,,,
0.593649805,-0.428207755,,0.3524,0.1834,-0.2542,,0.005846,-0.004868,,0.000034,0.000024,-0.000028,,,,,
-1.768492222,-0.602994978,,3.1276,0.3636,1.0664,,-0.017414,-0.006854,,0.000303,0.000047,0.000119,,,,,
0.215882182,-0.238687038,,0.0466,0.0570,-0.0515,,0.002126,-0.002713,,0.000005,0.000007,-0.000006,,,,,
-1.01933217,-0.573167562,,1.0390,0.3285,0.5842,,-0.010037,-0.006515,,0.000101,0.000042,0.000065,,,,,
3.116961479,2.005277157,,9.7154,4.0211,6.2504,,0.030692,0.022794,,0.000942,0.000520,0.000700,,,,,
-1.039598465,-0.984493136,,1.0808,0.9692,1.0235,,-0.010237,-0.011191,,0.000105,0.000125,0.000115,,,,,
2.136837959,-0.993789136,,4.5661,0.9876,-2.1236,,0.021041,-0.011297,,0.000443,0.000128,-0.000238,,,,,
-0.782807112,-0.766561627,,0.6128,0.5876,0.6001,,-0.007708,-0.008714,,0.000059,0.000076,0.000067,,,,,
-1.985032082,-1.978891373,,3.9404,3.9160,3.9282,,-0.019546,-0.022494,,0.000382,0.000506,0.000440,,,,,
1.234009624,-1.285111666,,1.5228,1.6515,-1.5858,,0.012151,-0.014608,,0.000148,0.000213,-0.000178,,,,,
2.000110626,-0.965068102,,4.0004,0.9314,-1.9302,,0.019695,-0.010970,,0.000388,0.000120,-0.000216,,,,,
-0.314365625,0.920479894,,0.0988,0.8473,-0.2894,,-0.003096,0.010463,,0.000010,0.000109,-0.000032,,,,,
-1.948057413,1.626473188,,3.7949,2.6454,-3.1685,,-0.019182,0.018488,,0.000368,0.000342,-0.000355,,,,,
-0.219467565,-0.432607204,,0.0482,0.1871,0.0949,,-0.002161,-0.004918,,0.000005,0.000024,0.000011,,,,,
1.919679761,-0.915082097,,3.6852,0.8374,-1.7567,,0.018903,-0.010402,,0.000357,0.000108,-0.000197,,,,,
0.661317229,1.281193852,,0.4373,1.6415,0.8473,,0.006512,0.014564,,0.000042,0.000212,0.000095,,,,,
-0.823619545,-0.604759097,,0.6783,0.3657,0.4981,,-0.008110,-0.006874,,0.000066,0.000047,0.000056,,,,,
2.379770279,-0.523534596,,5.6633,0.2741,-1.2459,,0.023433,-0.005951,,0.000549,0.000035,-0.000139,,,,,
-1.457466245,0.122355625,,2.1242,0.0150,-0.1783,,-0.014352,0.001391,,0.000206,0.000002,-0.000020,,,,,
-0.973539293,-1.029204607,,0.9478,1.0593,1.0020,,-0.009586,-0.011699,,0.000092,0.000137,0.000112,,,,,
0.30164966,2.865344286,,0.0910,8.2102,0.8643,,0.002970,0.032571,,0.000009,0.001061,0.000097,,,,,
-0.813042402,0.364351183,,0.6610,0.1328,-0.2962,,-0.008006,0.004142,,0.000064,0.000017,-0.000033,,,,,
-0.711431026,-1.075840831,,0.5061,1.1574,0.7654,,-0.007005,-0.012229,,0.000049,0.000150,0.000086,,,,,
-1.005912662,0.841306806,,1.0119,0.7078,-0.8463,,-0.009905,0.009563,,0.000098,0.000091,-0.000095,,,,,
1.328190565,0.122386463,,1.7641,0.0150,0.1626,,0.013079,0.001391,,0.000171,0.000002,0.000018,,,,,
-1.148223639,-2.400115728,,1.3184,5.7606,2.7559,,-0.011306,-0.027282,,0.000128,0.000744,0.000308,,,,,
-1.598652959,0.293095231,,2.5557,0.0859,-0.4686,,-0.015742,0.003332,,0.000248,0.000011,-0.000052,,,,,
0.748412967,-0.56390655,,0.5601,0.3180,-0.4220,,0.007370,-0.006410,,0.000054,0.000041,-0.000047,,,,,
2.919944286,2.440197468,,8.5261,5.9546,7.1252,,0.028752,0.027738,,0.000827,0.000769,0.000798,,,,,
-0.34777385,0.035152733,,0.1209,0.0012,-0.0122,,-0.003424,0.000400,,0.000012,0.000000,-0.000001,,,,,
-1.103087425,-0.756673038,,1.2168,0.5726,0.8347,,-0.010862,-0.008601,,0.000118,0.000074,0.000093,,,,,
-0.631738722,0.071844622,,0.3991,0.0052,-0.0454,,-0.006221,0.000817,,0.000039,0.000001,-0.000005,,,,,
-2.957629442,-0.140821308,,8.7476,0.0198,0.4165,,-0.029123,-0.001601,,0.000848,0.000003,0.000047,,,,,
0.786562681,1.098001003,,0.6187,1.2056,0.8636,,0.007745,0.012481,,0.000060,0.000156,0.000097,,,,,
-1.085380435,-7.996436119,,1.1781,63.9430,8.6792,,-0.010688,-0.090897,,0.000114,0.008262,0.000971,,,,,
1.664105415,0.706765592,,2.7692,0.4995,1.1761,,0.016386,0.008034,,0.000269,0.000065,0.000132,,,,,
1.16477859,0.242092535,,1.3567,0.0586,0.2820,,0.011469,0.002752,,0.000132,0.000008,0.000032,,,,,
1.655775905,1.734951377,,2.7416,3.0101,2.8727,,0.016304,0.019721,,0.000266,0.000389,0.000322,,,,,
0.065801084,0.865151107,,0.0043,0.7485,0.0569,,0.000648,0.009834,,0.000000,0.000097,0.000006,,,,,
-0.585585356,0.459563494,,0.3429,0.2112,-0.2691,,-0.005766,0.005224,,0.000033,0.000027,-0.000030,,,,,
1.621648312,-1.148716688,,2.6297,1.3196,-1.8628,,0.015968,-0.013058,,0.000255,0.000171,-0.000209,,,,,
-0.353562176,-1.222765684,,0.1250,1.4952,0.4323,,-0.003481,-0.013899,,0.000012,0.000193,0.000048,,,,,
2.633450508,0.870260417,,6.9351,0.7574,2.2918,,0.025931,0.009892,,0.000672,0.000098,0.000257,,,,,
0.129568249,-0.32897383,,0.0168,0.1082,-0.0426,,0.001276,-0.003739,,0.000002,0.000014,-0.000005,,,,,
-3.30968523,-0.418695599,,10.9540,0.1753,1.3858,,-0.032590,-0.004759,,0.001062,0.000023,0.000155,,,,,
2.432214022,0.934131742,,5.9157,0.8726,2.2720,,0.023950,0.010618,,0.000574,0.000113,0.000254,,,,,
-1.000763178,1.044099808,,1.0015,1.0901,-1.0449,,-0.009854,0.011868,,0.000097,0.000141,-0.000117,,,,,
-0.242494777,-0.395653009,,0.0588,0.1565,0.0959,,-0.002388,-0.004497,,0.000006,0.000020,0.000011,,,,,
-1.074735165,2.118844509,,1.1551,4.4895,-2.2772,,-0.010583,0.024085,,0.000112,0.000580,-0.000255,,,,,
-0.493483841,1.305016994,,0.2435,1.7031,-0.6440,,-0.004859,0.014834,,0.000024,0.000220,-0.000072,,,,,
-0.70614177,-1.095190525,,0.4986,1.1994,0.7734,,-0.006953,-0.012449,,0.000048,0.000155,0.000087,,,,,
-0.499728203,0.425428033,,0.2497,0.1810,-0.2126,,-0.004921,0.004836,,0.000024,0.000023,-0.000024,,,,,
-3.643432617,1.486314774,,13.2746,2.2091,-5.4153,,-0.035877,0.016895,,0.001287,0.000285,-0.000606,,,,,
-0.681732655,-0.615700006,,0.4648,0.3791,0.4197,,-0.006713,-0.006999,,0.000045,0.000049,0.000047,,,,,
-2.350612164,-2.450371027,,5.5254,6.0043,5.7599,,-0.023146,-0.027854,,0.000536,0.000776,0.000645,,,,,
-1.335959673,0.317804933,,1.7848,0.1010,-0.4246,,-0.013155,0.003613,,0.000173,0.000013,-0.000048,,,,,
1.033160925,-1.426398039,,1.0674,2.0346,-1.4737,,0.010173,-0.016214,,0.000103,0.000263,-0.000165,,,,,
2.619141817,1.411417723,,6.8599,1.9921,3.6967,,0.025790,0.016044,,0.000665,0.000257,0.000414,,,,,
-1.974761844,0.576924682,,3.8997,0.3328,-1.1393,,-0.019445,0.006558,,0.000378,0.000043,-0.000128,,,,,
2.487647295,1.39442575,,6.1884,1.9444,3.4688,,0.024496,0.015851,,0.000600,0.000251,0.000388,,,,,
-0.727255702,-2.641059875,,0.5289,6.9752,1.9207,,-0.007161,-0.030021,,0.000051,0.000901,0.000215,,,,,
0.719681144,-1.77627933,,0.5179,3.1552,-1.2784,,0.007087,-0.020191,,0.000050,0.000408,-0.000143,,,,,
-1.611040354,-0.486737579,,2.5955,0.2369,0.7842,,-0.015864,-0.005533,,0.000252,0.000031,0.000088,,,,,
0.518025458,-0.030911032,,0.2684,0.0010,-0.0160,,0.005101,-0.000351,,0.000026,0.000000,-0.000002,,,,,
-0.117714003,0.750454903,,0.0139,0.5632,-0.0883,,-0.001159,0.008531,,0.000001,0.000073,-0.000010,,,,,
-1.841201663,0.238873944,,3.3900,0.0571,-0.4398,,-0.018130,0.002715,,0.000329,0.000007,-0.000049,,,,,
0.852031529,-0.605260611,,0.7260,0.3663,-0.5157,,0.008390,-0.006880,,0.000070,0.000047,-0.000058,,,,,
0.085061602,1.224264503,,0.0072,1.4988,0.1041,,0.000838,0.013916,,0.000001,0.000194,0.000012,,,,,
1.218105197,-2.103593588,,1.4838,4.4251,-2.5624,,0.011995,-0.023912,,0.000144,0.000572,-0.000287,,,,,
1.03903234,1.028014421,,1.0796,1.0568,1.0681,,0.010231,0.011686,,0.000105,0.000137,0.000120,,,,,
-1.449518919,0.163562253,,2.1011,0.0268,-0.2371,,-0.014273,0.001859,,0.000204,0.000003,-0.000027,,,,,
0.355392218,-0.420490116,,0.1263,0.1768,-0.1494,,0.003500,-0.004780,,0.000012,0.000023,-0.000017,,,,,
-0.12306226,-0.506536901,,0.0151,0.2566,0.0623,,-0.001212,-0.005758,,0.000001,0.000033,0.000007,,,,,
0.994054794,1.088210344,,0.9881,1.1842,1.0817,,0.009788,0.012370,,0.000096,0.000153,0.000121,,,,,
0.547079027,1.324350476,,0.2993,1.7539,0.7245,,0.005387,0.015054,,0.000029,0.000227,0.000081,,,,,
0.249661565,-1.644658685,,0.0623,2.7049,-0.4106,,0.002458,-0.018695,,0.000006,0.000350,-0.000046,,,,,
1.519322634,-0.999283671,,2.3083,0.9986,-1.5182,,0.014961,-0.011359,,0.000224,0.000129,-0.000170,,,,,
0.257824033,1.25497818,,0.0665,1.5750,0.3236,,0.002539,0.014266,,0.000006,0.000204,0.000036,,,,,
2.036964893,0.75669533,,4.1492,0.5726,1.5414,,0.020058,0.008601,,0.000402,0.000074,0.000173,,,,,
-0.908048332,2.304493904,,0.8246,5.3107,-2.0926,,-0.008941,0.026196,,0.000080,0.000686,-0.000234,,,,,
-0.670252919,0.58930254,,0.4492,0.3473,-0.3950,,-0.006600,0.006699,,0.000044,0.000045,-0.000044,,,,,
0.659362078,-1.331124067,,0.4348,1.7719,-0.8777,,0.006493,-0.015131,,0.000042,0.000229,-0.000098,,,,,
2.503785133,0.330309004,,6.2689,0.1091,0.8270,,0.024655,0.003755,,0.000608,0.000014,0.000093,,,,,
1.342505217,-0.656845808,,1.8023,0.4314,-0.8818,,0.013220,-0.007466,,0.000175,0.000056,-0.000099,,,,,
0.671180248,0.541205168,,0.4505,0.2929,0.3632,,0.006609,0.006152,,0.000044,0.000038,0.000041,,,,,
-1.730001092,0.530948877,,2.9929,0.2819,-0.9185,,-0.017035,0.006035,,0.000290,0.000036,-0.000103,,,,,
1.319616318,1.803291082,,1.7414,3.2519,2.3797,,0.012994,0.020498,,0.000169,0.000420,0.000266,,,,,
-0.992290139,2.19018364,,0.9846,4.7969,-2.1733,,-0.009771,0.024896,,0.000095,0.000620,-0.000243,,,,,
1.505826712,0.088744789,,2.2675,0.0079,0.1336,,0.014828,0.001009,,0.000220,0.000001,0.000015,,,,,
2.188501358,-0.202960327,,4.7895,0.0412,-0.4442,,0.021550,-0.002307,,0.000464,0.000005,-0.000050,,,,,
-0.676333785,-1.789906859,,0.4574,3.2038,1.2106,,-0.006660,-0.020346,,0.000044,0.000414,0.000136,,,,,
-0.251853466,0.432189882,,0.0634,0.1868,-0.1088,,-0.002480,0.004913,,0.000006,0.000024,-0.000012,,,,,
-0.460600317,-0.410084307,,0.2122,0.1682,0.1889,,-0.004535,-0.004661,,0.000021,0.000022,0.000021,,,,,
-1.108286381,3.247140646,,1.2283,10.5439,-3.5988,,-0.010913,0.036911,,0.000119,0.001362,-0.000403,,,,,
-1.32467556,-0.227155313,,1.7548,0.0516,0.3009,,-0.013044,-0.002582,,0.000170,0.000007,0.000034,,,,,
0.422171474,1.129841805,,0.1782,1.2765,0.4770,,0.004157,0.012843,,0.000017,0.000165,0.000053,,,,,
-0.721456885,-0.233288318,,0.5205,0.0544,0.1683,,-0.007104,-0.002652,,0.000050,0.000007,0.000019,,,,,
0.696396232,1.816748381,,0.4850,3.3006,1.2652,,0.006857,0.020651,,0.000047,0.000426,0.000142,,,,,
0.545307517,-0.222452447,,0.2974,0.0495,-0.1213,,0.005370,-0.002529,,0.000029,0.000006,-0.000014,,,,,
1.022912502,2.127886534,,1.0463,4.5279,2.1766,,0.010073,0.024188,,0.000101,0.000585,0.000244,,,,,
1.83214879,0.925840676,,3.3568,0.8572,1.6963,,0.018041,0.010524,,0.000325,0.000111,0.000190,,,,,
-0.577239871,-1.204241753,,0.3332,1.4502,0.6951,,-0.005684,-0.013689,,0.000032,0.000187,0.000078,,,,,
1.092966914,1.158400059,,1.1946,1.3419,1.2661,,0.010762,0.013168,,0.000116,0.000173,0.000142,,,,,
-0.134263039,0.553033233,,0.0180,0.3058,-0.0743,,-0.001322,0.006286,,0.000002,0.000040,-0.000008,,,,,
-0.446285993,0.308795273,,0.1992,0.0954,-0.1378,,-0.004395,0.003510,,0.000019,0.000012,-0.000015,,,,,
-3.04717803,-1.400371313,,9.2853,1.9610,4.2672,,-0.030005,-0.015918,,0.000900,0.000253,0.000478,,,,,
-0.32562086,-2.208129883,,0.1060,4.8758,0.7190,,-0.003206,-0.025100,,0.000010,0.000630,0.000080,,,,,
0.047290653,-0.556545138,,0.0022,0.3097,-0.0263,,0.000466,-0.006326,,0.000000,0.000040,-0.000003,,,,,
0.730338991,-1.240152836,,0.5334,1.5380,-0.9057,,0.007192,-0.014097,,0.000052,0.000199,-0.000101,,,,,
1.319048166,0.547754228,,1.7399,0.3000,0.7225,,0.012989,0.006226,,0.000169,0.000039,0.000081,,,,,
1.610347748,1.882969141,,2.5932,3.5456,3.0322,,0.015857,0.021404,,0.000251,0.000458,0.000339,,,,,
0.744702816,-0.10033264,,0.5546,0.0101,-0.0747,,0.007333,-0.001140,,0.000054,0.000001,-0.000008,,,,,
0.291048169,-0.395104587,,0.0847,0.1561,-0.1150,,0.002866,-0.004491,,0.000008,0.000020,-0.000013,,,,,
0.314472198,0.71447587,,0.0989,0.5105,0.2247,,0.003097,0.008122,,0.000010,0.000066,0.000025,,,,,
-3.008074999,-2.044381857,,9.0485,4.1795,6.1497,,-0.029620,-0.023239,,0.000877,0.000540,0.000688,,,,,
1.420505762,-0.366478801,,2.0178,0.1343,-0.5206,,0.013988,-0.004166,,0.000196,0.000017,-0.000058,,,,,
-0.475942373,-0.010068804,,0.2265,0.0001,0.0048,,-0.004687,-0.000114,,0.000022,0.000000,0.000001,,,,,
-1.003295302,-0.171898723,,1.0066,0.0295,0.1725,,-0.009879,-0.001954,,0.000098,0.000004,0.000019,,,,,
-0.294877887,-0.128954545,,0.0870,0.0166,0.0380,,-0.002904,-0.001466,,0.000008,0.000002,0.000004,,,,,
-0.695556283,-0.831793308,,0.4838,0.6919,0.5786,,-0.006849,-0.009455,,0.000047,0.000089,0.000065,,,,,
-0.0944608,-0.452914178,,0.0089,0.2051,0.0428,,-0.000930,-0.005148,,0.000001,0.000027,0.000005,,,,,
-0.543389916,0.207225144,,0.2953,0.0429,-0.1126,,-0.005351,0.002356,,0.000029,0.000006,-0.000013,,,,,
1.099663854,-0.268342167,,1.2093,0.0720,-0.2951,,0.010828,-0.003050,,0.000117,0.000009,-0.000033,,,,,
0.697453856,-0.781846941,,0.4864,0.6113,-0.5453,,0.006868,-0.008887,,0.000047,0.000079,-0.000061,,,,,
0.858228326,-1.200568557,,0.7366,1.4414,-1.0304,,0.008451,-0.013647,,0.000071,0.000186,-0.000115,,,,,
-1.013253212,1.689272285,,1.0267,2.8536,-1.7117,,-0.009977,0.019202,,0.000100,0.000369,-0.000192,,,,,
-0.535842896,-0.058480889,,0.2871,0.0034,0.0313,,-0.005276,-0.000665,,0.000028,0.000000,0.000004,,,,,
0.810341537,-0.195944652,,0.6567,0.0384,-0.1588,,0.007979,-0.002227,,0.000064,0.000005,-0.000018,,,,,
1.672676086,0.194409698,,2.7978,0.0378,0.3252,,0.016471,0.002210,,0.000271,0.000005,0.000036,,,,,
-1.208081961,1.035295725,,1.4595,1.0718,-1.2507,,-0.011896,0.011768,,0.000142,0.000138,-0.000140,,,,,
0.794096589,-0.045331553,,0.6306,0.0021,-0.0360,,0.007819,-0.000515,,0.000061,0.000000,-0.000004,,,,,
-2.004858494,-2.335066319,,4.0195,5.4525,4.6815,,-0.019742,-0.026543,,0.000390,0.000705,0.000524,,,,,
1.463167906,0.457579225,,2.1409,0.2094,0.6695,,0.014408,0.005201,,0.000208,0.000027,0.000075,,,,,
-1.68250668,0.305098712,,2.8308,0.0931,-0.5133,,-0.016567,0.003468,,0.000274,0.000012,-0.000057,,,,,
-0.612284303,-0.530061483,,0.3749,0.2810,0.3245,,-0.006029,-0.006025,,0.000036,0.000036,0.000036,,,,,
-0.856826067,1.458761334,,0.7342,2.1280,-1.2499,,-0.008437,0.016582,,0.000071,0.000275,-0.000140,,,,,
1.848643422,1.005865097,,3.4175,1.0118,1.8595,,0.018203,0.011434,,0.000331,0.000131,0.000208,,,,,
-0.803119004,-0.386999398,,0.6450,0.1498,0.3108,,-0.007908,-0.004399,,0.000063,0.000019,0.000035,,,,,
-1.087583303,0.532127738,,1.1828,0.2832,-0.5787,,-0.010709,0.006049,,0.000115,0.000037,-0.000065,,,,,
-0.801197052,-0.594253957,,0.6419,0.3531,0.4761,,-0.007889,-0.006755,,0.000062,0.000046,0.000053,,,,,
-0.953716695,-0.845504403,,0.9096,0.7149,0.8064,,-0.009391,-0.009611,,0.000088,0.000092,0.000090,,,,,
2.385378838,1.462530375,,5.6900,2.1390,3.4887,,0.023489,0.016625,,0.000552,0.000276,0.000390,,,,,
1.426525116,-0.792462349,,2.0350,0.6280,-1.1305,,0.014047,-0.009008,,0.000197,0.000081,-0.000127,,,,,
0.974814653,3.03254199,,0.9503,9.1963,2.9562,,0.009599,0.034471,,0.000092,0.001188,0.000331,,,,,
1.372625232,-0.391045809,,1.8841,0.1529,-0.5368,,0.013516,-0.004445,,0.000183,0.000020,-0.000060,,,,,
-1.178066373,-0.861178637,,1.3878,0.7416,1.0145,,-0.011600,-0.009789,,0.000135,0.000096,0.000114,,,,,
-1.592539549,-3.39389658,,2.5362,11.5185,5.4049,,-0.015682,-0.038579,,0.000246,0.001488,0.000605,,,,,
2.567185402,-0.107921407,,6.5904,0.0116,-0.2771,,0.025279,-0.001227,,0.000639,0.000002,-0.000031,,,,,
0.994616926,0.386331081,,0.9893,0.1493,0.3843,,0.009794,0.004391,,0.000096,0.000019,0.000043,,,,,
0.826964378,1.667098761,,0.6839,2.7792,1.3786,,0.008143,0.018950,,0.000066,0.000359,0.000154,,,,,
-0.17060183,-0.798912883,,0.0291,0.6383,0.1363,,-0.001680,-0.009081,,0.000003,0.000082,0.000015,,,,,
-0.969070137,-1.886074662,,0.9391,3.5573,1.8277,,-0.009542,-0.021439,,0.000091,0.000460,0.000205,,,,,
0.208869204,1.185167432,,0.0436,1.4046,0.2475,,0.002057,0.013472,,0.000004,0.000181,0.000028,,,,,
-0.18177399,0.031247053,,0.0330,0.0010,-0.0057,,-0.001790,0.000355,,0.000003,0.000000,-0.000001,,,,,
-4.659983158,-0.679173887,,21.7154,0.4613,3.1649,,-0.045886,-0.007720,,0.002106,0.000060,0.000354,,,,,
-1.52557385,0.226064548,,2.3274,0.0511,-0.3449,,-0.015022,0.002570,,0.000226,0.000007,-0.000039,,,,,
-1.142523766,0.945882976,,1.3054,0.8947,-1.0807,,-0.011250,0.010752,,0.000127,0.000116,-0.000121,,,,,
-2.062598467,-1.721191764,,4.2543,2.9625,3.5501,,-0.020310,-0.019565,,0.000413,0.000383,0.000397,,,,,
-0.330593675,-2.398325682,,0.1093,5.7520,0.7929,,-0.003255,-0.027262,,0.000011,0.000743,0.000089,,,,,
-1.816599965,-2.838487387,,3.3000,8.0570,5.1564,,-0.017888,-0.032266,,0.000320,0.001041,0.000577,,,,,
1.488530636,-0.442233622,,2.2157,0.1956,-0.6583,,0.014657,-0.005027,,0.000215,0.000025,-0.000074,,,,,
-0.518585622,0.864545226,,0.2689,0.7474,-0.4483,,-0.005106,0.009827,,0.000026,0.000097,-0.000050,,,,,
0.037926376,0.703752756,,0.0014,0.4953,0.0267,,0.000373,0.008000,,0.000000,0.000064,0.000003,,,,,
-2.466463566,0.882812381,,6.0834,0.7794,-2.1774,,-0.024287,0.010035,,0.000590,0.000101,-0.000244,,,,,
0.074392602,-0.899667859,,0.0055,0.8094,-0.0669,,0.000733,-0.010227,,0.000001,0.000105,-0.000007,,,,,
-2.541389465,-0.974932075,,6.4587,0.9505,2.4777,,-0.025025,-0.011082,,0.000626,0.000123,0.000277,,,,,
0.649692655,-0.07971321,,0.4221,0.0064,-0.0518,,0.006397,-0.000906,,0.000041,0.000001,-0.000006,,,,,
-0.256932437,-1.10013926,,0.0660,1.2103,0.2827,,-0.002530,-0.012505,,0.000006,0.000156,0.000032,,,,,
0.322401702,-0.741414189,,0.1039,0.5497,-0.2390,,0.003175,-0.008428,,0.000010,0.000071,-0.000027,,,,,
0.045610622,0.545749009,,0.0021,0.2978,0.0249,,0.000449,0.006204,,0.000000,0.000038,0.000003,,,,,
-1.155025959,-1.536040187,,1.3341,2.3594,1.7742,,-0.011373,-0.017460,,0.000129,0.000305,0.000199,,,,,
1.37506485,-0.631039977,,1.8908,0.3982,-0.8677,,0.013540,-0.007173,,0.000183,0.000051,-0.000097,,,,,
1.059422016,2.545970201,,1.1224,6.4820,2.6973,,0.010432,0.028940,,0.000109,0.000838,0.000302,,,,,
-1.495191574,1.891988277,,2.2356,3.5796,-2.8289,,-0.014723,0.021507,,0.000217,0.000463,-0.000317,,,,,
-0.348071009,0.923711419,,0.1212,0.8532,-0.3215,,-0.003427,0.010500,,0.000012,0.000110,-0.000036,,,,,
-0.811270952,2.117695332,,0.6582,4.4846,-1.7180,,-0.007989,0.024072,,0.000064,0.000579,-0.000192,,,,,
-0.558035851,-0.418014169,,0.3114,0.1747,0.2333,,-0.005495,-0.004752,,0.000030,0.000023,0.000026,,,,,
1.453577638,0.067295775,,2.1129,0.0045,0.0978,,0.014313,0.000765,,0.000205,0.000001,0.000011,,,,,
0.106597036,0.616960049,,0.0114,0.3806,0.0658,,0.001050,0.007013,,0.000001,0.000049,0.000007,,,,,
-0.145432472,-1.762349606,,0.0212,3.1059,0.2563,,-0.001432,-0.020033,,0.000002,0.000401,0.000029,,,,,
0.647084236,0.348968655,,0.4187,0.1218,0.2258,,0.006372,0.003967,,0.000041,0.000016,0.000025,,,,,
0.189871728,-0.246556655,,0.0361,0.0608,-0.0468,,0.001870,-0.002803,,0.000003,0.000008,-0.000005,,,,,
1.394544125,0.78679204,,1.9448,0.6190,1.0972,,0.013732,0.008944,,0.000189,0.000080,0.000123,,,,,
-1.508619785,-0.666049361,,2.2759,0.4436,1.0048,,-0.014855,-0.007571,,0.000221,0.000057,0.000112,,,,,
-1.495775223,-1.263650417,,2.2373,1.5968,1.8901,,-0.014729,-0.014364,,0.000217,0.000206,0.000212,,,,,
1.341657639,2.780905724,,1.8000,7.7334,3.7310,,0.013211,0.031611,,0.000175,0.000999,0.000418,,,,,
-1.49515295,-0.492256165,,2.2355,0.2423,0.7360,,-0.014723,-0.005596,,0.000217,0.000031,0.000082,,,,,
-0.815939903,-0.849291801,,0.6658,0.7213,0.6930,,-0.008034,-0.009654,,0.000065,0.000093,0.000078,,,,,
-0.085416704,0.748743892,,0.0073,0.5606,-0.0640,,-0.000841,0.008511,,0.000001,0.000072,-0.000007,,,,,
-2.061949015,-1.343490601,,4.2516,1.8050,2.7702,,-0.020304,-0.015272,,0.000412,0.000233,0.000310,,,,,
2.321073055,-0.621834278,,5.3874,0.3867,-1.4433,,0.022855,-0.007068,,0.000522,0.000050,-0.000162,,,,,
0.711400867,-0.541293263,,0.5061,0.2930,-0.3851,,0.007005,-0.006153,,0.000049,0.000038,-0.000043,,,,,
1.394974232,2.111821175,,1.9460,4.4598,2.9459,,0.013736,0.024005,,0.000189,0.000576,0.000330,,,,,
-1.756226182,-1.076674819,,3.0843,1.1592,1.8909,,-0.017293,-0.012239,,0.000299,0.000150,0.000212,,,,,
-1.03805685,0.873631477,,1.0776,0.7632,-0.9069,,-0.010222,0.009931,,0.000104,0.000099,-0.000102,,,,,
-0.384127289,-0.439144433,,0.1476,0.1928,0.1687,,-0.003782,-0.004992,,0.000014,0.000025,0.000019,,,,,
0.486362159,1.923253059,,0.2365,3.6989,0.9354,,0.004789,0.021862,,0.000023,0.000478,0.000105,,,,,
0.264668763,2.145562172,,0.0700,4.6034,0.5679,,0.002606,0.024389,,0.000007,0.000595,0.000064,,,,,
-1.944469333,0.652967215,,3.7810,0.4264,-1.2697,,-0.019147,0.007422,,0.000367,0.000055,-0.000142,,,,,
-0.551380277,0.206785947,,0.3040,0.0428,-0.1140,,-0.005429,0.002351,,0.000029,0.000006,-0.000013,,,,,
0.544576108,1.455603719,,0.2966,2.1188,0.7927,,0.005362,0.016546,,0.000029,0.000274,0.000089,,,,,
-0.983574212,-1.669840693,,0.9674,2.7884,1.6424,,-0.009685,-0.018981,,0.000094,0.000360,0.000184,,,,,
0.335806459,-3.213425398,,0.1128,10.3261,-1.0791,,0.003307,-0.036527,,0.000011,0.001334,-0.000121,,,,,
2.044473886,0.267747939,,4.1799,0.0717,0.5474,,0.020132,0.003044,,0.000405,0.000009,0.000061,,,,,
-2.58799839,-0.595516205,,6.6977,0.3546,1.5412,,-0.025484,-0.006769,,0.000649,0.000046,0.000173,,,,,
2.046689034,0.843611777,,4.1889,0.7117,1.7266,,0.020154,0.009589,,0.000406,0.000092,0.000193,,,,,
-0.397959888,0.38689059,,0.1584,0.1497,-0.1540,,-0.003919,0.004398,,0.000015,0.000019,-0.000017,,,,,
1.941399813,1.642183304,,3.7690,2.6968,3.1881,,0.019117,0.018667,,0.000365,0.000348,0.000357,,,,,
-0.438659459,-2.441246748,,0.1924,5.9597,1.0709,,-0.004319,-0.027750,,0.000019,0.000770,0.000120,,,,,
2.735045671,1.127643943,,7.4805,1.2716,3.0842,,0.026932,0.012818,,0.000725,0.000164,0.000345,,,,,
0.186958358,-0.116092518,,0.0350,0.0135,-0.0217,,0.001841,-0.001320,,0.000003,0.000002,-0.000002,,,,,
1.279198885,-0.466999978,,1.6363,0.2181,-0.5974,,0.012596,-0.005308,,0.000159,0.000028,-0.000067,,,,,
0.430806071,1.706164122,,0.1856,2.9110,0.7350,,0.004242,0.019394,,0.000018,0.000376,0.000082,,,,,
1.047144532,-0.73331356,,1.0965,0.5377,-0.7679,,0.010311,-0.008336,,0.000106,0.000069,-0.000086,,,,,
-1.330596805,1.566868305,,1.7705,2.4551,-2.0849,,-0.013102,0.017811,,0.000172,0.000317,-0.000233,,,,,
3.768712997,0.430146992,,14.2032,0.1850,1.6211,,0.037110,0.004890,,0.001377,0.000024,0.000181,,,,,
0.726561308,-1.134014845,,0.5279,1.2860,-0.8239,,0.007154,-0.012891,,0.000051,0.000166,-0.000092,,,,,
0.080704056,-0.50808686,,0.0065,0.2582,-0.0410,,0.000795,-0.005775,,0.000001,0.000033,-0.000005,,,,,
-0.933881402,0.13142699,,0.8721,0.0173,-0.1227,,-0.009196,0.001494,,0.000085,0.000002,-0.000014,,,,,
-1.946940184,-0.346528113,,3.7906,0.1201,0.6747,,-0.019171,-0.003939,,0.000368,0.000016,0.000076,,,,,
-0.011681929,-0.082439639,,0.0001,0.0068,0.0010,,-0.000115,-0.000937,,0.000000,0.000001,0.000000,,,,,
-1.05376935,0.544603407,,1.1104,0.2966,-0.5739,,-0.010376,0.006191,,0.000108,0.000038,-0.000064,,,,,
-0.0917463,-1.536178589,,0.0084,2.3598,0.1409,,-0.000903,-0.017462,,0.000001,0.000305,0.000016,,,,,
-0.097958475,0.26131779,,0.0096,0.0683,-0.0256,,-0.000965,0.002970,,0.000001,0.000009,-0.000003,,,,,
0.683453798,1.770471454,,0.4671,3.1346,1.2100,,0.006730,0.020125,,0.000045,0.000405,0.000135,,,,,
-1.829616308,-0.353547543,,3.3475,0.1250,0.6469,,-0.018016,-0.004019,,0.000325,0.000016,0.000072,,,,,
-2.464140177,-0.981340766,,6.0720,0.9630,2.4182,,-0.024264,-0.011155,,0.000589,0.000124,0.000271,,,,,
1.147161365,0.220017821,,1.3160,0.0484,0.2524,,0.011296,0.002501,,0.000128,0.000006,0.000028,,,,,
1.637741685,0.51547718,,2.6822,0.2657,0.8442,,0.016127,0.005860,,0.000260,0.000034,0.000094,,,,,
1.743586063,2.088121176,,3.0401,4.3603,3.6408,,0.017169,0.023736,,0.000295,0.000563,0.000408,,,,,
0.331109494,-0.769706368,,0.1096,0.5924,-0.2549,,0.003260,-0.008749,,0.000011,0.000077,-0.000029,,,,,
-2.082623959,-1.678015232,,4.3373,2.8157,3.4947,,-0.020507,-0.019074,,0.000421,0.000364,0.000391,,,,,
-2.184246778,-1.08649087,,4.7709,1.1805,2.3732,,-0.021508,-0.012350,,0.000463,0.000153,0.000266,,,,,
0.685391605,-0.995863676,,0.4698,0.9917,-0.6826,,0.006749,-0.011320,,0.000046,0.000128,-0.000076,,,,,
1.333900809,0.702973962,,1.7793,0.4942,0.9377,,0.013135,0.007991,,0.000173,0.000064,0.000105,,,,,
1.523158431,0.095010638,,2.3200,0.0090,0.1447,,0.014998,0.001080,,0.000225,0.000001,0.000016,,,,,
-0.012182944,1.557751417,,0.0001,2.4266,-0.0190,,-0.000120,0.017707,,0.000000,0.000314,-0.000002,,,,,
0.146363243,0.355060816,,0.0214,0.1261,0.0520,,0.001441,0.004036,,0.000002,0.000016,0.000006,,,,,
1.685846329,0.067043364,,2.8421,0.0045,0.1130,,0.016600,0.000762,,0.000276,0.000001,0.000013,,,,,
1.176579356,1.11349833,,1.3843,1.2399,1.3101,,0.011586,0.012657,,0.000134,0.000160,0.000147,,,,,
-5.02602911,-1.835249186,,25.2610,3.3681,9.2240,,-0.049491,-0.020862,,0.002449,0.000435,0.001032,,,,,
-0.090788633,0.637597978,,0.0082,0.4065,-0.0579,,-0.000894,0.007248,,0.000001,0.000053,-0.000006,,,,,
0.524993539,-0.183611184,,0.2756,0.0337,-0.0964,,0.005170,-0.002087,,0.000027,0.000004,-0.000011,,,,,
-1.493875861,-0.668463707,,2.2317,0.4468,0.9986,,-0.014710,-0.007599,,0.000216,0.000058,0.000112,,,,,
-0.954444885,-0.130675361,,0.9110,0.0171,0.1247,,-0.009398,-0.001485,,0.000088,0.000002,0.000014,,,,,
-0.181369871,0.354609609,,0.0329,0.1257,-0.0643,,-0.001786,0.004031,,0.000003,0.000016,-0.000007,,,,,
-0.348177373,0.13417846,,0.1212,0.0180,-0.0467,,-0.003428,0.001525,,0.000012,0.000002,-0.000005,,,,,
0.923082113,-1.223533154,,0.8521,1.4970,-1.1294,,0.009089,-0.013908,,0.000083,0.000193,-0.000126,,,,,
-1.822740078,0.364521384,,3.3224,0.1329,-0.6644,,-0.017948,0.004144,,0.000322,0.000017,-0.000074,,,,,
1.841367722,1.778885841,,3.3906,3.1644,3.2756,,0.018132,0.020221,,0.000329,0.000409,0.000367,,,,,
-0.366283,0.534641981,,0.1342,0.2858,-0.1958,,-0.003607,0.006077,,0.000013,0.000037,-0.000022,,,,,
1.377980232,-0.131795347,,1.8988,0.0174,-0.1816,,0.013569,-0.001498,,0.000184,0.000002,-0.000020,,,,,
0.239257067,1.133454084,,0.0572,1.2847,0.2712,,0.002356,0.012884,,0.000006,0.000166,0.000030,,,,,
0.466764867,-1.316525698,,0.2179,1.7332,-0.6145,,0.004596,-0.014965,,0.000021,0.000224,-0.000069,,,,,
0.087431505,-0.145439103,,0.0076,0.0212,-0.0127,,0.000861,-0.001653,,0.000001,0.000003,-0.000001,,,,,
-1.828147292,0.327085972,,3.3421,0.1070,-0.5980,,-0.018002,0.003718,,0.000324,0.000014,-0.000067,,,,,
2.278909683,-1.418525696,,5.1934,2.0122,-3.2327,,0.022440,-0.016125,,0.000504,0.000260,-0.000362,,,,,
-0.197648793,0.1717913,,0.0391,0.0295,-0.0340,,-0.001946,0.001953,,0.000004,0.000004,-0.000004,,,,,
1.630044699,0.7144081,,2.6570,0.5104,1.1645,,0.016051,0.008121,,0.000258,0.000066,0.000130,,,,,
-1.300176859,-3.316316843,,1.6905,10.9980,4.3118,,-0.012803,-0.037697,,0.000164,0.001421,0.000483,,,,,
-0.936492562,0.797723651,,0.8770,0.6364,-0.7471,,-0.009222,0.009068,,0.000085,0.000082,-0.000084,,,,,
-0.570760846,-0.978446364,,0.3258,0.9574,0.5585,,-0.005620,-0.011122,,0.000032,0.000124,0.000063,,,,,
-1.866644144,-0.848513186,,3.4844,0.7200,1.5839,,-0.018381,-0.009645,,0.000338,0.000093,0.000177,,,,,
-1.460719705,-0.507894695,,2.1337,0.2580,0.7419,,-0.014384,-0.005773,,0.000207,0.000033,0.000083,,,,,
-0.262231797,-1.17449367,,0.0688,1.3794,0.3080,,-0.002582,-0.013351,,0.000007,0.000178,0.000034,,,,,
-1.21094656,-1.949882269,,1.4664,3.8020,2.3612,,-0.011924,-0.022165,,0.000142,0.000491,0.000264,,,,,
1.035832763,-0.806229353,,1.0729,0.6500,-0.8351,,0.010200,-0.009165,,0.000104,0.000084,-0.000093,,,,,
0.490181327,-0.456206292,,0.2403,0.2081,-0.2236,,0.004827,-0.005186,,0.000023,0.000027,-0.000025,,,,,
-0.948813319,-0.818605542,,0.9002,0.6701,0.7767,,-0.009343,-0.009305,,0.000087,0.000087,0.000087,,,,,
0.187380165,-0.22557351,,0.0351,0.0509,-0.0423,,0.001845,-0.002564,,0.000003,0.000007,-0.000005,,,,,
0.159683824,0.128661066,,0.0255,0.0166,0.0205,,0.001572,0.001463,,0.000002,0.000002,0.000002,,,,,
-0.012707613,-0.646331966,,0.0002,0.4177,0.0082,,-0.000125,-0.007347,,0.000000,0.000054,0.000001,,,,,
0.496789902,-0.520019889,,0.2468,0.2704,-0.2583,,0.004892,-0.005911,,0.000024,0.000035,-0.000029,,,,,
-1.318598509,-0.273109615,,1.7387,0.0746,0.3601,,-0.012984,-0.003104,,0.000169,0.000010,0.000040,,,,,
1.056511521,-0.537785888,,1.1162,0.2892,-0.5682,,0.010403,-0.006113,,0.000108,0.000037,-0.000064,,,,,
0.093909591,-0.441820234,,0.0088,0.1952,-0.0415,,0.000925,-0.005022,,0.000001,0.000025,-0.000005,,,,,
-1.026341081,0.404179007,,1.0534,0.1634,-0.4148,,-0.010106,0.004594,,0.000102,0.000021,-0.000046,,,,,
1.670912504,1.896085262,,2.7919,3.5951,3.1682,,0.016453,0.021553,,0.000271,0.000465,0.000355,,,,,
-3.298389435,-0.202859998,,10.8794,0.0412,0.6691,,-0.032479,-0.002306,,0.001055,0.000005,0.000075,,,,,
2.342897415,1.696030855,,5.4892,2.8765,3.9736,,0.023070,0.019279,,0.000532,0.000372,0.000445,,,,,
-1.450986862,1.240396976,,2.1054,1.5386,-1.7998,,-0.014288,0.014100,,0.000204,0.000199,-0.000201,,,,,
0.089242876,-0.433680952,,0.0080,0.1881,-0.0387,,0.000879,-0.004930,,0.000001,0.000024,-0.000004,,,,,
2.01949048,0.679878592,,4.0783,0.4622,1.3730,,0.019886,0.007728,,0.000395,0.000060,0.000154,,,,,
-1.881440043,0.106427617,,3.5398,0.0113,-0.2002,,-0.018526,0.001210,,0.000343,0.000001,-0.000022,,,,,
1.136940002,0.790730417,,1.2926,0.6253,0.8990,,0.011195,0.008988,,0.000125,0.000081,0.000101,,,,,
-0.846804142,-0.912204981,,0.7171,0.8321,0.7725,,-0.008338,-0.010369,,0.000070,0.000108,0.000086,,,,,
-1.114494801,-2.79101944,,1.2421,7.7898,3.1106,,-0.010974,-0.031726,,0.000120,0.001007,0.000348,,,,,
-1.054893613,-0.324151546,,1.1128,0.1051,0.3419,,-0.010387,-0.003685,,0.000108,0.000014,0.000038,,,,,
-1.967301607,-0.73045975,,3.8703,0.5336,1.4370,,-0.019372,-0.008303,,0.000375,0.000069,0.000161,,,,,
0.118821025,0.950906336,,0.0141,0.9042,0.1130,,0.001170,0.010809,,0.000001,0.000117,0.000013,,,,,
-1.509709597,-0.446021557,,2.2792,0.1989,0.6734,,-0.014866,-0.005070,,0.000221,0.000026,0.000075,,,,,
0.925220311,0.776602685,,0.8560,0.6031,0.7185,,0.009111,0.008828,,0.000083,0.000078,0.000080,,,,,
-1.547946215,1.015103579,,2.3961,1.0304,-1.5713,,-0.015242,0.011539,,0.000232,0.000133,-0.000176,,,,,
-0.747658968,-1.316034555,,0.5590,1.7319,0.9839,,-0.007362,-0.014960,,0.000054,0.000224,0.000110,,,,,
0.792155743,0.748644114,,0.6275,0.5605,0.5930,,0.007800,0.008510,,0.000061,0.000072,0.000066,,,,,
1.385647297,0.419196427,,1.9200,0.1757,0.5809,,0.013644,0.004765,,0.000186,0.000023,0.000065,,,,,
1.290215969,0.376305968,,1.6647,0.1416,0.4855,,0.012705,0.004278,,0.000161,0.000018,0.000054,,,,,
-0.133772507,-0.359995484,,0.0179,0.1296,0.0482,,-0.001317,-0.004092,,0.000002,0.000017,0.000005,,,,,
0.137334198,-0.384008288,,0.0189,0.1475,-0.0527,,0.001352,-0.004365,,0.000002,0.000019,-0.000006,,,,,
-1.384613156,-1.942145348,,1.9172,3.7719,2.6891,,-0.013634,-0.022077,,0.000186,0.000487,0.000301,,,,,
1.838686705,-1.318675399,,3.3808,1.7389,-2.4246,,0.018105,-0.014990,,0.000328,0.000225,-0.000271,,,,,
-2.691484928,-0.114870898,,7.2441,0.0132,0.3092,,-0.026503,-0.001306,,0.000702,0.000002,0.000035,,,,,
1.53197217,0.460640907,,2.3469,0.2122,0.7057,,0.015085,0.005236,,0.000228,0.000027,0.000079,,,,,
0.693831086,-1.372811794,,0.4814,1.8846,-0.9525,,0.006832,-0.015605,,0.000047,0.000244,-0.000107,,,,,
1.654226899,1.427310467,,2.7365,2.0372,2.3611,,0.016289,0.016224,,0.000265,0.000263,0.000264,,,,,
-0.01645945,0.662892938,,0.0003,0.4394,-0.0109,,-0.000162,0.007535,,0.000000,0.000057,-0.000001,,,,,
-1.25538969,-0.855786979,,1.5760,0.7324,1.0743,,-0.012362,-0.009728,,0.000153,0.000095,0.000120,,,,,
0.691622376,1.594505548,,0.4783,2.5424,1.1028,,0.006810,0.018125,,0.000046,0.000329,0.000123,,,,,
2.164763689,2.190109253,,4.6862,4.7966,4.7411,,0.021316,0.024895,,0.000454,0.000620,0.000531,,,,,
-0.326195598,1.531593442,,0.1064,2.3458,-0.4996,,-0.003212,0.017410,,0.000010,0.000303,-0.000056,,,,,
2.783290386,0.144769311,,7.7467,0.0210,0.4029,,0.027407,0.001646,,0.000751,0.000003,0.000045,,,,,
0.175746843,0.834389389,,0.0309,0.6962,0.1466,,0.001731,0.009485,,0.000003,0.000090,0.000016,,,,,
2.152375937,-0.821197748,,4.6327,0.6744,-1.7675,,0.021194,-0.009335,,0.000449,0.000087,-0.000198,,,,,
0.998793483,-0.530422688,,0.9976,0.2813,-0.5298,,0.009835,-0.006029,,0.000097,0.000036,-0.000059,,,,,
-0.907833934,1.20080173,,0.8242,1.4419,-1.0901,,-0.008939,0.013650,,0.000080,0.000186,-0.000122,,,,,
1.260551453,1.110019207,,1.5890,1.2321,1.3992,,0.012413,0.012618,,0.000154,0.000159,0.000157,,,,,
2.464174271,0.157696977,,6.0722,0.0249,0.3886,,0.024264,0.001793,,0.000589,0.000003,0.000043,,,,,
0.871105313,0.445093989,,0.7588,0.1981,0.3877,,0.008578,0.005059,,0.000074,0.000026,0.000043,,,,,
1.715516806,0.465592504,,2.9430,0.2168,0.7987,,0.016893,0.005292,,0.000285,0.000028,0.000089,,,,,
-2.915031433,-0.530368268,,8.4974,0.2813,1.5460,,-0.028704,-0.006029,,0.000824,0.000036,0.000173,,,,,
1.137417555,-0.831488967,,1.2937,0.6914,-0.9458,,0.011200,-0.009452,,0.000125,0.000089,-0.000106,,,,,
-0.258742034,-0.354612738,,0.0669,0.1258,0.0918,,-0.002548,-0.004031,,0.000006,0.000016,0.000010,,,,,
1.523709297,0.299478769,,2.3217,0.0897,0.4563,,0.015004,0.003404,,0.000225,0.000012,0.000051,,,,,
0.157168418,-1.048628926,,0.0247,1.0996,-0.1648,,0.001548,-0.011920,,0.000002,0.000142,-0.000018,,,,,
3.184288263,0.133256987,,10.1397,0.0178,0.4243,,0.031355,0.001515,,0.000983,0.000002,0.000047,,,,,
9.438304901,9.50895977,,89.0816,90.4203,89.7485,,0.092938,0.108090,,0.008637,0.011683,0.010046,,,,,
0.300090015,0.133157581,,0.0901,0.0177,0.0400,,0.002955,0.001514,,0.000009,0.000002,0.000004,,,,,
-0.077401012,0.48018685,,0.0060,0.2306,-0.0372,,-0.000762,0.005458,,0.000001,0.000030,-0.000004,,,,,
0.640753865,-0.665590525,,0.4106,0.4430,-0.4265,,0.006309,-0.007566,,0.000040,0.000057,-0.000048,,,,,
-0.548388243,0.197714984,,0.3007,0.0391,-0.1084,,-0.005400,0.002247,,0.000029,0.000005,-0.000012,,,,,
-0.972231388,-0.317568421,,0.9452,0.1008,0.3087,,-0.009573,-0.003610,,0.000092,0.000013,0.000035,,,,,
-0.053884313,1.631827712,,0.0029,2.6629,-0.0879,,-0.000531,0.018549,,0.000000,0.000344,-0.000010,,,,,
1.234050274,-0.657337308,,1.5229,0.4321,-0.8112,,0.012152,-0.007472,,0.000148,0.000056,-0.000091,,,,,
0.451911926,1.831228018,,0.2042,3.3534,0.8276,,0.004450,0.020816,,0.000020,0.000433,0.000093,,,,,
1.626886368,0.870403647,,2.6468,0.7576,1.4160,,0.016020,0.009894,,0.000257,0.000098,0.000158,,,,,
1.447359085,-1.523037195,,2.0948,2.3196,-2.2044,,0.014252,-0.017313,,0.000203,0.000300,-0.000247,,,,,
0.278568029,0.584086061,,0.0776,0.3412,0.1627,,0.002743,0.006639,,0.000008,0.000044,0.000018,,,,,
1.434794664,1.792938828,,2.0586,3.2146,2.5725,,0.014128,0.020381,,0.000200,0.000415,0.000288,,,,,
1.482307911,0.518969774,,2.1972,0.2693,0.7693,,0.014596,0.005899,,0.000213,0.000035,0.000086,,,,,
-2.088886023,-1.499655485,,4.3634,2.2490,3.1326,,-0.020569,-0.017047,,0.000423,0.000291,0.000351,,,,,
-1.152227044,-0.45953387,,1.3276,0.2112,0.5295,,-0.011346,-0.005224,,0.000129,0.000027,0.000059,,,,,
0.008431226,1.096324205,,0.0001,1.2019,0.0092,,0.000083,0.012462,,0.000000,0.000155,0.000001,,,,,
-0.417730361,0.110570781,,0.1745,0.0122,-0.0462,,-0.004113,0.001257,,0.000017,0.000002,-0.000005,,,,,
-2.040510893,-1.320181012,,4.1637,1.7429,2.6938,,-0.020093,-0.015007,,0.000404,0.000225,0.000302,,,,,
0.314289123,0.862416923,,0.0988,0.7438,0.2710,,0.003095,0.009803,,0.000010,0.000096,0.000030,,,,,
0.696096063,-0.445062399,,0.4845,0.1981,-0.3098,,0.006854,-0.005059,,0.000047,0.000026,-0.000035,,,,,
-0.010403879,0.873666942,,0.0001,0.7633,-0.0091,,-0.000102,0.009931,,0.000000,0.000099,-0.000001,,,,,
1.42139411,-0.457372844,,2.0204,0.2092,-0.6501,,0.013996,-0.005199,,0.000196,0.000027,-0.000073,,,,,
-0.06332466,-0.80498606,,0.0040,0.6480,0.0510,,-0.000624,-0.009150,,0.000000,0.000084,0.000006,,,,,
-0.836169481,-0.159800664,,0.6992,0.0255,0.1336,,-0.008234,-0.001816,,0.000068,0.000003,0.000015,,,,,
-0.316923916,-0.316405892,,0.1004,0.1001,0.1003,,-0.003121,-0.003597,,0.000010,0.000013,0.000011,,,,,
2.289793968,2.410232306,,5.2432,5.8092,5.5189,,0.022547,0.027397,,0.000508,0.000751,0.000618,,,,,
1.369983912,2.048325539,,1.8769,4.1956,2.8062,,0.013490,0.023284,,0.000182,0.000542,0.000314,,,,,
-1.001418948,0.425038576,,1.0028,0.1807,-0.4256,,-0.009861,0.004831,,0.000097,0.000023,-0.000048,,,,,
1.187333941,2.764899254,,1.4098,7.6447,3.2829,,0.011692,0.031429,,0.000137,0.000988,0.000367,,,,,
-0.041385829,-0.230652809,,0.0017,0.0532,0.0095,,-0.000408,-0.002622,,0.000000,0.000007,0.000001,,,,,
-2.753684044,-2.147402763,,7.5828,4.6113,5.9133,,-0.027115,-0.024410,,0.000735,0.000596,0.000662,,,,,
-0.87242341,2.049442768,,0.7611,4.2002,-1.7880,,-0.008591,0.023296,,0.000074,0.000543,-0.000200,,,,,
-0.498950183,0.86018157,,0.2490,0.7399,-0.4292,,-0.004913,0.009778,,0.000024,0.000096,-0.000048,,,,,
-0.42192629,0.417054951,,0.1780,0.1739,-0.1760,,-0.004155,0.004741,,0.000017,0.000022,-0.000020,,,,,
2.471578121,1.032495499,,6.1087,1.0660,2.5519,,0.024337,0.011737,,0.000592,0.000138,0.000286,,,,,
0.415489793,1.060057402,,0.1726,1.1237,0.4404,,0.004091,0.012050,,0.000017,0.000145,0.000049,,,,,
0.390564591,0.250156164,,0.1525,0.0626,0.0977,,0.003846,0.002844,,0.000015,0.000008,0.000011,,,,,
1.154029369,0.075988486,,1.3318,0.0058,0.0877,,0.011364,0.000864,,0.000129,0.000001,0.000010,,,,,
1.419111609,-0.471875906,,2.0139,0.2227,-0.6696,,0.013974,-0.005364,,0.000195,0.000029,-0.000075,,,,,
-2.547815323,-1.436008573,,6.4914,2.0621,3.6587,,-0.025088,-0.016323,,0.000629,0.000266,0.000410,,,,,
-1.467031717,-0.061910346,,2.1522,0.0038,0.0908,,-0.014446,-0.000704,,0.000209,0.000000,0.000010,,,,,
-0.948822856,-0.652645946,,0.9003,0.4259,0.6192,,-0.009343,-0.007419,,0.000087,0.000055,0.000069,,,,,
1.095323563,-0.542546213,,1.1997,0.2944,-0.5943,,0.010786,-0.006167,,0.000116,0.000038,-0.000067,,,,,
-1.300863981,0.275637329,,1.6922,0.0760,-0.3586,,-0.012809,0.003133,,0.000164,0.000010,-0.000040,,,,,
0.067397475,-1.213815093,,0.0045,1.4733,-0.0818,,0.000664,-0.013798,,0.000000,0.000190,-0.000009,,,,,
-0.411595285,-1.958825111,,0.1694,3.8370,0.8062,,-0.004053,-0.022266,,0.000016,0.000496,0.000090,,,,,
-0.29356727,0.507559299,,0.0862,0.2576,-0.1490,,-0.002891,0.005770,,0.000008,0.000033,-0.000017,,,,,
1.411501646,-1.212151289,,1.9923,1.4693,-1.7110,,0.013899,-0.013779,,0.000193,0.000190,-0.000192,,,,,
-7.522745132,-0.357239157,,56.5917,0.1276,2.6874,,-0.074076,-0.004061,,0.005487,0.000016,0.000301,,,,,
-0.725783467,-1.248948574,,0.5268,1.5599,0.9065,,-0.007147,-0.014197,,0.000051,0.000202,0.000101,,,,,
0.54837352,-0.491454661,,0.3007,0.2415,-0.2695,,0.005400,-0.005586,,0.000029,0.000031,-0.000030,,,,,
1.598461628,0.858544767,,2.5551,0.7371,1.3724,,0.015740,0.009759,,0.000248,0.000095,0.000154,,,,,
-0.359718859,-2.265529633,,0.1294,5.1326,0.8150,,-0.003542,-0.025753,,0.000013,0.000663,0.000091,,,,,
-0.626235962,-1.273957133,,0.3922,1.6230,0.7978,,-0.006166,-0.014481,,0.000038,0.000210,0.000089,,,,,
1.47174859,-1.575080872,,2.1660,2.4809,-2.3181,,0.014492,-0.017904,,0.000210,0.000321,-0.000259,,,,,
1.311332107,-0.607001305,,1.7196,0.3685,-0.7960,,0.012913,-0.006900,,0.000167,0.000048,-0.000089,,,,,
1.729199767,-1.294389963,,2.9901,1.6754,-2.2383,,0.017027,-0.014714,,0.000290,0.000216,-0.000251,,,,,
0.665557683,1.628437161,,0.4430,2.6518,1.0838,,0.006554,0.018511,,0.000043,0.000343,0.000121,,,,,
0.529264748,0.193041682,,0.2801,0.0373,0.1022,,0.005212,0.002194,,0.000027,0.000005,0.000011,,,,,
2.381204128,-0.231271952,,5.6701,0.0535,-0.5507,,0.023447,-0.002629,,0.000550,0.000007,-0.000062,,,,,
-1.260301709,-1.670819998,,1.5884,2.7916,2.1057,,-0.012410,-0.018992,,0.000154,0.000361,0.000236,,,,,
1.085151911,-0.566188455,,1.1776,0.3206,-0.6144,,0.010685,-0.006436,,0.000114,0.000041,-0.000069,,,,,
0.037834391,-0.79735148,,0.0014,0.6358,-0.0302,,0.000373,-0.009064,,0.000000,0.000082,-0.000003,,,,,
-0.648927152,1.587405443,,0.4211,2.5199,-1.0301,,-0.006390,0.018044,,0.000041,0.000326,-0.000115,,,,,
0.511723995,1.078348994,,0.2619,1.1628,0.5518,,0.005039,0.012258,,0.000025,0.000150,0.000062,,,,,
-1.084716916,-0.421438098,,1.1766,0.1776,0.4571,,-0.010681,-0.004791,,0.000114,0.000023,0.000051,,,,,
-1.495181799,-0.499361634,,2.2356,0.2494,0.7466,,-0.014723,-0.005676,,0.000217,0.000032,0.000084,,,,,
-1.326124907,0.427574784,,1.7586,0.1828,-0.5670,,-0.013058,0.004860,,0.000171,0.000024,-0.000063,,,,,
0.510335565,-1.311195612,,0.2604,1.7192,-0.6691,,0.005025,-0.014905,,0.000025,0.000222,-0.000075,,,,,
-0.196477056,-1.324066877,,0.0386,1.7532,0.2601,,-0.001935,-0.015051,,0.000004,0.000227,0.000029,,,,,
0.153930545,-2.48304534,,0.0237,6.1655,-0.3822,,0.001516,-0.028225,,0.000002,0.000797,-0.000043,,,,,
1.611181736,-0.748081148,,2.5959,0.5596,-1.2053,,0.015865,-0.008504,,0.000252,0.000072,-0.000135,,,,,
0.152543783,0.643414259,,0.0233,0.4140,0.0981,,0.001502,0.007314,,0.000002,0.000053,0.000011,,,,,
-1.850500703,0.007994695,,3.4244,0.0001,-0.0148,,-0.018222,0.000091,,0.000332,0.000000,-0.000002,,,,,
-1.155764341,-1.279238701,,1.3358,1.6365,1.4785,,-0.011381,-0.014541,,0.000130,0.000211,0.000165,,,,,
2.648027182,1.939069271,,7.0120,3.7600,5.1347,,0.026075,0.022042,,0.000680,0.000486,0.000575,,,,,
1.274425268,2.055269003,,1.6242,4.2241,2.6193,,0.012549,0.023363,,0.000157,0.000546,0.000293,,,,,
-0.623834729,0.093656048,,0.3892,0.0088,-0.0584,,-0.006143,0.001065,,0.000038,0.000001,-0.000007,,,,,
-1.234416008,0.549062848,,1.5238,0.3015,-0.6778,,-0.012155,0.006241,,0.000148,0.000039,-0.000076,,,,,
1.329099894,0.208890289,,1.7665,0.0436,0.2776,,0.013088,0.002374,,0.000171,0.000006,0.000031,,,,,
-1.166140079,-0.154254049,,1.3599,0.0238,0.1799,,-0.011483,-0.001753,,0.000132,0.000003,0.000020,,,,,
-0.878297746,-0.40912202,,0.7714,0.1674,0.3593,,-0.008649,-0.004651,,0.000075,0.000022,0.000040,,,,,
-0.896682978,2.592033148,,0.8040,6.7186,-2.3242,,-0.008830,0.029464,,0.000078,0.000868,-0.000260,,,,,
-1.290843725,-1.30614388,,1.6663,1.7060,1.6860,,-0.012711,-0.014847,,0.000162,0.000220,0.000189,,,,,
-0.873858035,-1.567919731,,0.7636,2.4584,1.3701,,-0.008605,-0.017823,,0.000074,0.000318,0.000153,,,,,
-1.81833744,-1.251755238,,3.3064,1.5669,2.2761,,-0.017905,-0.014229,,0.000321,0.000202,0.000255,,,,,
1.195144773,-2.061593533,,1.4284,4.2502,-2.4639,,0.011768,-0.023434,,0.000138,0.000549,-0.000276,,,,,
1.966221571,0.0473001,,3.8660,0.0022,0.0930,,0.019361,0.000538,,0.000375,0.000000,0.000010,,,,,
-0.552752793,0.769460022,,0.3055,0.5921,-0.4253,,-0.005443,0.008747,,0.000030,0.000077,-0.000048,,,,,
-0.93651557,-0.858365536,,0.8771,0.7368,0.8039,,-0.009222,-0.009757,,0.000085,0.000095,0.000090,,,,,
-0.830725551,-3.155464649,,0.6901,9.9570,2.6213,,-0.008180,-0.035869,,0.000067,0.001287,0.000293,,,,,
1.321143627,2.524441719,,1.7454,6.3728,3.3352,,0.013009,0.028696,,0.000169,0.000823,0.000373,,,,,
-1.789996147,-0.370110393,,3.2041,0.1370,0.6625,,-0.017626,-0.004207,,0.000311,0.000018,0.000074,,,,,
-0.63835454,-0.306475461,,0.4075,0.0939,0.1956,,-0.006286,-0.003484,,0.000040,0.000012,0.000022,,,,,
1.080840111,0.695439458,,1.1682,0.4836,0.7517,,0.010643,0.007905,,0.000113,0.000062,0.000084,,,,,
2.077792645,1.470244884,,4.3172,2.1616,3.0549,,0.020460,0.016712,,0.000419,0.000279,0.000342,,,,,
-2.936560154,-0.251491308,,8.6234,0.0632,0.7385,,-0.028916,-0.002859,,0.000836,0.000008,0.000083,,,,,
-1.175447941,0.888536811,,1.3817,0.7895,-1.0444,,-0.011575,0.010100,,0.000134,0.000102,-0.000117,,,,,
0.442616165,0.448361993,,0.1959,0.2010,0.1985,,0.004358,0.005097,,0.000019,0.000026,0.000022,,,,,
-1.700474501,0.585206151,,2.8916,0.3425,-0.9951,,-0.016744,0.006652,,0.000280,0.000044,-0.000111,,,,,
0.010296855,0.6424945,,0.0001,0.4128,0.0066,,0.000101,0.007303,,0.000000,0.000053,0.000001,,,,,
0.942017734,-0.471016645,,0.8874,0.2219,-0.4437,,0.009276,-0.005354,,0.000086,0.000029,-0.000050,,,,,
-1.722621202,0.883932829,,2.9674,0.7813,-1.5227,,-0.016962,0.010048,,0.000288,0.000101,-0.000170,,,,,
1.351364136,0.032151766,,1.8262,0.0010,0.0434,,0.013307,0.000365,,0.000177,0.000000,0.000005,,,,,
2.989809036,0.196815684,,8.9390,0.0387,0.5884,,0.029440,0.002237,,0.000867,0.000005,0.000066,,,,,
-1.232329965,-1.506350279,,1.5186,2.2691,1.8563,,-0.012135,-0.017123,,0.000147,0.000293,0.000208,,,,,
-1.139129877,-1.289672136,,1.2976,1.6633,1.4691,,-0.011217,-0.014660,,0.000126,0.000215,0.000164,,,,,
0.718054354,-0.318023682,,0.5156,0.1011,-0.2284,,0.007071,-0.003615,,0.000050,0.000013,-0.000026,,,,,
0.282400787,0.493518621,,0.0798,0.2436,0.1394,,0.002781,0.005610,,0.000008,0.000031,0.000016,,,,,
-0.767320991,-1.193297029,,0.5888,1.4240,0.9156,,-0.007556,-0.013564,,0.000057,0.000184,0.000102,,,,,
-1.91832304,-2.868013382,,3.6800,8.2255,5.5018,,-0.018890,-0.032601,,0.000357,0.001063,0.000616,,,,,
-0.78472352,-1.162373066,,0.6158,1.3511,0.9121,,-0.007727,-0.013213,,0.000060,0.000175,0.000102,,,,,
1.761315346,1.138393402,,3.1022,1.2959,2.0051,,0.017343,0.012940,,0.000301,0.000167,0.000224,,,,,
2.473155975,0.874655783,,6.1165,0.7650,2.1632,,0.024353,0.009942,,0.000593,0.000099,0.000242,,,,,
2.213487625,0.876111746,,4.8995,0.7676,1.9393,,0.021796,0.009959,,0.000475,0.000099,0.000217,,,,,
0.170805648,0.106099799,,0.0292,0.0113,0.0181,,0.001682,0.001206,,0.000003,0.000001,0.000002,,,,,
0.718137801,-1.017655849,,0.5157,1.0356,-0.7308,,0.007071,-0.011568,,0.000050,0.000134,-0.000082,,,,,
-0.764662862,-0.715188742,,0.5847,0.5115,0.5469,,-0.007530,-0.008130,,0.000057,0.000066,0.000061,,,,,
-0.195526093,0.264085799,,0.0382,0.0697,-0.0516,,-0.001925,0.003002,,0.000004,0.000009,-0.000006,,,,,
0.70767343,0.305497736,,0.5008,0.0933,0.2162,,0.006968,0.003473,,0.000049,0.000012,0.000024,,,,,
-0.650070429,-1.239341497,,0.4226,1.5360,0.8057,,-0.006401,-0.014088,,0.000041,0.000198,0.000090,,,,,
-1.097581029,-1.212878346,,1.2047,1.4711,1.3312,,-0.010808,-0.013787,,0.000117,0.000190,0.000149,,,,,
-2.914157152,-0.693833113,,8.4923,0.4814,2.0219,,-0.028695,-0.007887,,0.000823,0.000062,0.000226,,,,,
0.396849811,0.138479248,,0.1575,0.0192,0.0550,,0.003908,0.001574,,0.000015,0.000002,0.000006,,,,,
-1.183913708,-1.688500285,,1.4017,2.8510,1.9990,,-0.011658,-0.019193,,0.000136,0.000368,0.000224,,,,,
0.154065698,-0.170876354,,0.0237,0.0292,-0.0263,,0.001517,-0.001942,,0.000002,0.000004,-0.000003,,,,,
-0.759684086,3.561617374,,0.5771,12.6851,-2.7057,,-0.007481,0.040485,,0.000056,0.001639,-0.000303,,,,,
2.58684206,0.491632819,,6.6918,0.2417,1.2718,,0.025472,0.005588,,0.000649,0.000031,0.000142,,,,,
0.876692176,1.445938826,,0.7686,2.0907,1.2676,,0.008633,0.016436,,0.000075,0.000270,0.000142,,,,,
-0.861077487,-1.627737284,,0.7415,2.6495,1.4016,,-0.008479,-0.018503,,0.000072,0.000342,0.000157,,,,,
0.534891307,0.164401531,,0.2861,0.0270,0.0879,,0.005267,0.001869,,0.000028,0.000003,0.000010,,,,,
-0.410442233,1.879924297,,0.1685,3.5341,-0.7716,,-0.004042,0.021369,,0.000016,0.000457,-0.000086,,,,,
-2.198444843,0.3015894,,4.8332,0.0910,-0.6630,,-0.021648,0.003428,,0.000469,0.000012,-0.000074,,,,,
1.689111114,-1.512426376,,2.8531,2.2874,-2.5547,,0.016633,-0.017192,,0.000277,0.000296,-0.000286,,,,,
-2.447304487,-0.708270788,,5.9893,0.5016,1.7334,,-0.024098,-0.008051,,0.000581,0.000065,0.000194,,,,,
-1.401820183,-0.417025685,,1.9651,0.1739,0.5846,,-0.013804,-0.004740,,0.000191,0.000022,0.000065,,,,,
0.745563149,-1.346410275,,0.5559,1.8128,-1.0038,,0.007341,-0.015305,,0.000054,0.000234,-0.000112,,,,,
-0.432458162,-0.010338102,,0.1870,0.0001,0.0045,,-0.004258,-0.000118,,0.000018,0.000000,0.000001,,,,,
-0.01694423,0.37293002,,0.0003,0.1391,-0.0063,,-0.000167,0.004239,,0.000000,0.000018,-0.000001,,,,,
-1.565550089,1.817742109,,2.4509,3.3042,-2.8458,,-0.015416,0.020663,,0.000238,0.000427,-0.000319,,,,,
-0.498181313,-1.729821444,,0.2482,2.9923,0.8618,,-0.004906,-0.019663,,0.000024,0.000387,0.000096,,,,,
0.140069693,-0.063777149,,0.0196,0.0041,-0.0089,,0.001379,-0.000725,,0.000002,0.000001,-0.000001,,,,,
1.281801105,0.534656286,,1.6430,0.2859,0.6853,,0.012622,0.006078,,0.000159,0.000037,0.000077,,,,,
-1.460267067,-1.493724227,,2.1324,2.2312,2.1812,,-0.014379,-0.016979,,0.000207,0.000288,0.000244,,,,,
-1.621679664,0.495580971,,2.6298,0.2456,-0.8037,,-0.015969,0.005633,,0.000255,0.000032,-0.000090,,,,,
-0.194541901,0.981155396,,0.0378,0.9627,-0.1909,,-0.001916,0.011153,,0.000004,0.000124,-0.000021,,,,,
3.201508522,1.629147053,,10.2497,2.6541,5.2157,,0.031525,0.018519,,0.000994,0.000343,0.000584,,,,,
-1.162806034,-0.690205574,,1.3521,0.4764,0.8026,,-0.011450,-0.007846,,0.000131,0.000062,0.000090,,,,,
-0.116393462,0.302039772,,0.0135,0.0912,-0.0352,,-0.001146,0.003433,,0.000001,0.000012,-0.000004,,,,,
-0.18851018,-0.704154074,,0.0355,0.4958,0.1327,,-0.001856,-0.008004,,0.000003,0.000064,0.000015,,,,,
-1.126127243,-0.150857106,,1.2682,0.0228,0.1699,,-0.011089,-0.001715,,0.000123,0.000003,0.000019,,,,,
0.651279092,1.158627033,,0.4242,1.3424,0.7546,,0.006413,0.013170,,0.000041,0.000173,0.000084,,,,,
-1.386951566,1.365383983,,1.9236,1.8643,-1.8937,,-0.013657,0.015521,,0.000187,0.000241,-0.000212,,,,,
-0.304013997,-1.378836632,,0.0924,1.9012,0.4192,,-0.002994,-0.015673,,0.000009,0.000246,0.000047,,,,,
1.507689118,0.166282803,,2.2731,0.0276,0.2507,,0.014846,0.001890,,0.000220,0.000004,0.000028,,,,,
3.131533623,1.138053656,,9.8065,1.2952,3.5639,,0.030836,0.012936,,0.000951,0.000167,0.000399,,,,,
-0.44374302,1.650197029,,0.1969,2.7232,-0.7323,,-0.004369,0.018758,,0.000019,0.000352,-0.000082,,,,,
-0.28350684,-0.186997741,,0.0804,0.0350,0.0530,,-0.002792,-0.002126,,0.000008,0.000005,0.000006,,,,,
-0.896467686,-0.837915063,,0.8037,0.7021,0.7512,,-0.008827,-0.009525,,0.000078,0.000091,0.000084,,,,,
0.260457635,-1.107369184,,0.0678,1.2263,-0.2884,,0.002565,-0.012588,,0.000007,0.000158,-0.000032,,,,,
-0.80668354,0.976974964,,0.6507,0.9545,-0.7881,,-0.007943,0.011105,,0.000063,0.000123,-0.000088,,,,,
-0.088043764,-0.881984115,,0.0078,0.7779,0.0777,,-0.000867,-0.010026,,0.000001,0.000101,0.000009,,,,,
-2.527917147,-1.136285305,,6.3904,1.2911,2.8724,,-0.024892,-0.012916,,0.000620,0.000167,0.000322,,,,,
-0.420892775,-1.72808671,,0.1772,2.9863,0.7273,,-0.004144,-0.019643,,0.000017,0.000386,0.000081,,,,,
-0.85548389,-0.630977511,,0.7319,0.3981,0.5398,,-0.008424,-0.007172,,0.000071,0.000051,0.000060,,,,,
2.724016666,1.969519377,,7.4203,3.8790,5.3650,,0.026823,0.022388,,0.000719,0.000501,0.000601,,,,,
0.169583619,0.568900347,,0.0288,0.3236,0.0965,,0.001670,0.006467,,0.000003,0.000042,0.000011,,,,,
-1.105916619,1.358039618,,1.2231,1.8443,-1.5019,,-0.010890,0.015437,,0.000119,0.000238,-0.000168,,,,,
1.316007733,1.210434198,,1.7319,1.4652,1.5929,,0.012959,0.013759,,0.000168,0.000189,0.000178,,,,,
0.813176394,-0.251106322,,0.6613,0.0631,-0.2042,,0.008007,-0.002854,,0.000064,0.000008,-0.000023,,,,,
-0.286725789,0.183576331,,0.0822,0.0337,-0.0526,,-0.002823,0.002087,,0.000008,0.000004,-0.000006,,,,,
0.087261543,0.302039117,,0.0076,0.0912,0.0264,,0.000859,0.003433,,0.000001,0.000012,0.000003,,,,,
1.09702754,-0.526541889,,1.2035,0.2772,-0.5776,,0.010802,-0.005985,,0.000117,0.000036,-0.000065,,,,,
-1.897517562,0.925308943,,3.6006,0.8562,-1.7558,,-0.018685,0.010518,,0.000349,0.000111,-0.000197,,,,,
0.174563542,0.762427032,,0.0305,0.5813,0.1331,,0.001719,0.008667,,0.000003,0.000075,0.000015,,,,,
-0.032353301,-1.733167768,,0.0010,3.0039,0.0561,,-0.000319,-0.019701,,0.000000,0.000388,0.000006,,,,,
-0.348616272,0.617500663,,0.1215,0.3813,-0.2153,,-0.003433,0.007019,,0.000012,0.000049,-0.000024,,,,,
-0.643347502,0.303764045,,0.4139,0.0923,-0.1954,,-0.006335,0.003453,,0.000040,0.000012,-0.000022,,,,,
0.955242515,1.632667065,,0.9125,2.6656,1.5596,,0.009406,0.018559,,0.000088,0.000344,0.000175,,,,,
-0.57766366,0.766562939,,0.3337,0.5876,-0.4428,,-0.005688,0.008714,,0.000032,0.000076,-0.000050,,,,,
-2.28576827,0.017481208,,5.2247,0.0003,-0.0400,,-0.022508,0.000199,,0.000507,0.000000,-0.000004,,,,,
-0.238529101,0.338169277,,0.0569,0.1144,-0.0807,,-0.002349,0.003844,,0.000006,0.000015,-0.000009,,,,,
0.122334003,-0.185356021,,0.0150,0.0344,-0.0227,,0.001205,-0.002107,,0.000001,0.000004,-0.000003,,,,,
-0.83834672,2.792247772,,0.7028,7.7966,-2.3409,,-0.008255,0.031740,,0.000068,0.001007,-0.000262,,,,,
-0.400106102,-2.100185394,,0.1601,4.4108,0.8403,,-0.003940,-0.023873,,0.000016,0.000570,0.000094,,,,,
1.578965783,-0.37784788,,2.4931,0.1428,-0.5966,,0.015548,-0.004295,,0.000242,0.000018,-0.000067,,,,,
1.700798035,0.792001605,,2.8927,0.6273,1.3470,,0.016748,0.009003,,0.000280,0.000081,0.000151,,,,,
0.914885402,1.206330776,,0.8370,1.4552,1.1037,,0.009009,0.013713,,0.000081,0.000188,0.000124,,,,,
1.544146299,1.647026062,,2.3844,2.7127,2.5432,,0.015205,0.018722,,0.000231,0.000351,0.000285,,,,,
-1.073274136,-1.485672951,,1.1519,2.2072,1.5945,,-0.010568,-0.016888,,0.000112,0.000285,0.000178,,,,,
-0.404492825,0.388460159,,0.1636,0.1509,-0.1571,,-0.003983,0.004416,,0.000016,0.000019,-0.000018,,,,,
1.916026711,-0.50623256,,3.6712,0.2563,-0.9700,,0.018867,-0.005754,,0.000356,0.000033,-0.000109,,,,,
-0.616609693,-0.407688588,,0.3802,0.1662,0.2514,,-0.006072,-0.004634,,0.000037,0.000021,0.000028,,,,,
-2.323490381,-0.133229494,,5.3986,0.0178,0.3096,,-0.022879,-0.001514,,0.000523,0.000002,0.000035,,,,,
-1.232511044,1.325346231,,1.5191,1.7565,-1.6335,,-0.012136,0.015065,,0.000147,0.000227,-0.000183,,,,,
-0.224119961,0.475067943,,0.0502,0.2257,-0.1065,,-0.002207,0.005400,,0.000005,0.000029,-0.000012,,,,,
-0.047359899,-0.361064076,,0.0022,0.1304,0.0171,,-0.000466,-0.004104,,0.000000,0.000017,0.000002,,,,,
1.069937706,-0.228054747,,1.1448,0.0520,-0.2440,,0.010536,-0.002592,,0.000111,0.000007,-0.000027,,,,,
-0.205165088,-0.681616187,,0.0421,0.4646,0.1398,,-0.002020,-0.007748,,0.000004,0.000060,0.000016,,,,,
0.416290164,-0.155515611,,0.1733,0.0242,-0.0647,,0.004099,-0.001768,,0.000017,0.000003,-0.000007,,,,,
1.415623188,0.815293074,,2.0040,0.6647,1.1541,,0.013939,0.009268,,0.000194,0.000086,0.000129,,,,,
0.020973518,0.842413068,,0.0004,0.7097,0.0177,,0.000207,0.009576,,0.000000,0.000092,0.000002,,,,,
0.031157684,-1.385369062,,0.0010,1.9192,-0.0432,,0.000307,-0.015748,,0.000000,0.000248,-0.000005,,,,,
0.720018446,0.526086986,,0.5184,0.2768,0.3788,,0.007090,0.005980,,0.000050,0.000036,0.000042,,,,,
-0.827597618,1.788033843,,0.6849,3.1971,-1.4798,,-0.008149,0.020325,,0.000066,0.000413,-0.000166,,,,,
-1.246701479,0.814710736,,1.5543,0.6638,-1.0157,,-0.012276,0.009261,,0.000151,0.000086,-0.000114,,,,,
-0.205827639,0.420667946,,0.0424,0.1770,-0.0866,,-0.002027,0.004782,,0.000004,0.000023,-0.000010,,,,,
0.343881607,0.088598467,,0.1183,0.0078,0.0305,,0.003386,0.001007,,0.000011,0.000001,0.000003,,,,,
-1.291163445,0.535351276,,1.6671,0.2866,-0.6912,,-0.012714,0.006085,,0.000162,0.000037,-0.000077,,,,,
2.474178314,1.600038528,,6.1216,2.5601,3.9588,,0.024363,0.018188,,0.000594,0.000331,0.000443,,,,,
1.569171667,-1.651644349,,2.4623,2.7279,-2.5917,,0.015451,-0.018774,,0.000239,0.000352,-0.000290,,,,,
0.773303509,1.307097673,,0.5980,1.7085,1.0108,,0.007615,0.014858,,0.000058,0.000221,0.000113,,,,,
-0.435812712,-0.446514368,,0.1899,0.1994,0.1946,,-0.004291,-0.005076,,0.000018,0.000026,0.000022,,,,,
-1.595070481,-0.655284464,,2.5442,0.4294,1.0452,,-0.015706,-0.007449,,0.000247,0.000055,0.000117,,,,,
0.37795648,1.405920982,,0.1429,1.9766,0.5314,,0.003722,0.015981,,0.000014,0.000255,0.000059,,,,,
1.698888779,1.051303506,,2.8862,1.1052,1.7860,,0.016729,0.011950,,0.000280,0.000143,0.000200,,,,,
1.618568182,1.165744305,,2.6198,1.3590,1.8868,,0.015938,0.013251,,0.000254,0.000176,0.000211,,,,,
-1.963490605,-2.450033665,,3.8553,6.0027,4.8106,,-0.019334,-0.027850,,0.000374,0.000776,0.000538,,,,,
-0.73055011,-0.6749928,,0.5337,0.4556,0.4931,,-0.007194,-0.007673,,0.000052,0.000059,0.000055,,,,,
0.83160913,-0.462678254,,0.6916,0.2141,-0.3848,,0.008189,-0.005259,,0.000067,0.000028,-0.000043,,,,,
-1.342313766,-0.764832377,,1.8018,0.5850,1.0266,,-0.013218,-0.008694,,0.000175,0.000076,0.000115,,,,,
-1.212020874,-0.167883232,,1.4690,0.0282,0.2035,,-0.011935,-0.001908,,0.000142,0.000004,0.000023,,,,,
3.656492472,1.252611637,,13.3699,1.5690,4.5802,,0.036005,0.014239,,0.001296,0.000203,0.000513,,,,,
1.272509336,2.316320896,,1.6193,5.3653,2.9475,,0.012530,0.026330,,0.000157,0.000693,0.000330,,,,,
0.028118454,0.631138146,,0.0008,0.3983,0.0177,,0.000277,0.007174,,0.000000,0.000051,0.000002,,,,,
-0.871827483,-3.781412601,,0.7601,14.2991,3.2967,,-0.008585,-0.042984,,0.000074,0.001848,0.000369,,,,,
0.780206978,-0.977826953,,0.6087,0.9561,-0.7629,,0.007683,-0.011115,,0.000059,0.000124,-0.000085,,,,,
1.548325062,1.888038874,,2.3973,3.5647,2.9233,,0.015246,0.021462,,0.000232,0.000461,0.000327,,,,,
1.43460834,-0.504085779,,2.0581,0.2541,-0.7232,,0.014126,-0.005730,,0.000200,0.000033,-0.000081,,,,,
0.664825797,-2.511248112,,0.4420,6.3064,-1.6695,,0.006546,-0.028546,,0.000043,0.000815,-0.000187,,,,,
-1.329475403,-3.182886362,,1.7675,10.1308,4.2316,,-0.013091,-0.036180,,0.000171,0.001309,0.000474,,,,,
1.049161077,0.67611289,,1.1007,0.4571,0.7094,,0.010331,0.007685,,0.000107,0.000059,0.000079,,,,,
-0.343535691,2.952764034,,0.1180,8.7188,-1.0144,,-0.003383,0.033565,,0.000011,0.001127,-0.000114,,,,,
0.001378998,1.390070796,,0.0000,1.9323,0.0019,,0.000014,0.015801,,0.000000,0.000250,0.000000,,,,,
-1.899876833,0.214589283,,3.6095,0.0460,-0.4077,,-0.018708,0.002439,,0.000350,0.000006,-0.000046,,,,,
-0.737630486,1.097251177,,0.5441,1.2040,-0.8094,,-0.007263,0.012473,,0.000053,0.000156,-0.000091,,,,,
0.015228748,-1.599550366,,0.0002,2.5586,-0.0244,,0.000150,-0.018182,,0.000000,0.000331,-0.000003,,,,,
1.754668593,0.276223511,,3.0789,0.0763,0.4847,,0.017278,0.003140,,0.000299,0.000010,0.000054,,,,,
-1.160932302,-0.114440739,,1.3478,0.0131,0.1329,,-0.011432,-0.001301,,0.000131,0.000002,0.000015,,,,,
1.086993575,-0.596176982,,1.1816,0.3554,-0.6480,,0.010704,-0.006777,,0.000115,0.000046,-0.000073,,,,,
1.44772923,0.437936842,,2.0959,0.1918,0.6340,,0.014256,0.004978,,0.000203,0.000025,0.000071,,,,,
0.380656958,-0.424874812,,0.1449,0.1805,-0.1617,,0.003748,-0.004830,,0.000014,0.000023,-0.000018,,,,,
0.733117938,-1.661901712,,0.5375,2.7619,-1.2184,,0.007219,-0.018891,,0.000052,0.000357,-0.000136,,,,,
-1.702502012,-2.136857986,,2.8985,4.5662,3.6380,,-0.016764,-0.024290,,0.000281,0.000590,0.000407,,,,,
-0.091986209,2.076319218,,0.0085,4.3111,-0.1910,,-0.000906,0.023602,,0.000001,0.000557,-0.000021,,,,,
-0.063290559,-0.486014724,,0.0040,0.2362,0.0308,,-0.000623,-0.005525,,0.000000,0.000031,0.000003,,,,,
0.641391635,-1.464867473,,0.4114,2.1458,-0.9396,,0.006316,-0.016651,,0.000040,0.000277,-0.000105,,,,,
-0.618655324,0.229380399,,0.3827,0.0526,-0.1419,,-0.006092,0.002607,,0.000037,0.000007,-0.000016,,,,,
0.988025188,-1.029396534,,0.9762,1.0597,-1.0171,,0.009729,-0.011701,,0.000095,0.000137,-0.000114,,,,,
0.620066285,-0.094109856,,0.3845,0.0089,-0.0584,,0.006106,-0.001070,,0.000037,0.000001,-0.000007,,,,,
2.090581656,-1.053582788,,4.3705,1.1100,-2.2026,,0.020586,-0.011976,,0.000424,0.000143,-0.000247,,,,,
0.535436392,-1.614485979,,0.2867,2.6066,-0.8645,,0.005272,-0.018352,,0.000028,0.000337,-0.000097,,,,,
-0.08731807,-0.325332552,,0.0076,0.1058,0.0284,,-0.000860,-0.003698,,0.000001,0.000014,0.000003,,,,,
1.712213039,-0.253908306,,2.9317,0.0645,-0.4347,,0.016860,-0.002886,,0.000284,0.000008,-0.000049,,,,,
-0.582265317,0.344878614,,0.3390,0.1189,-0.2008,,-0.005734,0.003920,,0.000033,0.000015,-0.000022,,,,,
-0.360273212,-1.378300071,,0.1298,1.8997,0.4966,,-0.003548,-0.015667,,0.000013,0.000245,0.000056,,,,,
-0.840405226,0.771442473,,0.7063,0.5951,-0.6483,,-0.008275,0.008769,,0.000068,0.000077,-0.000073,,,,,
0.4773826,-0.545917511,,0.2279,0.2980,-0.2606,,0.004701,-0.006206,,0.000022,0.000039,-0.000029,,,,,
1.667621613,0.04970637,,2.7810,0.0025,0.0829,,0.016421,0.000565,,0.000270,0.000000,0.000009,,,,,
-0.657872498,-0.674700022,,0.4328,0.4552,0.4439,,-0.006478,-0.007669,,0.000042,0.000059,0.000050,,,,,
2.001177073,2.20880127,,4.0047,4.8788,4.4202,,0.019705,0.025108,,0.000388,0.000630,0.000495,,,,,
0.425733149,1.771620512,,0.1812,3.1386,0.7542,,0.004192,0.020138,,0.000018,0.000406,0.000084,,,,,
-0.209048837,-1.682935715,,0.0437,2.8323,0.3518,,-0.002058,-0.019130,,0.000004,0.000366,0.000039,,,,,
-0.996747673,-0.271655977,,0.9935,0.0738,0.2708,,-0.009815,-0.003088,,0.000096,0.000010,0.000030,,,,,
-0.474872261,-3.194853783,,0.2255,10.2071,1.5171,,-0.004676,-0.036316,,0.000022,0.001319,0.000170,,,,,
0.983418345,-0.951996207,,0.9671,0.9063,-0.9362,,0.009684,-0.010821,,0.000094,0.000117,-0.000105,,,,,
0.8151384,0.792742133,,0.6645,0.6284,0.6462,,0.008027,0.009011,,0.000064,0.000081,0.000072,,,,,
-0.15359059,-0.159305364,,0.0236,0.0254,0.0245,,-0.001512,-0.001811,,0.000002,0.000003,0.000003,,,,,
-0.487437963,0.993483126,,0.2376,0.9870,-0.4843,,-0.004800,0.011293,,0.000023,0.000128,-0.000054,,,,,
2.048633337,1.479828,,4.1969,2.1899,3.0316,,0.020173,0.016821,,0.000407,0.000283,0.000339,,,,,
1.949811697,-0.8221367,,3.8018,0.6759,-1.6030,,0.019200,-0.009345,,0.000369,0.000087,-0.000179,,,,,
-1.019183755,-0.262458533,,1.0387,0.0689,0.2675,,-0.010036,-0.002983,,0.000101,0.000009,0.000030,,,,,
0.479988813,1.031539083,,0.2304,1.0641,0.4951,,0.004726,0.011726,,0.000022,0.000137,0.000055,,,,,
1.645946264,0.005363598,,2.7091,0.0000,0.0088,,0.016207,0.000061,,0.000263,0.000000,0.000001,,,,,
-1.861166239,0.154358864,,3.4639,0.0238,-0.2873,,-0.018327,0.001755,,0.000336,0.000003,-0.000032,,,,,
-0.563706398,-0.077556595,,0.3178,0.0060,0.0437,,-0.005551,-0.000882,,0.000031,0.000001,0.000005,,,,,
-2.243789196,0.946711063,,5.0346,0.8963,-2.1242,,-0.022094,0.010761,,0.000488,0.000116,-0.000238,,,,,
-2.058720589,-1.431361318,,4.2383,2.0488,2.9468,,-0.020272,-0.016270,,0.000411,0.000265,0.000330,,,,,
2.535049677,-0.497455299,,6.4265,0.2475,-1.2611,,0.024962,-0.005655,,0.000623,0.000032,-0.000141,,,,,
-2.0637393,0.924546242,,4.2590,0.8548,-1.9080,,-0.020321,0.010509,,0.000413,0.000110,-0.000214,,,,,
1.997881889,0.969652891,,3.9915,0.9402,1.9373,,0.019673,0.011022,,0.000387,0.000121,0.000217,,,,,
0.489027739,-0.135385111,,0.2391,0.0183,-0.0662,,0.004815,-0.001539,,0.000023,0.000002,-0.000007,,,,,
-2.145604849,0.483212262,,4.6036,0.2335,-1.0368,,-0.021128,0.005493,,0.000446,0.000030,-0.000116,,,,,
0.102991536,-0.441135764,,0.0106,0.1946,-0.0454,,0.001014,-0.005014,,0.000001,0.000025,-0.000005,,,,,
0.217683941,0.286785275,,0.0474,0.0822,0.0624,,0.002144,0.003260,,0.000005,0.000011,0.000007,,,,,
-0.846685648,0.294161767,,0.7169,0.0865,-0.2491,,-0.008337,0.003344,,0.000070,0.000011,-0.000028,,,,,
0.682687223,1.287345409,,0.4661,1.6573,0.8789,,0.006722,0.014633,,0.000045,0.000214,0.000098,,,,,
-1.04034996,-0.110408008,,1.0823,0.0122,0.1149,,-0.010244,-0.001255,,0.000105,0.000002,0.000013,,,,,
0.696132541,0.853629053,,0.4846,0.7287,0.5942,,0.006855,0.009703,,0.000047,0.000094,0.000067,,,,,
0.230698258,-0.215527385,,0.0532,0.0465,-0.0497,,0.002272,-0.002450,,0.000005,0.000006,-0.000006,,,,,
0.941004694,0.617793143,,0.8855,0.3817,0.5813,,0.009266,0.007023,,0.000086,0.000049,0.000065,,,,,
1.285743713,-1.133586168,,1.6531,1.2850,-1.4575,,0.012661,-0.012886,,0.000160,0.000166,-0.000163,,,,,
2.365228176,-0.79684943,,5.5943,0.6350,-1.8847,,0.023290,-0.009058,,0.000542,0.000082,-0.000211,,,,,
-1.089801192,0.870824575,,1.1877,0.7583,-0.9490,,-0.010731,0.009899,,0.000115,0.000098,-0.000106,,,,,
1.056733847,-0.465715706,,1.1167,0.2169,-0.4921,,0.010406,-0.005294,,0.000108,0.000028,-0.000055,,,,,
0.212194502,0.239858568,,0.0450,0.0575,0.0509,,0.002089,0.002727,,0.000004,0.000007,0.000006,,,,,
1.262788296,-0.203461841,,1.5946,0.0414,-0.2569,,0.012435,-0.002313,,0.000155,0.000005,-0.000029,,,,,
-1.532356024,-1.808093786,,2.3481,3.2692,2.7706,,-0.015089,-0.020553,,0.000228,0.000422,0.000310,,,,,
-0.723611474,-0.085263528,,0.5236,0.0073,0.0617,,-0.007125,-0.000969,,0.000051,0.000001,0.000007,,,,,
0.266533315,0.214639261,,0.0710,0.0461,0.0572,,0.002625,0.002440,,0.000007,0.000006,0.000006,,,,,
-1.065135717,1.267099142,,1.1345,1.6055,-1.3496,,-0.010488,0.014403,,0.000110,0.000207,-0.000151,,,,,
-0.858125389,-0.027881444,,0.7364,0.0008,0.0239,,-0.008450,-0.000317,,0.000071,0.000000,0.000003,,,,,
-2.101964951,0.194920808,,4.4183,0.0380,-0.4097,,-0.020698,0.002216,,0.000428,0.000005,-0.000046,,,,,
1.457132697,1.423983693,,2.1232,2.0277,2.0749,,0.014348,0.016187,,0.000206,0.000262,0.000232,,,,,
-0.352520436,0.264134198,,0.1243,0.0698,-0.0931,,-0.003471,0.003002,,0.000012,0.000009,-0.000010,,,,,
1.785006404,-0.603454471,,3.1862,0.3642,-1.0772,,0.017577,-0.006860,,0.000309,0.000047,-0.000121,,,,,
-0.494893074,-1.444638848,,0.2449,2.0870,0.7149,,-0.004873,-0.016421,,0.000024,0.000270,0.000080,,,,,
-1.442314267,-1.322801828,,2.0803,1.7498,1.9079,,-0.014202,-0.015036,,0.000202,0.000226,0.000214,,,,,
1.329834223,1.54821682,,1.7685,2.3970,2.0589,,0.013095,0.017599,,0.000171,0.000310,0.000230,,,,,
1.650399208,2.858123779,,2.7238,8.1689,4.7170,,0.016251,0.032489,,0.000264,0.001056,0.000528,,,,,
-2.245250463,0.120515645,,5.0411,0.0145,-0.2706,,-0.022109,0.001370,,0.000489,0.000002,-0.000030,,,,,
-2.207065582,1.589666128,,4.8711,2.5270,-3.5085,,-0.021733,0.018070,,0.000472,0.000327,-0.000393,,,,,
-0.498036921,0.152949989,,0.2480,0.0234,-0.0762,,-0.004904,0.001739,,0.000024,0.000003,-0.000009,,,,,
1.533849835,0.066219121,,2.3527,0.0044,0.1016,,0.015104,0.000753,,0.000228,0.000001,0.000011,,,,,
0.509619474,-0.54885745,,0.2597,0.3012,-0.2797,,0.005018,-0.006239,,0.000025,0.000039,-0.000031,,,,,
-1.142396212,-1.613508224,,1.3051,2.6034,1.8433,,-0.011249,-0.018341,,0.000127,0.000336,0.000206,,,,,
-0.779569626,-2.77179718,,0.6077,7.6829,2.1608,,-0.007676,-0.031507,,0.000059,0.000993,0.000242,,,,,
-0.597305834,-1.509607792,,0.3568,2.2789,0.9017,,-0.005882,-0.017160,,0.000035,0.000294,0.000101,,,,,
1.060892463,-0.677775979,,1.1255,0.4594,-0.7190,,0.010446,-0.007704,,0.000109,0.000059,-0.000080,,,,,
0.364269882,0.945146084,,0.1327,0.8933,0.3443,,0.003587,0.010744,,0.000013,0.000115,0.000039,,,,,
-2.676270008,-2.219796419,,7.1624,4.9275,5.9408,,-0.026353,-0.025233,,0.000694,0.000637,0.000665,,,,,
0.963813484,1.098668337,,0.9289,1.2071,1.0589,,0.009491,0.012489,,0.000090,0.000156,0.000119,,,,,
-2.973423004,0.044568822,,8.8412,0.0020,-0.1325,,-0.029279,0.000507,,0.000857,0.000000,-0.000015,,,,,
1.199125171,1.467869878,,1.4379,2.1546,1.7602,,0.011808,0.016685,,0.000139,0.000278,0.000197,,,,,
0.391436934,-0.480256945,,0.1532,0.2306,-0.1880,,0.003854,-0.005459,,0.000015,0.000030,-0.000021,,,,,
0.908501089,-0.222289354,,0.8254,0.0494,-0.2020,,0.008946,-0.002527,,0.000080,0.000006,-0.000023,,,,,
0.91975373,1.986251354,,0.8459,3.9452,1.8269,,0.009057,0.022578,,0.000082,0.000510,0.000204,,,,,
-1.836960912,0.644328058,,3.3744,0.4152,-1.1836,,-0.018088,0.007324,,0.000327,0.000054,-0.000132,,,,,
-2.060094833,-2.386794567,,4.2440,5.6968,4.9170,,-0.020286,-0.027131,,0.000412,0.000736,0.000550,,,,,
0.893417716,-0.062757023,,0.7982,0.0039,-0.0561,,0.008797,-0.000713,,0.000077,0.000001,-0.000006,,,,,
2.425976992,0.113438353,,5.8854,0.0129,0.2752,,0.023888,0.001289,,0.000571,0.000002,0.000031,,,,,
2.344571114,0.618124545,,5.4970,0.3821,1.4492,,0.023087,0.007026,,0.000533,0.000049,0.000162,,,,,
-2.35530448,0.014032461,,5.5475,0.0002,-0.0331,,-0.023192,0.000160,,0.000538,0.000000,-0.000004,,,,,
-2.042859554,-0.036716245,,4.1733,0.0013,0.0750,,-0.020116,-0.000417,,0.000405,0.000000,0.000008,,,,,
1.416582942,0.902484417,,2.0067,0.8145,1.2784,,0.013949,0.010259,,0.000195,0.000105,0.000143,,,,,
-0.538357973,0.222085416,,0.2898,0.0493,-0.1196,,-0.005301,0.002524,,0.000028,0.000006,-0.000013,,,,,
-0.93794179,0.435293317,,0.8797,0.1895,-0.4083,,-0.009236,0.004948,,0.000085,0.000024,-0.000046,,,,,
0.86238265,-1.304660916,,0.7437,1.7021,-1.1251,,0.008492,-0.014830,,0.000072,0.000220,-0.000126,,,,,
0.088649035,-2.004753351,,0.0079,4.0190,-0.1777,,0.000873,-0.022788,,0.000001,0.000519,-0.000020,,,,,
2.075780153,1.913675904,,4.3089,3.6622,3.9724,,0.020440,0.021753,,0.000418,0.000473,0.000445,,,,,
-1.423859358,0.676242113,,2.0274,0.4573,-0.9629,,-0.014021,0.007687,,0.000197,0.000059,-0.000108,,,,,
0.325616032,1.446051002,,0.1060,2.0911,0.4709,,0.003206,0.016437,,0.000010,0.000270,0.000053,,,,,
1.317723036,-0.208663434,,1.7364,0.0435,-0.2750,,0.012975,-0.002372,,0.000168,0.000006,-0.000031,,,,,
-3.064574003,0.793722987,,9.3916,0.6300,-2.4324,,-0.030177,0.009022,,0.000911,0.000081,-0.000272,,,,,
-2.15714097,-0.07400915,,4.6533,0.0055,0.1596,,-0.021241,-0.000841,,0.000451,0.000001,0.000018,,,,,
-0.750407577,0.923720241,,0.5631,0.8533,-0.6932,,-0.007389,0.010500,,0.000055,0.000110,-0.000078,,,,,
0.251415491,-0.29273206,,0.0632,0.0857,-0.0736,,0.002476,-0.003328,,0.000006,0.000011,-0.000008,,,,,
0.449951559,-1.138074517,,0.2025,1.2952,-0.5121,,0.004431,-0.012937,,0.000020,0.000167,-0.000057,,,,,
0.909130335,-0.884221911,,0.8265,0.7818,-0.8039,,0.008952,-0.010051,,0.000080,0.000101,-0.000090,,,,,
-2.126238585,0.693907499,,4.5209,0.4815,-1.4754,,-0.020937,0.007888,,0.000438,0.000062,-0.000165,,,,,
-1.160724163,1.167152762,,1.3473,1.3622,-1.3547,,-0.011430,0.013267,,0.000131,0.000176,-0.000152,,,,,
-1.268331528,-0.968525231,,1.6087,0.9380,1.2284,,-0.012489,-0.011009,,0.000156,0.000121,0.000137,,,,,
0.471019268,1.094412327,,0.2219,1.1977,0.5155,,0.004638,0.012440,,0.000022,0.000155,0.000058,,,,,
-1.926293015,-0.519253969,,3.7106,0.2696,1.0002,,-0.018968,-0.005902,,0.000360,0.000035,0.000112,,,,,
2.575096607,1.573354006,,6.6311,2.4754,4.0515,,0.025357,0.017885,,0.000643,0.000320,0.000453,,,,,
-3.581336498,-0.709799051,,12.8260,0.5038,2.5420,,-0.035265,-0.008068,,0.001244,0.000065,0.000285,,,,,
-0.237144753,-0.891902685,,0.0562,0.7955,0.2115,,-0.002335,-0.010138,,0.000005,0.000103,0.000024,,,,,
-1.514108539,-1.696971059,,2.2925,2.8797,2.5694,,-0.014909,-0.019290,,0.000222,0.000372,0.000288,,,,,
0.461970031,0.417769194,,0.2134,0.1745,0.1930,,0.004549,0.004749,,0.000021,0.000023,0.000022,,,,,
-0.734822154,-1.419636369,,0.5400,2.0154,1.0432,,-0.007236,-0.016137,,0.000052,0.000260,0.000117,,,,,
1.453930616,1.356044054,,2.1139,1.8389,1.9716,,0.014317,0.015414,,0.000205,0.000238,0.000221,,,,,
0.965230346,-0.12520659,,0.9317,0.0157,-0.1209,,0.009505,-0.001423,,0.000090,0.000002,-0.000014,,,,,
-0.711635351,1.07136178,,0.5064,1.1478,-0.7624,,-0.007007,0.012178,,0.000049,0.000148,-0.000085,,,,,
-1.060538769,1.880354047,,1.1247,3.5357,-1.9942,,-0.010443,0.021374,,0.000109,0.000457,-0.000223,,,,,
-1.803830147,-0.713261724,,3.2538,0.5087,1.2866,,-0.017762,-0.008108,,0.000315,0.000066,0.000144,,,,,
-1.586835146,-0.791750073,,2.5180,0.6269,1.2564,,-0.015625,-0.009000,,0.000244,0.000081,0.000141,,,,,
0.859546602,-0.356626153,,0.7388,0.1272,-0.3065,,0.008464,-0.004054,,0.000072,0.000016,-0.000034,,,,,
-3.171372414,0.947520971,,10.0576,0.8978,-3.0049,,-0.031228,0.010771,,0.000975,0.000116,-0.000336,,,,,
-0.562690437,-1.657935381,,0.3166,2.7487,0.9329,,-0.005541,-0.018846,,0.000031,0.000355,0.000104,,,,,
-0.765771627,0.919843972,,0.5864,0.8461,-0.7044,,-0.007540,0.010456,,0.000057,0.000109,-0.000079,,,,,
0.885909319,1.114495039,,0.7848,1.2421,0.9873,,0.008723,0.012669,,0.000076,0.000160,0.000111,,,,,
1.631803513,-0.566633821,,2.6628,0.3211,-0.9246,,0.016068,-0.006441,,0.000258,0.000041,-0.000103,,,,,
-2.235141993,-0.84640944,,4.9959,0.7164,1.8918,,-0.022009,-0.009621,,0.000484,0.000093,0.000212,,,,,
-1.517056465,-1.703041553,,2.3015,2.9004,2.5836,,-0.014938,-0.019359,,0.000223,0.000375,0.000289,,,,,
-2.939213276,-1.50344646,,8.6390,2.2604,4.4189,,-0.028942,-0.017090,,0.000838,0.000292,0.000495,,,,,
-0.550324798,-0.064001083,,0.3029,0.0041,0.0352,,-0.005419,-0.000728,,0.000029,0.000001,0.000004,,,,,
0.863222957,1.143729925,,0.7452,1.3081,0.9873,,0.008500,0.013001,,0.000072,0.000169,0.000111,,,,,
0.86141324,3.125914812,,0.7420,9.7713,2.6927,,0.008482,0.035533,,0.000072,0.001263,0.000301,,,,,
0.600977898,2.115853786,,0.3612,4.4768,1.2716,,0.005918,0.024051,,0.000035,0.000578,0.000142,,,,,
0.380838603,0.609594464,,0.1450,0.3716,0.2322,,0.003750,0.006929,,0.000014,0.000048,0.000026,,,,,
0.390539885,-0.477692515,,0.1525,0.2282,-0.1866,,0.003846,-0.005430,,0.000015,0.000029,-0.000021,,,,,
0.536081374,1.177294016,,0.2874,1.3860,0.6311,,0.005279,0.013382,,0.000028,0.000179,0.000071,,,,,
-1.46039176,-1.674797058,,2.1327,2.8049,2.4459,,-0.014380,-0.019038,,0.000207,0.000362,0.000274,,,,,
1.201024771,0.19091484,,1.4425,0.0364,0.2293,,0.011826,0.002170,,0.000140,0.000005,0.000026,,,,,
-1.601133347,0.243446141,,2.5636,0.0593,-0.3898,,-0.015766,0.002767,,0.000249,0.000008,-0.000044,,,,,
0.544518471,0.900559485,,0.2965,0.8110,0.4904,,0.005362,0.010237,,0.000029,0.000105,0.000055,,,,,
0.058502905,1.233207703,,0.0034,1.5208,0.0721,,0.000576,0.014018,,0.000000,0.000197,0.000008,,,,,
0.952951968,1.123410583,,0.9081,1.2621,1.0706,,0.009384,0.012770,,0.000088,0.000163,0.000120,,,,,
-0.854640901,-0.444736421,,0.7304,0.1978,0.3801,,-0.008416,-0.005055,,0.000071,0.000026,0.000043,,,,,
0.657606602,-0.374027878,,0.4324,0.1399,-0.2460,,0.006475,-0.004252,,0.000042,0.000018,-0.000028,,,,,
2.086371899,-0.446294188,,4.3529,0.1992,-0.9311,,0.020544,-0.005073,,0.000422,0.000026,-0.000104,,,,,
-0.810275555,2.005971193,,0.6565,4.0239,-1.6254,,-0.007979,0.022802,,0.000064,0.000520,-0.000182,,,,,
3.087030411,0.217753112,,9.5298,0.0474,0.6722,,0.030398,0.002475,,0.000924,0.000006,0.000075,,,,,
-2.532196999,-0.092568636,,6.4120,0.0086,0.2344,,-0.024934,-0.001052,,0.000622,0.000001,0.000026,,,,,
-1.812833428,0.243545994,,3.2864,0.0593,-0.4415,,-0.017851,0.002768,,0.000319,0.000008,-0.000049,,,,,
-0.075456776,-0.816820085,,0.0057,0.6672,0.0616,,-0.000743,-0.009285,,0.000001,0.000086,0.000007,,,,,
1.512480855,-0.767137408,,2.2876,0.5885,-1.1603,,0.014893,-0.008720,,0.000222,0.000076,-0.000130,,,,,
-0.453429043,-0.968571424,,0.2056,0.9381,0.4392,,-0.004465,-0.011010,,0.000020,0.000121,0.000049,,,,,
3.698883295,-1.059429169,,13.6817,1.1224,-3.9187,,0.036423,-0.012043,,0.001327,0.000145,-0.000439,,,,,
-1.60054934,-0.576839805,,2.5618,0.3327,0.9233,,-0.015760,-0.006557,,0.000248,0.000043,0.000103,,,,,
-1.387689114,-0.576839089,,1.9257,0.3327,0.8005,,-0.013664,-0.006557,,0.000187,0.000043,0.000090,,,,,
-0.945026636,-1.828176141,,0.8931,3.3422,1.7277,,-0.009306,-0.020781,,0.000087,0.000432,0.000193,,,,,
0.803981662,0.076852828,,0.6464,0.0059,0.0618,,0.007917,0.000874,,0.000063,0.000001,0.000007,,,,,
-2.038383484,0.344113708,,4.1550,0.1184,-0.7014,,-0.020072,0.003912,,0.000403,0.000015,-0.000079,,,,,
-1.326608658,-0.067353971,,1.7599,0.0045,0.0894,,-0.013063,-0.000766,,0.000171,0.000001,0.000010,,,,,
-0.827678025,0.355463922,,0.6851,0.1264,-0.2942,,-0.008150,0.004041,,0.000066,0.000016,-0.000033,,,,,
2.246825218,-0.023609862,,5.0482,0.0006,-0.0530,,0.022124,-0.000268,,0.000489,0.000000,-0.000006,,,,,
0.206049085,0.282214224,,0.0425,0.0796,0.0581,,0.002029,0.003208,,0.000004,0.000010,0.000007,,,,,
-2.398865223,-2.277238607,,5.7546,5.1858,5.4628,,-0.023621,-0.025886,,0.000558,0.000670,0.000611,,,,,
-1.093838215,-2.39823103,,1.1965,5.7515,2.6233,,-0.010771,-0.027261,,0.000116,0.000743,0.000294,,,,,
-2.486451149,-1.532779694,,6.1824,2.3494,3.8112,,-0.024484,-0.017423,,0.000599,0.000304,0.000427,,,,,
3.64383316,0.363326252,,13.2775,0.1320,1.3239,,0.035880,0.004130,,0.001287,0.000017,0.000148,,,,,
-1.67125988,0.111835301,,2.7931,0.0125,-0.1869,,-0.016457,0.001271,,0.000271,0.000002,-0.000021,,,,,
-0.316110462,0.027840052,,0.0999,0.0008,-0.0088,,-0.003113,0.000316,,0.000010,0.000000,-0.000001,,,,,
-1.579809904,1.438950062,,2.4958,2.0706,-2.2733,,-0.015556,0.016357,,0.000242,0.000268,-0.000254,,,,,
-1.422117472,-0.694706082,,2.0224,0.4826,0.9880,,-0.014003,-0.007897,,0.000196,0.000062,0.000111,,,,,
1.974328876,0.638467073,,3.8980,0.4076,1.2605,,0.019441,0.007258,,0.000378,0.000053,0.000141,,,,,
-0.623962581,-0.815167904,,0.3893,0.6645,0.5086,,-0.006144,-0.009266,,0.000038,0.000086,0.000057,,,,,
0.280675441,0.187869638,,0.0788,0.0353,0.0527,,0.002764,0.002136,,0.000008,0.000005,0.000006,,,,,
1.484599471,-1.945493698,,2.2040,3.7849,-2.8883,,0.014619,-0.022115,,0.000214,0.000489,-0.000323,,,,,
-0.661656976,0.705802917,,0.4378,0.4982,-0.4670,,-0.006515,0.008023,,0.000042,0.000064,-0.000052,,,,,
0.62349999,1.494740248,,0.3888,2.2342,0.9320,,0.006140,0.016991,,0.000038,0.000289,0.000104,,,,,
2.218329906,1.069238424,,4.9210,1.1433,2.3719,,0.021844,0.012154,,0.000477,0.000148,0.000265,,,,,
-0.927585185,-1.174609184,,0.8604,1.3797,1.0896,,-0.009134,-0.013352,,0.000083,0.000178,0.000122,,,,,
-1.088572264,-1.214273691,,1.1850,1.4745,1.3218,,-0.010719,-0.013803,,0.000115,0.000191,0.000148,,,,,
1.215530396,1.945781469,,1.4775,3.7861,2.3652,,0.011969,0.022118,,0.000143,0.000489,0.000265,,,,,
1.563259244,-0.022972703,,2.4438,0.0005,-0.0359,,0.015393,-0.000261,,0.000237,0.000000,-0.000004,,,,,
0.074302524,-0.036731891,,0.0055,0.0013,-0.0027,,0.000732,-0.000418,,0.000001,0.000000,0.000000,,,,,
-0.056790814,-0.600487709,,0.0032,0.3606,0.0341,,-0.000559,-0.006826,,0.000000,0.000047,0.000004,,,,,
1.332679033,1.124544859,,1.7760,1.2646,1.4987,,0.013123,0.012783,,0.000172,0.000163,0.000168,,,,,
1.284722447,0.813038647,,1.6505,0.6610,1.0445,,0.012651,0.009242,,0.000160,0.000085,0.000117,,,,,
-1.890754938,-0.716013789,,3.5750,0.5127,1.3538,,-0.018618,-0.008139,,0.000347,0.000066,0.000152,,,,,
2.172470808,-0.095761165,,4.7196,0.0092,-0.2080,,0.021392,-0.001089,,0.000458,0.000001,-0.000023,,,,,
-0.087305933,0.685788572,,0.0076,0.4703,-0.0599,,-0.000860,0.007795,,0.000001,0.000061,-0.000007,,,,,
-2.399371147,-0.637049854,,5.7570,0.4058,1.5285,,-0.023626,-0.007241,,0.000558,0.000052,0.000171,,,,,
-2.803436995,-0.038184077,,7.8593,0.0015,0.1070,,-0.027605,-0.000434,,0.000762,0.000000,0.000012,,,,,
0.907836437,0.19433552,,0.8242,0.0378,0.1764,,0.008939,0.002209,,0.000080,0.000005,0.000020,,,,,
1.58727026,-0.188053206,,2.5194,0.0354,-0.2985,,0.015630,-0.002138,,0.000244,0.000005,-0.000033,,,,,
1.222543597,-1.017822981,,1.4946,1.0360,-1.2443,,0.012038,-0.011570,,0.000145,0.000134,-0.000139,,,,,
1.036678553,-0.310534775,,1.0747,0.0964,-0.3219,,0.010208,-0.003530,,0.000104,0.000012,-0.000036,,,,,
1.608417511,1.657790422,,2.5870,2.7483,2.6664,,0.015838,0.018844,,0.000251,0.000355,0.000298,,,,,
-0.723245978,-1.155688405,,0.5231,1.3356,0.8358,,-0.007122,-0.013137,,0.000051,0.000173,0.000094,,,,,
1.829086065,0.331806958,,3.3456,0.1101,0.6069,,0.018011,0.003772,,0.000324,0.000014,0.000068,,,,,
-1.331190109,-0.427852213,,1.7721,0.1831,0.5696,,-0.013108,-0.004863,,0.000172,0.000024,0.000064,,,,,
0.048597053,1.639907122,,0.0024,2.6893,0.0797,,0.000479,0.018641,,0.000000,0.000347,0.000009,,,,,
0.700881541,-0.793640077,,0.4912,0.6299,-0.5562,,0.006902,-0.009021,,0.000048,0.000081,-0.000062,,,,,
1.195626497,2.834725857,,1.4295,8.0357,3.3893,,0.011773,0.032223,,0.000139,0.001038,0.000379,,,,,
-1.68031621,0.841433942,,2.8235,0.7080,-1.4139,,-0.016546,0.009565,,0.000274,0.000091,-0.000158,,,,,
1.407178402,-0.246464282,,1.9802,0.0607,-0.3468,,0.013856,-0.002802,,0.000192,0.000008,-0.000039,,,,,
-2.126088142,0.607739091,,4.5203,0.3693,-1.2921,,-0.020935,0.006908,,0.000438,0.000048,-0.000145,,,,,
-0.577203274,-1.224320412,,0.3332,1.4990,0.7067,,-0.005684,-0.013917,,0.000032,0.000194,0.000079,,,,,
1.122345924,-0.46697855,,1.2597,0.2181,-0.5241,,0.011052,-0.005308,,0.000122,0.000028,-0.000059,,,,,
2.719098568,3.358728409,,7.3935,11.2811,9.1327,,0.026775,0.038179,,0.000717,0.001458,0.001022,,,,,
-1.233159542,0.740124345,,1.5207,0.5478,-0.9127,,-0.012143,0.008413,,0.000147,0.000071,-0.000102,,,,,
0.451948971,-1.266962767,,0.2043,1.6052,-0.5726,,0.004450,-0.014402,,0.000020,0.000207,-0.000064,,,,,
-1.19206214,-1.31380105,,1.4210,1.7261,1.5661,,-0.011738,-0.014934,,0.000138,0.000223,0.000175,,,,,
0.317709506,0.208999738,,0.1009,0.0437,0.0664,,0.003128,0.002376,,0.000010,0.000006,0.000007,,,,,
0.928487301,-1.825628281,,0.8621,3.3329,-1.6951,,0.009143,-0.020752,,0.000084,0.000431,-0.000190,,,,,
-0.128695071,-1.638519883,,0.0166,2.6847,0.2109,,-0.001267,-0.018625,,0.000002,0.000347,0.000024,,,,,
1.251286268,-0.594180346,,1.5657,0.3531,-0.7435,,0.012321,-0.006754,,0.000152,0.000046,-0.000083,,,,,
0.226949364,0.643858969,,0.0515,0.4146,0.1461,,0.002235,0.007319,,0.000005,0.000054,0.000016,,,,,
-1.631807804,-0.716206312,,2.6628,0.5130,1.1687,,-0.016068,-0.008141,,0.000258,0.000066,0.000131,,,,,
-0.162150607,-1.723974705,,0.0263,2.9721,0.2795,,-0.001597,-0.019597,,0.000003,0.000384,0.000031,,,,,
-1.67830801,-1.520330191,,2.8167,2.3114,2.5516,,-0.016526,-0.017282,,0.000273,0.000299,0.000286,,,,,
-0.587334514,-0.245267272,,0.3450,0.0602,0.1441,,-0.005783,-0.002788,,0.000033,0.000008,0.000016,,,,,
-1.218582273,2.263962269,,1.4849,5.1255,-2.7588,,-0.011999,0.025735,,0.000144,0.000662,-0.000309,,,,,
-0.121172689,-0.147763312,,0.0147,0.0218,0.0179,,-0.001193,-0.001680,,0.000001,0.000003,0.000002,,,,,
-2.332902431,-2.85848999,,5.4424,8.1710,6.6686,,-0.022972,-0.032493,,0.000528,0.001056,0.000746,,,,,
0.627967,0.284975469,,0.3943,0.0812,0.1790,,0.006184,0.003239,,0.000038,0.000010,0.000020,,,,,
1.418551087,-0.014934301,,2.0123,0.0002,-0.0212,,0.013968,-0.000170,,0.000195,0.000000,-0.000002,,,,,
1.283432245,-0.179205596,,1.6472,0.0321,-0.2300,,0.012638,-0.002037,,0.000160,0.000004,-0.000026,,,,,
2.117704391,0.529623628,,4.4847,0.2805,1.1216,,0.020853,0.006020,,0.000435,0.000036,0.000126,,,,,
5.637021065,3.670943499,,31.7760,13.4758,20.6932,,0.055507,0.041728,,0.003081,0.001741,0.002316,,,,,
-0.159819037,-1.639556646,,0.0255,2.6881,0.2620,,-0.001574,-0.018637,,0.000002,0.000347,0.000029,,,,,
0.791336775,0.358710349,,0.6262,0.1287,0.2839,,0.007792,0.004078,,0.000061,0.000017,0.000032,,,,,
1.684517384,2.399213076,,2.8376,5.7562,4.0415,,0.016587,0.027272,,0.000275,0.000744,0.000452,,,,,
1.392262459,0.319974303,,1.9384,0.1024,0.4455,,0.013709,0.003637,,0.000188,0.000013,0.000050,,,,,
-0.136681929,1.037983656,,0.0187,1.0774,-0.1419,,-0.001346,0.011799,,0.000002,0.000139,-0.000016,,,,,
2.536355495,-0.761773646,,6.4331,0.5803,-1.9321,,0.024975,-0.008659,,0.000624,0.000075,-0.000216,,,,,
-2.331792355,-2.199112654,,5.4373,4.8361,5.1279,,-0.022961,-0.024998,,0.000527,0.000625,0.000574,,,,,
2.074504852,0.090445712,,4.3036,0.0082,0.1876,,0.020427,0.001028,,0.000417,0.000001,0.000021,,,,,
-1.810474277,-0.854273617,,3.2778,0.7298,1.5466,,-0.017828,-0.009711,,0.000318,0.000094,0.000173,,,,,
-0.586131513,1.439268708,,0.3436,2.0715,-0.8436,,-0.005772,0.016360,,0.000033,0.000268,-0.000094,,,,,
-0.765668154,-2.800319672,,0.5862,7.8418,2.1441,,-0.007539,-0.031832,,0.000057,0.001013,0.000240,,,,,
0.569915771,1.767088413,,0.3248,3.1226,1.0071,,0.005612,0.020087,,0.000031,0.000403,0.000113,,,,,
1.83658576,-0.74701947,,3.3730,0.5580,-1.3720,,0.018085,-0.008491,,0.000327,0.000072,-0.000154,,,,,
2.482251167,0.400946438,,6.1616,0.1608,0.9952,,0.024442,0.004558,,0.000597,0.000021,0.000111,,,,,
0.985323966,-0.597313285,,0.9709,0.3568,-0.5885,,0.009702,-0.006790,,0.000094,0.000046,-0.000066,,,,,
2.038635254,1.00394392,,4.1560,1.0079,2.0467,,0.020074,0.011412,,0.000403,0.000130,0.000229,,,,,
0.592337608,1.890656948,,0.3509,3.5746,1.1199,,0.005833,0.021491,,0.000034,0.000462,0.000125,,,,,
2.464502811,3.317954063,,6.0738,11.0088,8.1771,,0.024268,0.037716,,0.000589,0.001422,0.000915,,,,,
1.163002133,1.462964296,,1.3526,2.1403,1.7014,,0.011452,0.016630,,0.000131,0.000277,0.000190,,,,,
3.005618095,0.368052095,,9.0337,0.1355,1.1062,,0.029596,0.004184,,0.000876,0.000018,0.000124,,,,,
-2.259449005,-1.511356592,,5.1051,2.2842,3.4148,,-0.022249,-0.017180,,0.000495,0.000295,0.000382,,,,,
-1.458124399,-0.359491229,,2.1261,0.1292,0.5242,,-0.014358,-0.004086,,0.000206,0.000017,0.000059,,,,,
-0.687763095,-1.360007524,,0.4730,1.8496,0.9354,,-0.006772,-0.015459,,0.000046,0.000239,0.000105,,,,,
2.869846582,1.02716732,,8.2360,1.0551,2.9478,,0.028259,0.011676,,0.000799,0.000136,0.000330,,,,,
1.58304143,0.376061738,,2.5060,0.1414,0.5953,,0.015588,0.004275,,0.000243,0.000018,0.000067,,,,,
-1.573285818,-0.147635192,,2.4752,0.0218,0.2323,,-0.015492,-0.001678,,0.000240,0.000003,0.000026,,,,,
-0.714574218,1.270898581,,0.5106,1.6152,-0.9082,,-0.007036,0.014446,,0.000050,0.000209,-0.000102,,,,,
-0.451446652,0.530954123,,0.2038,0.2819,-0.2397,,-0.004445,0.006035,,0.000020,0.000036,-0.000027,,,,,
1.514450073,1.128511786,,2.2936,1.2735,1.7091,,0.014913,0.012828,,0.000222,0.000165,0.000191,,,,,
0.628039896,-0.604739785,,0.3944,0.3657,-0.3798,,0.006184,-0.006874,,0.000038,0.000047,-0.000043,,,,,
-0.416550487,-0.814743578,,0.1735,0.6638,0.3394,,-0.004102,-0.009261,,0.000017,0.000086,0.000038,,,,,
-0.270425022,1.641690016,,0.0731,2.6951,-0.4440,,-0.002663,0.018661,,0.000007,0.000348,-0.000050,,,,,
1.028933167,0.31497252,,1.0587,0.0992,0.3241,,0.010132,0.003580,,0.000103,0.000013,0.000036,,,,,
2.645309925,-0.58244741,,6.9977,0.3392,-1.5408,,0.026048,-0.006621,,0.000679,0.000044,-0.000172,,,,,
-1.387646556,-0.81381613,,1.9256,0.6623,1.1293,,-0.013664,-0.009251,,0.000187,0.000086,0.000126,,,,,
0.512284338,3.274949551,,0.2624,10.7253,1.6777,,0.005044,0.037227,,0.000025,0.001386,0.000188,,,,,
-1.164496303,-0.39518702,,1.3561,0.1562,0.4602,,-0.011467,-0.004492,,0.000131,0.000020,0.000052,,,,,
0.898642242,-0.121043995,,0.8076,0.0147,-0.1088,,0.008849,-0.001376,,0.000078,0.000002,-0.000012,,,,,
-0.277116239,0.041563943,,0.0768,0.0017,-0.0115,,-0.002729,0.000472,,0.000007,0.000000,-0.000001,,,,,
0.137794033,-0.815706015,,0.0190,0.6654,-0.1124,,0.001357,-0.009272,,0.000002,0.000086,-0.000013,,,,,
-1.426301122,-0.641418517,,2.0343,0.4114,0.9149,,-0.014045,-0.007291,,0.000197,0.000053,0.000102,,,,,
0.550270557,2.567831993,,0.3028,6.5938,1.4130,,0.005418,0.029189,,0.000029,0.000852,0.000158,,,,,
-0.132012814,1.020335555,,0.0174,1.0411,-0.1347,,-0.001300,0.011598,,0.000002,0.000135,-0.000015,,,,,
-1.59734571,1.099033475,,2.5515,1.2079,-1.7555,,-0.015729,0.012493,,0.000247,0.000156,-0.000196,,,,,
0.859985352,1.302053928,,0.7396,1.6953,1.1197,,0.008468,0.014801,,0.000072,0.000219,0.000125,,,,,
0.486861616,-0.371244043,,0.2370,0.1378,-0.1807,,0.004794,-0.004220,,0.000023,0.000018,-0.000020,,,,,
-1.947715282,-0.894206882,,3.7936,0.7996,1.7417,,-0.019179,-0.010165,,0.000368,0.000103,0.000195,,,,,
-0.55754602,1.615976691,,0.3109,2.6114,-0.9010,,-0.005490,0.018369,,0.000030,0.000337,-0.000101,,,,,
1.323256731,1.365195632,,1.7510,1.8638,1.8065,,0.013030,0.015518,,0.000170,0.000241,0.000202,,,,,
-1.669541359,-0.93484509,,2.7874,0.8739,1.5608,,-0.016440,-0.010627,,0.000270,0.000113,0.000175,,,,,
-0.600221872,-1.128519893,,0.3603,1.2736,0.6774,,-0.005910,-0.012828,,0.000035,0.000165,0.000076,,,,,
-0.399678826,4.017070293,,0.1597,16.1369,-1.6055,,-0.003936,0.045663,,0.000015,0.002085,-0.000180,,,,,
-0.586729765,0.482761592,,0.3443,0.2331,-0.2833,,-0.005777,0.005488,,0.000033,0.000030,-0.000032,,,,,
1.957896352,0.969210029,,3.8334,0.9394,1.8976,,0.019279,0.011017,,0.000372,0.000121,0.000212,,,,,
0.498885751,-1.871982098,,0.2489,3.5043,-0.9339,,0.004912,-0.021279,,0.000024,0.000453,-0.000105,,,,,
3.091968298,0.903647184,,9.5603,0.8166,2.7940,,0.030446,0.010272,,0.000927,0.000106,0.000313,,,,,
-0.211403102,-1.152876139,,0.0447,1.3291,0.2437,,-0.002082,-0.013105,,0.000004,0.000172,0.000027,,,,,
-1.827994347,-0.917791486,,3.3416,0.8423,1.6777,,-0.018000,-0.010433,,0.000324,0.000109,0.000188,,,,,
0.102004319,-0.287739754,,0.0104,0.0828,-0.0294,,0.001004,-0.003271,,0.000001,0.000011,-0.000003,,,,,
-2.208243847,1.273034811,,4.8763,1.6206,-2.8112,,-0.021744,0.014471,,0.000473,0.000209,-0.000315,,,,,
-1.076292276,2.646060944,,1.1584,7.0016,-2.8479,,-0.010598,0.030078,,0.000112,0.000905,-0.000319,,,,,
0.719601035,-1.193587422,,0.5178,1.4247,-0.8589,,0.007086,-0.013568,,0.000050,0.000184,-0.000096,,,,,
-1.354086637,-0.521997333,,1.8336,0.2725,0.7068,,-0.013334,-0.005934,,0.000178,0.000035,0.000079,,,,,
-1.35941124,-0.955807447,,1.8480,0.9136,1.2993,,-0.013386,-0.010865,,0.000179,0.000118,0.000145,,,,,
-1.400203943,-0.735523224,,1.9606,0.5410,1.0299,,-0.013788,-0.008361,,0.000190,0.000070,0.000115,,,,,
-0.33629024,-0.260276884,,0.1131,0.0677,0.0875,,-0.003311,-0.002959,,0.000011,0.000009,0.000010,,,,,
-0.490751535,-0.044651218,,0.2408,0.0020,0.0219,,-0.004832,-0.000508,,0.000023,0.000000,0.000002,,,,,
-1.081221342,-0.024060994,,1.1690,0.0006,0.0260,,-0.010647,-0.000274,,0.000113,0.000000,0.000003,,,,,
0.672273278,1.42007637,,0.4520,2.0166,0.9547,,0.006620,0.016142,,0.000044,0.000261,0.000107,,,,,
1.197699785,1.171691418,,1.4345,1.3729,1.4033,,0.011794,0.013319,,0.000139,0.000177,0.000157,,,,,
0.029554503,-0.052288778,,0.0009,0.0027,-0.0015,,0.000291,-0.000594,,0.000000,0.000000,0.000000,,,,,
0.627386332,-0.092809811,,0.3936,0.0086,-0.0582,,0.006178,-0.001055,,0.000038,0.000001,-0.000007,,,,,
0.736768901,0.156887889,,0.5428,0.0246,0.1156,,0.007255,0.001783,,0.000053,0.000003,0.000013,,,,,
0.009572774,-1.3843503,,0.0001,1.9164,-0.0133,,0.000094,-0.015736,,0.000000,0.000248,-0.000001,,,,,
3.397930622,0.314855874,,11.5459,0.0991,1.0699,,0.033459,0.003579,,0.001120,0.000013,0.000120,,,,,
0.756173611,1.451570392,,0.5718,2.1071,1.0976,,0.007446,0.016500,,0.000055,0.000272,0.000123,,,,,
0.282054007,0.579427242,,0.0796,0.3357,0.1634,,0.002777,0.006586,,0.000008,0.000043,0.000018,,,,,
-1.423990488,-0.698536336,,2.0277,0.4880,0.9947,,-0.014022,-0.007940,,0.000197,0.000063,0.000111,,,,,
1.388910651,-1.846091866,,1.9291,3.4081,-2.5641,,0.013676,-0.020985,,0.000187,0.000440,-0.000287,,,,,
0.299325317,0.188050225,,0.0896,0.0354,0.0563,,0.002947,0.002138,,0.000009,0.000005,0.000006,,,,,
0.292734951,-0.386019021,,0.0857,0.1490,-0.1130,,0.002883,-0.004388,,0.000008,0.000019,-0.000013,,,,,
-2.352298737,-0.670107961,,5.5333,0.4490,1.5763,,-0.023163,-0.007617,,0.000537,0.000058,0.000176,,,,,
-1.441209078,0.106144786,,2.0771,0.0113,-0.1530,,-0.014191,0.001207,,0.000201,0.000001,-0.000017,,,,,
1.109538555,1.341074467,,1.2311,1.7985,1.4880,,0.010926,0.015244,,0.000119,0.000232,0.000167,,,,,
1.803335428,0.749360561,,3.2520,0.5615,1.3513,,0.017757,0.008518,,0.000315,0.000073,0.000151,,,,,
-1.385438204,-0.086074032,,1.9194,0.0074,0.1193,,-0.013642,-0.000978,,0.000186,0.000001,0.000013,,,,,
-2.557049513,-2.043959618,,6.5385,4.1778,5.2265,,-0.025179,-0.023234,,0.000634,0.000540,0.000585,,,,,
-1.300889254,-0.586950541,,1.6923,0.3445,0.7636,,-0.012810,-0.006672,,0.000164,0.000045,0.000085,,,,,
-1.159703255,-1.291743279,,1.3449,1.6686,1.4980,,-0.011419,-0.014683,,0.000130,0.000216,0.000168,,,,,
-0.70996201,0.743927896,,0.5040,0.5534,-0.5282,,-0.006991,0.008456,,0.000049,0.000072,-0.000059,,,,,
-4.41868782,-1.159668088,,19.5248,1.3448,5.1242,,-0.043510,-0.013182,,0.001893,0.000174,0.000574,,,,,
-1.821656227,-0.639567316,,3.3184,0.4090,1.1651,,-0.017938,-0.007270,,0.000322,0.000053,0.000130,,,,,
0.734460354,0.071219385,,0.5394,0.0051,0.0523,,0.007232,0.000810,,0.000052,0.000001,0.000006,,,,,
-0.553982675,-0.254208773,,0.3069,0.0646,0.1408,,-0.005455,-0.002890,,0.000030,0.000008,0.000016,,,,,
-0.370642394,-0.86121887,,0.1374,0.7417,0.3192,,-0.003650,-0.009790,,0.000013,0.000096,0.000036,,,,,
0.255966485,0.045280278,,0.0655,0.0021,0.0116,,0.002520,0.000515,,0.000006,0.000000,0.000001,,,,,
1.414483309,2.548521042,,2.0008,6.4950,3.6048,,0.013928,0.028969,,0.000194,0.000839,0.000403,,,,,
-0.219266698,-0.900144219,,0.0481,0.8103,0.1974,,-0.002159,-0.010232,,0.000005,0.000105,0.000022,,,,,
0.923005521,1.006174326,,0.8519,1.0124,0.9287,,0.009089,0.011437,,0.000083,0.000131,0.000104,,,,,
1.233186841,1.186382055,,1.5207,1.4075,1.4630,,0.012143,0.013486,,0.000147,0.000182,0.000164,,,,,
-0.963056624,-1.756008267,,0.9275,3.0836,1.6911,,-0.009483,-0.019961,,0.000090,0.000398,0.000189,,,,,
3.247547865,1.189768076,,10.5466,1.4155,3.8638,,0.031978,0.013524,,0.001023,0.000183,0.000432,,,,,
-0.616815925,-1.086068869,,0.3805,1.1795,0.6699,,-0.006074,-0.012346,,0.000037,0.000152,0.000075,,,,,
1.587946415,1.379790425,,2.5216,1.9038,2.1910,,0.015636,0.015684,,0.000244,0.000246,0.000245,,,,,
1.377938151,-2.421628237,,1.8987,5.8643,-3.3369,,0.013568,-0.027527,,0.000184,0.000758,-0.000373,,,,,
0.657875597,-0.806527495,,0.4328,0.6505,-0.5306,,0.006478,-0.009168,,0.000042,0.000084,-0.000059,,,,,
-0.764305115,-1.595830441,,0.5842,2.5467,1.2197,,-0.007526,-0.018140,,0.000057,0.000329,0.000137,,,,,
-1.559024334,0.556667089,,2.4306,0.3099,-0.8679,,-0.015352,0.006328,,0.000236,0.000040,-0.000097,,,,,
-0.734620333,-0.094784327,,0.5397,0.0090,0.0696,,-0.007234,-0.001077,,0.000052,0.000001,0.000008,,,,,
-0.824918032,-0.197429568,,0.6805,0.0390,0.1629,,-0.008123,-0.002244,,0.000066,0.000005,0.000018,,,,,
-2.53693819,1.240877151,,6.4361,1.5398,-3.1480,,-0.024981,0.014105,,0.000624,0.000199,-0.000352,,,,,
1.782641649,0.313826442,,3.1778,0.0985,0.5594,,0.017553,0.003567,,0.000308,0.000013,0.000063,,,,,
-0.415722638,0.523693919,,0.1728,0.2743,-0.2177,,-0.004094,0.005953,,0.000017,0.000035,-0.000024,,,,,
-1.891202807,0.233906358,,3.5766,0.0547,-0.4424,,-0.018622,0.002659,,0.000347,0.000007,-0.000050,,,,,
2.281703711,0.075326011,,5.2062,0.0057,0.1719,,0.022468,0.000856,,0.000505,0.000001,0.000019,,,,,
-1.296777129,2.330757618,,1.6816,5.4324,-3.0225,,-0.012769,0.026494,,0.000163,0.000702,-0.000338,,,,,
-1.763914108,0.065142602,,3.1114,0.0042,-0.1149,,-0.017369,0.000740,,0.000302,0.000001,-0.000013,,,,,
0.20243749,1.222607374,,0.0410,1.4948,0.2475,,0.001993,0.013898,,0.000004,0.000193,0.000028,,,,,
0.078816801,-0.273117423,,0.0062,0.0746,-0.0215,,0.000776,-0.003105,,0.000001,0.000010,-0.000002,,,,,
-0.270423591,0.742793798,,0.0731,0.5517,-0.2009,,-0.002663,0.008443,,0.000007,0.000071,-0.000022,,,,,
-1.174128056,-1.201967716,,1.3786,1.4447,1.4113,,-0.011562,-0.013663,,0.000134,0.000187,0.000158,,,,,
1.042081356,2.032454967,,1.0859,4.1309,2.1180,,0.010261,0.023103,,0.000105,0.000534,0.000237,,,,,
-0.824619651,1.344762325,,0.6800,1.8084,-1.1089,,-0.008120,0.015286,,0.000066,0.000234,-0.000124,,,,,
0.689995766,1.264833927,,0.4761,1.5998,0.8727,,0.006794,0.014378,,0.000046,0.000207,0.000098,,,,,
0.020441025,0.359706998,,0.0004,0.1294,0.0074,,0.000201,0.004089,,0.000000,0.000017,0.000001,,,,,
0.66341275,-1.040869474,,0.4401,1.0834,-0.6905,,0.006533,-0.011832,,0.000043,0.000140,-0.000077,,,,,
-1.165071487,0.806977987,,1.3574,0.6512,-0.9402,,-0.011472,0.009173,,0.000132,0.000084,-0.000105,,,,,
0.447346598,1.135240078,,0.2001,1.2888,0.5078,,0.004405,0.012904,,0.000019,0.000167,0.000057,,,,,
1.291008949,-0.479153931,,1.6667,0.2296,-0.6186,,0.012712,-0.005447,,0.000162,0.000030,-0.000069,,,,,
-0.207375929,-0.839636147,,0.0430,0.7050,0.1741,,-0.002042,-0.009544,,0.000004,0.000091,0.000019,,,,,
0.287233025,0.815320015,,0.0825,0.6647,0.2342,,0.002828,0.009268,,0.000008,0.000086,0.000026,,,,,
0.476378113,1.368353367,,0.2269,1.8724,0.6519,,0.004691,0.015554,,0.000022,0.000242,0.000073,,,,,
-2.323956966,-0.939864755,,5.4008,0.8833,2.1842,,-0.022884,-0.010684,,0.000524,0.000114,0.000244,,,,,
1.542446375,-1.035729885,,2.3791,1.0727,-1.5976,,0.015188,-0.011773,,0.000231,0.000139,-0.000179,,,,,
1.038626909,1.610391021,,1.0787,2.5934,1.6726,,0.010227,0.018306,,0.000105,0.000335,0.000187,,,,,
-1.087171674,-1.154316664,,1.1819,1.3324,1.2549,,-0.010705,-0.013121,,0.000115,0.000172,0.000140,,,,,
-0.036782727,-2.252207279,,0.0014,5.0724,0.0828,,-0.000362,-0.025601,,0.000000,0.000655,0.000009,,,,,
-1.972025275,0.858381271,,3.8889,0.7368,-1.6927,,-0.019418,0.009757,,0.000377,0.000095,-0.000189,,,,,
-0.374612331,-0.380951256,,0.1403,0.1451,0.1427,,-0.003689,-0.004330,,0.000014,0.000019,0.000016,,,,,
-0.271945655,-0.008133337,,0.0740,0.0001,0.0022,,-0.002678,-0.000092,,0.000007,0.000000,0.000000,,,,,
-0.6439358,-1.387811899,,0.4147,1.9260,0.8937,,-0.006341,-0.015775,,0.000040,0.000249,0.000100,,,,,
0.726250768,0.679365993,,0.5274,0.4615,0.4934,,0.007151,0.007722,,0.000051,0.000060,0.000055,,,,,
-0.437191039,-0.039011762,,0.1911,0.0015,0.0171,,-0.004305,-0.000443,,0.000019,0.000000,0.000002,,,,,
1.922763824,-0.502693892,,3.6970,0.2527,-0.9666,,0.018933,-0.005714,,0.000358,0.000033,-0.000108,,,,,
1.552805662,0.742413938,,2.4112,0.5512,1.1528,,0.015290,0.008439,,0.000234,0.000071,0.000129,,,,,
0.438323259,-1.36808455,,0.1921,1.8717,-0.5997,,0.004316,-0.015551,,0.000019,0.000242,-0.000067,,,,,
-1.571882725,-0.881953001,,2.4708,0.7778,1.3863,,-0.015478,-0.010025,,0.000240,0.000101,0.000155,,,,,
-1.380038619,0.005494207,,1.9045,0.0000,-0.0076,,-0.013589,0.000062,,0.000185,0.000000,-0.000001,,,,,
0.698516011,0.980548382,,0.4879,0.9615,0.6849,,0.006878,0.011146,,0.000047,0.000124,0.000077,,,,,
-1.243499517,-0.658314347,,1.5463,0.4334,0.8186,,-0.012245,-0.007483,,0.000150,0.000056,0.000092,,,,,
-1.496761799,-0.567393661,,2.2403,0.3219,0.8493,,-0.014738,-0.006450,,0.000217,0.000042,0.000095,,,,,
1.311861992,-0.041110374,,1.7210,0.0017,-0.0539,,0.012918,-0.000467,,0.000167,0.000000,-0.000006,,,,,
0.365973771,0.04463169,,0.1339,0.0020,0.0163,,0.003604,0.000507,,0.000013,0.000000,0.000002,,,,,
-1.011278152,0.216512963,,1.0227,0.0469,-0.2190,,-0.009958,0.002461,,0.000099,0.000006,-0.000025,,,,,
-1.08977294,-0.046134409,,1.1876,0.0021,0.0503,,-0.010731,-0.000524,,0.000115,0.000000,0.000006,,,,,
-3.996768951,1.243780613,,15.9742,1.5470,-4.9711,,-0.039356,0.014138,,0.001549,0.000200,-0.000556,,,,,
-1.501731396,-1.229961514,,2.2552,1.5128,1.8471,,-0.014787,-0.013981,,0.000219,0.000195,0.000207,,,,,
-0.678830683,-1.739073634,,0.4608,3.0244,1.1805,,-0.006684,-0.019768,,0.000045,0.000391,0.000132,,,,,
-0.766027451,-0.338876724,,0.5868,0.1148,0.2596,,-0.007543,-0.003852,,0.000057,0.000015,0.000029,,,,,
2.491663933,1.64222908,,6.2084,2.6969,4.0919,,0.024535,0.018667,,0.000602,0.000348,0.000458,,,,,
0.671814144,-1.076548815,,0.4513,1.1590,-0.7232,,0.006615,-0.012237,,0.000044,0.000150,-0.000081,,,,,
-1.90397644,-3.449559689,,3.6251,11.8995,6.5679,,-0.018748,-0.039212,,0.000351,0.001538,0.000735,,,,,
1.884745717,1.662869692,,3.5523,2.7651,3.1341,,0.018559,0.018902,,0.000344,0.000357,0.000351,,,,,
2.234089851,0.493070722,,4.9912,0.2431,1.1016,,0.021999,0.005605,,0.000484,0.000031,0.000123,,,,,
-0.518342197,-0.571317315,,0.2687,0.3264,0.2961,,-0.005104,-0.006494,,0.000026,0.000042,0.000033,,,,,
1.491124392,-0.128041357,,2.2235,0.0164,-0.1909,,0.014683,-0.001455,,0.000216,0.000002,-0.000021,,,,,
-0.374884546,1.50148654,,0.1405,2.2545,-0.5629,,-0.003691,0.017068,,0.000014,0.000291,-0.000063,,,,,
-0.331681788,-2.345380783,,0.1100,5.5008,0.7779,,-0.003266,-0.026660,,0.000011,0.000711,0.000087,,,,,
0.577455878,1.550423622,,0.3335,2.4038,0.8953,,0.005686,0.017624,,0.000032,0.000311,0.000100,,,,,
-2.017910957,-0.449697167,,4.0720,0.2022,0.9074,,-0.019870,-0.005112,,0.000395,0.000026,0.000102,,,,,
2.59621501,2.349220037,,6.7403,5.5188,6.0991,,0.025565,0.026704,,0.000654,0.000713,0.000683,,,,,
-1.211392164,-0.80758357,,1.4675,0.6522,0.9783,,-0.011928,-0.009180,,0.000142,0.000084,0.000110,,,,,
2.015731335,1.325929642,,4.0632,1.7581,2.6727,,0.019849,0.015072,,0.000394,0.000227,0.000299,,,,,
2.57857132,0.253566861,,6.6490,0.0643,0.6538,,0.025391,0.002882,,0.000645,0.000008,0.000073,,,,,
-1.733556747,-0.200209975,,3.0052,0.0401,0.3471,,-0.017070,-0.002276,,0.000291,0.000005,0.000039,,,,,
1.352026224,-0.478239924,,1.8280,0.2287,-0.6466,,0.013313,-0.005436,,0.000177,0.000030,-0.000072,,,,,
-3.037999392,-2.105685711,,9.2294,4.4339,6.3971,,-0.029915,-0.023936,,0.000895,0.000573,0.000716,,,,,
-0.600054979,-0.41264689,,0.3601,0.1703,0.2476,,-0.005909,-0.004691,,0.000035,0.000022,0.000028,,,,,
-0.58224237,0.775578499,,0.3390,0.6015,-0.4516,,-0.005733,0.008816,,0.000033,0.000078,-0.000051,,,,,
-2.713580132,-0.672261059,,7.3635,0.4519,1.8242,,-0.026720,-0.007642,,0.000714,0.000058,0.000204,,,,,
-0.581972718,-0.855706334,,0.3387,0.7322,0.4980,,-0.005731,-0.009727,,0.000033,0.000095,0.000056,,,,,
-0.274499953,-1.653490067,,0.0754,2.7340,0.4539,,-0.002703,-0.018795,,0.000007,0.000353,0.000051,,,,,
0.360247254,1.689699054,,0.1298,2.8551,0.6087,,0.003547,0.019207,,0.000013,0.000369,0.000068,,,,,
-0.968025208,0.62828815,,0.9371,0.3947,-0.6082,,-0.009532,0.007142,,0.000091,0.000051,-0.000068,,,,,
-0.340142548,0.132766902,,0.1157,0.0176,-0.0452,,-0.003349,0.001509,,0.000011,0.000002,-0.000005,,,,,
-0.121129006,-3.064876318,,0.0147,9.3935,0.3712,,-0.001193,-0.034839,,0.000001,0.001214,0.000042,,,,,
1.160996199,1.169789672,,1.3479,1.3684,1.3581,,0.011432,0.013297,,0.000131,0.000177,0.000152,,,,,
0.387512118,-1.433587432,,0.1502,2.0552,-0.5555,,0.003816,-0.016296,,0.000015,0.000266,-0.000062,,,,,
-1.71981895,-0.214264244,,2.9578,0.0459,0.3685,,-0.016935,-0.002436,,0.000287,0.000006,0.000041,,,,,
-2.210891962,-0.15171425,,4.8880,0.0230,0.3354,,-0.021770,-0.001725,,0.000474,0.000003,0.000038,,,,,
-0.488636553,-0.388775229,,0.2388,0.1511,0.1900,,-0.004812,-0.004419,,0.000023,0.000020,0.000021,,,,,
-1.639942408,0.003970802,,2.6894,0.0000,-0.0065,,-0.016148,0.000045,,0.000261,0.000000,-0.000001,,,,,
-0.629454374,2.114195824,,0.3962,4.4698,-1.3308,,-0.006198,0.024032,,0.000038,0.000578,-0.000149,,,,,
-0.187551767,0.152672112,,0.0352,0.0233,-0.0286,,-0.001847,0.001735,,0.000003,0.000003,-0.000003,,,,,
3.008845806,0.758115172,,9.0532,0.5747,2.2811,,0.029628,0.008618,,0.000878,0.000074,0.000255,,,,,
0.251463205,-1.262787104,,0.0632,1.5946,-0.3175,,0.002476,-0.014354,,0.000006,0.000206,-0.000036,,,,,
-0.6375826,0.155372947,,0.4065,0.0241,-0.0991,,-0.006278,0.001766,,0.000039,0.000003,-0.000011,,,,,
0.100484699,0.146368265,,0.0101,0.0214,0.0147,,0.000989,0.001664,,0.000001,0.000003,0.000002,,,,,
-0.768135071,-1.865906715,,0.5900,3.4816,1.4333,,-0.007564,-0.021210,,0.000057,0.000450,0.000160,,,,,
1.288878918,1.896576166,,1.6612,3.5970,2.4445,,0.012691,0.021559,,0.000161,0.000465,0.000274,,,,,
-0.219225705,-0.853922665,,0.0481,0.7292,0.1872,,-0.002159,-0.009707,,0.000005,0.000094,0.000021,,,,,
0.66710186,-0.223419145,,0.4450,0.0499,-0.1490,,0.006569,-0.002540,,0.000043,0.000006,-0.000017,,,,,
0.682831824,1.719758272,,0.4663,2.9576,1.1743,,0.006724,0.019549,,0.000045,0.000382,0.000131,,,,,
-1.883151174,-1.200187922,,3.5463,1.4405,2.2601,,-0.018543,-0.013643,,0.000344,0.000186,0.000253,,,,,
-0.191291273,-0.166454181,,0.0366,0.0277,0.0318,,-0.001884,-0.001892,,0.000004,0.000004,0.000004,,,,,
1.911866784,-0.13744548,,3.6552,0.0189,-0.2628,,0.018826,-0.001562,,0.000354,0.000002,-0.000029,,,,,
-1.268590927,0.083129182,,1.6093,0.0069,-0.1055,,-0.012492,0.000945,,0.000156,0.000001,-0.000012,,,,,
3.752629519,2.245288849,,14.0822,5.0413,8.4257,,0.036952,0.025523,,0.001365,0.000651,0.000943,,,,,
1.202405214,-0.784469604,,1.4458,0.6154,-0.9433,,0.011840,-0.008917,,0.000140,0.000080,-0.000106,,,,,
3.515308857,0.99294591,,12.3574,0.9859,3.4905,,0.034615,0.011287,,0.001198,0.000127,0.000391,,,,,
-1.479075074,-1.003347635,,2.1877,1.0067,1.4840,,-0.014564,-0.011405,,0.000212,0.000130,0.000166,,,,,
0.250648856,-1.291489601,,0.0628,1.6679,-0.3237,,0.002468,-0.014681,,0.000006,0.000216,-0.000036,,,,,
1.737079382,-1.506944656,,3.0174,2.2709,-2.6177,,0.017105,-0.017130,,0.000293,0.000293,-0.000293,,,,,
3.287500858,-0.065621339,,10.8077,0.0043,-0.2157,,0.032372,-0.000746,,0.001048,0.000001,-0.000024,,,,,
-2.624433756,-1.82055223,,6.8877,3.3144,4.7779,,-0.025843,-0.020694,,0.000668,0.000428,0.000535,,,,,
-2.014952183,0.510009885,,4.0600,0.2601,-1.0276,,-0.019841,0.005797,,0.000394,0.000034,-0.000115,,,,,
-0.280335486,0.393934488,,0.0786,0.1552,-0.1104,,-0.002760,0.004478,,0.000008,0.000020,-0.000012,,,,,
-0.566713393,0.330393195,,0.3212,0.1092,-0.1872,,-0.005580,0.003756,,0.000031,0.000014,-0.000021,,,,,
-1.359657764,0.379357278,,1.8487,0.1439,-0.5158,,-0.013388,0.004312,,0.000179,0.000019,-0.000058,,,,,
-0.086061671,2.259448051,,0.0074,5.1051,-0.1945,,-0.000847,0.025683,,0.000001,0.000660,-0.000022,,,,,
-0.24195978,-0.336576879,,0.0585,0.1133,0.0814,,-0.002383,-0.003826,,0.000006,0.000015,0.000009,,,,,
2.518864632,-0.602878332,,6.3447,0.3635,-1.5186,,0.024803,-0.006853,,0.000615,0.000047,-0.000170,,,,,
-2.843824387,-0.41570729,,8.0873,0.1728,1.1822,,-0.028003,-0.004725,,0.000784,0.000022,0.000132,,,,,
-3.022266388,1.983616829,,9.1341,3.9347,-5.9950,,-0.029760,0.022548,,0.000886,0.000508,-0.000671,,,,,
2.718932629,-0.122025065,,7.3926,0.0149,-0.3318,,0.026773,-0.001387,,0.000717,0.000002,-0.000037,,,,,
-1.066210032,-0.462083876,,1.1368,0.2135,0.4927,,-0.010499,-0.005253,,0.000110,0.000028,0.000055,,,,,
0.087979347,0.222131655,,0.0077,0.0493,0.0195,,0.000866,0.002525,,0.000001,0.000006,0.000002,,,,,
2.185777187,-2.332043171,,4.7776,5.4384,-5.0973,,0.021523,-0.026509,,0.000463,0.000703,-0.000571,,,,,
-0.951085567,-0.614698768,,0.9046,0.3779,0.5846,,-0.009365,-0.006987,,0.000088,0.000049,0.000065,,,,,
-0.738267899,0.114870928,,0.5450,0.0132,-0.0848,,-0.007270,0.001306,,0.000053,0.000002,-0.000009,,,,,
-1.205664992,-0.611898184,,1.4536,0.3744,0.7377,,-0.011872,-0.006956,,0.000141,0.000048,0.000083,,,,,
1.886094093,0.787689328,,3.5574,0.6205,1.4857,,0.018572,0.008954,,0.000345,0.000080,0.000166,,,,,
2.899839878,3.386697054,,8.4091,11.4697,9.8209,,0.028554,0.038497,,0.000815,0.001482,0.001099,,,,,
1.203125238,-0.428996444,,1.4475,0.1840,-0.5161,,0.011847,-0.004876,,0.000140,0.000024,-0.000058,,,,,
-0.417009592,0.457141578,,0.1739,0.2090,-0.1906,,-0.004106,0.005196,,0.000017,0.000027,-0.000021,,,,,
0.356723607,0.717451572,,0.1273,0.5147,0.2559,,0.003513,0.008155,,0.000012,0.000067,0.000029,,,,,
0.431629509,0.540255368,,0.1863,0.2919,0.2332,,0.004250,0.006141,,0.000018,0.000038,0.000026,,,,,
0.109037496,1.003852844,,0.0119,1.0077,0.1095,,0.001074,0.011411,,0.000001,0.000130,0.000012,,,,,
-2.531452894,0.123125806,,6.4083,0.0152,-0.3117,,-0.024927,0.001400,,0.000621,0.000002,-0.000035,,,,,
0.400431931,0.507774949,,0.1603,0.2578,0.2033,,0.003943,0.005772,,0.000016,0.000033,0.000023,,,,,
-0.287285566,0.149051845,,0.0825,0.0222,-0.0428,,-0.002829,0.001694,,0.000008,0.000003,-0.000005,,,,,
-1.033214569,1.499145627,,1.0675,2.2474,-1.5489,,-0.010174,0.017041,,0.000104,0.000290,-0.000173,,,,,
0.231538624,0.28747955,,0.0536,0.0826,0.0666,,0.002280,0.003268,,0.000005,0.000011,0.000007,,,,,
-1.457212687,-0.459205598,,2.1235,0.2109,0.6692,,-0.014349,-0.005220,,0.000206,0.000027,0.000075,,,,,
-2.434770346,-4.18563652,,5.9281,17.5196,10.1911,,-0.023975,-0.047579,,0.000575,0.002264,0.001141,,,,,
-1.251876235,-2.851397991,,1.5672,8.1305,3.5696,,-0.012327,-0.032412,,0.000152,0.001051,0.000400,,,,,
-1.591278434,0.254493743,,2.5322,0.0648,-0.4050,,-0.015669,0.002893,,0.000246,0.000008,-0.000045,,,,,
2.307778358,0.060819305,,5.3258,0.0037,0.1404,,0.022724,0.000691,,0.000516,0.000000,0.000016,,,,,
-0.252811491,0.568224669,,0.0639,0.3229,-0.1437,,-0.002489,0.006459,,0.000006,0.000042,-0.000016,,,,,
-1.544441462,2.651000261,,2.3853,7.0278,-4.0943,,-0.015208,0.030134,,0.000231,0.000908,-0.000458,,,,,
-0.616899967,0.046334386,,0.3806,0.0021,-0.0286,,-0.006075,0.000527,,0.000037,0.000000,-0.000003,,,,,
1.443253279,-1.25421679,,2.0830,1.5731,-1.8102,,0.014212,-0.014257,,0.000202,0.000203,-0.000203,,,,,
-0.360334784,0.014710084,,0.1298,0.0002,-0.0053,,-0.003548,0.000167,,0.000013,0.000000,-0.000001,,,,,
-1.165627718,-0.480548233,,1.3587,0.2309,0.5601,,-0.011478,-0.005462,,0.000132,0.000030,0.000063,,,,,
-1.936539888,-1.107677102,,3.7502,1.2269,2.1451,,-0.019069,-0.012591,,0.000364,0.000159,0.000240,,,,,
1.949817181,-0.319128662,,3.8018,0.1018,-0.6222,,0.019200,-0.003628,,0.000369,0.000013,-0.000070,,,,,
-2.434861183,-1.15097332,,5.9285,1.3247,2.8025,,-0.023976,-0.013083,,0.000575,0.000171,0.000314,,,,,
-0.7083202,-2.301693916,,0.5017,5.2978,1.6303,,-0.006975,-0.026164,,0.000049,0.000685,0.000182,,,,,
1.240427971,0.802248597,,1.5387,0.6436,0.9951,,0.012214,0.009119,,0.000149,0.000083,0.000111,,,,,
-1.486736774,0.924171448,,2.2104,0.8541,-1.3740,,-0.014640,0.010505,,0.000214,0.000110,-0.000154,,,,,
-1.054383993,-2.355736732,,1.1117,5.5495,2.4839,,-0.010382,-0.026778,,0.000108,0.000717,0.000278,,,,,
-2.017767906,-0.651124716,,4.0714,0.4240,1.3138,,-0.019869,-0.007401,,0.000395,0.000055,0.000147,,,,,
2.11497283,2.316800117,,4.4731,5.3676,4.9000,,0.020826,0.026335,,0.000434,0.000694,0.000548,,,,,
1.614710093,0.054593563,,2.6073,0.0030,0.0882,,0.015900,0.000621,,0.000253,0.000000,0.000010,,,,,
1.830982924,2.281249046,,3.3525,5.2041,4.1769,,0.018029,0.025931,,0.000325,0.000672,0.000468,,,,,
0.415470362,0.669036567,,0.1726,0.4476,0.2780,,0.004091,0.007605,,0.000017,0.000058,0.000031,,,,,
1.021322966,-1.283033133,,1.0431,1.6462,-1.3104,,0.010057,-0.014584,,0.000101,0.000213,-0.000147,,,,,
-1.455996871,-2.205907345,,2.1199,4.8660,3.2118,,-0.014337,-0.025075,,0.000206,0.000629,0.000359,,,,,
-1.600232124,-1.860305309,,2.5607,3.4607,2.9769,,-0.015757,-0.021146,,0.000248,0.000447,0.000333,,,,,
0.146823406,1.192716479,,0.0216,1.4226,0.1751,,0.001446,0.013558,,0.000002,0.000184,0.000020,,,,,
0.865044951,-1.030183315,,0.7483,1.0613,-0.8912,,0.008518,-0.011710,,0.000073,0.000137,-0.000100,,,,,
-0.444060028,-0.976339698,,0.1972,0.9532,0.4336,,-0.004373,-0.011098,,0.000019,0.000123,0.000049,,,,,
0.09665709,0.159893095,,0.0093,0.0256,0.0155,,0.000952,0.001818,,0.000001,0.000003,0.000002,,,,,
0.008748829,-0.861516476,,0.0001,0.7422,-0.0075,,0.000086,-0.009793,,0.000000,0.000096,-0.000001,,,,,
-1.885556817,0.930405378,,3.5553,0.8657,-1.7543,,-0.018567,0.010576,,0.000345,0.000112,-0.000196,,,,,
0.370890856,-0.42181626,,0.1376,0.1779,-0.1564,,0.003652,-0.004795,,0.000013,0.000023,-0.000018,,,,,
1.899977922,1.029112816,,3.6099,1.0591,1.9553,,0.018709,0.011698,,0.000350,0.000137,0.000219,,,,,
1.380771399,-0.12766853,,1.9065,0.0163,-0.1763,,0.013596,-0.001451,,0.000185,0.000002,-0.000020,,,,,
0.391904831,0.89250809,,0.1536,0.7966,0.3498,,0.003859,0.010145,,0.000015,0.000103,0.000039,,,,,
0.276984274,2.16996336,,0.0767,4.7087,0.6010,,0.002727,0.024666,,0.000007,0.000608,0.000067,,,,,
-0.512005031,0.311332226,,0.2621,0.0969,-0.1594,,-0.005042,0.003539,,0.000025,0.000013,-0.000018,,,,,
0.024539091,1.097146988,,0.0006,1.2037,0.0269,,0.000242,0.012471,,0.000000,0.000156,0.000003,,,,,
0.789843082,1.18234849,,0.6239,1.3979,0.9339,,0.007778,0.013440,,0.000060,0.000181,0.000105,,,,,
-0.987858295,-1.173646688,,0.9759,1.3774,1.1594,,-0.009727,-0.013341,,0.000095,0.000178,0.000130,,,,,
0.323744178,-1.529412746,,0.1048,2.3391,-0.4951,,0.003188,-0.017385,,0.000010,0.000302,-0.000055,,,,,
-0.000375807,-1.026660442,,0.0000,1.0540,0.0004,,-0.000004,-0.011670,,0.000000,0.000136,0.000000,,,,,
1.081258774,0.090953186,,1.1691,0.0083,0.0983,,0.010647,0.001034,,0.000113,0.000001,0.000011,,,,,
0.473752528,-0.646297216,,0.2244,0.4177,-0.3062,,0.004665,-0.007347,,0.000022,0.000054,-0.000034,,,,,
-0.981578052,0.743967652,,0.9635,0.5535,-0.7303,,-0.009665,0.008457,,0.000093,0.000072,-0.000082,,,,,
0.567477226,-0.860999703,,0.3220,0.7413,-0.4886,,0.005588,-0.009787,,0.000031,0.000096,-0.000055,,,,,
-1.376482368,-2.134940624,,1.8947,4.5580,2.9387,,-0.013554,-0.024268,,0.000184,0.000589,0.000329,,,,,
-1.778533936,-2.171083927,,3.1632,4.7136,3.8613,,-0.017513,-0.024679,,0.000307,0.000609,0.000432,,,,,
-0.511234999,0.137730539,,0.2614,0.0190,-0.0704,,-0.005034,0.001566,,0.000025,0.000002,-0.000008,,,,,
-0.304876238,-0.329415262,,0.0929,0.1085,0.1004,,-0.003002,-0.003745,,0.000009,0.000014,0.000011,,,,,
0.71125567,-0.089590639,,0.5059,0.0080,-0.0637,,0.007004,-0.001018,,0.000049,0.000001,-0.000007,,,,,
-0.953129172,-1.499201536,,0.9085,2.2476,1.4289,,-0.009385,-0.017042,,0.000088,0.000290,0.000160,,,,,
0.450505793,2.566772461,,0.2030,6.5883,1.1563,,0.004436,0.029177,,0.000020,0.000851,0.000129,,,,,
0.110175192,0.075902283,,0.0121,0.0058,0.0084,,0.001085,0.000863,,0.000001,0.000001,0.000001,,,,,
-1.587294698,2.204391956,,2.5195,4.8593,-3.4990,,-0.015630,0.025058,,0.000244,0.000628,-0.000392,,,,,
-2.603821993,-2.885001183,,6.7799,8.3232,7.5120,,-0.025640,-0.032794,,0.000657,0.001075,0.000841,,,,,
0.526250184,-1.472226381,,0.2769,2.1675,-0.7748,,0.005182,-0.016735,,0.000027,0.000280,-0.000087,,,,,
-0.225028992,0.437300295,,0.0506,0.1912,-0.0984,,-0.002216,0.004971,,0.000005,0.000025,-0.000011,,,,,
0.443367541,1.859076142,,0.1966,3.4562,0.8243,,0.004366,0.021132,,0.000019,0.000447,0.000092,,,,,
-1.360168219,-0.866369843,,1.8501,0.7506,1.1784,,-0.013393,-0.009848,,0.000179,0.000097,0.000132,,,,,
-0.174311191,-0.001145132,,0.0304,0.0000,0.0002,,-0.001716,-0.000013,,0.000003,0.000000,0.000000,,,,,
0.961621284,-0.96300143,,0.9247,0.9274,-0.9260,,0.009469,-0.010947,,0.000090,0.000120,-0.000104,,,,,
0.271988481,-2.20822525,,0.0740,4.8763,-0.6006,,0.002678,-0.025101,,0.000007,0.000630,-0.000067,,,,,
0.193102837,1.408035994,,0.0373,1.9826,0.2719,,0.001901,0.016005,,0.000004,0.000256,0.000030,,,,,
1.280327082,-1.265842915,,1.6392,1.6024,-1.6207,,0.012607,-0.014389,,0.000159,0.000207,-0.000181,,,,,
1.371977091,-0.391662598,,1.8823,0.1534,-0.5374,,0.013510,-0.004452,,0.000183,0.000020,-0.000060,,,,,
-0.504785061,-0.01681751,,0.2548,0.0003,0.0085,,-0.004971,-0.000191,,0.000025,0.000000,0.000001,,,,,
0.373265922,-0.854076803,,0.1393,0.7294,-0.3188,,0.003676,-0.009708,,0.000014,0.000094,-0.000036,,,,,
-1.69220531,-0.871900141,,2.8636,0.7602,1.4754,,-0.016663,-0.009911,,0.000278,0.000098,0.000165,,,,,
-1.498447418,0.004742708,,2.2453,0.0000,-0.0071,,-0.014755,0.000054,,0.000218,0.000000,-0.000001,,,,,
-1.406463146,-0.708717287,,1.9781,0.5023,0.9968,,-0.013849,-0.008056,,0.000192,0.000065,0.000112,,,,,
0.396600276,0.833562016,,0.1573,0.6948,0.3306,,0.003905,0.009475,,0.000015,0.000090,0.000037,,,,,
1.123369932,1.214159608,,1.2620,1.4742,1.3640,,0.011062,0.013802,,0.000122,0.000190,0.000153,,,,,
2.324376106,0.413981199,,5.4027,0.1714,0.9622,,0.022888,0.004706,,0.000524,0.000022,0.000108,,,,,
3.493745565,1.779328942,,12.2063,3.1660,6.2165,,0.034403,0.020226,,0.001184,0.000409,0.000696,,,,,
2.20928216,0.571179986,,4.8809,0.3262,1.2619,,0.021755,0.006493,,0.000473,0.000042,0.000141,,,,,
-0.717897892,0.772752404,,0.5154,0.5971,-0.5548,,-0.007069,0.008784,,0.000050,0.000077,-0.000062,,,,,
-0.898725271,-2.245323896,,0.8077,5.0415,2.0179,,-0.008850,-0.025523,,0.000078,0.000651,0.000226,,,,,
-0.132589787,1.57444191,,0.0176,2.4789,-0.2088,,-0.001306,0.017897,,0.000002,0.000320,-0.000023,,,,,
-0.760376215,-0.424551129,,0.5782,0.1802,0.3228,,-0.007487,-0.004826,,0.000056,0.000023,0.000036,,,,,
0.380066812,-1.698791504,,0.1445,2.8859,-0.6457,,0.003742,-0.019310,,0.000014,0.000373,-0.000072,,,,,
-7.76E-05,-0.65332371,,0.0000,0.4268,0.0001,,-0.000001,-0.007426,,0.000000,0.000055,0.000000,,,,,
-0.714534342,-1.068080544,,0.5106,1.1408,0.7632,,-0.007036,-0.012141,,0.000050,0.000147,0.000085,,,,,
0.2477099,-0.497018933,,0.0614,0.2470,-0.1231,,0.002439,-0.005650,,0.000006,0.000032,-0.000014,,,,,
0.544756591,-0.284876406,,0.2968,0.0812,-0.1552,,0.005364,-0.003238,,0.000029,0.000010,-0.000017,,,,,
-1.887499809,-0.344219387,,3.5627,0.1185,0.6497,,-0.018586,-0.003913,,0.000345,0.000015,0.000073,,,,,
1.036135316,1.059911609,,1.0736,1.1234,1.0982,,0.010203,0.012048,,0.000104,0.000145,0.000123,,,,,
1.19631815,-1.151349783,,1.4312,1.3256,-1.3774,,0.011780,-0.013088,,0.000139,0.000171,-0.000154,,,,,
0.289563119,-0.364981115,,0.0838,0.1332,-0.1057,,0.002851,-0.004149,,0.000008,0.000017,-0.000012,,,,,
-0.140918761,2.969357491,,0.0199,8.8171,-0.4184,,-0.001388,0.033753,,0.000002,0.001139,-0.000047,,,,,
-0.773608804,1.659405231,,0.5985,2.7536,-1.2837,,-0.007618,0.018863,,0.000058,0.000356,-0.000144,,,,,
0.255327612,2.821453571,,0.0652,7.9606,0.7204,,0.002514,0.032072,,0.000006,0.001029,0.000081,,,,,
0.449477047,-0.509915471,,0.2020,0.2600,-0.2292,,0.004426,-0.005796,,0.000020,0.000034,-0.000026,,,,,
-0.826448679,0.497969866,,0.6830,0.2480,-0.4115,,-0.008138,0.005660,,0.000066,0.000032,-0.000046,,,,,
-1.245003223,-2.356530666,,1.5500,5.5532,2.9339,,-0.012259,-0.026787,,0.000150,0.000718,0.000328,,,,,
-1.197954297,0.691930532,,1.4351,0.4788,-0.8289,,-0.011796,0.007865,,0.000139,0.000062,-0.000093,,,,,
0.84377104,0.487383783,,0.7119,0.2375,0.4112,,0.008309,0.005540,,0.000069,0.000031,0.000046,,,,,
0.650123358,0.86986357,,0.4227,0.7567,0.5655,,0.006402,0.009888,,0.000041,0.000098,0.000063,,,,,
-0.638236582,0.640579641,,0.4073,0.4103,-0.4088,,-0.006285,0.007282,,0.000039,0.000053,-0.000046,,,,,
0.497321129,0.300426066,,0.2473,0.0903,0.1494,,0.004897,0.003415,,0.000024,0.000012,0.000017,,,,,
-0.504254341,-0.542338133,,0.2543,0.2941,0.2735,,-0.004965,-0.006165,,0.000025,0.000038,0.000031,,,,,
-2.172087908,-0.632522702,,4.7180,0.4001,1.3739,,-0.021388,-0.007190,,0.000457,0.000052,0.000154,,,,,
3.345396519,0.876063347,,11.1917,0.7675,2.9308,,0.032942,0.009958,,0.001085,0.000099,0.000328,,,,,
-1.153332472,-0.004418522,,1.3302,0.0000,0.0051,,-0.011357,-0.000050,,0.000129,0.000000,0.000001,,,,,
0.034835912,0.129519135,,0.0012,0.0168,0.0045,,0.000343,0.001472,,0.000000,0.000002,0.000001,,,,,
-1.77257514,0.697509468,,3.1420,0.4865,-1.2364,,-0.017454,0.007929,,0.000305,0.000063,-0.000138,,,,,
0.319734007,0.439286798,,0.1022,0.1930,0.1405,,0.003148,0.004993,,0.000010,0.000025,0.000016,,,,,
-0.401254505,-0.169269353,,0.1610,0.0287,0.0679,,-0.003951,-0.001924,,0.000016,0.000004,0.000008,,,,,
0.020263694,1.516124129,,0.0004,2.2986,0.0307,,0.000200,0.017234,,0.000000,0.000297,0.000003,,,,,
0.625991404,1.1766572,,0.3919,1.3845,0.7366,,0.006164,0.013375,,0.000038,0.000179,0.000082,,,,,
1.695545197,-1.170943499,,2.8749,1.3711,-1.9854,,0.016696,-0.013310,,0.000279,0.000177,-0.000222,,,,,
0.197196767,-0.697539926,,0.0389,0.4866,-0.1376,,0.001942,-0.007929,,0.000004,0.000063,-0.000015,,,,,
-0.183898151,-0.14264527,,0.0338,0.0203,0.0262,,-0.001811,-0.001621,,0.000003,0.000003,0.000003,,,,,
-0.644839406,0.49733603,,0.4158,0.2473,-0.3207,,-0.006350,0.005653,,0.000040,0.000032,-0.000036,,,,,
3.542737246,1.933393002,,12.5510,3.7380,6.8495,,0.034885,0.021977,,0.001217,0.000483,0.000767,,,,,
-0.244877264,-0.030076846,,0.0600,0.0009,0.0074,,-0.002411,-0.000342,,0.000006,0.000000,0.000001,,,,,
-1.335058331,-0.74223268,,1.7824,0.5509,0.9909,,-0.013146,-0.008437,,0.000173,0.000071,0.000111,,,,,
0.195494354,-0.1874917,,0.0382,0.0352,-0.0367,,0.001925,-0.002131,,0.000004,0.000005,-0.000004,,,,,
-2.958072424,0.719718039,,8.7502,0.5180,-2.1290,,-0.029128,0.008181,,0.000848,0.000067,-0.000238,,,,,
-1.927224517,-0.383819759,,3.7142,0.1473,0.7397,,-0.018977,-0.004363,,0.000360,0.000019,0.000083,,,,,
-1.001613855,-1.255533934,,1.0032,1.5764,1.2576,,-0.009863,-0.014272,,0.000097,0.000204,0.000141,,,,,
-0.930495858,-0.300014973,,0.8658,0.0900,0.2792,,-0.009162,-0.003410,,0.000084,0.000012,0.000031,,,,,
-0.346248299,-0.879884541,,0.1199,0.7742,0.3047,,-0.003409,-0.010002,,0.000012,0.000100,0.000034,,,,,
0.190163359,0.123715848,,0.0362,0.0153,0.0235,,0.001873,0.001406,,0.000004,0.000002,0.000003,,,,,
-0.662606835,0.925153255,,0.4390,0.8559,-0.6130,,-0.006525,0.010516,,0.000043,0.000111,-0.000069,,,,,
1.185331821,1.031147361,,1.4050,1.0633,1.2223,,0.011672,0.011721,,0.000136,0.000137,0.000137,,,,,
-0.245754033,1.378801823,,0.0604,1.9011,-0.3388,,-0.002420,0.015673,,0.000006,0.000246,-0.000038,,,,,
0.520361245,-0.223566681,,0.2708,0.0500,-0.1163,,0.005124,-0.002541,,0.000026,0.000006,-0.000013,,,,,
-0.48508665,0.329177022,,0.2353,0.1084,-0.1597,,-0.004777,0.003742,,0.000023,0.000014,-0.000018,,,,,
-2.672694683,-0.679470003,,7.1433,0.4617,1.8160,,-0.026318,-0.007724,,0.000693,0.000060,0.000203,,,,,
-0.381765991,0.969173431,,0.1457,0.9393,-0.3700,,-0.003759,0.011017,,0.000014,0.000121,-0.000041,,,,,
0.67681998,-0.116517261,,0.4581,0.0136,-0.0789,,0.006665,-0.001324,,0.000044,0.000002,-0.000009,,,,,
0.471147448,1.782902241,,0.2220,3.1787,0.8400,,0.004639,0.020267,,0.000022,0.000411,0.000094,,,,,
-0.577507496,-1.356814146,,0.3335,1.8409,0.7836,,-0.005687,-0.015423,,0.000032,0.000238,0.000088,,,,,
0.391960293,-1.721948266,,0.1536,2.9651,-0.6749,,0.003860,-0.019574,,0.000015,0.000383,-0.000076,,,,,
-0.485926747,-1.650436878,,0.2361,2.7239,0.8020,,-0.004785,-0.018761,,0.000023,0.000352,0.000090,,,,,
-1.876649737,-0.0410005,,3.5218,0.0017,0.0769,,-0.018479,-0.000466,,0.000341,0.000000,0.000009,,,,,
-0.094232053,-1.47557199,,0.0089,2.1773,0.1390,,-0.000928,-0.016773,,0.000001,0.000281,0.000016,,,,,
0.804292083,-1.268389344,,0.6469,1.6088,-1.0202,,0.007920,-0.014418,,0.000063,0.000208,-0.000114,,,,,
0.625706971,-1.065706253,,0.3915,1.1357,-0.6668,,0.006161,-0.012114,,0.000038,0.000147,-0.000075,,,,,
-1.60987556,0.345690846,,2.5917,0.1195,-0.5565,,-0.015852,0.003930,,0.000251,0.000015,-0.000062,,,,,
0.036527812,0.154629618,,0.0013,0.0239,0.0056,,0.000360,0.001758,,0.000000,0.000003,0.000001,,,,,
1.579706192,1.788029909,,2.4955,3.1971,2.8246,,0.015555,0.020325,,0.000242,0.000413,0.000316,,,,,
2.914319038,0.899314046,,8.4933,0.8088,2.6209,,0.028697,0.010223,,0.000824,0.000105,0.000293,,,,,
2.238563538,1.044748068,,5.0112,1.0915,2.3387,,0.022043,0.011876,,0.000486,0.000141,0.000262,,,,,
-1.33180356,1.049377918,,1.7737,1.1012,-1.3976,,-0.013114,0.011928,,0.000172,0.000142,-0.000156,,,,,
1.053042889,-0.464891195,,1.1089,0.2161,-0.4896,,0.010369,-0.005284,,0.000108,0.000028,-0.000055,,,,,
0.793529868,1.472031355,,0.6297,2.1669,1.1681,,0.007814,0.016733,,0.000061,0.000280,0.000131,,,,,
0.834917367,0.59245348,,0.6971,0.3510,0.4946,,0.008221,0.006735,,0.000068,0.000045,0.000055,,,,,
-3.381302118,0.303463995,,11.4332,0.0921,-1.0261,,-0.033295,0.003450,,0.001109,0.000012,-0.000115,,,,,
-0.624290466,-0.456500113,,0.3897,0.2084,0.2850,,-0.006147,-0.005189,,0.000038,0.000027,0.000032,,,,,
1.298878908,1.07114315,,1.6871,1.1473,1.3913,,0.012790,0.012176,,0.000164,0.000148,0.000156,,,,,
-1.324915171,-4.165047646,,1.7554,17.3476,5.5183,,-0.013046,-0.047345,,0.000170,0.002242,0.000618,,,,,
0.089299709,-0.240395665,,0.0080,0.0578,-0.0215,,0.000879,-0.002733,,0.000001,0.000007,-0.000002,,,,,
0.470777094,-0.118161589,,0.2216,0.0140,-0.0556,,0.004636,-0.001343,,0.000021,0.000002,-0.000006,,,,,
-0.239596233,-0.35526076,,0.0574,0.1262,0.0851,,-0.002359,-0.004038,,0.000006,0.000016,0.000010,,,,,
-0.960335493,0.010144114,,0.9222,0.0001,-0.0097,,-0.009456,0.000115,,0.000089,0.000000,-0.000001,,,,,
-2.412761927,-0.0441528,,5.8214,0.0019,0.1065,,-0.023758,-0.000502,,0.000564,0.000000,0.000012,,,,,
0.346533895,1.342233062,,0.1201,1.8016,0.4651,,0.003412,0.015257,,0.000012,0.000233,0.000052,,,,,
-0.351660341,0.275920719,,0.1237,0.0761,-0.0970,,-0.003463,0.003136,,0.000012,0.000010,-0.000011,,,,,
-0.711431503,-0.848047256,,0.5061,0.7192,0.6033,,-0.007005,-0.009640,,0.000049,0.000093,0.000068,,,,,
-1.808913708,-1.909984946,,3.2722,3.6480,3.4550,,-0.017812,-0.021711,,0.000317,0.000471,0.000387,,,,,
-2.231296539,0.146685541,,4.9787,0.0215,-0.3273,,-0.021971,0.001667,,0.000483,0.000003,-0.000037,,,,,
-1.163452387,-0.087603435,,1.3536,0.0077,0.1019,,-0.011456,-0.000996,,0.000131,0.000001,0.000011,,,,,
-2.303928375,0.436161995,,5.3081,0.1902,-1.0049,,-0.022687,0.004958,,0.000515,0.000025,-0.000112,,,,,
-0.231024697,-1.289907694,,0.0534,1.6639,0.2980,,-0.002275,-0.014663,,0.000005,0.000215,0.000033,,,,,
1.161659837,-0.250448316,,1.3495,0.0627,-0.2909,,0.011439,-0.002847,,0.000131,0.000008,-0.000033,,,,,
-3.768360853,-0.802656651,,14.2005,0.6443,3.0247,,-0.037107,-0.009124,,0.001377,0.000083,0.000339,,,,,
1.062091112,0.69241941,,1.1280,0.4794,0.7354,,0.010458,0.007871,,0.000109,0.000062,0.000082,,,,,
-0.597457528,-1.054536343,,0.3570,1.1120,0.6300,,-0.005883,-0.011987,,0.000035,0.000144,0.000071,,,,,
0.062250689,-0.024218038,,0.0039,0.0006,-0.0015,,0.000613,-0.000275,,0.000000,0.000000,0.000000,,,,,
1.11307621,-0.699343801,,1.2389,0.4891,-0.7784,,0.010960,-0.007950,,0.000120,0.000063,-0.000087,,,,,
0.661250114,-0.380066544,,0.4373,0.1445,-0.2513,,0.006511,-0.004320,,0.000042,0.000019,-0.000028,,,,,
1.015988231,1.293534517,,1.0322,1.6732,1.3142,,0.010004,0.014704,,0.000100,0.000216,0.000147,,,,,
-0.864004433,-0.892459869,,0.7465,0.7965,0.7711,,-0.008508,-0.010145,,0.000072,0.000103,0.000086,,,,,
-1.243162632,-0.289658308,,1.5455,0.0839,0.3601,,-0.012241,-0.003293,,0.000150,0.000011,0.000040,,,,,
1.965246201,0.57637167,,3.8622,0.3322,1.1327,,0.019352,0.006552,,0.000374,0.000043,0.000127,,,,,
2.63385272,-0.581849277,,6.9372,0.3385,-1.5325,,0.025935,-0.006614,,0.000673,0.000044,-0.000172,,,,,
-2.058602333,0.392052203,,4.2378,0.1537,-0.8071,,-0.020271,0.004457,,0.000411,0.000020,-0.000090,,,,,
-0.051521778,-1.759075165,,0.0027,3.0943,0.0906,,-0.000507,-0.019996,,0.000000,0.000400,0.000010,,,,,
-1.056365848,-2.237667799,,1.1159,5.0072,2.3638,,-0.010402,-0.025436,,0.000108,0.000647,0.000265,,,,,
0.357171953,-0.893466413,,0.1276,0.7983,-0.3191,,0.003517,-0.010156,,0.000012,0.000103,-0.000036,,,,,
-0.634820461,0.853839815,,0.4030,0.7290,-0.5420,,-0.006251,0.009706,,0.000039,0.000094,-0.000061,,,,,
0.433021128,1.044985056,,0.1875,1.0920,0.4525,,0.004264,0.011879,,0.000018,0.000141,0.000051,,,,,
0.369359672,-0.552286148,,0.1364,0.3050,-0.2040,,0.003637,-0.006278,,0.000013,0.000039,-0.000023,,,,,
-0.138893187,-0.929439902,,0.0193,0.8639,0.1291,,-0.001368,-0.010565,,0.000002,0.000112,0.000014,,,,,
1.327182293,-0.120431185,,1.7614,0.0145,-0.1598,,0.013069,-0.001369,,0.000171,0.000002,-0.000018,,,,,
-0.262301028,-1.557849526,,0.0688,2.4269,0.4086,,-0.002583,-0.017708,,0.000007,0.000314,0.000046,,,,,
-0.652628422,-1.205519199,,0.4259,1.4533,0.7868,,-0.006426,-0.013703,,0.000041,0.000188,0.000088,,,,,
0.60071671,0.421616554,,0.3609,0.1778,0.2533,,0.005915,0.004793,,0.000035,0.000023,0.000028,,,,,
-2.018214226,-1.306173086,,4.0732,1.7061,2.6361,,-0.019873,-0.014847,,0.000395,0.000220,0.000295,,,,,
-1.548312783,-0.446867794,,2.3973,0.1997,0.6919,,-0.015246,-0.005080,,0.000232,0.000026,0.000077,,,,,
0.128022835,0.54649204,,0.0164,0.2987,0.0700,,0.001261,0.006212,,0.000002,0.000039,0.000008,,,,,
0.799817264,-0.506409883,,0.6397,0.2565,-0.4050,,0.007876,-0.005756,,0.000062,0.000033,-0.000045,,,,,
-0.699125409,-0.708178759,,0.4888,0.5015,0.4951,,-0.006884,-0.008050,,0.000047,0.000065,0.000055,,,,,
1.375040293,0.204079375,,1.8907,0.0416,0.2806,,0.013540,0.002320,,0.000183,0.000005,0.000031,,,,,
0.12209329,-0.191271767,,0.0149,0.0366,-0.0234,,0.001202,-0.002174,,0.000001,0.000005,-0.000003,,,,,
-0.914277613,-0.674021125,,0.8359,0.4543,0.6162,,-0.009003,-0.007662,,0.000081,0.000059,0.000069,,,,,
0.50955981,-0.717823684,,0.2597,0.5153,-0.3658,,0.005018,-0.008160,,0.000025,0.000067,-0.000041,,,,,
1.316035271,0.168338865,,1.7319,0.0283,0.2215,,0.012959,0.001914,,0.000168,0.000004,0.000025,,,,,
3.459995747,3.156593323,,11.9716,9.9641,10.9218,,0.034070,0.035881,,0.001161,0.001287,0.001222,,,,,
0.376312256,0.207219839,,0.1416,0.0429,0.0780,,0.003706,0.002355,,0.000014,0.000006,0.000009,,,,,
-0.211062044,0.892899036,,0.0445,0.7973,-0.1885,,-0.002078,0.010150,,0.000004,0.000103,-0.000021,,,,,
-1.516511559,-0.529308796,,2.2998,0.2802,0.8027,,-0.014933,-0.006017,,0.000223,0.000036,0.000090,,,,,
1.073957801,1.271816969,,1.1534,1.6175,1.3659,,0.010575,0.014457,,0.000112,0.000209,0.000153,,,,,
-1.536373854,-0.894134581,,2.3604,0.7995,1.3737,,-0.015129,-0.010164,,0.000229,0.000103,0.000154,,,,,
-1.29651475,-0.212985516,,1.6810,0.0454,0.2761,,-0.012767,-0.002421,,0.000163,0.000006,0.000031,,,,,
1.201035142,0.503580034,,1.4425,0.2536,0.6048,,0.011826,0.005724,,0.000140,0.000033,0.000068,,,,,
0.586522341,-0.89870888,,0.3440,0.8077,-0.5271,,0.005775,-0.010216,,0.000033,0.000104,-0.000059,,,,,
-0.214193493,1.16668725,,0.0459,1.3612,-0.2499,,-0.002109,0.013262,,0.000004,0.000176,-0.000028,,,,,
0.370504618,-2.060183048,,0.1373,4.2444,-0.7633,,0.003648,-0.023418,,0.000013,0.000548,-0.000085,,,,,
2.311020851,1.441708803,,5.3408,2.0785,3.3318,,0.022756,0.016388,,0.000518,0.000269,0.000373,,,,,
0.126362935,-0.290693402,,0.0160,0.0845,-0.0367,,0.001244,-0.003304,,0.000002,0.000011,-0.000004,,,,,
0.302363694,1.988713622,,0.0914,3.9550,0.6013,,0.002977,0.022606,,0.000009,0.000511,0.000067,,,,,
0.284438133,-0.513334751,,0.0809,0.2635,-0.1460,,0.002801,-0.005835,,0.000008,0.000034,-0.000016,,,,,
-1.976341724,1.278577924,,3.9059,1.6348,-2.5269,,-0.019461,0.014534,,0.000379,0.000211,-0.000283,,,,,
1.11277318,1.176323295,,1.2383,1.3837,1.3090,,0.010957,0.013371,,0.000120,0.000179,0.000147,,,,,
0.174928978,1.624503016,,0.0306,2.6390,0.2842,,0.001723,0.018466,,0.000003,0.000341,0.000032,,,,,
-1.157872558,-0.252583444,,1.3407,0.0638,0.2925,,-0.011401,-0.002871,,0.000130,0.000008,0.000033,,,,,
1.466243386,-0.134986222,,2.1499,0.0182,-0.1979,,0.014438,-0.001534,,0.000208,0.000002,-0.000022,,,,,
-0.087014303,-1.795339823,,0.0076,3.2232,0.1562,,-0.000857,-0.020408,,0.000001,0.000416,0.000017,,,,,
-1.538073778,-0.057332069,,2.3657,0.0033,0.0882,,-0.015145,-0.000652,,0.000229,0.000000,0.000010,,,,,
0.062757455,-0.006418388,,0.0039,0.0000,-0.0004,,0.000618,-0.000073,,0.000000,0.000000,0.000000,,,,,
2.479830027,1.380106211,,6.1496,1.9047,3.4224,,0.024419,0.015688,,0.000596,0.000246,0.000383,,,,,
-0.834166169,-2.15672636,,0.6958,4.6515,1.7991,,-0.008214,-0.024516,,0.000067,0.000601,0.000201,,,,,
-1.421644926,-2.105792999,,2.0211,4.4344,2.9937,,-0.013999,-0.023937,,0.000196,0.000573,0.000335,,,,,
-0.16068916,1.837673545,,0.0258,3.3770,-0.2953,,-0.001582,0.020889,,0.000003,0.000436,-0.000033,,,,,
0.502724409,0.425870121,,0.2527,0.1814,0.2141,,0.004950,0.004841,,0.000025,0.000023,0.000024,,,,,
0.308979154,2.142021418,,0.0955,4.5883,0.6618,,0.003042,0.024349,,0.000009,0.000593,0.000074,,,,,
-1.502153873,-0.272740304,,2.2565,0.0744,0.4097,,-0.014792,-0.003100,,0.000219,0.000010,0.000046,,,,,
-0.859232306,-1.346926689,,0.7383,1.8142,1.1573,,-0.008461,-0.015311,,0.000072,0.000234,0.000130,,,,,
2.215977669,0.849630475,,4.9106,0.7219,1.8828,,0.021821,0.009658,,0.000476,0.000093,0.000211,,,,,
-0.191071674,-0.463316679,,0.0365,0.2147,0.0885,,-0.001881,-0.005267,,0.000004,0.000028,0.000010,,,,,
1.120123386,1.122101784,,1.2547,1.2591,1.2569,,0.011030,0.012755,,0.000122,0.000163,0.000141,,,,,
-0.974751472,-1.142327905,,0.9501,1.3049,1.1135,,-0.009598,-0.012985,,0.000092,0.000169,0.000125,,,,,
-0.967434824,0.586307049,,0.9359,0.3438,-0.5672,,-0.009526,0.006665,,0.000091,0.000044,-0.000063,,,,,
-0.222936675,-0.177485704,,0.0497,0.0315,0.0396,,-0.002195,-0.002018,,0.000005,0.000004,0.000004,,,,,
1.380456448,-1.453674316,,1.9057,2.1132,-2.0067,,0.013593,-0.016524,,0.000185,0.000273,-0.000225,,,,,
-0.20440428,-1.118046045,,0.0418,1.2500,0.2285,,-0.002013,-0.012709,,0.000004,0.000162,0.000026,,,,,
-0.332816094,-0.868578434,,0.1108,0.7544,0.2891,,-0.003277,-0.009873,,0.000011,0.000097,0.000032,,,,,
2.93417263,0.401542217,,8.6094,0.1612,1.1782,,0.028892,0.004564,,0.000835,0.000021,0.000132,,,,,
1.300509453,-0.556106329,,1.6913,0.3093,-0.7232,,0.012806,-0.006321,,0.000164,0.000040,-0.000081,,,,,
-2.802431822,-1.311156631,,7.8536,1.7191,3.6744,,-0.027595,-0.014904,,0.000761,0.000222,0.000411,,,,,
0.900618911,0.867545843,,0.8111,0.7526,0.7813,,0.008868,0.009862,,0.000079,0.000097,0.000087,,,,,
-5.589845657,-1.8912884,,31.2464,3.5770,10.5720,,-0.055043,-0.021499,,0.003030,0.000462,0.001183,,,,,
0.310080945,0.598172545,,0.0962,0.3578,0.1855,,0.003053,0.006800,,0.000009,0.000046,0.000021,,,,,
-1.117816448,-1.560265779,,1.2495,2.4344,1.7441,,-0.011007,-0.017736,,0.000121,0.000315,0.000195,,,,,
-0.499566019,0.871262074,,0.2496,0.7591,-0.4353,,-0.004919,0.009904,,0.000024,0.000098,-0.000049,,,,,
1.399379969,1.236715674,,1.9583,1.5295,1.7306,,0.013780,0.014058,,0.000190,0.000198,0.000194,,,,,
0.459934384,-0.948660314,,0.2115,0.9000,-0.4363,,0.004529,-0.010784,,0.000021,0.000116,-0.000049,,,,,
0.992435932,-0.326362342,,0.9849,0.1065,-0.3239,,0.009772,-0.003710,,0.000096,0.000014,-0.000036,,,,,
-1.160283089,0.442050427,,1.3463,0.1954,-0.5129,,-0.011425,0.005025,,0.000131,0.000025,-0.000057,,,,,
-0.546313167,0.213595867,,0.2985,0.0456,-0.1167,,-0.005379,0.002428,,0.000029,0.000006,-0.000013,,,,,
-1.396998644,-0.286839783,,1.9516,0.0823,0.4007,,-0.013756,-0.003261,,0.000189,0.000011,0.000045,,,,,
-1.173471212,0.240339518,,1.3770,0.0578,-0.2820,,-0.011555,0.002732,,0.000134,0.000007,-0.000032,,,,,
-0.740943193,1.115511656,,0.5490,1.2444,-0.8265,,-0.007296,0.012680,,0.000053,0.000161,-0.000093,,,,,
0.273047209,0.122206122,,0.0746,0.0149,0.0334,,0.002689,0.001389,,0.000007,0.000002,0.000004,,,,,
0.849683166,-0.798271298,,0.7220,0.6372,-0.6783,,0.008367,-0.009074,,0.000070,0.000082,-0.000076,,,,,
-0.555529058,-0.95907104,,0.3086,0.9198,0.5328,,-0.005470,-0.010902,,0.000030,0.000119,0.000060,,,,,
-1.605479479,-1.325591564,,2.5776,1.7572,2.1282,,-0.015809,-0.015068,,0.000250,0.000227,0.000238,,,,,
1.761100292,0.979736805,,3.1015,0.9599,1.7254,,0.017341,0.011137,,0.000301,0.000124,0.000193,,,,,
0.643277526,0.291304708,,0.4138,0.0849,0.1874,,0.006334,0.003311,,0.000040,0.000011,0.000021,,,,,
2.636323452,0.198834896,,6.9502,0.0395,0.5242,,0.025960,0.002260,,0.000674,0.000005,0.000059,,,,,
0.582958579,-0.264313757,,0.3398,0.0699,-0.1541,,0.005740,-0.003004,,0.000033,0.000009,-0.000017,,,,,
-0.555412531,-1.254536748,,0.3085,1.5739,0.6968,,-0.005469,-0.014261,,0.000030,0.000203,0.000078,,,,,
0.061603837,0.329699218,,0.0038,0.1087,0.0203,,0.000607,0.003748,,0.000000,0.000014,0.000002,,,,,
0.600520849,0.534885287,,0.3606,0.2861,0.3212,,0.005913,0.006080,,0.000035,0.000037,0.000036,,,,,
0.791331291,-1.39191854,,0.6262,1.9374,-1.1015,,0.007792,-0.015822,,0.000061,0.000250,-0.000123,,,,,
-1.072405457,-1.309659243,,1.1501,1.7152,1.4045,,-0.010560,-0.014887,,0.000112,0.000222,0.000157,,,,,
1.968747854,1.927733898,,3.8760,3.7162,3.7952,,0.019386,0.021913,,0.000376,0.000480,0.000425,,,,,
0.059192225,1.105690122,,0.0035,1.2226,0.0654,,0.000583,0.012569,,0.000000,0.000158,0.000007,,,,,
-0.932251215,-0.242985934,,0.8691,0.0590,0.2265,,-0.009180,-0.002762,,0.000084,0.000008,0.000025,,,,,
-0.274712443,-0.200741187,,0.0755,0.0403,0.0551,,-0.002705,-0.002282,,0.000007,0.000005,0.000006,,,,,
0.199655324,1.030263901,,0.0399,1.0614,0.2057,,0.001966,0.011711,,0.000004,0.000137,0.000023,,,,,
0.828228533,-0.417297572,,0.6860,0.1741,-0.3456,,0.008155,-0.004743,,0.000067,0.000023,-0.000039,,,,,
0.330610812,-0.098911732,,0.1093,0.0098,-0.0327,,0.003255,-0.001124,,0.000011,0.000001,-0.000004,,,,,
1.201902866,-0.303889155,,1.4446,0.0923,-0.3652,,0.011835,-0.003454,,0.000140,0.000012,-0.000041,,,,,
-0.733722568,0.703043818,,0.5383,0.4943,-0.5158,,-0.007225,0.007992,,0.000052,0.000064,-0.000058,,,,,
0.184322968,-1.175039887,,0.0340,1.3807,-0.2166,,0.001815,-0.013357,,0.000003,0.000178,-0.000024,,,,,
-0.19828172,0.489790678,,0.0393,0.2399,-0.0971,,-0.001952,0.005568,,0.000004,0.000031,-0.000011,,,,,
1.896313787,1.055017591,,3.5960,1.1131,2.0006,,0.018673,0.011993,,0.000349,0.000144,0.000224,,,,,
1.254312992,-0.73067677,,1.5733,0.5339,-0.9165,,0.012351,-0.008306,,0.000153,0.000069,-0.000103,,,,,
-0.32628721,-0.848035336,,0.1065,0.7192,0.2767,,-0.003213,-0.009640,,0.000010,0.000093,0.000031,,,,,
-0.216630563,1.165233493,,0.0469,1.3578,-0.2524,,-0.002133,0.013245,,0.000005,0.000175,-0.000028,,,,,
-0.461573064,1.061838388,,0.2130,1.1275,-0.4901,,-0.004545,0.012070,,0.000021,0.000146,-0.000055,,,,,
0.589780569,-0.236496061,,0.3478,0.0559,-0.1395,,0.005808,-0.002688,,0.000034,0.000007,-0.000016,,,,,
-0.201027602,0.062323824,,0.0404,0.0039,-0.0125,,-0.001979,0.000708,,0.000004,0.000001,-0.000001,,,,,
0.270778894,1.723256588,,0.0733,2.9696,0.4666,,0.002666,0.019589,,0.000007,0.000384,0.000052,,,,,
-1.081006885,0.80344367,,1.1686,0.6455,-0.8685,,-0.010645,0.009133,,0.000113,0.000083,-0.000097,,,,,
-0.202106565,-0.810994864,,0.0408,0.6577,0.1639,,-0.001990,-0.009219,,0.000004,0.000085,0.000018,,,,,
1.224336624,-0.378142834,,1.4990,0.1430,-0.4630,,0.012056,-0.004298,,0.000145,0.000018,-0.000052,,,,,
0.813975096,-0.338017225,,0.6626,0.1143,-0.2751,,0.008015,-0.003842,,0.000064,0.000015,-0.000031,,,,,
1.760443449,0.174735785,,3.0992,0.0305,0.3076,,0.017335,0.001986,,0.000300,0.000004,0.000034,,,,,
-0.009947695,-0.018031321,,0.0001,0.0003,0.0002,,-0.000098,-0.000205,,0.000000,0.000000,0.000000,,,,,
-0.176103473,-0.883936644,,0.0310,0.7813,0.1557,,-0.001734,-0.010048,,0.000003,0.000101,0.000017,,,,,
0.335568219,-0.097135685,,0.1126,0.0094,-0.0326,,0.003304,-0.001104,,0.000011,0.000001,-0.000004,,,,,
0.821246266,0.148149982,,0.6744,0.0219,0.1217,,0.008087,0.001684,,0.000065,0.000003,0.000014,,,,,
1.814123988,2.469341516,,3.2910,6.0976,4.4797,,0.017863,0.028069,,0.000319,0.000788,0.000501,,,,,
2.188392878,0.187476799,,4.7891,0.0351,0.4103,,0.021549,0.002131,,0.000464,0.000005,0.000046,,,,,
-0.540395975,0.285703361,,0.2920,0.0816,-0.1544,,-0.005321,0.003248,,0.000028,0.000011,-0.000017,,,,,
1.070126534,1.604034901,,1.1452,2.5729,1.7165,,0.010537,0.018233,,0.000111,0.000332,0.000192,,,,,
0.03827551,2.250577211,,0.0015,5.0651,0.0861,,0.000377,0.025583,,0.000000,0.000654,0.000010,,,,,
-3.546061039,-1.28819716,,12.5745,1.6595,4.5680,,-0.034918,-0.014643,,0.001219,0.000214,0.000511,,,,,
0.286714435,0.073856756,,0.0822,0.0055,0.0212,,0.002823,0.000840,,0.000008,0.000001,0.000002,,,,,
0.138374507,-0.905425072,,0.0191,0.8198,-0.1253,,0.001363,-0.010292,,0.000002,0.000106,-0.000014,,,,,
-0.187352404,2.099756718,,0.0351,4.4090,-0.3934,,-0.001845,0.023868,,0.000003,0.000570,-0.000044,,,,,
-1.996633291,0.245944977,,3.9865,0.0605,-0.4911,,-0.019661,0.002796,,0.000387,0.000008,-0.000055,,,,,
0.840233624,1.282963514,,0.7060,1.6460,1.0780,,0.008274,0.014584,,0.000068,0.000213,0.000121,,,,,
1.097631931,0.041310627,,1.2048,0.0017,0.0453,,0.010808,0.000470,,0.000117,0.000000,0.000005,,,,,
-0.223562554,1.067429543,,0.0500,1.1394,-0.2386,,-0.002201,0.012134,,0.000005,0.000147,-0.000027,,,,,
2.411063671,0.657551289,,5.8132,0.4324,1.5854,,0.023741,0.007474,,0.000564,0.000056,0.000177,,,,,
1.814660549,1.198442698,,3.2930,1.4363,2.1748,,0.017869,0.013623,,0.000319,0.000186,0.000243,,,,,
-0.095250964,0.491607279,,0.0091,0.2417,-0.0468,,-0.000938,0.005588,,0.000001,0.000031,-0.000005,,,,,
-0.939003825,-0.65749079,,0.8817,0.4323,0.6174,,-0.009246,-0.007474,,0.000085,0.000056,0.000069,,,,,
0.46251002,1.313220978,,0.2139,1.7245,0.6074,,0.004554,0.014928,,0.000021,0.000223,0.000068,,,,,
0.948253393,-1.047490597,,0.8992,1.0972,-0.9933,,0.009337,-0.011907,,0.000087,0.000142,-0.000111,,,,,
-0.101959154,0.148867249,,0.0104,0.0222,-0.0152,,-0.001004,0.001692,,0.000001,0.000003,-0.000002,,,,,
0.467033267,-1.131507158,,0.2181,1.2803,-0.5285,,0.004599,-0.012862,,0.000021,0.000165,-0.000059,,,,,
-0.872703075,-1.522398472,,0.7616,2.3177,1.3286,,-0.008593,-0.017305,,0.000074,0.000299,0.000149,,,,,
-0.387027204,-0.530749559,,0.1498,0.2817,0.2054,,-0.003811,-0.006033,,0.000015,0.000036,0.000023,,,,,
0.002562955,0.67721796,,0.0000,0.4586,0.0017,,0.000025,0.007698,,0.000000,0.000059,0.000000,,,,,
1.961773276,0.445679009,,3.8486,0.1986,0.8743,,0.019317,0.005066,,0.000373,0.000026,0.000098,,,,,
-0.236344576,0.46892193,,0.0559,0.2199,-0.1108,,-0.002327,0.005330,,0.000005,0.000028,-0.000012,,,,,
-0.128311664,-0.010007858,,0.0165,0.0001,0.0013,,-0.001263,-0.000114,,0.000002,0.000000,0.000000,,,,,
-2.425903797,1.20107758,,5.8850,1.4426,-2.9137,,-0.023888,0.013653,,0.000571,0.000186,-0.000326,,,,,
1.766322374,0.51966846,,3.1199,0.2701,0.9179,,0.017393,0.005907,,0.000303,0.000035,0.000103,,,,,
-2.333740234,-1.643030643,,5.4463,2.6995,3.8344,,-0.022980,-0.018677,,0.000528,0.000349,0.000429,,,,,
-0.010867372,-0.617862463,,0.0001,0.3818,0.0067,,-0.000107,-0.007023,,0.000000,0.000049,0.000001,,,,,
-0.09583208,-0.407764673,,0.0092,0.1663,0.0391,,-0.000944,-0.004635,,0.000001,0.000021,0.000004,,,,,
0.007491738,0.319402367,,0.0001,0.1020,0.0024,,0.000074,0.003631,,0.000000,0.000013,0.000000,,,,,
0.795012414,0.75036484,,0.6320,0.5630,0.5965,,0.007828,0.008530,,0.000061,0.000073,0.000067,,,,,
-0.47648263,-0.609954298,,0.2270,0.3720,0.2906,,-0.004692,-0.006933,,0.000022,0.000048,0.000033,,,,,
0.558924198,-0.08797837,,0.3124,0.0077,-0.0492,,0.005504,-0.001000,,0.000030,0.000001,-0.000006,,,,,
0.942843318,0.463556141,,0.8890,0.2149,0.4371,,0.009284,0.005269,,0.000086,0.000028,0.000049,,,,,
-0.615029037,0.463321209,,0.3783,0.2147,-0.2850,,-0.006056,0.005267,,0.000037,0.000028,-0.000032,,,,,
0.159943402,1.074518681,,0.0256,1.1546,0.1719,,0.001575,0.012214,,0.000002,0.000149,0.000019,,,,,
0.812558532,0.066534519,,0.6603,0.0044,0.0541,,0.008001,0.000756,,0.000064,0.000001,0.000006,,,,,
1.661299706,-1.272418141,,2.7599,1.6190,-2.1139,,0.016359,-0.014464,,0.000268,0.000209,-0.000237,,,,,
0.025900137,0.630301774,,0.0007,0.3973,0.0163,,0.000255,0.007165,,0.000000,0.000051,0.000002,,,,,
-0.015981078,1.504755855,,0.0003,2.2643,-0.0240,,-0.000157,0.017105,,0.000000,0.000293,-0.000003,,,,,
2.754307508,1.107519269,,7.5862,1.2266,3.0504,,0.027121,0.012589,,0.000736,0.000158,0.000341,,,,,
0.829019427,0.104700126,,0.6873,0.0110,0.0868,,0.008163,0.001190,,0.000067,0.000001,0.000010,,,,,
-2.363180399,-1.455020666,,5.5846,2.1171,3.4385,,-0.023270,-0.016539,,0.000541,0.000274,0.000385,,,,,
1.137130022,-0.197591782,,1.2931,0.0390,-0.2247,,0.011197,-0.002246,,0.000125,0.000005,-0.000025,,,,,
1.340415001,0.599213421,,1.7967,0.3591,0.8032,,0.013199,0.006811,,0.000174,0.000046,0.000090,,,,,
-0.323757946,0.506241262,,0.1048,0.2563,-0.1639,,-0.003188,0.005755,,0.000010,0.000033,-0.000018,,,,,
-2.259194374,-0.452596664,,5.1040,0.2048,1.0225,,-0.022246,-0.005145,,0.000495,0.000026,0.000114,,,,,
-0.761212468,-0.224293038,,0.5794,0.0503,0.1707,,-0.007496,-0.002550,,0.000056,0.000007,0.000019,,,,,
0.109686919,-0.947330415,,0.0120,0.8974,-0.1039,,0.001080,-0.010768,,0.000001,0.000116,-0.000012,,,,,
-0.851624846,0.132068992,,0.7253,0.0174,-0.1125,,-0.008386,0.001501,,0.000070,0.000002,-0.000013,,,,,
-0.739103496,0.363165021,,0.5463,0.1319,-0.2684,,-0.007278,0.004128,,0.000053,0.000017,-0.000030,,,,,
1.047614098,0.111152522,,1.0975,0.0124,0.1164,,0.010316,0.001263,,0.000106,0.000002,0.000013,,,,,
1.924716115,-0.585587502,,3.7045,0.3429,-1.1271,,0.018952,-0.006656,,0.000359,0.000044,-0.000126,,,,,
0.140306056,0.028382167,,0.0197,0.0008,0.0040,,0.001382,0.000323,,0.000002,0.000000,0.000000,,,,,
0.634835362,-1.825041056,,0.4030,3.3308,-1.1586,,0.006251,-0.020746,,0.000039,0.000430,-0.000130,,,,,
-1.850403786,-0.965946734,,3.4240,0.9331,1.7874,,-0.018221,-0.010980,,0.000332,0.000121,0.000200,,,,,
1.271719813,-0.310846388,,1.6173,0.0966,-0.3953,,0.012522,-0.003533,,0.000157,0.000012,-0.000044,,,,,
1.297825933,1.678450346,,1.6844,2.8172,2.1783,,0.012780,0.019079,,0.000163,0.000364,0.000244,,,,,
3.773168325,1.385234594,,14.2368,1.9189,5.2267,,0.037154,0.015746,,0.001380,0.000248,0.000585,,,,,
-0.827306271,-0.440008104,,0.6844,0.1936,0.3640,,-0.008146,-0.005002,,0.000066,0.000025,0.000041,,,,,
-0.737759173,-0.944706082,,0.5443,0.8925,0.6970,,-0.007265,-0.010739,,0.000053,0.000115,0.000078,,,,,
-2.118959904,-0.691715181,,4.4900,0.4785,1.4657,,-0.020865,-0.007863,,0.000435,0.000062,0.000164,,,,,
-0.177740917,-0.113054432,,0.0316,0.0128,0.0201,,-0.001750,-0.001285,,0.000003,0.000002,0.000002,,,,,
-1.501890659,-0.430579215,,2.2557,0.1854,0.6467,,-0.014789,-0.004894,,0.000219,0.000024,0.000072,,,,,
1.637067318,0.543205023,,2.6800,0.2951,0.8893,,0.016120,0.006175,,0.000260,0.000038,0.000100,,,,,
-2.720687866,0.125102803,,7.4021,0.0157,-0.3404,,-0.026790,0.001422,,0.000718,0.000002,-0.000038,,,,,
-2.132259846,1.204870105,,4.5465,1.4517,-2.5691,,-0.020996,0.013696,,0.000441,0.000188,-0.000288,,,,,
0.225634515,0.020606712,,0.0509,0.0004,0.0046,,0.002222,0.000234,,0.000005,0.000000,0.000001,,,,,
0.554327667,-1.281528473,,0.3073,1.6423,-0.7104,,0.005458,-0.014567,,0.000030,0.000212,-0.000080,,,,,
-0.027392026,-0.881941199,,0.0008,0.7778,0.0242,,-0.000270,-0.010025,,0.000000,0.000101,0.000003,,,,,
-2.071178436,-1.335565567,,4.2898,1.7837,2.7662,,-0.020395,-0.015182,,0.000416,0.000230,0.000310,,,,,
1.209048986,-0.014453635,,1.4618,0.0002,-0.0175,,0.011905,-0.000164,,0.000142,0.000000,-0.000002,,,,,
0.365909249,-1.880331516,,0.1339,3.5356,-0.6880,,0.003603,-0.021374,,0.000013,0.000457,-0.000077,,,,,
2.575191975,0.614849985,,6.6316,0.3780,1.5834,,0.025358,0.006989,,0.000643,0.000049,0.000177,,,,,
1.495011687,-0.28755337,,2.2351,0.0827,-0.4299,,0.014721,-0.003269,,0.000217,0.000011,-0.000048,,,,,
0.074204683,1.6327672,,0.0055,2.6659,0.1212,,0.000731,0.018560,,0.000001,0.000344,0.000014,,,,,
-1.165491819,1.025264263,,1.3584,1.0512,-1.1949,,-0.011476,0.011654,,0.000132,0.000136,-0.000134,,,,,
-0.41884166,-0.865684271,,0.1754,0.7494,0.3626,,-0.004124,-0.009840,,0.000017,0.000097,0.000041,,,,,
-2.038937092,0.942835748,,4.1573,0.8889,-1.9224,,-0.020077,0.010717,,0.000403,0.000115,-0.000215,,,,,
-0.772145808,1.511714697,,0.5962,2.2853,-1.1673,,-0.007603,0.017184,,0.000058,0.000295,-0.000131,,,,,
2.140782833,2.188221931,,4.5830,4.7883,4.6845,,0.021080,0.024874,,0.000444,0.000619,0.000524,,,,,
1.457629204,1.290600538,,2.1247,1.6656,1.8812,,0.014353,0.014670,,0.000206,0.000215,0.000211,,,,,
-0.168027163,-1.582133293,,0.0282,2.5031,0.2658,,-0.001655,-0.017984,,0.000003,0.000323,0.000030,,,,,
-1.291104436,-2.047582626,,1.6670,4.1926,2.6436,,-0.012713,-0.023275,,0.000162,0.000542,0.000296,,,,,
0.155981958,-1.546940088,,0.0243,2.3930,-0.2413,,0.001536,-0.017584,,0.000002,0.000309,-0.000027,,,,,
-1.074919462,-1.316732168,,1.1555,1.7338,1.4154,,-0.010585,-0.014967,,0.000112,0.000224,0.000158,,,,,
-1.055975676,0.028322287,,1.1151,0.0008,-0.0299,,-0.010398,0.000322,,0.000108,0.000000,-0.000003,,,,,
-1.569889069,1.62235558,,2.4646,2.6320,-2.5469,,-0.015459,0.018442,,0.000239,0.000340,-0.000285,,,,,
-1.128008366,-0.450165689,,1.2724,0.2026,0.5078,,-0.011107,-0.005117,,0.000123,0.000026,0.000057,,,,,
-3.451010466,-0.445217013,,11.9095,0.1982,1.5364,,-0.033982,-0.005061,,0.001155,0.000026,0.000172,,,,,
-1.649292707,-1.416281223,,2.7202,2.0059,2.3359,,-0.016240,-0.016099,,0.000264,0.000259,0.000261,,,,,
-0.069277376,-1.370129585,,0.0048,1.8773,0.0949,,-0.000682,-0.015574,,0.000000,0.000243,0.000011,,,,,
0.206725135,1.102009296,,0.0427,1.2144,0.2278,,0.002036,0.012527,,0.000004,0.000157,0.000025,,,,,
0.948522925,-0.943120718,,0.8997,0.8895,-0.8946,,0.009340,-0.010721,,0.000087,0.000115,-0.000100,,,,,
-2.319154739,-1.572173595,,5.3785,2.4717,3.6461,,-0.022836,-0.017871,,0.000522,0.000319,0.000408,,,,,
2.036432743,0.473984182,,4.1471,0.2247,0.9652,,0.020053,0.005388,,0.000402,0.000029,0.000108,,,,,
0.557899356,0.115265548,,0.3113,0.0133,0.0643,,0.005494,0.001310,,0.000030,0.000002,0.000007,,,,,
-0.895733416,0.08660908,,0.8023,0.0075,-0.0776,,-0.008820,0.000984,,0.000078,0.000001,-0.000009,,,,,
-1.711646318,0.72700429,,2.9297,0.5285,-1.2444,,-0.016854,0.008264,,0.000284,0.000068,-0.000139,,,,,
1.447405338,0.545510411,,2.0950,0.2976,0.7896,,0.014252,0.006201,,0.000203,0.000038,0.000088,,,,,
1.13424921,-2.067648411,,1.2865,4.2752,-2.3452,,0.011169,-0.023503,,0.000125,0.000552,-0.000263,,,,,
0.699012458,-0.270626396,,0.4886,0.0732,-0.1892,,0.006883,-0.003076,,0.000047,0.000009,-0.000021,,,,,
-1.533100128,-0.324273169,,2.3504,0.1052,0.4971,,-0.015096,-0.003686,,0.000228,0.000014,0.000056,,,,,
-1.102221489,0.899224401,,1.2149,0.8086,-0.9911,,-0.010853,0.010222,,0.000118,0.000104,-0.000111,,,,,
0.614020288,0.532133281,,0.3770,0.2832,0.3267,,0.006046,0.006049,,0.000037,0.000037,0.000037,,,,,
0.806652963,-0.57992053,,0.6507,0.3363,-0.4678,,0.007943,-0.006592,,0.000063,0.000043,-0.000052,,,,,
-0.398194462,-2.240494251,,0.1586,5.0198,0.8922,,-0.003921,-0.025468,,0.000015,0.000649,0.000100,,,,,
1.353924513,1.84916234,,1.8331,3.4194,2.5036,,0.013332,0.021020,,0.000178,0.000442,0.000280,,,,,
1.564956307,0.249168128,,2.4491,0.0621,0.3899,,0.015410,0.002832,,0.000237,0.000008,0.000044,,,,,
0.53330332,-0.057673618,,0.2844,0.0033,-0.0308,,0.005251,-0.000656,,0.000028,0.000000,-0.000003,,,,,
0.093882829,-0.927062869,,0.0088,0.8594,-0.0870,,0.000924,-0.010538,,0.000001,0.000111,-0.000010,,,,,
-0.820104718,0.354551494,,0.6726,0.1257,-0.2908,,-0.008075,0.004030,,0.000065,0.000016,-0.000033,,,,,
2.234767437,2.520505428,,4.9942,6.3529,5.6327,,0.022006,0.028651,,0.000484,0.000821,0.000630,,,,,
-0.433329165,1.383897543,,0.1878,1.9152,-0.5997,,-0.004267,0.015731,,0.000018,0.000247,-0.000067,,,,,
-2.435518503,-0.647420824,,5.9318,0.4192,1.5768,,-0.023982,-0.007359,,0.000575,0.000054,0.000176,,,,,
-0.594373047,0.124256432,,0.3533,0.0154,-0.0739,,-0.005853,0.001412,,0.000034,0.000002,-0.000008,,,,,
-1.282361746,-1.024456382,,1.6445,1.0495,1.3137,,-0.012627,-0.011645,,0.000159,0.000136,0.000147,,,,,
-0.495773703,-1.377416015,,0.2458,1.8973,0.6829,,-0.004882,-0.015657,,0.000024,0.000245,0.000076,,,,,
-1.103059292,0.177114159,,1.2167,0.0314,-0.1954,,-0.010862,0.002013,,0.000118,0.000004,-0.000022,,,,,
-3.763027906,-1.457671881,,14.1604,2.1248,5.4853,,-0.037054,-0.016570,,0.001373,0.000275,0.000614,,,,,
-0.545526981,-0.409112573,,0.2976,0.1674,0.2232,,-0.005372,-0.004650,,0.000029,0.000022,0.000025,,,,,
0.293431818,-0.774080276,,0.0861,0.5992,-0.2271,,0.002889,-0.008799,,0.000008,0.000077,-0.000025,,,,,
0.619385779,1.728291988,,0.3836,2.9870,1.0705,,0.006099,0.019646,,0.000037,0.000386,0.000120,,,,,
0.508332372,-1.830259919,,0.2584,3.3499,-0.9304,,0.005005,-0.020805,,0.000025,0.000433,-0.000104,,,,,
-2.232499123,-2.18676281,,4.9841,4.7819,4.8819,,-0.021983,-0.024857,,0.000483,0.000618,0.000546,,,,,
-1.540652752,-0.720828414,,2.3736,0.5196,1.1105,,-0.015171,-0.008194,,0.000230,0.000067,0.000124,,,,,
-0.836207032,0.278892428,,0.6992,0.0778,-0.2332,,-0.008234,0.003170,,0.000068,0.000010,-0.000026,,,,,
0.97083509,1.932602048,,0.9425,3.7350,1.8762,,0.009560,0.021968,,0.000091,0.000483,0.000210,,,,,
-1.637602091,0.145318165,,2.6817,0.0211,-0.2380,,-0.016125,0.001652,,0.000260,0.000003,-0.000027,,,,,
1.90419662,0.213911057,,3.6260,0.0458,0.4073,,0.018750,0.002432,,0.000352,0.000006,0.000046,,,,,
0.467703223,0.400020957,,0.2187,0.1600,0.1871,,0.004605,0.004547,,0.000021,0.000021,0.000021,,,,,
1.382402062,0.068374336,,1.9110,0.0047,0.0945,,0.013612,0.000777,,0.000185,0.000001,0.000011,,,,,
-0.263534635,-3.087146044,,0.0695,9.5305,0.8136,,-0.002595,-0.035092,,0.000007,0.001231,0.000091,,,,,
3.720784187,1.314518571,,13.8442,1.7280,4.8910,,0.036638,0.014942,,0.001342,0.000223,0.000547,,,,,
1.190613985,-0.292868078,,1.4176,0.0858,-0.3487,,0.011724,-0.003329,,0.000137,0.000011,-0.000039,,,,,
-1.247079611,0.294437081,,1.5552,0.0867,-0.3672,,-0.012280,0.003347,,0.000151,0.000011,-0.000041,,,,,
-1.416516066,-1.366059065,,2.0065,1.8661,1.9350,,-0.013948,-0.015528,,0.000195,0.000241,0.000217,,,,,
-0.151366681,0.404218346,,0.0229,0.1634,-0.0612,,-0.001490,0.004595,,0.000002,0.000021,-0.000007,,,,,
-0.378104419,1.446839929,,0.1430,2.0933,-0.5471,,-0.003723,0.016446,,0.000014,0.000270,-0.000061,,,,,
0.755238235,1.191312551,,0.5704,1.4192,0.8997,,0.007437,0.013542,,0.000055,0.000183,0.000101,,,,,
0.223532468,-0.338950962,,0.0500,0.1149,-0.0758,,0.002201,-0.003853,,0.000005,0.000015,-0.000008,,,,,
-2.100405693,0.520516217,,4.4117,0.2709,-1.0933,,-0.020682,0.005917,,0.000428,0.000035,-0.000122,,,,,
-0.056589365,0.875561357,,0.0032,0.7666,-0.0495,,-0.000557,0.009953,,0.000000,0.000099,-0.000006,,,,,
0.608624101,2.248142004,,0.3704,5.0541,1.3683,,0.005993,0.025555,,0.000036,0.000653,0.000153,,,,,
0.371895969,-0.573110819,,0.1383,0.3285,-0.2131,,0.003662,-0.006515,,0.000013,0.000042,-0.000024,,,,,
1.318822861,1.666092634,,1.7393,2.7759,2.1973,,0.012986,0.018939,,0.000169,0.000359,0.000246,,,,,
-1.024255395,-1.779027581,,1.0491,3.1649,1.8222,,-0.010086,-0.020222,,0.000102,0.000409,0.000204,,,,,
2.110919476,0.024147891,,4.4560,0.0006,0.0510,,0.020786,0.000274,,0.000432,0.000000,0.000006,,,,,
0.916957974,0.496300519,,0.8408,0.2463,0.4551,,0.009029,0.005642,,0.000082,0.000032,0.000051,,,,,
-1.191498756,0.997934878,,1.4197,0.9959,-1.1890,,-0.011733,0.011344,,0.000138,0.000129,-0.000133,,,,,
0.032052062,1.681997418,,0.0010,2.8291,0.0539,,0.000316,0.019120,,0.000000,0.000366,0.000006,,,,,
0.247355074,-1.312637806,,0.0612,1.7230,-0.3247,,0.002436,-0.014921,,0.000006,0.000223,-0.000036,,,,,
-1.654255986,0.74339968,,2.7366,0.5526,-1.2298,,-0.016289,0.008450,,0.000265,0.000071,-0.000138,,,,,
0.202431574,0.340356171,,0.0410,0.1158,0.0689,,0.001993,0.003869,,0.000004,0.000015,0.000008,,,,,
1.631414533,-1.320781589,,2.6615,1.7445,-2.1547,,0.016064,-0.015014,,0.000258,0.000225,-0.000241,,,,,
-1.332175255,0.447416127,,1.7747,0.2002,-0.5960,,-0.013118,0.005086,,0.000172,0.000026,-0.000067,,,,,
-2.688848019,-0.663200617,,7.2299,0.4398,1.7832,,-0.026477,-0.007539,,0.000701,0.000057,0.000200,,,,,
2.770810127,1.90499115,,7.6774,3.6290,5.2784,,0.027284,0.021654,,0.000744,0.000469,0.000591,,,,,
-0.567876339,0.309159398,,0.3225,0.0956,-0.1756,,-0.005592,0.003514,,0.000031,0.000012,-0.000020,,,,,
-2.683923244,-0.036463171,,7.2034,0.0013,0.0979,,-0.026428,-0.000414,,0.000698,0.000000,0.000011,,,,,
1.320454836,1.165106058,,1.7436,1.3575,1.5385,,0.013002,0.013244,,0.000169,0.000175,0.000172,,,,,
-0.080873162,-0.706862748,,0.0065,0.4997,0.0572,,-0.000796,-0.008035,,0.000001,0.000065,0.000006,,,,,
-1.020294666,1.794726968,,1.0410,3.2210,-1.8312,,-0.010047,0.020401,,0.000101,0.000416,-0.000205,,,,,
0.170994937,-0.264661968,,0.0292,0.0700,-0.0453,,0.001684,-0.003008,,0.000003,0.000009,-0.000005,,,,,
-0.722740769,-1.205885887,,0.5224,1.4542,0.8715,,-0.007117,-0.013707,,0.000051,0.000188,0.000098,,,,,
-0.700966835,-0.413092732,,0.4914,0.1706,0.2896,,-0.006902,-0.004696,,0.000048,0.000022,0.000032,,,,,
1.216709733,1.141589522,,1.4804,1.3032,1.3890,,0.011981,0.012977,,0.000144,0.000168,0.000155,,,,,
-2.830726147,0.071319655,,8.0130,0.0051,-0.2019,,-0.027874,0.000811,,0.000777,0.000001,-0.000023,,,,,
-1.509634137,-1.35485971,,2.2790,1.8356,2.0453,,-0.014865,-0.015401,,0.000221,0.000237,0.000229,,,,,
2.453917027,1.490915298,,6.0217,2.2228,3.6586,,0.024163,0.016947,,0.000584,0.000287,0.000410,,,,,
-0.477941811,1.93109417,,0.2284,3.7291,-0.9230,,-0.004706,0.021951,,0.000022,0.000482,-0.000103,,,,,
-0.269006997,0.36585477,,0.0724,0.1338,-0.0984,,-0.002649,0.004159,,0.000007,0.000017,-0.000011,,,,,
-0.422956675,0.073347747,,0.1789,0.0054,-0.0310,,-0.004165,0.000834,,0.000017,0.000001,-0.000003,,,,,
0.014261022,-0.892753363,,0.0002,0.7970,-0.0127,,0.000140,-0.010148,,0.000000,0.000103,-0.000001,,,,,
-0.571000159,1.034692287,,0.3260,1.0706,-0.5908,,-0.005623,0.011762,,0.000032,0.000138,-0.000066,,,,,
-0.442994356,1.655845881,,0.1962,2.7418,-0.7335,,-0.004362,0.018822,,0.000019,0.000354,-0.000082,,,,,
-0.755135834,0.862583339,,0.5702,0.7441,-0.6514,,-0.007436,0.009805,,0.000055,0.000096,-0.000073,,,,,
1.275074005,-0.769059062,,1.6258,0.5915,-0.9806,,0.012556,-0.008742,,0.000158,0.000076,-0.000110,,,,,
0.983656406,1.729202271,,0.9676,2.9901,1.7009,,0.009686,0.019656,,0.000094,0.000386,0.000190,,,,,
0.040954918,0.74529779,,0.0017,0.5555,0.0305,,0.000403,0.008472,,0.000000,0.000072,0.000003,,,,,
-0.59644413,-0.681184828,,0.3557,0.4640,0.4063,,-0.005873,-0.007743,,0.000034,0.000060,0.000045,,,,,
-0.316761345,0.816137731,,0.1003,0.6661,-0.2585,,-0.003119,0.009277,,0.000010,0.000086,-0.000029,,,,,
2.038053036,-0.815238655,,4.1537,0.6646,-1.6615,,0.020068,-0.009267,,0.000403,0.000086,-0.000186,,,,,
-1.225986242,-1.514330745,,1.5030,2.2932,1.8565,,-0.012072,-0.017214,,0.000146,0.000296,0.000208,,,,,
-1.166124463,-0.394473255,,1.3598,0.1556,0.4600,,-0.011483,-0.004484,,0.000132,0.000020,0.000051,,,,,
-0.994270384,-0.556178808,,0.9886,0.3093,0.5530,,-0.009790,-0.006322,,0.000096,0.000040,0.000062,,,,,
-1.106396437,-1.242461801,,1.2241,1.5437,1.3747,,-0.010895,-0.014123,,0.000119,0.000199,0.000154,,,,,
0.299656212,-0.854942322,,0.0898,0.7309,-0.2562,,0.002951,-0.009718,,0.000009,0.000094,-0.000029,,,,,
1.012399554,1.477850556,,1.0250,2.1840,1.4962,,0.009969,0.016799,,0.000099,0.000282,0.000167,,,,,
0.158829167,-0.267788976,,0.0252,0.0717,-0.0425,,0.001564,-0.003044,,0.000002,0.000009,-0.000005,,,,,
0.748114467,-0.544842601,,0.5597,0.2969,-0.4076,,0.007367,-0.006193,,0.000054,0.000038,-0.000046,,,,,
-0.481608361,1.573631525,,0.2319,2.4763,-0.7579,,-0.004742,0.017888,,0.000022,0.000320,-0.000085,,,,,
-1.121769309,-2.269640207,,1.2584,5.1513,2.5460,,-0.011046,-0.025799,,0.000122,0.000666,0.000285,,,,,
-0.893053234,-0.355828673,,0.7975,0.1266,0.3178,,-0.008794,-0.004045,,0.000077,0.000016,0.000036,,,,,
-0.831041217,-0.943278372,,0.6906,0.8898,0.7839,,-0.008183,-0.010722,,0.000067,0.000115,0.000088,,,,,
-1.375445604,-0.638461947,,1.8919,0.4076,0.8782,,-0.013544,-0.007257,,0.000183,0.000053,0.000098,,,,,
0.547974646,-2.266217232,,0.3003,5.1357,-1.2418,,0.005396,-0.025760,,0.000029,0.000664,-0.000139,,,,,
-0.114387788,0.228312656,,0.0131,0.0521,-0.0261,,-0.001126,0.002595,,0.000001,0.000007,-0.000003,,,,,
-0.226854101,-1.415041924,,0.0515,2.0023,0.3210,,-0.002234,-0.016085,,0.000005,0.000259,0.000036,,,,,
-0.197816998,-0.356322467,,0.0391,0.1270,0.0705,,-0.001948,-0.004050,,0.000004,0.000016,0.000008,,,,,
-0.219096929,1.422969103,,0.0480,2.0248,-0.3118,,-0.002157,0.016175,,0.000005,0.000262,-0.000035,,,,,
0.82067436,1.666558743,,0.6735,2.7774,1.3677,,0.008081,0.018944,,0.000065,0.000359,0.000153,,,,,
-1.93718791,-0.562431514,,3.7527,0.3163,1.0895,,-0.019075,-0.006393,,0.000364,0.000041,0.000122,,,,,
-0.006170645,0.31107825,,0.0000,0.0968,-0.0019,,-0.000061,0.003536,,0.000000,0.000013,0.000000,,,,,
1.007729053,-2.38109827,,1.0155,5.6696,-2.3995,,0.009923,-0.027066,,0.000098,0.000733,-0.000269,,,,,
-0.183639929,-0.261024058,,0.0337,0.0681,0.0479,,-0.001808,-0.002967,,0.000003,0.000009,0.000005,,,,,
-0.672884107,-1.306251287,,0.4528,1.7063,0.8790,,-0.006626,-0.014848,,0.000044,0.000220,0.000098,,,,,
4.150966167,0.782902837,,17.2305,0.6129,3.2498,,0.040874,0.008899,,0.001671,0.000079,0.000364,,,,,
-1.274010658,-0.771803141,,1.6231,0.5957,0.9833,,-0.012545,-0.008773,,0.000157,0.000077,0.000110,,,,,
2.208380222,-0.73710233,,4.8769,0.5433,-1.6278,,0.021746,-0.008379,,0.000473,0.000070,-0.000182,,,,,
-1.088379502,0.815268457,,1.1846,0.6647,-0.8873,,-0.010717,0.009267,,0.000115,0.000086,-0.000099,,,,,
-1.353728414,0.1209279,,1.8326,0.0146,-0.1637,,-0.013330,0.001375,,0.000178,0.000002,-0.000018,,,,,
1.601354361,0.136274263,,2.5643,0.0186,0.2182,,0.015768,0.001549,,0.000249,0.000002,0.000024,,,,,
0.521759033,1.768751621,,0.2722,3.1285,0.9229,,0.005138,0.020106,,0.000026,0.000404,0.000103,,,,,
-0.56260848,-1.253298163,,0.3165,1.5708,0.7051,,-0.005540,-0.014246,,0.000031,0.000203,0.000079,,,,,
-1.817364454,-0.438857794,,3.3028,0.1926,0.7976,,-0.017895,-0.004989,,0.000320,0.000025,0.000089,,,,,
0.972584724,-0.364952266,,0.9459,0.1332,-0.3549,,0.009577,-0.004148,,0.000092,0.000017,-0.000040,,,,,
2.456876993,1.127985001,,6.0362,1.2724,2.7713,,0.024193,0.012822,,0.000585,0.000164,0.000310,,,,,
-0.293603837,-1.197213173,,0.0862,1.4333,0.3515,,-0.002891,-0.013609,,0.000008,0.000185,0.000039,,,,,
-0.453754574,1.566797018,,0.2059,2.4549,-0.7109,,-0.004468,0.017810,,0.000020,0.000317,-0.000080,,,,,
-2.195453167,-1.58173871,,4.8200,2.5019,3.4726,,-0.021618,-0.017980,,0.000467,0.000323,0.000389,,,,,
2.122981071,0.134678885,,4.5070,0.0181,0.2859,,0.020905,0.001531,,0.000437,0.000002,0.000032,,,,,
-0.457354486,0.743493915,,0.2092,0.5528,-0.3400,,-0.004504,0.008451,,0.000020,0.000071,-0.000038,,,,,
-0.327662349,-1.820109248,,0.1074,3.3128,0.5964,,-0.003226,-0.020689,,0.000010,0.000428,0.000067,,,,,
1.95863378,-2.750913143,,3.8362,7.5675,-5.3880,,0.019286,-0.031270,,0.000372,0.000978,-0.000603,,,,,
-1.208866835,0.688671052,,1.4614,0.4743,-0.8325,,-0.011904,0.007828,,0.000142,0.000061,-0.000093,,,,,
-0.418693423,-0.61944437,,0.1753,0.3837,0.2594,,-0.004123,-0.007041,,0.000017,0.000050,0.000029,,,,,
-0.257137209,1.702766657,,0.0661,2.8994,-0.4378,,-0.002532,0.019356,,0.000006,0.000375,-0.000049,,,,,
1.963958621,0.664424062,,3.8571,0.4415,1.3049,,0.019339,0.007553,,0.000374,0.000057,0.000146,,,,,
-0.516872406,0.145368665,,0.2672,0.0211,-0.0751,,-0.005090,0.001652,,0.000026,0.000003,-0.000008,,,,,
-0.292284191,0.838784993,,0.0854,0.7036,-0.2452,,-0.002878,0.009535,,0.000008,0.000091,-0.000027,,,,,
-2.810234547,-1.038060546,,7.8974,1.0776,2.9172,,-0.027672,-0.011800,,0.000766,0.000139,0.000327,,,,,
-0.916824877,1.475078225,,0.8406,2.1759,-1.3524,,-0.009028,0.016767,,0.000082,0.000281,-0.000151,,,,,
0.412309051,0.150849149,,0.1700,0.0228,0.0622,,0.004060,0.001715,,0.000016,0.000003,0.000007,,,,,
-0.727145314,-0.150184989,,0.5287,0.0226,0.1092,,-0.007160,-0.001707,,0.000051,0.000003,0.000012,,,,,
-0.522021055,2.008078337,,0.2725,4.0324,-1.0483,,-0.005140,0.022826,,0.000026,0.000521,-0.000117,,,,,
-0.253583789,0.758145332,,0.0643,0.5748,-0.1923,,-0.002497,0.008618,,0.000006,0.000074,-0.000022,,,,,
-0.528728008,-1.801131964,,0.2796,3.2441,0.9523,,-0.005206,-0.020474,,0.000027,0.000419,0.000107,,,,,
0.285686314,-1.466886282,,0.0816,2.1518,-0.4191,,0.002813,-0.016674,,0.000008,0.000278,-0.000047,,,,,
0.040985867,-0.931435108,,0.0017,0.8676,-0.0382,,0.000404,-0.010588,,0.000000,0.000112,-0.000004,,,,,
-0.343904942,0.620872676,,0.1183,0.3855,-0.2135,,-0.003386,0.007058,,0.000011,0.000050,-0.000024,,,,,
0.052277435,-0.920837164,,0.0027,0.8479,-0.0481,,0.000515,-0.010467,,0.000000,0.000110,-0.000005,,,,,
-1.496378064,0.580492556,,2.2391,0.3370,-0.8686,,-0.014735,0.006599,,0.000217,0.000044,-0.000097,,,,,
1.941507816,-0.383513778,,3.7695,0.1471,-0.7446,,0.019118,-0.004359,,0.000365,0.000019,-0.000083,,,,,
0.255961597,-0.0715985,,0.0655,0.0051,-0.0183,,0.002520,-0.000814,,0.000006,0.000001,-0.000002,,,,,
0.96878159,1.036854267,,0.9385,1.0751,1.0045,,0.009539,0.011786,,0.000091,0.000139,0.000112,,,,,
1.435265541,-0.152879432,,2.0600,0.0234,-0.2194,,0.014133,-0.001738,,0.000200,0.000003,-0.000025,,,,,
-1.704166412,-1.199311852,,2.9042,1.4383,2.0438,,-0.016781,-0.013633,,0.000282,0.000186,0.000229,,,,,
-1.022958994,0.504158497,,1.0464,0.2542,-0.5157,,-0.010073,0.005731,,0.000101,0.000033,-0.000058,,,,,
-1.494628787,0.770401597,,2.2339,0.5935,-1.1515,,-0.014717,0.008757,,0.000217,0.000077,-0.000129,,,,,
3.179750443,0.588593125,,10.1108,0.3464,1.8716,,0.031311,0.006691,,0.000980,0.000045,0.000209,,,,,
0.439801186,-0.038819999,,0.1934,0.0015,-0.0171,,0.004331,-0.000441,,0.000019,0.000000,-0.000002,,,,,
-1.24899447,-1.145917177,,1.5600,1.3131,1.4312,,-0.012299,-0.013026,,0.000151,0.000170,0.000160,,,,,
0.746649146,-1.97723031,,0.5575,3.9094,-1.4763,,0.007352,-0.022475,,0.000054,0.000505,-0.000165,,,,,
-0.976970315,0.999741018,,0.9545,0.9995,-0.9767,,-0.009620,0.011364,,0.000093,0.000129,-0.000109,,,,,
-0.669233203,2.46923089,,0.4479,6.0971,-1.6525,,-0.006590,0.028068,,0.000043,0.000788,-0.000185,,,,,
1.170721173,0.583687425,,1.3706,0.3407,0.6833,,0.011528,0.006635,,0.000133,0.000044,0.000076,,,,,
-0.751454234,1.16369009,,0.5647,1.3542,-0.8745,,-0.007399,0.013228,,0.000055,0.000175,-0.000098,,,,,
-0.606568098,-1.758292913,,0.3679,3.0916,1.0665,,-0.005973,-0.019987,,0.000036,0.000399,0.000119,,,,,
-0.432239622,-0.197829977,,0.1868,0.0391,0.0855,,-0.004256,-0.002249,,0.000018,0.000005,0.000010,,,,,
0.856055319,0.561507523,,0.7328,0.3153,0.4807,,0.008429,0.006383,,0.000071,0.000041,0.000054,,,,,
-1.383637309,0.376121491,,1.9145,0.1415,-0.5204,,-0.013625,0.004275,,0.000186,0.000018,-0.000058,,,,,
0.976685345,-0.997923315,,0.9539,0.9959,-0.9747,,0.009617,-0.011344,,0.000092,0.000129,-0.000109,,,,,
-0.064259872,1.167040467,,0.0041,1.3620,-0.0750,,-0.000633,0.013266,,0.000000,0.000176,-0.000008,,,,,
-1.070863605,-1.346393824,,1.1467,1.8128,1.4418,,-0.010545,-0.015305,,0.000111,0.000234,0.000161,,,,,
1.243384123,0.661689579,,1.5460,0.4378,0.8227,,0.012243,0.007522,,0.000150,0.000057,0.000092,,,,,
-0.449234009,-1.903257608,,0.2018,3.6224,0.8550,,-0.004424,-0.021635,,0.000020,0.000468,0.000096,,,,,
0.214059219,1.495581388,,0.0458,2.2368,0.3201,,0.002108,0.017000,,0.000004,0.000289,0.000036,,,,,
-1.146203518,2.089347363,,1.3138,4.3654,-2.3948,,-0.011287,0.023750,,0.000127,0.000564,-0.000268,,,,,
-2.140995979,0.828151464,,4.5839,0.6858,-1.7731,,-0.021082,0.009414,,0.000444,0.000089,-0.000198,,,,,
-0.358609587,-1.637846828,,0.1286,2.6825,0.5873,,-0.003531,-0.018618,,0.000012,0.000347,0.000066,,,,,
0.171502993,1.001549363,,0.0294,1.0031,0.1718,,0.001689,0.011385,,0.000003,0.000130,0.000019,,,,,
1.831405878,1.312337875,,3.3540,1.7222,2.4034,,0.018034,0.014918,,0.000325,0.000223,0.000269,,,,,
-1.826090336,-0.508963704,,3.3346,0.2590,0.9294,,-0.017981,-0.005785,,0.000323,0.000033,0.000104,,,,,
0.481157631,1.343816042,,0.2315,1.8058,0.6466,,0.004738,0.015275,,0.000022,0.000233,0.000072,,,,,
-0.409163535,-0.847282708,,0.1674,0.7179,0.3467,,-0.004029,-0.009631,,0.000016,0.000093,0.000039,,,,,
-1.021311522,-1.024886012,,1.0431,1.0504,1.0467,,-0.010057,-0.011650,,0.000101,0.000136,0.000117,,,,,
0.466286898,1.122428894,,0.2174,1.2598,0.5234,,0.004591,0.012759,,0.000021,0.000163,0.000059,,,,,
0.179232016,-2.105307579,,0.0321,4.4323,-0.3773,,0.001765,-0.023931,,0.000003,0.000573,-0.000042,,,,,
-1.592614055,-2.390282154,,2.5364,5.7134,3.8068,,-0.015682,-0.027171,,0.000246,0.000738,0.000426,,,,,
-2.791484356,-2.435202122,,7.7924,5.9302,6.7978,,-0.027487,-0.027681,,0.000756,0.000766,0.000761,,,,,
-0.311698467,-2.141697407,,0.0972,4.5869,0.6676,,-0.003069,-0.024345,,0.000009,0.000593,0.000075,,,,,
0.144091427,-0.51293242,,0.0208,0.2631,-0.0739,,0.001419,-0.005831,,0.000002,0.000034,-0.000008,,,,,
-0.513470471,0.132601917,,0.2637,0.0176,-0.0681,,-0.005056,0.001507,,0.000026,0.000002,-0.000008,,,,,
-1.224457264,-0.051002517,,1.4993,0.0026,0.0625,,-0.012057,-0.000580,,0.000145,0.000000,0.000007,,,,,
-1.65245533,0.958903253,,2.7306,0.9195,-1.5845,,-0.016272,0.010900,,0.000265,0.000119,-0.000177,,,,,
-0.267942905,-2.368734837,,0.0718,5.6109,0.6347,,-0.002638,-0.026926,,0.000007,0.000725,0.000071,,,,,
0.794665873,-1.001460433,,0.6315,1.0029,-0.7958,,0.007825,-0.011384,,0.000061,0.000130,-0.000089,,,,,
-0.687084734,-0.443212152,,0.4721,0.1964,0.3045,,-0.006766,-0.005038,,0.000046,0.000025,0.000034,,,,,
0.447426766,-2.23792243,,0.2002,5.0083,-1.0013,,0.004406,-0.025439,,0.000019,0.000647,-0.000112,,,,,
0.20740132,-0.511919498,,0.0430,0.2621,-0.1062,,0.002042,-0.005819,,0.000004,0.000034,-0.000012,,,,,
-1.482363105,-1.644800901,,2.1974,2.7054,2.4382,,-0.014597,-0.018697,,0.000213,0.000350,0.000273,,,,,
-1.106845379,-0.649805784,,1.2251,0.4222,0.7192,,-0.010899,-0.007386,,0.000119,0.000055,0.000081,,,,,
-2.050409794,-0.265627682,,4.2042,0.0706,0.5446,,-0.020190,-0.003019,,0.000408,0.000009,0.000061,,,,,
1.735606432,2.334569454,,3.0123,5.4502,4.0519,,0.017090,0.026537,,0.000292,0.000704,0.000454,,,,,
2.405760288,0.786152244,,5.7877,0.6180,1.8913,,0.023689,0.008936,,0.000561,0.000080,0.000212,,,,,
-0.102422819,2.944807291,,0.0105,8.6719,-0.3016,,-0.001009,0.033474,,0.000001,0.001121,-0.000034,,,,,
0.231714651,-0.224830121,,0.0537,0.0505,-0.0521,,0.002282,-0.002556,,0.000005,0.000007,-0.000006,,,,,
-0.14453797,1.289641619,,0.0209,1.6632,-0.1864,,-0.001423,0.014660,,0.000002,0.000215,-0.000021,,,,,
-0.847037077,-1.695286036,,0.7175,2.8740,1.4360,,-0.008341,-0.019271,,0.000070,0.000371,0.000161,,,,,
1.192159653,-0.490665108,,1.4212,0.2408,-0.5850,,0.011739,-0.005577,,0.000138,0.000031,-0.000065,,,,,
-0.637701631,-0.456979454,,0.4067,0.2088,0.2914,,-0.006279,-0.005195,,0.000039,0.000027,0.000033,,,,,
0.063103676,-0.182166457,,0.0040,0.0332,-0.0115,,0.000621,-0.002071,,0.000000,0.000004,-0.000001,,,,,
0.837857723,1.488918781,,0.7020,2.2169,1.2475,,0.008250,0.016925,,0.000068,0.000286,0.000140,,,,,
0.675573766,0.563590467,,0.4564,0.3176,0.3807,,0.006652,0.006406,,0.000044,0.000041,0.000043,,,,,
1.29556644,0.477803558,,1.6785,0.2283,0.6190,,0.012757,0.005431,,0.000163,0.000029,0.000069,,,,,
0.38049829,-0.272098899,,0.1448,0.0740,-0.1035,,0.003747,-0.003093,,0.000014,0.000010,-0.000012,,,,,
0.028703481,0.758350611,,0.0008,0.5751,0.0218,,0.000283,0.008620,,0.000000,0.000074,0.000002,,,,,
-0.653046846,-0.330297589,,0.4265,0.1091,0.2157,,-0.006430,-0.003755,,0.000041,0.000014,0.000024,,,,,
-1.27486372,0.16970703,,1.6253,0.0288,-0.2164,,-0.012553,0.001929,,0.000158,0.000004,-0.000024,,,,,
1.540501475,0.072079226,,2.3731,0.0052,0.1110,,0.015169,0.000819,,0.000230,0.000001,0.000012,,,,,
0.083574578,-0.197108626,,0.0070,0.0389,-0.0165,,0.000823,-0.002241,,0.000001,0.000005,-0.000002,,,,,
0.020181216,-0.471009344,,0.0004,0.2218,-0.0095,,0.000199,-0.005354,,0.000000,0.000029,-0.000001,,,,,
-1.075767517,0.984353065,,1.1573,0.9690,-1.0589,,-0.010593,0.011189,,0.000112,0.000125,-0.000119,,,,,
4.117213249,0.015071243,,16.9514,0.0002,0.0621,,0.040542,0.000171,,0.001644,0.000000,0.000007,,,,,
-0.37368983,-0.241377413,,0.1396,0.0583,0.0902,,-0.003680,-0.002744,,0.000014,0.000008,0.000010,,,,,
-0.365060866,0.245817661,,0.1333,0.0604,-0.0897,,-0.003595,0.002794,,0.000013,0.000008,-0.000010,,,,,
-1.3926754,1.002860188,,1.9395,1.0057,-1.3967,,-0.013714,0.011400,,0.000188,0.000130,-0.000156,,,,,
-0.143917531,-3.286470413,,0.0207,10.8009,0.4730,,-0.001417,-0.037358,,0.000002,0.001396,0.000053,,,,,
0.047447383,1.598935366,,0.0023,2.5566,0.0759,,0.000467,0.018175,,0.000000,0.000330,0.000008,,,,,
2.193615437,-1.268106699,,4.8119,1.6081,-2.7817,,0.021600,-0.014415,,0.000467,0.000208,-0.000311,,,,,
0.722676337,1.007177234,,0.5223,1.0144,0.7279,,0.007116,0.011449,,0.000051,0.000131,0.000081,,,,,
-0.159194827,-0.726854146,,0.0253,0.5283,0.1157,,-0.001568,-0.008262,,0.000002,0.000068,0.000013,,,,,
1.980843663,0.449528158,,3.9237,0.2021,0.8904,,0.019505,0.005110,,0.000380,0.000026,0.000100,,,,,
1.779962063,1.534830093,,3.1683,2.3557,2.7319,,0.017527,0.017447,,0.000307,0.000304,0.000306,,,,,
-0.670264423,-0.5567801,,0.4493,0.3100,0.3732,,-0.006600,-0.006329,,0.000044,0.000040,0.000042,,,,,
-1.626122117,-1.106863499,,2.6443,1.2251,1.7999,,-0.016012,-0.012582,,0.000256,0.000158,0.000201,,,,,
-0.190055877,-2.682518959,,0.0361,7.1959,0.5098,,-0.001871,-0.030493,,0.000004,0.000930,0.000057,,,,,
-0.173023939,-1.582573175,,0.0299,2.5045,0.2738,,-0.001704,-0.017989,,0.000003,0.000324,0.000031,,,,,
1.904872537,0.916020691,,3.6285,0.8391,1.7449,,0.018757,0.010413,,0.000352,0.000108,0.000195,,,,,
0.944141626,0.692961395,,0.8914,0.4802,0.6543,,0.009297,0.007877,,0.000086,0.000062,0.000073,,,,,
-0.139642224,-0.021987706,,0.0195,0.0005,0.0031,,-0.001375,-0.000250,,0.000002,0.000000,0.000000,,,,,
-0.830413222,0.049002975,,0.6896,0.0024,-0.0407,,-0.008177,0.000557,,0.000067,0.000000,-0.000005,,,,,
-0.051707983,2.12835288,,0.0027,4.5299,-0.1101,,-0.000509,0.024193,,0.000000,0.000585,-0.000012,,,,,
1.728697777,-0.024341702,,2.9884,0.0006,-0.0421,,0.017022,-0.000277,,0.000290,0.000000,-0.000005,,,,,
1.240448236,-1.484877825,,1.5387,2.2049,-1.8419,,0.012215,-0.016879,,0.000149,0.000285,-0.000206,,,,,
-2.129785061,-2.023909092,,4.5360,4.0962,4.3105,,-0.020972,-0.023006,,0.000440,0.000529,0.000482,,,,,
0.218429163,-0.234008789,,0.0477,0.0548,-0.0511,,0.002151,-0.002660,,0.000005,0.000007,-0.000006,,,,,
2.395080566,2.936447144,,5.7364,8.6227,7.0330,,0.023584,0.033379,,0.000556,0.001114,0.000787,,,,,
1.436188698,0.845661521,,2.0626,0.7151,1.2145,,0.014142,0.009613,,0.000200,0.000092,0.000136,,,,,
3.683554888,0.568524778,,13.5686,0.3232,2.0942,,0.036272,0.006463,,0.001316,0.000042,0.000234,,,,,
-0.301434457,0.216559291,,0.0909,0.0469,-0.0653,,-0.002968,0.002462,,0.000009,0.000006,-0.000007,,,,,
-0.105954856,2.695619822,,0.0112,7.2664,-0.2856,,-0.001043,0.030642,,0.000001,0.000939,-0.000032,,,,,
-2.268401146,0.393601686,,5.1456,0.1549,-0.8928,,-0.022337,0.004474,,0.000499,0.000020,-0.000100,,,,,
0.944638848,-0.073618174,,0.8923,0.0054,-0.0695,,0.009302,-0.000837,,0.000087,0.000001,-0.000008,,,,,
-0.358719528,1.034631014,,0.1287,1.0705,-0.3711,,-0.003532,0.011761,,0.000012,0.000138,-0.000042,,,,,
0.454119682,-1.141210079,,0.2062,1.3024,-0.5182,,0.004472,-0.012972,,0.000020,0.000168,-0.000058,,,,,
-0.446877718,0.123711884,,0.1997,0.0153,-0.0553,,-0.004400,0.001406,,0.000019,0.000002,-0.000006,,,,,
0.264358938,0.441207111,,0.0699,0.1947,0.1166,,0.002603,0.005015,,0.000007,0.000025,0.000013,,,,,
0.669638753,-0.191848367,,0.4484,0.0368,-0.1285,,0.006594,-0.002181,,0.000043,0.000005,-0.000014,,,,,
0.792243481,0.524581134,,0.6276,0.2752,0.4156,,0.007801,0.005963,,0.000061,0.000036,0.000047,,,,,
0.640387774,-0.547974825,,0.4101,0.3003,-0.3509,,0.006306,-0.006229,,0.000040,0.000039,-0.000039,,,,,
-0.185492605,-2.112429142,,0.0344,4.4624,0.3918,,-0.001827,-0.024012,,0.000003,0.000577,0.000044,,,,,
-0.893094838,0.151303992,,0.7976,0.0229,-0.1351,,-0.008794,0.001720,,0.000077,0.000003,-0.000015,,,,,
-2.515203476,0.152131468,,6.3262,0.0231,-0.3826,,-0.024767,0.001729,,0.000613,0.000003,-0.000043,,,,,
0.895234168,-1.974329233,,0.8014,3.8980,-1.7675,,0.008815,-0.022442,,0.000078,0.000504,-0.000198,,,,,
0.978637636,-1.224266887,,0.9577,1.4988,-1.1981,,0.009637,-0.013916,,0.000093,0.000194,-0.000134,,,,,
1.669767022,0.470595658,,2.7881,0.2215,0.7858,,0.016442,0.005349,,0.000270,0.000029,0.000088,,,,,
-1.642407179,-0.034005754,,2.6975,0.0012,0.0559,,-0.016173,-0.000387,,0.000262,0.000000,0.000006,,,,,
1.12113595,-0.371837795,,1.2569,0.1383,-0.4169,,0.011040,-0.004227,,0.000122,0.000018,-0.000047,,,,,
-0.241659105,-0.534927607,,0.0584,0.2861,0.1293,,-0.002380,-0.006081,,0.000006,0.000037,0.000014,,,,,
-1.919225574,1.823419213,,3.6834,3.3249,-3.4996,,-0.018898,0.020727,,0.000357,0.000430,-0.000392,,,,,
-1.906774163,-0.852343082,,3.6358,0.7265,1.6252,,-0.018776,-0.009689,,0.000353,0.000094,0.000182,,,,,
-0.443890244,-0.987852156,,0.1970,0.9759,0.4385,,-0.004371,-0.011229,,0.000019,0.000126,0.000049,,,,,
0.423936605,0.100462534,,0.1797,0.0101,0.0426,,0.004174,0.001142,,0.000017,0.000001,0.000005,,,,,
0.607200801,-0.164892092,,0.3687,0.0272,-0.1001,,0.005979,-0.001874,,0.000036,0.000004,-0.000011,,,,,
0.835942626,0.546986997,,0.6988,0.2992,0.4572,,0.008231,0.006218,,0.000068,0.000039,0.000051,,,,,
-1.47703886,1.894413114,,2.1816,3.5888,-2.7981,,-0.014544,0.021534,,0.000212,0.000464,-0.000313,,,,,
3.012353897,0.703822494,,9.0743,0.4954,2.1202,,0.029662,0.008000,,0.000880,0.000064,0.000237,,,,,
-0.687348008,-1.01751101,,0.4724,1.0353,0.6994,,-0.006768,-0.011566,,0.000046,0.000134,0.000078,,,,,
-0.534041286,0.185480505,,0.2852,0.0344,-0.0991,,-0.005259,0.002108,,0.000028,0.000004,-0.000011,,,,,
-1.822332501,1.612684131,,3.3209,2.6008,-2.9388,,-0.017944,0.018332,,0.000322,0.000336,-0.000329,,,,,
-0.347655058,0.937821388,,0.1209,0.8795,-0.3260,,-0.003423,0.010660,,0.000012,0.000114,-0.000036,,,,,
,,,,,,,,,,,,,,,,,
,,,10313.3850,7739.2142,2673.5837,,,,,1.0000,1.0000,0.2993,,,,,
,,,101.5548375,87.97280354,51.70670852,,,,,1,1,0.547044138,,,,,
,0.299251845,,,,,,,,,,,,,,,,
,,,,,,,,,,,,,,,,,
,,,,,,,,,,,,,,,,,
,,,,,,,,,,,,,,,,,
,-13.47925719,,,9.3780,20648.1631,,,,,,,,,,,,
,,,,,-1.5670,,,,,,,,,,,,
,2.785625208,,,,,,,,,,,,,,,,